game_code,game,numbers,combination,draw_date,draw_time,jackpot,winners,source,source_id
3DL-2PM,3D Lotto 2PM,"[""0"", ""4"", ""6""]",0-4-6,2023-12-23,14:00,0,0,lottomatik,3DL5454702
2DL-5PM,2D Lotto 5PM,"[""15"", ""29""]",15-29,2023-12-23,17:00,0,0,lottomatik,2DL5454703
3DL-5PM,3D Lotto 5PM,"[""5"", ""3"", ""3""]",5-3-3,2023-12-23,17:00,0,0,lottomatik,3DL5454704
2DL-9PM,2D Lotto 9PM,"[""12"", ""30""]",12-30,2023-12-23,21:00,0,0,lottomatik,2DL5456280
3DL-9PM,3D Lotto 9PM,"[""9"", ""4"", ""3""]",9-4-3,2023-12-23,21:00,0,0,lottomatik,3DL5456281
6DL,6D Lotto,"[""4"", ""1"", ""5"", ""0"", ""4"", ""4""]",4-1-5-0-4-4,2023-12-23,21:00,0,0,lottomatik,6DL5456282
GL55,Grand Lotto 6/55,"[""25"", ""21"", ""07"", ""49"", ""32"", ""22""]",25-21-07-49-32-22,2023-12-23,21:00,0,0,lottomatik,GL555457859
LOTTO42,Lotto 6/42,"[""33"", ""11"", ""38"", ""37"", ""32"", ""06""]",33-11-38-37-32-06,2023-12-23,21:00,0,0,lottomatik,LOTTO425457858
2DL-2PM,2D Lotto 2PM,"[""08"", ""04""]",08-04,2023-12-24,14:00,0,0,lottomatik,2DL5511653
3DL-2PM,3D Lotto 2PM,"[""0"", ""5"", ""4""]",0-5-4,2023-12-24,14:00,0,0,lottomatik,3DL5511654
2DL-5PM,2D Lotto 5PM,"[""11"", ""11""]",11-11,2023-12-24,17:00,0,0,lottomatik,2DL5511655
3DL-5PM,3D Lotto 5PM,"[""7"", ""7"", ""0""]",7-7-0,2023-12-24,17:00,0,0,lottomatik,3DL5511656
2DL-9PM,2D Lotto 9PM,"[""06"", ""14""]",06-14,2023-12-24,21:00,0,0,lottomatik,2DL5511657
3DL-9PM,3D Lotto 9PM,"[""9"", ""1"", ""3""]",9-1-3,2023-12-24,21:00,0,0,lottomatik,3DL5511658
SL49,Superlotto 6/49,"[""08"", ""12"", ""23"", ""29"", ""24"", ""44""]",08-12-23-29-24-44,2023-12-24,21:00,0,0,lottomatik,SL495511659
UL58,Ultra Lotto 6/58,"[""05"", ""06"", ""25"", ""13"", ""17"", ""16""]",05-06-25-13-17-16,2023-12-24,21:00,0,0,lottomatik,UL585511660
2DL-2PM,2D Lotto 2PM,"[""11"", ""02""]",11-02,2023-12-26,14:00,0,0,lottomatik,2DL5626285
3DL-2PM,3D Lotto 2PM,"[""3"", ""4"", ""7""]",3-4-7,2023-12-26,14:00,0,0,lottomatik,3DL5626286
2DL-5PM,2D Lotto 5PM,"[""04"", ""26""]",04-26,2023-12-26,17:00,0,0,lottomatik,2DL5626287
3DL-5PM,3D Lotto 5PM,"[""8"", ""9"", ""0""]",8-9-0,2023-12-26,17:00,0,0,lottomatik,3DL5626288
2DL-9PM,2D Lotto 9PM,"[""27"", ""12""]",27-12,2023-12-26,21:00,0,0,lottomatik,2DL5627881
3DL-9PM,3D Lotto 9PM,"[""7"", ""6"", ""9""]",7-6-9,2023-12-26,21:00,0,0,lottomatik,3DL5627882
6DL,6D Lotto,"[""6"", ""5"", ""2"", ""2"", ""2"", ""7""]",6-5-2-2-2-7,2023-12-26,21:00,0,0,lottomatik,6DL5627883
LOTTO42,Lotto 6/42,"[""07"", ""32"", ""17"", ""01"", ""08"", ""09""]",07-32-17-01-08-09,2023-12-26,21:00,0,0,lottomatik,LOTTO425629477
SL49,Superlotto 6/49,"[""30"", ""06"", ""48"", ""14"", ""49"", ""37""]",30-06-48-14-49-37,2023-12-26,21:00,0,0,lottomatik,SL495629476
UL58,Ultra Lotto 6/58,"[""42"", ""49"", ""16"", ""09"", ""06"", ""47""]",42-49-16-09-06-47,2023-12-26,21:00,0,0,lottomatik,UL585629478
2DL-2PM,2D Lotto 2PM,"[""18"", ""12""]",18-12,2023-12-27,14:00,0,0,lottomatik,2DL5683917
3DL-2PM,3D Lotto 2PM,"[""9"", ""5"", ""2""]",9-5-2,2023-12-27,14:00,0,0,lottomatik,3DL5683918
2DL-5PM,2D Lotto 5PM,"[""10"", ""28""]",10-28,2023-12-27,17:00,0,0,lottomatik,2DL5683919
3DL-5PM,3D Lotto 5PM,"[""3"", ""0"", ""8""]",3-0-8,2023-12-27,17:00,0,0,lottomatik,3DL5683920
2DL-9PM,2D Lotto 9PM,"[""31"", ""08""]",31-08,2023-12-27,21:00,0,0,lottomatik,2DL5685523
3DL-9PM,3D Lotto 9PM,"[""0"", ""0"", ""4""]",0-0-4,2023-12-27,21:00,0,0,lottomatik,3DL5685524
4DL,4D Lotto,"[""9"", ""7"", ""0"", ""3""]",9-7-0-3,2023-12-27,21:00,0,0,lottomatik,4DL5685525
GL55,Grand Lotto 6/55,"[""27"", ""05"", ""51"", ""43"", ""54"", ""12""]",27-05-51-43-54-12,2023-12-27,21:00,0,0,lottomatik,GL555687129
ML45,Megalotto 6/45,"[""25"", ""18"", ""37"", ""13"", ""17"", ""39""]",25-18-37-13-17-39,2023-12-27,21:00,0,0,lottomatik,ML455687128
2DL-2PM,2D Lotto 2PM,"[""02"", ""20""]",02-20,2023-12-28,14:00,0,0,lottomatik,2DL5741877
3DL-2PM,3D Lotto 2PM,"[""2"", ""1"", ""6""]",2-1-6,2023-12-28,14:00,0,0,lottomatik,3DL5741878
2DL-5PM,2D Lotto 5PM,"[""12"", ""14""]",12-14,2023-12-28,17:00,0,0,lottomatik,2DL5741879
3DL-5PM,3D Lotto 5PM,"[""5"", ""3"", ""1""]",5-3-1,2023-12-28,17:00,0,0,lottomatik,3DL5741880
2DL-9PM,2D Lotto 9PM,"[""12"", ""31""]",12-31,2023-12-28,21:00,0,0,lottomatik,2DL5743492
3DL-9PM,3D Lotto 9PM,"[""4"", ""3"", ""0""]",4-3-0,2023-12-28,21:00,0,0,lottomatik,3DL5743493
6DL,6D Lotto,"[""1"", ""7"", ""7"", ""8"", ""1"", ""2""]",1-7-7-8-1-2,2023-12-28,21:00,0,0,lottomatik,6DL5743494
LOTTO42,Lotto 6/42,"[""18"", ""34"", ""01"", ""11"", ""28"", ""04""]",18-34-01-11-28-04,2023-12-28,21:00,0,0,lottomatik,LOTTO425745107
SL49,Superlotto 6/49,"[""06"", ""19"", ""07"", ""40"", ""43"", ""25""]",06-19-07-40-43-25,2023-12-28,21:00,0,0,lottomatik,SL495745106
2DL-2PM,2D Lotto 2PM,"[""04"", ""09""]",04-09,2023-12-29,14:00,0,0,lottomatik,2DL5800161
3DL-2PM,3D Lotto 2PM,"[""5"", ""1"", ""0""]",5-1-0,2023-12-29,14:00,0,0,lottomatik,3DL5800162
2DL-5PM,2D Lotto 5PM,"[""19"", ""03""]",19-03,2023-12-29,17:00,0,0,lottomatik,2DL5800163
3DL-5PM,3D Lotto 5PM,"[""3"", ""5"", ""4""]",3-5-4,2023-12-29,17:00,0,0,lottomatik,3DL5800164
2DL-9PM,2D Lotto 9PM,"[""24"", ""11""]",24-11,2023-12-29,21:00,0,0,lottomatik,2DL5801785
3DL-9PM,3D Lotto 9PM,"[""9"", ""2"", ""8""]",9-2-8,2023-12-29,21:00,0,0,lottomatik,3DL5801786
4DL,4D Lotto,"[""3"", ""7"", ""4"", ""5""]",3-7-4-5,2023-12-29,21:00,0,0,lottomatik,4DL5801787
ML45,Megalotto 6/45,"[""06"", ""12"", ""28"", ""04"", ""16"", ""17""]",06-12-28-04-16-17,2023-12-29,21:00,0,0,lottomatik,ML455803408
UL58,Ultra Lotto 6/58,"[""19"", ""35"", ""25"", ""42"", ""58"", ""05""]",19-35-25-42-58-05,2023-12-29,21:00,0,0,lottomatik,UL585803409
2DL-2PM,2D Lotto 2PM,"[""17"", ""06""]",17-06,2023-12-30,14:00,0,0,lottomatik,2DL5858769
3DL-2PM,3D Lotto 2PM,"[""5"", ""7"", ""1""]",5-7-1,2023-12-30,14:00,0,0,lottomatik,3DL5858770
2DL-5PM,2D Lotto 5PM,"[""28"", ""07""]",28-07,2023-12-30,17:00,0,0,lottomatik,2DL5858771
3DL-5PM,3D Lotto 5PM,"[""5"", ""9"", ""8""]",5-9-8,2023-12-30,17:00,0,0,lottomatik,3DL5858772
2DL-9PM,2D Lotto 9PM,"[""24"", ""20""]",24-20,2023-12-30,21:00,0,0,lottomatik,2DL5860402
3DL-9PM,3D Lotto 9PM,"[""4"", ""0"", ""7""]",4-0-7,2023-12-30,21:00,0,0,lottomatik,3DL5860403
6DL,6D Lotto,"[""9"", ""3"", ""8"", ""0"", ""2"", ""9""]",9-3-8-0-2-9,2023-12-30,21:00,0,0,lottomatik,6DL5860404
GL55,Grand Lotto 6/55,"[""22"", ""05"", ""51"", ""48"", ""01"", ""25""]",22-05-51-48-01-25,2023-12-30,21:00,0,0,lottomatik,GL555862035
LOTTO42,Lotto 6/42,"[""12"", ""09"", ""18"", ""11"", ""05"", ""35""]",12-09-18-11-05-35,2023-12-30,21:00,0,0,lottomatik,LOTTO425862034
2DL-2PM,2D Lotto 2PM,"[""11"", ""11""]",11-11,2023-12-31,14:00,0,0,lottomatik,2DL5917701
3DL-2PM,3D Lotto 2PM,"[""6"", ""7"", ""6""]",6-7-6,2023-12-31,14:00,0,0,lottomatik,3DL5917702
2DL-5PM,2D Lotto 5PM,"[""17"", ""01""]",17-01,2023-12-31,17:00,0,0,lottomatik,2DL5917703
3DL-5PM,3D Lotto 5PM,"[""3"", ""3"", ""6""]",3-3-6,2023-12-31,17:00,0,0,lottomatik,3DL5917704
2DL-9PM,2D Lotto 9PM,"[""16"", ""07""]",16-07,2023-12-31,21:00,0,0,lottomatik,2DL5917705
3DL-9PM,3D Lotto 9PM,"[""1"", ""5"", ""6""]",1-5-6,2023-12-31,21:00,0,0,lottomatik,3DL5917706
SL49,Superlotto 6/49,"[""15"", ""06"", ""41"", ""22"", ""49"", ""44""]",15-06-41-22-49-44,2023-12-31,21:00,0,0,lottomatik,SL495917708
UL58,Ultra Lotto 6/58,"[""44"", ""24"", ""30"", ""31"", ""01"", ""32""]",44-24-30-31-01-32,2023-12-31,21:00,0,0,lottomatik,UL585917707
2DL-2PM,2D Lotto 2PM,"[""12"", ""24""]",12-24,2024-01-02,14:00,0,0,lottomatik,2DL5937461
3DL-2PM,3D Lotto 2PM,"[""5"", ""5"", ""2""]",5-5-2,2024-01-02,14:00,0,0,lottomatik,3DL5937462
2DL-5PM,2D Lotto 5PM,"[""08"", ""31""]",08-31,2024-01-02,17:00,0,0,lottomatik,2DL5937463
3DL-5PM,3D Lotto 5PM,"[""4"", ""8"", ""2""]",4-8-2,2024-01-02,17:00,0,0,lottomatik,3DL5937464
2DL-9PM,2D Lotto 9PM,"[""05"", ""21""]",05-21,2024-01-02,21:00,0,0,lottomatik,2DL5937465
3DL-9PM,3D Lotto 9PM,"[""5"", ""4"", ""7""]",5-4-7,2024-01-02,21:00,0,0,lottomatik,3DL5937466
6DL,6D Lotto,"[""1"", ""1"", ""2"", ""7"", ""2"", ""5""]",1-1-2-7-2-5,2024-01-02,21:00,0,0,lottomatik,6DL5937467
LOTTO42,Lotto 6/42,"[""04"", ""22"", ""07"", ""10"", ""29"", ""14""]",04-22-07-10-29-14,2024-01-02,21:00,0,0,lottomatik,LOTTO425937469
SL49,Superlotto 6/49,"[""07"", ""33"", ""42"", ""16"", ""32"", ""05""]",07-33-42-16-32-05,2024-01-02,21:00,0,0,lottomatik,SL495937470
UL58,Ultra Lotto 6/58,"[""58"", ""07"", ""40"", ""09"", ""56"", ""29""]",58-07-40-09-56-29,2024-01-02,21:00,0,0,lottomatik,UL585937468
2DL-2PM,2D Lotto 2PM,"[""23"", ""21""]",23-21,2024-01-03,14:00,0,0,lottomatik,2DL5937761
3DL-2PM,3D Lotto 2PM,"[""2"", ""1"", ""4""]",2-1-4,2024-01-03,14:00,0,0,lottomatik,3DL5937762
2DL-5PM,2D Lotto 5PM,"[""20"", ""09""]",20-09,2024-01-03,17:00,0,0,lottomatik,2DL5937763
3DL-5PM,3D Lotto 5PM,"[""5"", ""9"", ""3""]",5-9-3,2024-01-03,17:00,0,0,lottomatik,3DL5937764
2DL-9PM,2D Lotto 9PM,"[""07"", ""09""]",07-09,2024-01-03,21:00,0,0,lottomatik,2DL5937775
3DL-9PM,3D Lotto 9PM,"[""0"", ""3"", ""0""]",0-3-0,2024-01-03,21:00,0,0,lottomatik,3DL5937776
4DL,4D Lotto,"[""1"", ""1"", ""3"", ""9""]",1-1-3-9,2024-01-03,21:00,0,0,lottomatik,4DL5937777
GL55,Grand Lotto 6/55,"[""52"", ""04"", ""24"", ""42"", ""26"", ""39""]",52-04-24-42-26-39,2024-01-03,21:00,0,0,lottomatik,GL555937789
ML45,Megalotto 6/45,"[""37"", ""29"", ""14"", ""17"", ""16"", ""22""]",37-29-14-17-16-22,2024-01-03,21:00,0,0,lottomatik,ML455937788
2DL-2PM,2D Lotto 2PM,"[""14"", ""12""]",14-12,2024-01-04,14:00,0,0,lottomatik,2DL5938409
3DL-2PM,3D Lotto 2PM,"[""8"", ""6"", ""6""]",8-6-6,2024-01-04,14:00,0,0,lottomatik,3DL5938410
2DL-5PM,2D Lotto 5PM,"[""30"", ""18""]",30-18,2024-01-04,17:00,0,0,lottomatik,2DL5938411
3DL-5PM,3D Lotto 5PM,"[""8"", ""2"", ""1""]",8-2-1,2024-01-04,17:00,0,0,lottomatik,3DL5938412
2DL-9PM,2D Lotto 9PM,"[""07"", ""16""]",07-16,2024-01-04,21:00,0,0,lottomatik,2DL5938432
3DL-9PM,3D Lotto 9PM,"[""1"", ""4"", ""3""]",1-4-3,2024-01-04,21:00,0,0,lottomatik,3DL5938433
6DL,6D Lotto,"[""0"", ""7"", ""8"", ""4"", ""1"", ""3""]",0-7-8-4-1-3,2024-01-04,21:00,0,0,lottomatik,6DL5938434
LOTTO42,Lotto 6/42,"[""22"", ""16"", ""09"", ""01"", ""42"", ""10""]",22-16-09-01-42-10,2024-01-04,21:00,0,0,lottomatik,LOTTO425938454
SL49,Superlotto 6/49,"[""34"", ""04"", ""17"", ""28"", ""11"", ""30""]",34-04-17-28-11-30,2024-01-04,21:00,0,0,lottomatik,SL495938455
2DL-2PM,2D Lotto 2PM,"[""05"", ""13""]",05-13,2024-01-05,14:00,0,0,lottomatik,2DL5939381
3DL-2PM,3D Lotto 2PM,"[""6"", ""0"", ""4""]",6-0-4,2024-01-05,14:00,0,0,lottomatik,3DL5939382
2DL-5PM,2D Lotto 5PM,"[""07"", ""13""]",07-13,2024-01-05,17:00,0,0,lottomatik,2DL5939383
3DL-5PM,3D Lotto 5PM,"[""5"", ""7"", ""6""]",5-7-6,2024-01-05,17:00,0,0,lottomatik,3DL5939384
2DL-9PM,2D Lotto 9PM,"[""04"", ""29""]",04-29,2024-01-05,21:00,0,0,lottomatik,2DL5939413
3DL-9PM,3D Lotto 9PM,"[""1"", ""2"", ""3""]",1-2-3,2024-01-05,21:00,0,0,lottomatik,3DL5939414
4DL,4D Lotto,"[""6"", ""3"", ""4"", ""4""]",6-3-4-4,2024-01-05,21:00,0,0,lottomatik,4DL5939415
ML45,Megalotto 6/45,"[""13"", ""18"", ""41"", ""29"", ""33"", ""37""]",13-18-41-29-33-37,2024-01-05,21:00,0,0,lottomatik,ML455939445
UL58,Ultra Lotto 6/58,"[""46"", ""54"", ""05"", ""35"", ""04"", ""13""]",46-54-05-35-04-13,2024-01-05,21:00,0,0,lottomatik,UL585939444
2DL-2PM,2D Lotto 2PM,"[""21"", ""06""]",21-06,2024-01-06,14:00,0,0,lottomatik,2DL5940677
3DL-2PM,3D Lotto 2PM,"[""4"", ""1"", ""3""]",4-1-3,2024-01-06,14:00,0,0,lottomatik,3DL5940678
2DL-5PM,2D Lotto 5PM,"[""23"", ""10""]",23-10,2024-01-06,17:00,0,0,lottomatik,2DL5940679
3DL-5PM,3D Lotto 5PM,"[""9"", ""5"", ""1""]",9-5-1,2024-01-06,17:00,0,0,lottomatik,3DL5940680
2DL-9PM,2D Lotto 9PM,"[""21"", ""13""]",21-13,2024-01-06,21:00,0,0,lottomatik,2DL5940718
3DL-9PM,3D Lotto 9PM,"[""9"", ""9"", ""7""]",9-9-7,2024-01-06,21:00,0,0,lottomatik,3DL5940719
6DL,6D Lotto,"[""9"", ""0"", ""8"", ""5"", ""3"", ""4""]",9-0-8-5-3-4,2024-01-06,21:00,0,0,lottomatik,6DL5940720
GL55,Grand Lotto 6/55,"[""16"", ""47"", ""23"", ""40"", ""54"", ""06""]",16-47-23-40-54-06,2024-01-06,21:00,0,0,lottomatik,GL555940759
LOTTO42,Lotto 6/42,"[""10"", ""30"", ""34"", ""09"", ""14"", ""21""]",10-30-34-09-14-21,2024-01-06,21:00,0,0,lottomatik,LOTTO425940758
2DL-2PM,2D Lotto 2PM,"[""10"", ""12""]",10-12,2024-01-07,14:00,0,0,lottomatik,2DL5942297
3DL-2PM,3D Lotto 2PM,"[""5"", ""3"", ""3""]",5-3-3,2024-01-07,14:00,0,0,lottomatik,3DL5942298
2DL-5PM,2D Lotto 5PM,"[""30"", ""23""]",30-23,2024-01-07,17:00,0,0,lottomatik,2DL5942299
3DL-5PM,3D Lotto 5PM,"[""7"", ""2"", ""1""]",7-2-1,2024-01-07,17:00,0,0,lottomatik,3DL5942300
2DL-9PM,2D Lotto 9PM,"[""25"", ""29""]",25-29,2024-01-07,21:00,0,0,lottomatik,2DL5942347
3DL-9PM,3D Lotto 9PM,"[""9"", ""1"", ""5""]",9-1-5,2024-01-07,21:00,0,0,lottomatik,3DL5942348
SL49,Superlotto 6/49,"[""03"", ""47"", ""13"", ""12"", ""07"", ""01""]",03-47-13-12-07-01,2024-01-07,21:00,0,0,lottomatik,SL495942396
UL58,Ultra Lotto 6/58,"[""37"", ""28"", ""08"", ""18"", ""40"", ""38""]",37-28-08-18-40-38,2024-01-07,21:00,0,0,lottomatik,UL585942349
2DL-2PM,2D Lotto 2PM,"[""19"", ""13""]",19-13,2024-01-08,14:00,0,0,lottomatik,2DL5944209
3DL-2PM,3D Lotto 2PM,"[""0"", ""2"", ""4""]",0-2-4,2024-01-08,14:00,0,0,lottomatik,3DL5944210
2DL-5PM,2D Lotto 5PM,"[""30"", ""28""]",30-28,2024-01-08,17:00,0,0,lottomatik,2DL5944211
3DL-5PM,3D Lotto 5PM,"[""7"", ""3"", ""4""]",7-3-4,2024-01-08,17:00,0,0,lottomatik,3DL5944212
2DL-9PM,2D Lotto 9PM,"[""10"", ""21""]",10-21,2024-01-08,21:00,0,0,lottomatik,2DL5944325
3DL-9PM,3D Lotto 9PM,"[""5"", ""3"", ""5""]",5-3-5,2024-01-08,21:00,0,0,lottomatik,3DL5944324
4DL,4D Lotto,"[""0"", ""7"", ""7"", ""2""]",0-7-7-2,2024-01-08,21:00,0,0,lottomatik,4DL5944323
GL55,Grand Lotto 6/55,"[""08"", ""18"", ""24"", ""17"", ""28"", ""04""]",08-18-24-17-28-04,2024-01-08,21:00,0,0,lottomatik,GL555944268
ML45,Megalotto 6/45,"[""09"", ""07"", ""29"", ""28"", ""11"", ""18""]",09-07-29-28-11-18,2024-01-08,21:00,0,0,lottomatik,ML455944267
2DL-2PM,2D Lotto 2PM,"[""01"", ""08""]",01-08,2024-01-09,14:00,0,0,lottomatik,2DL5946432
3DL-2PM,3D Lotto 2PM,"[""9"", ""5"", ""7""]",9-5-7,2024-01-09,14:00,0,0,lottomatik,3DL5946433
2DL-5PM,2D Lotto 5PM,"[""09"", ""14""]",09-14,2024-01-09,17:00,0,0,lottomatik,2DL5946434
3DL-5PM,3D Lotto 5PM,"[""3"", ""0"", ""5""]",3-0-5,2024-01-09,17:00,0,0,lottomatik,3DL5946435
2DL-9PM,2D Lotto 9PM,"[""16"", ""16""]",16-16,2024-01-09,21:00,0,0,lottomatik,2DL5946567
3DL-9PM,3D Lotto 9PM,"[""4"", ""1"", ""5""]",4-1-5,2024-01-09,21:00,0,0,lottomatik,3DL5946566
6DL,6D Lotto,"[""8"", ""3"", ""6"", ""7"", ""7"", ""5""]",8-3-6-7-7-5,2024-01-09,21:00,0,0,lottomatik,6DL5946565
LOTTO42,Lotto 6/42,"[""04"", ""39"", ""23"", ""19"", ""17"", ""36""]",04-39-23-19-17-36,2024-01-09,21:00,0,0,lottomatik,LOTTO425946499
SL49,Superlotto 6/49,"[""24"", ""39"", ""41"", ""29"", ""22"", ""20""]",24-39-41-29-22-20,2024-01-09,21:00,0,0,lottomatik,SL495946564
UL58,Ultra Lotto 6/58,"[""10"", ""34"", ""39"", ""45"", ""52"", ""24""]",10-34-39-45-52-24,2024-01-09,21:00,0,0,lottomatik,UL585946500
2DL-2PM,2D Lotto 2PM,"[""14"", ""09""]",14-09,2024-01-10,14:00,0,0,lottomatik,2DL5949010
3DL-2PM,3D Lotto 2PM,"[""1"", ""9"", ""8""]",1-9-8,2024-01-10,14:00,0,0,lottomatik,3DL5949011
2DL-5PM,2D Lotto 5PM,"[""17"", ""05""]",17-05,2024-01-10,17:00,0,0,lottomatik,2DL5949012
3DL-5PM,3D Lotto 5PM,"[""0"", ""4"", ""0""]",0-4-0,2024-01-10,17:00,0,0,lottomatik,3DL5949013
2DL-9PM,2D Lotto 9PM,"[""08"", ""27""]",08-27,2024-01-10,21:00,0,0,lottomatik,2DL5949164
3DL-9PM,3D Lotto 9PM,"[""8"", ""1"", ""0""]",8-1-0,2024-01-10,21:00,0,0,lottomatik,3DL5949163
4DL,4D Lotto,"[""0"", ""9"", ""3"", ""1""]",0-9-3-1,2024-01-10,21:00,0,0,lottomatik,4DL5949162
GL55,Grand Lotto 6/55,"[""50"", ""53"", ""22"", ""32"", ""07"", ""42""]",50-53-22-32-07-42,2024-01-10,21:00,0,0,lottomatik,GL555949088
ML45,Megalotto 6/45,"[""25"", ""27"", ""12"", ""33"", ""36"", ""02""]",25-27-12-33-36-02,2024-01-10,21:00,0,0,lottomatik,ML455949087
2DL-2PM,2D Lotto 2PM,"[""12"", ""19""]",12-19,2024-01-11,14:00,0,0,lottomatik,2DL5951935
3DL-2PM,3D Lotto 2PM,"[""0"", ""7"", ""3""]",0-7-3,2024-01-11,14:00,0,0,lottomatik,3DL5951936
2DL-5PM,2D Lotto 5PM,"[""04"", ""13""]",04-13,2024-01-11,17:00,0,0,lottomatik,2DL5951937
3DL-5PM,3D Lotto 5PM,"[""5"", ""2"", ""1""]",5-2-1,2024-01-11,17:00,0,0,lottomatik,3DL5951938
2DL-9PM,2D Lotto 9PM,"[""01"", ""03""]",01-03,2024-01-11,21:00,0,0,lottomatik,2DL5952107
3DL-9PM,3D Lotto 9PM,"[""9"", ""9"", ""1""]",9-9-1,2024-01-11,21:00,0,0,lottomatik,3DL5952106
6DL,6D Lotto,"[""4"", ""9"", ""8"", ""4"", ""6"", ""6""]",4-9-8-4-6-6,2024-01-11,21:00,0,0,lottomatik,6DL5952105
LOTTO42,Lotto 6/42,"[""20"", ""05"", ""34"", ""09"", ""26"", ""19""]",20-05-34-09-26-19,2024-01-11,21:00,0,0,lottomatik,LOTTO425952021
SL49,Superlotto 6/49,"[""37"", ""45"", ""47"", ""12"", ""22"", ""08""]",37-45-47-12-22-08,2024-01-11,21:00,0,0,lottomatik,SL495952104
2DL-2PM,2D Lotto 2PM,"[""23"", ""01""]",23-01,2024-01-12,14:00,0,0,lottomatik,2DL5955175
3DL-2PM,3D Lotto 2PM,"[""4"", ""4"", ""7""]",4-4-7,2024-01-12,14:00,0,0,lottomatik,3DL5955176
2DL-5PM,2D Lotto 5PM,"[""15"", ""03""]",15-03,2024-01-12,17:00,0,0,lottomatik,2DL5955177
3DL-5PM,3D Lotto 5PM,"[""4"", ""3"", ""7""]",4-3-7,2024-01-12,17:00,0,0,lottomatik,3DL5955178
2DL-9PM,2D Lotto 9PM,"[""15"", ""20""]",15-20,2024-01-12,21:00,0,0,lottomatik,2DL5955365
3DL-9PM,3D Lotto 9PM,"[""2"", ""4"", ""1""]",2-4-1,2024-01-12,21:00,0,0,lottomatik,3DL5955364
4DL,4D Lotto,"[""2"", ""7"", ""3"", ""8""]",2-7-3-8,2024-01-12,21:00,0,0,lottomatik,4DL5955363
ML45,Megalotto 6/45,"[""06"", ""34"", ""11"", ""32"", ""40"", ""02""]",06-34-11-32-40-02,2024-01-12,21:00,0,0,lottomatik,ML455955270
UL58,Ultra Lotto 6/58,"[""06"", ""44"", ""20"", ""22"", ""37"", ""25""]",06-44-20-22-37-25,2024-01-12,21:00,0,0,lottomatik,UL585955271
2DL-2PM,2D Lotto 2PM,"[""29"", ""20""]",29-20,2024-01-13,14:00,0,0,lottomatik,2DL5958739
3DL-2PM,3D Lotto 2PM,"[""9"", ""4"", ""7""]",9-4-7,2024-01-13,14:00,0,0,lottomatik,3DL5958740
2DL-5PM,2D Lotto 5PM,"[""13"", ""30""]",13-30,2024-01-13,17:00,0,0,lottomatik,2DL5958741
3DL-5PM,3D Lotto 5PM,"[""1"", ""3"", ""2""]",1-3-2,2024-01-13,17:00,0,0,lottomatik,3DL5958742
2DL-9PM,2D Lotto 9PM,"[""10"", ""14""]",10-14,2024-01-13,21:00,0,0,lottomatik,2DL5958947
3DL-9PM,3D Lotto 9PM,"[""0"", ""2"", ""4""]",0-2-4,2024-01-13,21:00,0,0,lottomatik,3DL5958946
6DL,6D Lotto,"[""4"", ""4"", ""5"", ""1"", ""3"", ""9""]",4-4-5-1-3-9,2024-01-13,21:00,0,0,lottomatik,6DL5958945
GL55,Grand Lotto 6/55,"[""11"", ""28"", ""53"", ""54"", ""03"", ""37""]",11-28-53-54-03-37,2024-01-13,21:00,0,0,lottomatik,GL555958844
LOTTO42,Lotto 6/42,"[""42"", ""30"", ""17"", ""04"", ""15"", ""14""]",42-30-17-04-15-14,2024-01-13,21:00,0,0,lottomatik,LOTTO425958843
2DL-2PM,2D Lotto 2PM,"[""21"", ""24""]",21-24,2024-01-14,14:00,0,0,lottomatik,2DL5962627
3DL-2PM,3D Lotto 2PM,"[""5"", ""5"", ""0""]",5-5-0,2024-01-14,14:00,0,0,lottomatik,3DL5962628
2DL-5PM,2D Lotto 5PM,"[""22"", ""05""]",22-05,2024-01-14,17:00,0,0,lottomatik,2DL5962629
3DL-5PM,3D Lotto 5PM,"[""8"", ""6"", ""9""]",8-6-9,2024-01-14,17:00,0,0,lottomatik,3DL5962630
2DL-9PM,2D Lotto 9PM,"[""26"", ""14""]",26-14,2024-01-14,21:00,0,0,lottomatik,2DL5962852
3DL-9PM,3D Lotto 9PM,"[""3"", ""1"", ""0""]",3-1-0,2024-01-14,21:00,0,0,lottomatik,3DL5962851
SL49,Superlotto 6/49,"[""29"", ""35"", ""24"", ""20"", ""02"", ""43""]",29-35-24-20-02-43,2024-01-14,21:00,0,0,lottomatik,SL495962741
UL58,Ultra Lotto 6/58,"[""23"", ""40"", ""08"", ""42"", ""45"", ""55""]",23-40-08-42-45-55,2024-01-14,21:00,0,0,lottomatik,UL585962740
2DL-2PM,2D Lotto 2PM,"[""10"", ""06""]",10-06,2024-01-15,14:00,0,0,lottomatik,2DL5966815
3DL-2PM,3D Lotto 2PM,"[""8"", ""4"", ""9""]",8-4-9,2024-01-15,14:00,0,0,lottomatik,3DL5966816
2DL-5PM,2D Lotto 5PM,"[""06"", ""27""]",06-27,2024-01-15,17:00,0,0,lottomatik,2DL5966817
3DL-5PM,3D Lotto 5PM,"[""9"", ""7"", ""7""]",9-7-7,2024-01-15,17:00,0,0,lottomatik,3DL5966818
2DL-9PM,2D Lotto 9PM,"[""16"", ""10""]",16-10,2024-01-15,21:00,0,0,lottomatik,2DL5967057
3DL-9PM,3D Lotto 9PM,"[""1"", ""3"", ""8""]",1-3-8,2024-01-15,21:00,0,0,lottomatik,3DL5967056
4DL,4D Lotto,"[""0"", ""0"", ""5"", ""3""]",0-0-5-3,2024-01-15,21:00,0,0,lottomatik,4DL5967055
GL55,Grand Lotto 6/55,"[""45"", ""35"", ""55"", ""47"", ""37"", ""42""]",45-35-55-47-37-42,2024-01-15,21:00,0,0,lottomatik,GL555967054
ML45,Megalotto 6/45,"[""07"", ""22"", ""04"", ""23"", ""27"", ""40""]",07-22-04-23-27-40,2024-01-15,21:00,0,0,lottomatik,ML455966936
2DL-2PM,2D Lotto 2PM,"[""31"", ""28""]",31-28,2024-01-16,14:00,0,0,lottomatik,2DL5971306
3DL-2PM,3D Lotto 2PM,"[""3"", ""1"", ""7""]",3-1-7,2024-01-16,14:00,0,0,lottomatik,3DL5971307
2DL-5PM,2D Lotto 5PM,"[""12"", ""02""]",12-02,2024-01-16,17:00,0,0,lottomatik,2DL5971308
3DL-5PM,3D Lotto 5PM,"[""4"", ""0"", ""8""]",4-0-8,2024-01-16,17:00,0,0,lottomatik,3DL5971309
2DL-9PM,2D Lotto 9PM,"[""06"", ""14""]",06-14,2024-01-16,21:00,0,0,lottomatik,2DL5971567
3DL-9PM,3D Lotto 9PM,"[""5"", ""8"", ""4""]",5-8-4,2024-01-16,21:00,0,0,lottomatik,3DL5971566
6DL,6D Lotto,"[""1"", ""3"", ""6"", ""6"", ""7"", ""6""]",1-3-6-6-7-6,2024-01-16,21:00,0,0,lottomatik,6DL5971565
LOTTO42,Lotto 6/42,"[""03"", ""29"", ""18"", ""30"", ""07"", ""22""]",03-29-18-30-07-22,2024-01-16,21:00,0,0,lottomatik,LOTTO425971436
SL49,Superlotto 6/49,"[""26"", ""33"", ""14"", ""48"", ""06"", ""42""]",26-33-14-48-06-42,2024-01-16,21:00,0,0,lottomatik,SL495971564
UL58,Ultra Lotto 6/58,"[""39"", ""45"", ""18"", ""26"", ""58"", ""05""]",39-45-18-26-58-05,2024-01-16,21:00,0,0,lottomatik,UL585971563
2DL-2PM,2D Lotto 2PM,"[""18"", ""26""]",18-26,2024-01-17,14:00,0,0,lottomatik,2DL5974832
3DL-2PM,3D Lotto 2PM,"[""5"", ""7"", ""1""]",5-7-1,2024-01-17,14:00,0,0,lottomatik,3DL5974833
2DL-5PM,2D Lotto 5PM,"[""30"", ""14""]",30-14,2024-01-17,17:00,0,0,lottomatik,2DL5974834
3DL-5PM,3D Lotto 5PM,"[""7"", ""7"", ""0""]",7-7-0,2024-01-17,17:00,0,0,lottomatik,3DL5974835
2DL-9PM,2D Lotto 9PM,"[""12"", ""06""]",12-06,2024-01-17,21:00,0,0,lottomatik,2DL5975112
3DL-9PM,3D Lotto 9PM,"[""1"", ""2"", ""9""]",1-2-9,2024-01-17,21:00,0,0,lottomatik,3DL5975111
4DL,4D Lotto,"[""2"", ""5"", ""6"", ""8""]",2-5-6-8,2024-01-17,21:00,0,0,lottomatik,4DL5975110
GL55,Grand Lotto 6/55,"[""24"", ""50"", ""52"", ""09"", ""51"", ""03""]",24-50-52-09-51-03,2024-01-17,21:00,0,0,lottomatik,GL555975109
ML45,Megalotto 6/45,"[""28"", ""05"", ""33"", ""01"", ""23"", ""20""]",28-05-33-01-23-20,2024-01-17,21:00,0,0,lottomatik,ML455974972
2DL-2PM,2D Lotto 2PM,"[""08"", ""08""]",08-08,2024-01-18,14:00,0,0,lottomatik,2DL5980007
3DL-2PM,3D Lotto 2PM,"[""8"", ""4"", ""0""]",8-4-0,2024-01-18,14:00,0,0,lottomatik,3DL5980008
2DL-5PM,2D Lotto 5PM,"[""18"", ""16""]",18-16,2024-01-18,17:00,0,0,lottomatik,2DL5980009
3DL-5PM,3D Lotto 5PM,"[""5"", ""1"", ""7""]",5-1-7,2024-01-18,17:00,0,0,lottomatik,3DL5980010
2DL-9PM,2D Lotto 9PM,"[""20"", ""26""]",20-26,2024-01-18,21:00,0,0,lottomatik,2DL5980305
3DL-9PM,3D Lotto 9PM,"[""9"", ""1"", ""5""]",9-1-5,2024-01-18,21:00,0,0,lottomatik,3DL5980304
6DL,6D Lotto,"[""7"", ""8"", ""3"", ""4"", ""0"", ""0""]",7-8-3-4-0-0,2024-01-18,21:00,0,0,lottomatik,6DL5980303
LOTTO42,Lotto 6/42,"[""41"", ""08"", ""06"", ""03"", ""10"", ""04""]",41-08-06-03-10-04,2024-01-18,21:00,0,0,lottomatik,LOTTO425980302
SL49,Superlotto 6/49,"[""32"", ""42"", ""01"", ""04"", ""10"", ""02""]",32-42-01-04-10-02,2024-01-18,21:00,0,0,lottomatik,SL495980156
2DL-2PM,2D Lotto 2PM,"[""25"", ""07""]",25-07,2024-01-19,14:00,0,0,lottomatik,2DL5985515
3DL-2PM,3D Lotto 2PM,"[""5"", ""4"", ""5""]",5-4-5,2024-01-19,14:00,0,0,lottomatik,3DL5985516
2DL-5PM,2D Lotto 5PM,"[""16"", ""15""]",16-15,2024-01-19,17:00,0,0,lottomatik,2DL5985517
3DL-5PM,3D Lotto 5PM,"[""5"", ""0"", ""5""]",5-0-5,2024-01-19,17:00,0,0,lottomatik,3DL5985518
2DL-9PM,2D Lotto 9PM,"[""24"", ""22""]",24-22,2024-01-19,21:00,0,0,lottomatik,2DL5985831
3DL-9PM,3D Lotto 9PM,"[""4"", ""7"", ""4""]",4-7-4,2024-01-19,21:00,0,0,lottomatik,3DL5985830
4DL,4D Lotto,"[""3"", ""4"", ""1"", ""9""]",3-4-1-9,2024-01-19,21:00,0,0,lottomatik,4DL5985829
ML45,Megalotto 6/45,"[""14"", ""19"", ""43"", ""35"", ""24"", ""01""]",14-19-43-35-24-01,2024-01-19,21:00,0,0,lottomatik,ML455985673
UL58,Ultra Lotto 6/58,"[""11"", ""20"", ""58"", ""31"", ""44"", ""35""]",11-20-58-31-44-35,2024-01-19,21:00,0,0,lottomatik,UL585985828
2DL-2PM,2D Lotto 2PM,"[""02"", ""12""]",02-12,2024-01-20,14:00,0,0,lottomatik,2DL5991338
3DL-2PM,3D Lotto 2PM,"[""8"", ""2"", ""6""]",8-2-6,2024-01-20,14:00,0,0,lottomatik,3DL5991339
2DL-5PM,2D Lotto 5PM,"[""31"", ""08""]",31-08,2024-01-20,17:00,0,0,lottomatik,2DL5991340
3DL-5PM,3D Lotto 5PM,"[""5"", ""0"", ""6""]",5-0-6,2024-01-20,17:00,0,0,lottomatik,3DL5991341
2DL-9PM,2D Lotto 9PM,"[""16"", ""24""]",16-24,2024-01-20,21:00,0,0,lottomatik,2DL5991672
3DL-9PM,3D Lotto 9PM,"[""3"", ""7"", ""4""]",3-7-4,2024-01-20,21:00,0,0,lottomatik,3DL5991671
6DL,6D Lotto,"[""5"", ""2"", ""1"", ""9"", ""8"", ""0""]",5-2-1-9-8-0,2024-01-20,21:00,0,0,lottomatik,6DL5991670
GL55,Grand Lotto 6/55,"[""21"", ""48"", ""10"", ""29"", ""44"", ""30""]",21-48-10-29-44-30,2024-01-20,21:00,0,0,lottomatik,GL555991669
LOTTO42,Lotto 6/42,"[""10"", ""04"", ""42"", ""28"", ""33"", ""24""]",10-04-42-28-33-24,2024-01-20,21:00,0,0,lottomatik,LOTTO425991505
2DL-2PM,2D Lotto 2PM,"[""29"", ""08""]",29-08,2024-01-21,14:00,0,0,lottomatik,2DL5997494
3DL-2PM,3D Lotto 2PM,"[""2"", ""2"", ""7""]",2-2-7,2024-01-21,14:00,0,0,lottomatik,3DL5997495
2DL-5PM,2D Lotto 5PM,"[""10"", ""17""]",10-17,2024-01-21,17:00,0,0,lottomatik,2DL5997496
3DL-5PM,3D Lotto 5PM,"[""7"", ""2"", ""3""]",7-2-3,2024-01-21,17:00,0,0,lottomatik,3DL5997497
2DL-9PM,2D Lotto 9PM,"[""12"", ""29""]",12-29,2024-01-21,21:00,0,0,lottomatik,2DL5997845
3DL-9PM,3D Lotto 9PM,"[""1"", ""7"", ""3""]",1-7-3,2024-01-21,21:00,0,0,lottomatik,3DL5997844
SL49,Superlotto 6/49,"[""42"", ""31"", ""22"", ""34"", ""25"", ""03""]",42-31-22-34-25-03,2024-01-21,21:00,0,0,lottomatik,SL495997670
UL58,Ultra Lotto 6/58,"[""01"", ""46"", ""33"", ""43"", ""24"", ""17""]",01-46-33-43-24-17,2024-01-21,21:00,0,0,lottomatik,UL585997843
2DL-2PM,2D Lotto 2PM,"[""03"", ""23""]",03-23,2024-01-22,14:00,0,0,lottomatik,2DL6002718
3DL-2PM,3D Lotto 2PM,"[""6"", ""1"", ""5""]",6-1-5,2024-01-22,14:00,0,0,lottomatik,3DL6002719
2DL-5PM,2D Lotto 5PM,"[""14"", ""24""]",14-24,2024-01-22,17:00,0,0,lottomatik,2DL6002720
3DL-5PM,3D Lotto 5PM,"[""4"", ""2"", ""3""]",4-2-3,2024-01-22,17:00,0,0,lottomatik,3DL6002721
2DL-9PM,2D Lotto 9PM,"[""15"", ""23""]",15-23,2024-01-22,21:00,0,0,lottomatik,2DL6003086
3DL-9PM,3D Lotto 9PM,"[""5"", ""5"", ""6""]",5-5-6,2024-01-22,21:00,0,0,lottomatik,3DL6003085
4DL,4D Lotto,"[""7"", ""4"", ""6"", ""6""]",7-4-6-6,2024-01-22,21:00,0,0,lottomatik,4DL6003084
GL55,Grand Lotto 6/55,"[""02"", ""33"", ""10"", ""51"", ""13"", ""23""]",02-33-10-51-13-23,2024-01-22,21:00,0,0,lottomatik,GL556002902
ML45,Megalotto 6/45,"[""26"", ""18"", ""22"", ""14"", ""33"", ""10""]",26-18-22-14-33-10,2024-01-22,21:00,0,0,lottomatik,ML456003083
2DL-2PM,2D Lotto 2PM,"[""10"", ""09""]",10-09,2024-01-23,14:00,0,0,lottomatik,2DL6009486
3DL-2PM,3D Lotto 2PM,"[""6"", ""1"", ""3""]",6-1-3,2024-01-23,14:00,0,0,lottomatik,3DL6009487
2DL-5PM,2D Lotto 5PM,"[""01"", ""28""]",01-28,2024-01-23,17:00,0,0,lottomatik,2DL6009488
3DL-5PM,3D Lotto 5PM,"[""6"", ""6"", ""0""]",6-6-0,2024-01-23,17:00,0,0,lottomatik,3DL6009489
2DL-9PM,2D Lotto 9PM,"[""03"", ""23""]",03-23,2024-01-23,21:00,0,0,lottomatik,2DL6009873
3DL-9PM,3D Lotto 9PM,"[""4"", ""4"", ""1""]",4-4-1,2024-01-23,21:00,0,0,lottomatik,3DL6009872
6DL,6D Lotto,"[""5"", ""9"", ""9"", ""5"", ""1"", ""6""]",5-9-9-5-1-6,2024-01-23,21:00,0,0,lottomatik,6DL6009871
LOTTO42,Lotto 6/42,"[""06"", ""20"", ""24"", ""13"", ""15"", ""37""]",06-20-24-13-15-37,2024-01-23,21:00,0,0,lottomatik,LOTTO426009869
SL49,Superlotto 6/49,"[""47"", ""44"", ""38"", ""37"", ""11"", ""13""]",47-44-38-37-11-13,2024-01-23,21:00,0,0,lottomatik,SL496009679
UL58,Ultra Lotto 6/58,"[""44"", ""37"", ""47"", ""25"", ""31"", ""30""]",44-37-47-25-31-30,2024-01-23,21:00,0,0,lottomatik,UL586009870
2DL-2PM,2D Lotto 2PM,"[""27"", ""11""]",27-11,2024-01-24,14:00,0,0,lottomatik,2DL6016610
3DL-2PM,3D Lotto 2PM,"[""4"", ""5"", ""7""]",4-5-7,2024-01-24,14:00,0,0,lottomatik,3DL6016611
2DL-5PM,2D Lotto 5PM,"[""23"", ""12""]",23-12,2024-01-24,17:00,0,0,lottomatik,2DL6016612
3DL-5PM,3D Lotto 5PM,"[""2"", ""2"", ""6""]",2-2-6,2024-01-24,17:00,0,0,lottomatik,3DL6016613
2DL-9PM,2D Lotto 9PM,"[""17"", ""15""]",17-15,2024-01-24,21:00,0,0,lottomatik,2DL6017016
3DL-9PM,3D Lotto 9PM,"[""0"", ""2"", ""5""]",0-2-5,2024-01-24,21:00,0,0,lottomatik,3DL6017015
4DL,4D Lotto,"[""5"", ""9"", ""9"", ""2""]",5-9-9-2,2024-01-24,21:00,0,0,lottomatik,4DL6017014
GL55,Grand Lotto 6/55,"[""48"", ""46"", ""30"", ""29"", ""15"", ""42""]",48-46-30-29-15-42,2024-01-24,21:00,0,0,lottomatik,GL556016813
ML45,Megalotto 6/45,"[""05"", ""12"", ""19"", ""01"", ""28"", ""08""]",05-12-19-01-28-08,2024-01-24,21:00,0,0,lottomatik,ML456017013
2DL-2PM,2D Lotto 2PM,"[""04"", ""20""]",04-20,2024-01-25,14:00,0,0,lottomatik,2DL6024062
3DL-2PM,3D Lotto 2PM,"[""8"", ""5"", ""2""]",8-5-2,2024-01-25,14:00,0,0,lottomatik,3DL6024063
2DL-5PM,2D Lotto 5PM,"[""21"", ""06""]",21-06,2024-01-25,17:00,0,0,lottomatik,2DL6024064
3DL-5PM,3D Lotto 5PM,"[""5"", ""0"", ""0""]",5-0-0,2024-01-25,17:00,0,0,lottomatik,3DL6024065
2DL-9PM,2D Lotto 9PM,"[""09"", ""04""]",09-04,2024-01-25,21:00,0,0,lottomatik,2DL6024486
3DL-9PM,3D Lotto 9PM,"[""0"", ""6"", ""7""]",0-6-7,2024-01-25,21:00,0,0,lottomatik,3DL6024485
6DL,6D Lotto,"[""9"", ""8"", ""1"", ""4"", ""1"", ""7""]",9-8-1-4-1-7,2024-01-25,21:00,0,0,lottomatik,6DL6024484
LOTTO42,Lotto 6/42,"[""31"", ""28"", ""05"", ""26"", ""10"", ""40""]",31-28-05-26-10-40,2024-01-25,21:00,0,0,lottomatik,LOTTO426024483
SL49,Superlotto 6/49,"[""45"", ""31"", ""46"", ""26"", ""07"", ""19""]",45-31-46-26-07-19,2024-01-25,21:00,0,0,lottomatik,SL496024274
2DL-2PM,2D Lotto 2PM,"[""22"", ""14""]",22-14,2024-01-26,14:00,0,0,lottomatik,2DL6031838
3DL-2PM,3D Lotto 2PM,"[""3"", ""3"", ""2""]",3-3-2,2024-01-26,14:00,0,0,lottomatik,3DL6031839
2DL-5PM,2D Lotto 5PM,"[""04"", ""11""]",04-11,2024-01-26,17:00,0,0,lottomatik,2DL6031840
3DL-5PM,3D Lotto 5PM,"[""9"", ""6"", ""0""]",9-6-0,2024-01-26,17:00,0,0,lottomatik,3DL6031841
2DL-9PM,2D Lotto 9PM,"[""11"", ""17""]",11-17,2024-01-26,21:00,0,0,lottomatik,2DL6032280
3DL-9PM,3D Lotto 9PM,"[""4"", ""0"", ""2""]",4-0-2,2024-01-26,21:00,0,0,lottomatik,3DL6032279
4DL,4D Lotto,"[""6"", ""8"", ""5"", ""4""]",6-8-5-4,2024-01-26,21:00,0,0,lottomatik,4DL6032278
ML45,Megalotto 6/45,"[""01"", ""31"", ""36"", ""02"", ""42"", ""09""]",01-31-36-02-42-09,2024-01-26,21:00,0,0,lottomatik,ML456032059
UL58,Ultra Lotto 6/58,"[""25"", ""33"", ""09"", ""50"", ""38"", ""06""]",25-33-09-50-38-06,2024-01-26,21:00,0,0,lottomatik,UL586032277
2DL-2PM,2D Lotto 2PM,"[""31"", ""23""]",31-23,2024-01-27,14:00,0,0,lottomatik,2DL6039938
3DL-2PM,3D Lotto 2PM,"[""3"", ""2"", ""6""]",3-2-6,2024-01-27,14:00,0,0,lottomatik,3DL6039939
2DL-5PM,2D Lotto 5PM,"[""08"", ""29""]",08-29,2024-01-27,17:00,0,0,lottomatik,2DL6039940
3DL-5PM,3D Lotto 5PM,"[""7"", ""6"", ""6""]",7-6-6,2024-01-27,17:00,0,0,lottomatik,3DL6039941
2DL-9PM,2D Lotto 9PM,"[""25"", ""03""]",25-03,2024-01-27,21:00,0,0,lottomatik,2DL6040398
3DL-9PM,3D Lotto 9PM,"[""2"", ""5"", ""7""]",2-5-7,2024-01-27,21:00,0,0,lottomatik,3DL6040397
6DL,6D Lotto,"[""1"", ""0"", ""3"", ""3"", ""7"", ""0""]",1-0-3-3-7-0,2024-01-27,21:00,0,0,lottomatik,6DL6040396
GL55,Grand Lotto 6/55,"[""02"", ""25"", ""06"", ""35"", ""13"", ""07""]",02-25-06-35-13-07,2024-01-27,21:00,0,0,lottomatik,GL556040168
LOTTO42,Lotto 6/42,"[""42"", ""14"", ""25"", ""36"", ""31"", ""40""]",42-14-25-36-31-40,2024-01-27,21:00,0,0,lottomatik,LOTTO426040395
2DL-2PM,2D Lotto 2PM,"[""18"", ""26""]",18-26,2024-01-28,14:00,0,0,lottomatik,2DL6048362
3DL-2PM,3D Lotto 2PM,"[""9"", ""5"", ""4""]",9-5-4,2024-01-28,14:00,0,0,lottomatik,3DL6048363
2DL-5PM,2D Lotto 5PM,"[""09"", ""22""]",09-22,2024-01-28,17:00,0,0,lottomatik,2DL6048364
3DL-5PM,3D Lotto 5PM,"[""6"", ""9"", ""8""]",6-9-8,2024-01-28,17:00,0,0,lottomatik,3DL6048365
2DL-9PM,2D Lotto 9PM,"[""05"", ""14""]",05-14,2024-01-28,21:00,0,0,lottomatik,2DL6048839
3DL-9PM,3D Lotto 9PM,"[""4"", ""5"", ""8""]",4-5-8,2024-01-28,21:00,0,0,lottomatik,3DL6048838
SL49,Superlotto 6/49,"[""20"", ""39"", ""07"", ""40"", ""13"", ""41""]",20-39-07-40-13-41,2024-01-28,21:00,0,0,lottomatik,SL496048601
UL58,Ultra Lotto 6/58,"[""51"", ""18"", ""54"", ""10"", ""49"", ""35""]",51-18-54-10-49-35,2024-01-28,21:00,0,0,lottomatik,UL586048837
2DL-2PM,2D Lotto 2PM,"[""10"", ""30""]",10-30,2024-01-29,14:00,0,0,lottomatik,2DL6057086
3DL-2PM,3D Lotto 2PM,"[""8"", ""1"", ""0""]",8-1-0,2024-01-29,14:00,0,0,lottomatik,3DL6057087
2DL-5PM,2D Lotto 5PM,"[""10"", ""01""]",10-01,2024-01-29,17:00,0,0,lottomatik,2DL6057088
3DL-5PM,3D Lotto 5PM,"[""4"", ""0"", ""6""]",4-0-6,2024-01-29,17:00,0,0,lottomatik,3DL6057089
2DL-9PM,2D Lotto 9PM,"[""20"", ""08""]",20-08,2024-01-29,21:00,0,0,lottomatik,2DL6057580
3DL-9PM,3D Lotto 9PM,"[""2"", ""2"", ""4""]",2-2-4,2024-01-29,21:00,0,0,lottomatik,3DL6057579
4DL,4D Lotto,"[""6"", ""7"", ""7"", ""3""]",6-7-7-3,2024-01-29,21:00,0,0,lottomatik,4DL6057578
GL55,Grand Lotto 6/55,"[""09"", ""53"", ""17"", ""51"", ""43"", ""52""]",09-53-17-51-43-52,2024-01-29,21:00,0,0,lottomatik,GL556057577
ML45,Megalotto 6/45,"[""38"", ""23"", ""45"", ""11"", ""21"", ""33""]",38-23-45-11-21-33,2024-01-29,21:00,0,0,lottomatik,ML456057333
2DL-2PM,2D Lotto 2PM,"[""21"", ""21""]",21-21,2024-01-30,14:00,0,0,lottomatik,2DL6066122
3DL-2PM,3D Lotto 2PM,"[""9"", ""5"", ""2""]",9-5-2,2024-01-30,14:00,0,0,lottomatik,3DL6066123
2DL-5PM,2D Lotto 5PM,"[""03"", ""15""]",03-15,2024-01-30,17:00,0,0,lottomatik,2DL6066124
3DL-5PM,3D Lotto 5PM,"[""8"", ""5"", ""7""]",8-5-7,2024-01-30,17:00,0,0,lottomatik,3DL6066125
2DL-9PM,2D Lotto 9PM,"[""30"", ""09""]",30-09,2024-01-30,21:00,0,0,lottomatik,2DL6066635
3DL-9PM,3D Lotto 9PM,"[""6"", ""7"", ""1""]",6-7-1,2024-01-30,21:00,0,0,lottomatik,3DL6066634
6DL,6D Lotto,"[""1"", ""5"", ""9"", ""6"", ""3"", ""1""]",1-5-9-6-3-1,2024-01-30,21:00,0,0,lottomatik,6DL6066633
LOTTO42,Lotto 6/42,"[""38"", ""20"", ""19"", ""04"", ""16"", ""40""]",38-20-19-04-16-40,2024-01-30,21:00,0,0,lottomatik,LOTTO426066631
SL49,Superlotto 6/49,"[""09"", ""26"", ""10"", ""47"", ""35"", ""25""]",09-26-10-47-35-25,2024-01-30,21:00,0,0,lottomatik,SL496066378
UL58,Ultra Lotto 6/58,"[""36"", ""51"", ""01"", ""56"", ""04"", ""42""]",36-51-01-56-04-42,2024-01-30,21:00,0,0,lottomatik,UL586066632
2DL-2PM,2D Lotto 2PM,"[""05"", ""12""]",05-12,2024-01-31,14:00,0,0,lottomatik,2DL6075514
3DL-2PM,3D Lotto 2PM,"[""0"", ""3"", ""2""]",0-3-2,2024-01-31,14:00,0,0,lottomatik,3DL6075515
2DL-5PM,2D Lotto 5PM,"[""18"", ""27""]",18-27,2024-01-31,17:00,0,0,lottomatik,2DL6075516
3DL-5PM,3D Lotto 5PM,"[""6"", ""4"", ""0""]",6-4-0,2024-01-31,17:00,0,0,lottomatik,3DL6075517
2DL-9PM,2D Lotto 9PM,"[""20"", ""19""]",20-19,2024-01-31,21:00,0,0,lottomatik,2DL6076046
3DL-9PM,3D Lotto 9PM,"[""0"", ""8"", ""2""]",0-8-2,2024-01-31,21:00,0,0,lottomatik,3DL6076045
4DL,4D Lotto,"[""9"", ""9"", ""8"", ""8""]",9-9-8-8,2024-01-31,21:00,0,0,lottomatik,4DL6076044
GL55,Grand Lotto 6/55,"[""30"", ""37"", ""27"", ""04"", ""31"", ""05""]",30-37-27-04-31-05,2024-01-31,21:00,0,0,lottomatik,GL556076043
ML45,Megalotto 6/45,"[""07"", ""13"", ""03"", ""28"", ""04"", ""24""]",07-13-03-28-04-24,2024-01-31,21:00,0,0,lottomatik,ML456075780
2DL-2PM,2D Lotto 2PM,"[""18"", ""22""]",18-22,2024-02-01,14:00,0,0,lottomatik,2DL6085234
3DL-2PM,3D Lotto 2PM,"[""9"", ""0"", ""4""]",9-0-4,2024-02-01,14:00,0,0,lottomatik,3DL6085235
2DL-5PM,2D Lotto 5PM,"[""17"", ""10""]",17-10,2024-02-01,17:00,0,0,lottomatik,2DL6085236
3DL-5PM,3D Lotto 5PM,"[""2"", ""9"", ""7""]",2-9-7,2024-02-01,17:00,0,0,lottomatik,3DL6085237
2DL-9PM,2D Lotto 9PM,"[""29"", ""25""]",29-25,2024-02-01,21:00,0,0,lottomatik,2DL6085784
3DL-9PM,3D Lotto 9PM,"[""4"", ""8"", ""7""]",4-8-7,2024-02-01,21:00,0,0,lottomatik,3DL6085783
6DL,6D Lotto,"[""8"", ""9"", ""4"", ""6"", ""6"", ""6""]",8-9-4-6-6-6,2024-02-01,21:00,0,0,lottomatik,6DL6085782
LOTTO42,Lotto 6/42,"[""03"", ""31"", ""14"", ""19"", ""35"", ""13""]",03-31-14-19-35-13,2024-02-01,21:00,0,0,lottomatik,LOTTO426085509
SL49,Superlotto 6/49,"[""29"", ""44"", ""23"", ""17"", ""19"", ""35""]",29-44-23-17-19-35,2024-02-01,21:00,0,0,lottomatik,SL496085781
2DL-2PM,2D Lotto 2PM,"[""28"", ""20""]",28-20,2024-02-02,14:00,0,0,lottomatik,2DL6095278
3DL-2PM,3D Lotto 2PM,"[""5"", ""1"", ""9""]",5-1-9,2024-02-02,14:00,0,0,lottomatik,3DL6095279
2DL-5PM,2D Lotto 5PM,"[""21"", ""14""]",21-14,2024-02-02,17:00,0,0,lottomatik,2DL6095280
3DL-5PM,3D Lotto 5PM,"[""4"", ""3"", ""6""]",4-3-6,2024-02-02,17:00,0,0,lottomatik,3DL6095281
2DL-9PM,2D Lotto 9PM,"[""19"", ""16""]",19-16,2024-02-02,21:00,0,0,lottomatik,2DL6095846
3DL-9PM,3D Lotto 9PM,"[""9"", ""8"", ""4""]",9-8-4,2024-02-02,21:00,0,0,lottomatik,3DL6095845
4DL,4D Lotto,"[""3"", ""9"", ""8"", ""7""]",3-9-8-7,2024-02-02,21:00,0,0,lottomatik,4DL6095844
ML45,Megalotto 6/45,"[""11"", ""20"", ""43"", ""30"", ""02"", ""44""]",11-20-43-30-02-44,2024-02-02,21:00,0,0,lottomatik,ML456095562
UL58,Ultra Lotto 6/58,"[""51"", ""30"", ""21"", ""14"", ""44"", ""28""]",51-30-21-14-44-28,2024-02-02,21:00,0,0,lottomatik,UL586095843
2DL-2PM,2D Lotto 2PM,"[""13"", ""10""]",13-10,2024-02-03,14:00,0,0,lottomatik,2DL6105637
3DL-2PM,3D Lotto 2PM,"[""8"", ""5"", ""1""]",8-5-1,2024-02-03,14:00,0,0,lottomatik,3DL6105638
2DL-5PM,2D Lotto 5PM,"[""11"", ""26""]",11-26,2024-02-03,17:00,0,0,lottomatik,2DL6105639
3DL-5PM,3D Lotto 5PM,"[""3"", ""7"", ""2""]",3-7-2,2024-02-03,17:00,0,0,lottomatik,3DL6105640
2DL-9PM,2D Lotto 9PM,"[""23"", ""31""]",23-31,2024-02-03,21:00,0,0,lottomatik,2DL6106223
3DL-9PM,3D Lotto 9PM,"[""0"", ""1"", ""3""]",0-1-3,2024-02-03,21:00,0,0,lottomatik,3DL6106222
6DL,6D Lotto,"[""3"", ""7"", ""6"", ""5"", ""1"", ""7""]",3-7-6-5-1-7,2024-02-03,21:00,0,0,lottomatik,6DL6106221
GL55,Grand Lotto 6/55,"[""10"", ""07"", ""19"", ""40"", ""20"", ""29""]",10-07-19-40-20-29,2024-02-03,21:00,0,0,lottomatik,GL556106220
LOTTO42,Lotto 6/42,"[""09"", ""18"", ""33"", ""26"", ""23"", ""04""]",09-18-33-26-23-04,2024-02-03,21:00,0,0,lottomatik,LOTTO426105930
2DL-2PM,2D Lotto 2PM,"[""04"", ""22""]",04-22,2024-02-04,14:00,0,0,lottomatik,2DL6116329
3DL-2PM,3D Lotto 2PM,"[""0"", ""7"", ""0""]",0-7-0,2024-02-04,14:00,0,0,lottomatik,3DL6116330
2DL-5PM,2D Lotto 5PM,"[""12"", ""26""]",12-26,2024-02-04,17:00,0,0,lottomatik,2DL6116331
3DL-5PM,3D Lotto 5PM,"[""2"", ""3"", ""0""]",2-3-0,2024-02-04,17:00,0,0,lottomatik,3DL6116332
2DL-9PM,2D Lotto 9PM,"[""03"", ""17""]",03-17,2024-02-04,21:00,0,0,lottomatik,2DL6116932
3DL-9PM,3D Lotto 9PM,"[""0"", ""4"", ""8""]",0-4-8,2024-02-04,21:00,0,0,lottomatik,3DL6116931
SL49,Superlotto 6/49,"[""10"", ""37"", ""07"", ""46"", ""43"", ""41""]",10-37-07-46-43-41,2024-02-04,21:00,0,0,lottomatik,SL496116631
UL58,Ultra Lotto 6/58,"[""27"", ""50"", ""21"", ""08"", ""53"", ""32""]",27-50-21-08-53-32,2024-02-04,21:00,0,0,lottomatik,UL586116632
2DL-2PM,2D Lotto 2PM,"[""17"", ""07""]",17-07,2024-02-05,14:00,0,0,lottomatik,2DL6127321
3DL-2PM,3D Lotto 2PM,"[""1"", ""9"", ""6""]",1-9-6,2024-02-05,14:00,0,0,lottomatik,3DL6127322
2DL-5PM,2D Lotto 5PM,"[""07"", ""26""]",07-26,2024-02-05,17:00,0,0,lottomatik,2DL6127323
3DL-5PM,3D Lotto 5PM,"[""2"", ""8"", ""5""]",2-8-5,2024-02-05,17:00,0,0,lottomatik,3DL6127324
2DL-9PM,2D Lotto 9PM,"[""23"", ""19""]",23-19,2024-02-05,21:00,0,0,lottomatik,2DL6127941
3DL-9PM,3D Lotto 9PM,"[""2"", ""7"", ""5""]",2-7-5,2024-02-05,21:00,0,0,lottomatik,3DL6127940
4DL,4D Lotto,"[""8"", ""8"", ""5"", ""2""]",8-8-5-2,2024-02-05,21:00,0,0,lottomatik,4DL6127939
GL55,Grand Lotto 6/55,"[""20"", ""43"", ""49"", ""31"", ""06"", ""24""]",20-43-49-31-06-24,2024-02-05,21:00,0,0,lottomatik,GL556127632
ML45,Megalotto 6/45,"[""02"", ""35"", ""29"", ""39"", ""10"", ""15""]",02-35-29-39-10-15,2024-02-05,21:00,0,0,lottomatik,ML456127631
2DL-2PM,2D Lotto 2PM,"[""28"", ""20""]",28-20,2024-02-06,14:00,0,0,lottomatik,2DL6138625
3DL-2PM,3D Lotto 2PM,"[""3"", ""5"", ""6""]",3-5-6,2024-02-06,14:00,0,0,lottomatik,3DL6138626
2DL-5PM,2D Lotto 5PM,"[""13"", ""06""]",13-06,2024-02-06,17:00,0,0,lottomatik,2DL6138627
3DL-5PM,3D Lotto 5PM,"[""4"", ""8"", ""8""]",4-8-8,2024-02-06,17:00,0,0,lottomatik,3DL6138628
2DL-9PM,2D Lotto 9PM,"[""18"", ""19""]",18-19,2024-02-06,21:00,0,0,lottomatik,2DL6139264
3DL-9PM,3D Lotto 9PM,"[""6"", ""7"", ""5""]",6-7-5,2024-02-06,21:00,0,0,lottomatik,3DL6139263
6DL,6D Lotto,"[""6"", ""0"", ""9"", ""1"", ""5"", ""7""]",6-0-9-1-5-7,2024-02-06,21:00,0,0,lottomatik,6DL6139262
LOTTO42,Lotto 6/42,"[""27"", ""23"", ""31"", ""20"", ""14"", ""28""]",27-23-31-20-14-28,2024-02-06,21:00,0,0,lottomatik,LOTTO426138944
SL49,Superlotto 6/49,"[""11"", ""43"", ""37"", ""38"", ""28"", ""45""]",11-43-37-38-28-45,2024-02-06,21:00,0,0,lottomatik,SL496138945
UL58,Ultra Lotto 6/58,"[""11"", ""20"", ""53"", ""50"", ""19"", ""55""]",11-20-53-50-19-55,2024-02-06,21:00,0,0,lottomatik,UL586139261
2DL-2PM,2D Lotto 2PM,"[""08"", ""24""]",08-24,2024-02-07,14:00,0,0,lottomatik,2DL6149950
3DL-2PM,3D Lotto 2PM,"[""0"", ""2"", ""0""]",0-2-0,2024-02-07,14:00,0,0,lottomatik,3DL6149951
2DL-5PM,2D Lotto 5PM,"[""26"", ""01""]",26-01,2024-02-07,17:00,0,0,lottomatik,2DL6149952
3DL-5PM,3D Lotto 5PM,"[""1"", ""0"", ""3""]",1-0-3,2024-02-07,17:00,0,0,lottomatik,3DL6149953
2DL-9PM,2D Lotto 9PM,"[""18"", ""09""]",18-09,2024-02-07,21:00,0,0,lottomatik,2DL6150608
3DL-9PM,3D Lotto 9PM,"[""7"", ""5"", ""3""]",7-5-3,2024-02-07,21:00,0,0,lottomatik,3DL6150607
4DL,4D Lotto,"[""9"", ""6"", ""2"", ""3""]",9-6-2-3,2024-02-07,21:00,0,0,lottomatik,4DL6150606
GL55,Grand Lotto 6/55,"[""40"", ""38"", ""36"", ""21"", ""37"", ""42""]",40-38-36-21-37-42,2024-02-07,21:00,0,0,lottomatik,GL556150280
ML45,Megalotto 6/45,"[""19"", ""02"", ""26"", ""06"", ""40"", ""13""]",19-02-26-06-40-13,2024-02-07,21:00,0,0,lottomatik,ML456150279
2DL-2PM,2D Lotto 2PM,"[""03"", ""31""]",03-31,2024-02-08,14:00,0,0,lottomatik,2DL6159943
3DL-2PM,3D Lotto 2PM,"[""3"", ""0"", ""1""]",3-0-1,2024-02-08,14:00,0,0,lottomatik,3DL6159944
2DL-5PM,2D Lotto 5PM,"[""05"", ""12""]",05-12,2024-02-08,17:00,0,0,lottomatik,2DL6159945
3DL-5PM,3D Lotto 5PM,"[""3"", ""8"", ""9""]",3-8-9,2024-02-08,17:00,0,0,lottomatik,3DL6159946
2DL-9PM,2D Lotto 9PM,"[""17"", ""16""]",17-16,2024-02-08,21:00,0,0,lottomatik,2DL6160619
3DL-9PM,3D Lotto 9PM,"[""6"", ""0"", ""2""]",6-0-2,2024-02-08,21:00,0,0,lottomatik,3DL6160618
6DL,6D Lotto,"[""7"", ""2"", ""2"", ""2"", ""3"", ""3""]",7-2-2-2-3-3,2024-02-08,21:00,0,0,lottomatik,6DL6160617
LOTTO42,Lotto 6/42,"[""27"", ""02"", ""20"", ""22"", ""23"", ""10""]",27-02-20-22-23-10,2024-02-08,21:00,0,0,lottomatik,LOTTO426160281
SL49,Superlotto 6/49,"[""45"", ""12"", ""07"", ""29"", ""30"", ""38""]",45-12-07-29-30-38,2024-02-08,21:00,0,0,lottomatik,SL496160616
2DL-2PM,2D Lotto 2PM,"[""12"", ""10""]",12-10,2024-02-09,14:00,0,0,lottomatik,2DL6170883
3DL-2PM,3D Lotto 2PM,"[""4"", ""9"", ""9""]",4-9-9,2024-02-09,14:00,0,0,lottomatik,3DL6170884
2DL-5PM,2D Lotto 5PM,"[""24"", ""21""]",24-21,2024-02-09,17:00,0,0,lottomatik,2DL6170885
3DL-5PM,3D Lotto 5PM,"[""2"", ""0"", ""4""]",2-0-4,2024-02-09,17:00,0,0,lottomatik,3DL6170886
2DL-9PM,2D Lotto 9PM,"[""14"", ""02""]",14-02,2024-02-09,21:00,0,0,lottomatik,2DL6171577
3DL-9PM,3D Lotto 9PM,"[""8"", ""0"", ""5""]",8-0-5,2024-02-09,21:00,0,0,lottomatik,3DL6171576
4DL,4D Lotto,"[""7"", ""7"", ""0"", ""4""]",7-7-0-4,2024-02-09,21:00,0,0,lottomatik,4DL6171575
ML45,Megalotto 6/45,"[""26"", ""19"", ""12"", ""21"", ""04"", ""37""]",26-19-12-21-04-37,2024-02-09,21:00,0,0,lottomatik,ML456171230
UL58,Ultra Lotto 6/58,"[""11"", ""12"", ""15"", ""29"", ""25"", ""10""]",11-12-15-29-25-10,2024-02-09,21:00,0,0,lottomatik,UL586171231
2DL-2PM,2D Lotto 2PM,"[""14"", ""06""]",14-06,2024-02-10,14:00,0,0,lottomatik,2DL6182111
3DL-2PM,3D Lotto 2PM,"[""5"", ""7"", ""2""]",5-7-2,2024-02-10,14:00,0,0,lottomatik,3DL6182112
2DL-5PM,2D Lotto 5PM,"[""26"", ""18""]",26-18,2024-02-10,17:00,0,0,lottomatik,2DL6182113
3DL-5PM,3D Lotto 5PM,"[""4"", ""5"", ""1""]",4-5-1,2024-02-10,17:00,0,0,lottomatik,3DL6182114
2DL-9PM,2D Lotto 9PM,"[""13"", ""20""]",13-20,2024-02-10,21:00,0,0,lottomatik,2DL6182823
3DL-9PM,3D Lotto 9PM,"[""4"", ""3"", ""9""]",4-3-9,2024-02-10,21:00,0,0,lottomatik,3DL6182822
6DL,6D Lotto,"[""8"", ""0"", ""7"", ""8"", ""9"", ""7""]",8-0-7-8-9-7,2024-02-10,21:00,0,0,lottomatik,6DL6182821
GL55,Grand Lotto 6/55,"[""24"", ""39"", ""01"", ""21"", ""37"", ""03""]",24-39-01-21-37-03,2024-02-10,21:00,0,0,lottomatik,GL556182820
LOTTO42,Lotto 6/42,"[""13"", ""11"", ""37"", ""07"", ""16"", ""27""]",13-11-37-07-16-27,2024-02-10,21:00,0,0,lottomatik,LOTTO426182467
2DL-2PM,2D Lotto 2PM,"[""04"", ""21""]",04-21,2024-02-11,14:00,0,0,lottomatik,2DL6192544
3DL-2PM,3D Lotto 2PM,"[""3"", ""7"", ""7""]",3-7-7,2024-02-11,14:00,0,0,lottomatik,3DL6192545
2DL-5PM,2D Lotto 5PM,"[""21"", ""02""]",21-02,2024-02-11,17:00,0,0,lottomatik,2DL6192546
3DL-5PM,3D Lotto 5PM,"[""5"", ""7"", ""8""]",5-7-8,2024-02-11,17:00,0,0,lottomatik,3DL6192547
2DL-9PM,2D Lotto 9PM,"[""12"", ""09""]",12-09,2024-02-11,21:00,0,0,lottomatik,2DL6192912
3DL-9PM,3D Lotto 9PM,"[""9"", ""7"", ""3""]",9-7-3,2024-02-11,21:00,0,0,lottomatik,3DL6192911
SL49,Superlotto 6/49,"[""40"", ""08"", ""49"", ""46"", ""42"", ""30""]",40-08-49-46-42-30,2024-02-11,21:00,0,0,lottomatik,SL496192909
UL58,Ultra Lotto 6/58,"[""01"", ""29"", ""51"", ""45"", ""40"", ""57""]",01-29-51-45-40-57,2024-02-11,21:00,0,0,lottomatik,UL586192910
2DL-2PM,2D Lotto 2PM,"[""04"", ""12""]",04-12,2024-02-12,14:00,0,0,lottomatik,2DL6202860
3DL-2PM,3D Lotto 2PM,"[""3"", ""7"", ""1""]",3-7-1,2024-02-12,14:00,0,0,lottomatik,3DL6202861
2DL-5PM,2D Lotto 5PM,"[""26"", ""30""]",26-30,2024-02-12,17:00,0,0,lottomatik,2DL6202862
3DL-5PM,3D Lotto 5PM,"[""6"", ""1"", ""9""]",6-1-9,2024-02-12,17:00,0,0,lottomatik,3DL6202863
2DL-9PM,2D Lotto 9PM,"[""17"", ""29""]",17-29,2024-02-12,21:00,0,0,lottomatik,2DL6203606
3DL-9PM,3D Lotto 9PM,"[""4"", ""5"", ""1""]",4-5-1,2024-02-12,21:00,0,0,lottomatik,3DL6203605
4DL,4D Lotto,"[""6"", ""8"", ""0"", ""4""]",6-8-0-4,2024-02-12,21:00,0,0,lottomatik,4DL6203604
GL55,Grand Lotto 6/55,"[""29"", ""04"", ""54"", ""38"", ""12"", ""39""]",29-04-54-38-12-39,2024-02-12,21:00,0,0,lottomatik,GL556203234
ML45,Megalotto 6/45,"[""02"", ""10"", ""27"", ""24"", ""36"", ""35""]",02-10-27-24-36-35,2024-02-12,21:00,0,0,lottomatik,ML456203233
2DL-2PM,2D Lotto 2PM,"[""31"", ""10""]",31-10,2024-02-13,14:00,0,0,lottomatik,2DL6214551
3DL-2PM,3D Lotto 2PM,"[""4"", ""1"", ""4""]",4-1-4,2024-02-13,14:00,0,0,lottomatik,3DL6214552
2DL-5PM,2D Lotto 5PM,"[""02"", ""20""]",02-20,2024-02-13,17:00,0,0,lottomatik,2DL6214553
3DL-5PM,3D Lotto 5PM,"[""5"", ""9"", ""5""]",5-9-5,2024-02-13,17:00,0,0,lottomatik,3DL6214554
2DL-9PM,2D Lotto 9PM,"[""02"", ""31""]",02-31,2024-02-13,21:00,0,0,lottomatik,2DL6215694
3DL-9PM,3D Lotto 9PM,"[""2"", ""9"", ""1""]",2-9-1,2024-02-13,21:00,0,0,lottomatik,3DL6215693
6DL,6D Lotto,"[""1"", ""4"", ""4"", ""0"", ""6"", ""7""]",1-4-4-0-6-7,2024-02-13,21:00,0,0,lottomatik,6DL6215314
LOTTO42,Lotto 6/42,"[""19"", ""31"", ""11"", ""23"", ""13"", ""17""]",19-31-11-23-13-17,2024-02-13,21:00,0,0,lottomatik,LOTTO426214933
SL49,Superlotto 6/49,"[""22"", ""20"", ""23"", ""43"", ""15"", ""05""]",22-20-23-43-15-05,2024-02-13,21:00,0,0,lottomatik,SL496215312
UL58,Ultra Lotto 6/58,"[""04"", ""14"", ""51"", ""56"", ""15"", ""29""]",04-14-51-56-15-29,2024-02-13,21:00,0,0,lottomatik,UL586215313
2DL-2PM,2D Lotto 2PM,"[""15"", ""26""]",15-26,2024-02-14,14:00,0,0,lottomatik,2DL6224221
3DL-2PM,3D Lotto 2PM,"[""3"", ""6"", ""1""]",3-6-1,2024-02-14,14:00,0,0,lottomatik,3DL6224222
2DL-5PM,2D Lotto 5PM,"[""22"", ""23""]",22-23,2024-02-14,17:00,0,0,lottomatik,2DL6224223
3DL-5PM,3D Lotto 5PM,"[""0"", ""7"", ""7""]",0-7-7,2024-02-14,17:00,0,0,lottomatik,3DL6224224
2DL-9PM,2D Lotto 9PM,"[""26"", ""26""]",26-26,2024-02-14,21:00,0,0,lottomatik,2DL6225005
3DL-9PM,3D Lotto 9PM,"[""2"", ""3"", ""0""]",2-3-0,2024-02-14,21:00,0,0,lottomatik,3DL6225004
4DL,4D Lotto,"[""1"", ""9"", ""9"", ""8""]",1-9-9-8,2024-02-14,21:00,0,0,lottomatik,4DL6225003
GL55,Grand Lotto 6/55,"[""44"", ""36"", ""50"", ""42"", ""21"", ""11""]",44-36-50-42-21-11,2024-02-14,21:00,0,0,lottomatik,GL556224614
ML45,Megalotto 6/45,"[""39"", ""37"", ""29"", ""30"", ""01"", ""07""]",39-37-29-30-01-07,2024-02-14,21:00,0,0,lottomatik,ML456224613
2DL-2PM,2D Lotto 2PM,"[""03"", ""16""]",03-16,2024-02-15,14:00,0,0,lottomatik,2DL6237286
3DL-2PM,3D Lotto 2PM,"[""7"", ""1"", ""7""]",7-1-7,2024-02-15,14:00,0,0,lottomatik,3DL6237287
2DL-5PM,2D Lotto 5PM,"[""23"", ""18""]",23-18,2024-02-15,17:00,0,0,lottomatik,2DL6237288
3DL-5PM,3D Lotto 5PM,"[""2"", ""9"", ""9""]",2-9-9,2024-02-15,17:00,0,0,lottomatik,3DL6237289
2DL-9PM,2D Lotto 9PM,"[""16"", ""26""]",16-26,2024-02-15,21:00,0,0,lottomatik,2DL6237691
3DL-9PM,3D Lotto 9PM,"[""1"", ""9"", ""2""]",1-9-2,2024-02-15,21:00,0,0,lottomatik,3DL6237690
6DL,6D Lotto,"[""3"", ""7"", ""5"", ""0"", ""2"", ""5""]",3-7-5-0-2-5,2024-02-15,21:00,0,0,lottomatik,6DL6237689
LOTTO42,Lotto 6/42,"[""09"", ""38"", ""28"", ""22"", ""04"", ""20""]",09-38-28-22-04-20,2024-02-15,21:00,0,0,lottomatik,LOTTO426237687
SL49,Superlotto 6/49,"[""19"", ""10"", ""08"", ""24"", ""20"", ""13""]",19-10-08-24-20-13,2024-02-15,21:00,0,0,lottomatik,SL496237688
2DL-2PM,2D Lotto 2PM,"[""19"", ""12""]",19-12,2024-02-16,14:00,0,0,lottomatik,2DL6248230
3DL-2PM,3D Lotto 2PM,"[""5"", ""5"", ""5""]",5-5-5,2024-02-16,14:00,0,0,lottomatik,3DL6248231
2DL-5PM,2D Lotto 5PM,"[""06"", ""14""]",06-14,2024-02-16,17:00,0,0,lottomatik,2DL6248232
3DL-5PM,3D Lotto 5PM,"[""4"", ""6"", ""8""]",4-6-8,2024-02-16,17:00,0,0,lottomatik,3DL6248233
2DL-9PM,2D Lotto 9PM,"[""20"", ""11""]",20-11,2024-02-16,21:00,0,0,lottomatik,2DL6249050
3DL-9PM,3D Lotto 9PM,"[""8"", ""7"", ""0""]",8-7-0,2024-02-16,21:00,0,0,lottomatik,3DL6249049
4DL,4D Lotto,"[""4"", ""9"", ""2"", ""4""]",4-9-2-4,2024-02-16,21:00,0,0,lottomatik,4DL6249048
ML45,Megalotto 6/45,"[""14"", ""42"", ""03"", ""31"", ""41"", ""11""]",14-42-03-31-41-11,2024-02-16,21:00,0,0,lottomatik,ML456248640
UL58,Ultra Lotto 6/58,"[""29"", ""03"", ""07"", ""11"", ""17"", ""58""]",29-03-07-11-17-58,2024-02-16,21:00,0,0,lottomatik,UL586248641
2DL-2PM,2D Lotto 2PM,"[""03"", ""03""]",03-03,2024-02-17,14:00,0,0,lottomatik,2DL6259408
3DL-2PM,3D Lotto 2PM,"[""4"", ""9"", ""6""]",4-9-6,2024-02-17,14:00,0,0,lottomatik,3DL6259409
2DL-5PM,2D Lotto 5PM,"[""07"", ""05""]",07-05,2024-02-17,17:00,0,0,lottomatik,2DL6259410
3DL-5PM,3D Lotto 5PM,"[""6"", ""1"", ""8""]",6-1-8,2024-02-17,17:00,0,0,lottomatik,3DL6259411
2DL-9PM,2D Lotto 9PM,"[""22"", ""03""]",22-03,2024-02-17,21:00,0,0,lottomatik,2DL6259831
3DL-9PM,3D Lotto 9PM,"[""1"", ""7"", ""8""]",1-7-8,2024-02-17,21:00,0,0,lottomatik,3DL6259830
6DL,6D Lotto,"[""2"", ""0"", ""6"", ""5"", ""5"", ""4""]",2-0-6-5-5-4,2024-02-17,21:00,0,0,lottomatik,6DL6259829
GL55,Grand Lotto 6/55,"[""07"", ""46"", ""14"", ""54"", ""30"", ""44""]",07-46-14-54-30-44,2024-02-17,21:00,0,0,lottomatik,GL556259413
LOTTO42,Lotto 6/42,"[""29"", ""14"", ""13"", ""05"", ""09"", ""18""]",29-14-13-05-09-18,2024-02-17,21:00,0,0,lottomatik,LOTTO426259412
2DL-2PM,2D Lotto 2PM,"[""26"", ""22""]",26-22,2024-02-18,14:00,0,0,lottomatik,2DL6272534
3DL-2PM,3D Lotto 2PM,"[""5"", ""8"", ""2""]",5-8-2,2024-02-18,14:00,0,0,lottomatik,3DL6272535
2DL-5PM,2D Lotto 5PM,"[""31"", ""06""]",31-06,2024-02-18,17:00,0,0,lottomatik,2DL6272536
3DL-5PM,3D Lotto 5PM,"[""1"", ""0"", ""3""]",1-0-3,2024-02-18,17:00,0,0,lottomatik,3DL6272537
2DL-9PM,2D Lotto 9PM,"[""25"", ""08""]",25-08,2024-02-18,21:00,0,0,lottomatik,2DL6273389
SL49,Superlotto 6/49,"[""19"", ""28"", ""09"", ""49"", ""48"", ""25""]",19-28-09-49-48-25,2024-02-18,21:00,0,0,lottomatik,SL496272962
UL58,Ultra Lotto 6/58,"[""55"", ""01"", ""20"", ""03"", ""58"", ""10""]",55-01-20-03-58-10,2024-02-18,21:00,0,0,lottomatik,UL586272963
2DL-2PM,2D Lotto 2PM,"[""28"", ""15""]",28-15,2024-02-19,14:00,0,0,lottomatik,2DL6284614
3DL-2PM,3D Lotto 2PM,"[""3"", ""8"", ""9""]",3-8-9,2024-02-19,14:00,0,0,lottomatik,3DL6284615
2DL-5PM,2D Lotto 5PM,"[""05"", ""15""]",05-15,2024-02-19,17:00,0,0,lottomatik,2DL6284616
3DL-5PM,3D Lotto 5PM,"[""4"", ""9"", ""4""]",4-9-4,2024-02-19,17:00,0,0,lottomatik,3DL6284617
2DL-9PM,2D Lotto 9PM,"[""03"", ""01""]",03-01,2024-02-19,21:00,0,0,lottomatik,2DL6285486
3DL-9PM,3D Lotto 9PM,"[""2"", ""5"", ""6""]",2-5-6,2024-02-19,21:00,0,0,lottomatik,3DL6285485
4DL,4D Lotto,"[""3"", ""4"", ""6"", ""0""]",3-4-6-0,2024-02-19,21:00,0,0,lottomatik,4DL6285484
GL55,Grand Lotto 6/55,"[""27"", ""55"", ""48"", ""54"", ""31"", ""03""]",27-55-48-54-31-03,2024-02-19,21:00,0,0,lottomatik,GL556285483
ML45,Megalotto 6/45,"[""18"", ""36"", ""11"", ""19"", ""05"", ""04""]",18-36-11-19-05-04,2024-02-19,21:00,0,0,lottomatik,ML456285050
2DL-2PM,2D Lotto 2PM,"[""20"", ""22""]",20-22,2024-02-20,14:00,0,0,lottomatik,2DL6296944
3DL-2PM,3D Lotto 2PM,"[""7"", ""2"", ""9""]",7-2-9,2024-02-20,14:00,0,0,lottomatik,3DL6296945
2DL-5PM,2D Lotto 5PM,"[""11"", ""14""]",11-14,2024-02-20,17:00,0,0,lottomatik,2DL6296946
3DL-5PM,3D Lotto 5PM,"[""8"", ""2"", ""9""]",8-2-9,2024-02-20,17:00,0,0,lottomatik,3DL6296947
2DL-9PM,2D Lotto 9PM,"[""30"", ""16""]",30-16,2024-02-20,21:00,0,0,lottomatik,2DL6298276
3DL-9PM,3D Lotto 9PM,"[""5"", ""1"", ""5""]",5-1-5,2024-02-20,21:00,0,0,lottomatik,3DL6298275
6DL,6D Lotto,"[""7"", ""2"", ""5"", ""8"", ""8"", ""5""]",7-2-5-8-8-5,2024-02-20,21:00,0,0,lottomatik,6DL6298274
LOTTO42,Lotto 6/42,"[""22"", ""17"", ""01"", ""29"", ""11"", ""16""]",22-17-01-29-11-16,2024-02-20,21:00,0,0,lottomatik,LOTTO426297389
SL49,Superlotto 6/49,"[""23"", ""02"", ""05"", ""40"", ""26"", ""33""]",23-02-05-40-26-33,2024-02-20,21:00,0,0,lottomatik,SL496297831
UL58,Ultra Lotto 6/58,"[""43"", ""08"", ""32"", ""01"", ""10"", ""42""]",43-08-32-01-10-42,2024-02-20,21:00,0,0,lottomatik,UL586297832
2DL-2PM,2D Lotto 2PM,"[""02"", ""10""]",02-10,2024-02-21,14:00,0,0,lottomatik,2DL6310875
3DL-2PM,3D Lotto 2PM,"[""3"", ""2"", ""2""]",3-2-2,2024-02-21,14:00,0,0,lottomatik,3DL6310876
2DL-5PM,2D Lotto 5PM,"[""05"", ""06""]",05-06,2024-02-21,17:00,0,0,lottomatik,2DL6310877
3DL-5PM,3D Lotto 5PM,"[""7"", ""1"", ""3""]",7-1-3,2024-02-21,17:00,0,0,lottomatik,3DL6310878
2DL-9PM,2D Lotto 9PM,"[""11"", ""04""]",11-04,2024-02-21,21:00,0,0,lottomatik,2DL6312236
3DL-9PM,3D Lotto 9PM,"[""9"", ""4"", ""9""]",9-4-9,2024-02-21,21:00,0,0,lottomatik,3DL6312235
4DL,4D Lotto,"[""2"", ""0"", ""7"", ""6""]",2-0-7-6,2024-02-21,21:00,0,0,lottomatik,4DL6312234
GL55,Grand Lotto 6/55,"[""15"", ""08"", ""02"", ""49"", ""50"", ""45""]",15-08-02-49-50-45,2024-02-21,21:00,0,0,lottomatik,GL556311782
ML45,Megalotto 6/45,"[""04"", ""06"", ""05"", ""12"", ""28"", ""22""]",04-06-05-12-28-22,2024-02-21,21:00,0,0,lottomatik,ML456311330
2DL-2PM,2D Lotto 2PM,"[""07"", ""18""]",07-18,2024-02-22,14:00,0,0,lottomatik,2DL6323719
3DL-2PM,3D Lotto 2PM,"[""3"", ""2"", ""2""]",3-2-2,2024-02-22,14:00,0,0,lottomatik,3DL6323720
2DL-5PM,2D Lotto 5PM,"[""15"", ""24""]",15-24,2024-02-22,17:00,0,0,lottomatik,2DL6323721
3DL-5PM,3D Lotto 5PM,"[""6"", ""2"", ""7""]",6-2-7,2024-02-22,17:00,0,0,lottomatik,3DL6323722
2DL-9PM,2D Lotto 9PM,"[""04"", ""14""]",04-14,2024-02-22,21:00,0,0,lottomatik,2DL6324647
3DL-9PM,3D Lotto 9PM,"[""9"", ""7"", ""3""]",9-7-3,2024-02-22,21:00,0,0,lottomatik,3DL6324646
6DL,6D Lotto,"[""3"", ""5"", ""9"", ""8"", ""5"", ""1""]",3-5-9-8-5-1,2024-02-22,21:00,0,0,lottomatik,6DL6324645
LOTTO42,Lotto 6/42,"[""05"", ""21"", ""17"", ""36"", ""22"", ""07""]",05-21-17-36-22-07,2024-02-22,21:00,0,0,lottomatik,LOTTO426324183
SL49,Superlotto 6/49,"[""36"", ""11"", ""06"", ""46"", ""16"", ""17""]",36-11-06-46-16-17,2024-02-22,21:00,0,0,lottomatik,SL496324184
2DL-2PM,2D Lotto 2PM,"[""21"", ""02""]",21-02,2024-02-23,14:00,0,0,lottomatik,2DL6338222
3DL-2PM,3D Lotto 2PM,"[""9"", ""1"", ""2""]",9-1-2,2024-02-23,14:00,0,0,lottomatik,3DL6338223
2DL-5PM,2D Lotto 5PM,"[""08"", ""05""]",08-05,2024-02-23,17:00,0,0,lottomatik,2DL6338224
3DL-5PM,3D Lotto 5PM,"[""1"", ""1"", ""9""]",1-1-9,2024-02-23,17:00,0,0,lottomatik,3DL6338225
2DL-9PM,2D Lotto 9PM,"[""01"", ""20""]",01-20,2024-02-23,21:00,0,0,lottomatik,2DL6339168
3DL-9PM,3D Lotto 9PM,"[""3"", ""5"", ""7""]",3-5-7,2024-02-23,21:00,0,0,lottomatik,3DL6339167
4DL,4D Lotto,"[""0"", ""1"", ""6"", ""2""]",0-1-6-2,2024-02-23,21:00,0,0,lottomatik,4DL6339166
ML45,Megalotto 6/45,"[""33"", ""27"", ""29"", ""26"", ""45"", ""04""]",33-27-29-26-45-04,2024-02-23,21:00,0,0,lottomatik,ML456338695
UL58,Ultra Lotto 6/58,"[""29"", ""55"", ""36"", ""58"", ""10"", ""50""]",29-55-36-58-10-50,2024-02-23,21:00,0,0,lottomatik,UL586338696
2DL-2PM,2D Lotto 2PM,"[""31"", ""05""]",31-05,2024-02-24,14:00,0,0,lottomatik,2DL6353500
3DL-2PM,3D Lotto 2PM,"[""2"", ""6"", ""7""]",2-6-7,2024-02-24,14:00,0,0,lottomatik,3DL6353501
2DL-5PM,2D Lotto 5PM,"[""04"", ""24""]",04-24,2024-02-24,17:00,0,0,lottomatik,2DL6353502
3DL-5PM,3D Lotto 5PM,"[""0"", ""4"", ""5""]",0-4-5,2024-02-24,17:00,0,0,lottomatik,3DL6353503
2DL-9PM,2D Lotto 9PM,"[""12"", ""06""]",12-06,2024-02-24,21:00,0,0,lottomatik,2DL6353715
3DL-9PM,3D Lotto 9PM,"[""3"", ""4"", ""3""]",3-4-3,2024-02-24,21:00,0,0,lottomatik,3DL6353714
6DL,6D Lotto,"[""1"", ""7"", ""4"", ""3"", ""8"", ""5""]",1-7-4-3-8-5,2024-02-24,21:00,0,0,lottomatik,6DL6353713
GL55,Grand Lotto 6/55,"[""42"", ""44"", ""01"", ""24"", ""47"", ""02""]",42-44-01-24-47-02,2024-02-24,21:00,0,0,lottomatik,GL556353505
LOTTO42,Lotto 6/42,"[""32"", ""12"", ""27"", ""40"", ""01"", ""19""]",32-12-27-40-01-19,2024-02-24,21:00,0,0,lottomatik,LOTTO426353504
2DL-2PM,2D Lotto 2PM,"[""09"", ""09""]",09-09,2024-02-25,14:00,0,0,lottomatik,2DL6375193
3DL-2PM,3D Lotto 2PM,"[""7"", ""7"", ""7""]",7-7-7,2024-02-25,14:00,0,0,lottomatik,3DL6375194
2DL-5PM,2D Lotto 5PM,"[""08"", ""03""]",08-03,2024-02-25,17:00,0,0,lottomatik,2DL6375195
3DL-5PM,3D Lotto 5PM,"[""6"", ""8"", ""3""]",6-8-3,2024-02-25,17:00,0,0,lottomatik,3DL6375196
2DL-9PM,2D Lotto 9PM,"[""12"", ""14""]",12-14,2024-02-25,21:00,0,0,lottomatik,2DL6376606
3DL-9PM,3D Lotto 9PM,"[""6"", ""0"", ""9""]",6-0-9,2024-02-25,21:00,0,0,lottomatik,3DL6376605
SL49,Superlotto 6/49,"[""20"", ""49"", ""43"", ""46"", ""44"", ""08""]",20-49-43-46-44-08,2024-02-25,21:00,0,0,lottomatik,SL496375900
UL58,Ultra Lotto 6/58,"[""06"", ""33"", ""48"", ""56"", ""27"", ""35""]",06-33-48-56-27-35,2024-02-25,21:00,0,0,lottomatik,UL586375901
2DL-2PM,2D Lotto 2PM,"[""25"", ""20""]",25-20,2024-02-26,14:00,0,0,lottomatik,2DL6396978
3DL-2PM,3D Lotto 2PM,"[""0"", ""1"", ""9""]",0-1-9,2024-02-26,14:00,0,0,lottomatik,3DL6396979
2DL-5PM,2D Lotto 5PM,"[""03"", ""22""]",03-22,2024-02-26,17:00,0,0,lottomatik,2DL6396980
3DL-5PM,3D Lotto 5PM,"[""6"", ""2"", ""5""]",6-2-5,2024-02-26,17:00,0,0,lottomatik,3DL6396981
2DL-9PM,2D Lotto 9PM,"[""13"", ""05""]",13-05,2024-02-26,21:00,0,0,lottomatik,2DL6398424
3DL-9PM,3D Lotto 9PM,"[""8"", ""9"", ""4""]",8-9-4,2024-02-26,21:00,0,0,lottomatik,3DL6398423
4DL,4D Lotto,"[""0"", ""7"", ""1"", ""2""]",0-7-1-2,2024-02-26,21:00,0,0,lottomatik,4DL6398422
GL55,Grand Lotto 6/55,"[""22"", ""18"", ""35"", ""39"", ""48"", ""08""]",22-18-35-39-48-08,2024-02-26,21:00,0,0,lottomatik,GL556397702
ML45,Megalotto 6/45,"[""29"", ""07"", ""09"", ""20"", ""03"", ""26""]",29-07-09-20-03-26,2024-02-26,21:00,0,0,lottomatik,ML456397701
2DL-2PM,2D Lotto 2PM,"[""12"", ""08""]",12-08,2024-02-27,14:00,0,0,lottomatik,2DL6419782
3DL-2PM,3D Lotto 2PM,"[""0"", ""9"", ""7""]",0-9-7,2024-02-27,14:00,0,0,lottomatik,3DL6419783
2DL-5PM,2D Lotto 5PM,"[""04"", ""21""]",04-21,2024-02-27,17:00,0,0,lottomatik,2DL6419784
3DL-5PM,3D Lotto 5PM,"[""2"", ""9"", ""1""]",2-9-1,2024-02-27,17:00,0,0,lottomatik,3DL6419785
2DL-9PM,2D Lotto 9PM,"[""26"", ""13""]",26-13,2024-02-27,21:00,0,0,lottomatik,2DL6420799
3DL-9PM,3D Lotto 9PM,"[""3"", ""6"", ""0""]",3-6-0,2024-02-27,21:00,0,0,lottomatik,3DL6420798
6DL,6D Lotto,"[""4"", ""0"", ""5"", ""2"", ""9"", ""7""]",4-0-5-2-9-7,2024-02-27,21:00,0,0,lottomatik,6DL6420797
LOTTO42,Lotto 6/42,"[""41"", ""26"", ""32"", ""40"", ""31"", ""39""]",41-26-32-40-31-39,2024-02-27,21:00,0,0,lottomatik,LOTTO426420290
SL49,Superlotto 6/49,"[""19"", ""03"", ""48"", ""31"", ""10"", ""43""]",19-03-48-31-10-43,2024-02-27,21:00,0,0,lottomatik,SL496420291
UL58,Ultra Lotto 6/58,"[""09"", ""14"", ""37"", ""22"", ""13"", ""20""]",09-14-37-22-13-20,2024-02-27,21:00,0,0,lottomatik,UL586420796
2DL-2PM,2D Lotto 2PM,"[""26"", ""12""]",26-12,2024-02-28,14:00,0,0,lottomatik,2DL6441703
3DL-2PM,3D Lotto 2PM,"[""7"", ""3"", ""5""]",7-3-5,2024-02-28,14:00,0,0,lottomatik,3DL6441704
2DL-5PM,2D Lotto 5PM,"[""18"", ""03""]",18-03,2024-02-28,17:00,0,0,lottomatik,2DL6441705
3DL-5PM,3D Lotto 5PM,"[""2"", ""2"", ""7""]",2-2-7,2024-02-28,17:00,0,0,lottomatik,3DL6441706
2DL-9PM,2D Lotto 9PM,"[""30"", ""09""]",30-09,2024-02-28,21:00,0,0,lottomatik,2DL6443225
3DL-9PM,3D Lotto 9PM,"[""8"", ""6"", ""5""]",8-6-5,2024-02-28,21:00,0,0,lottomatik,3DL6443224
4DL,4D Lotto,"[""7"", ""3"", ""2"", ""5""]",7-3-2-5,2024-02-28,21:00,0,0,lottomatik,4DL6443223
GL55,Grand Lotto 6/55,"[""49"", ""37"", ""51"", ""36"", ""50"", ""10""]",49-37-51-36-50-10,2024-02-28,21:00,0,0,lottomatik,GL556442465
ML45,Megalotto 6/45,"[""41"", ""35"", ""18"", ""43"", ""33"", ""40""]",41-35-18-43-33-40,2024-02-28,21:00,0,0,lottomatik,ML456442464
2DL-2PM,2D Lotto 2PM,"[""12"", ""10""]",12-10,2024-02-29,14:00,0,0,lottomatik,2DL6462788
3DL-2PM,3D Lotto 2PM,"[""3"", ""8"", ""2""]",3-8-2,2024-02-29,14:00,0,0,lottomatik,3DL6462789
2DL-5PM,2D Lotto 5PM,"[""08"", ""18""]",08-18,2024-02-29,17:00,0,0,lottomatik,2DL6462790
3DL-5PM,3D Lotto 5PM,"[""8"", ""8"", ""4""]",8-8-4,2024-02-29,17:00,0,0,lottomatik,3DL6462791
2DL-9PM,2D Lotto 9PM,"[""24"", ""29""]",24-29,2024-02-29,21:00,0,0,lottomatik,2DL6463823
3DL-9PM,3D Lotto 9PM,"[""4"", ""8"", ""7""]",4-8-7,2024-02-29,21:00,0,0,lottomatik,3DL6463822
6DL,6D Lotto,"[""0"", ""0"", ""7"", ""8"", ""1"", ""6""]",0-0-7-8-1-6,2024-02-29,21:00,0,0,lottomatik,6DL6463821
LOTTO42,Lotto 6/42,"[""05"", ""21"", ""03"", ""33"", ""30"", ""41""]",05-21-03-33-30-41,2024-02-29,21:00,0,0,lottomatik,LOTTO426463567
SL49,Superlotto 6/49,"[""17"", ""04"", ""18"", ""20"", ""32"", ""15""]",17-04-18-20-32-15,2024-02-29,21:00,0,0,lottomatik,SL496463568
2DL-2PM,2D Lotto 2PM,"[""31"", ""24""]",31-24,2024-03-01,14:00,0,0,lottomatik,2DL6488092
3DL-2PM,3D Lotto 2PM,"[""2"", ""8"", ""3""]",2-8-3,2024-03-01,14:00,0,0,lottomatik,3DL6488093
2DL-5PM,2D Lotto 5PM,"[""25"", ""26""]",25-26,2024-03-01,17:00,0,0,lottomatik,2DL6488094
3DL-5PM,3D Lotto 5PM,"[""4"", ""4"", ""5""]",4-4-5,2024-03-01,17:00,0,0,lottomatik,3DL6488095
2DL-9PM,2D Lotto 9PM,"[""21"", ""20""]",21-20,2024-03-01,21:00,0,0,lottomatik,2DL6489425
3DL-9PM,3D Lotto 9PM,"[""8"", ""7"", ""0""]",8-7-0,2024-03-01,21:00,0,0,lottomatik,3DL6489424
4DL,4D Lotto,"[""3"", ""1"", ""7"", ""5""]",3-1-7-5,2024-03-01,21:00,0,0,lottomatik,4DL6489423
ML45,Megalotto 6/45,"[""15"", ""08"", ""17"", ""24"", ""31"", ""12""]",15-08-17-24-31-12,2024-03-01,21:00,0,0,lottomatik,ML456488628
UL58,Ultra Lotto 6/58,"[""04"", ""07"", ""57"", ""05"", ""54"", ""47""]",04-07-57-05-54-47,2024-03-01,21:00,0,0,lottomatik,UL586488629
2DL-2PM,2D Lotto 2PM,"[""10"", ""26""]",10-26,2024-03-02,14:00,0,0,lottomatik,2DL6512891
3DL-2PM,3D Lotto 2PM,"[""2"", ""3"", ""3""]",2-3-3,2024-03-02,14:00,0,0,lottomatik,3DL6512892
2DL-5PM,2D Lotto 5PM,"[""18"", ""29""]",18-29,2024-03-02,17:00,0,0,lottomatik,2DL6512893
3DL-5PM,3D Lotto 5PM,"[""2"", ""1"", ""4""]",2-1-4,2024-03-02,17:00,0,0,lottomatik,3DL6512894
2DL-9PM,2D Lotto 9PM,"[""09"", ""12""]",09-12,2024-03-02,21:00,0,0,lottomatik,2DL6514521
3DL-9PM,3D Lotto 9PM,"[""5"", ""8"", ""8""]",5-8-8,2024-03-02,21:00,0,0,lottomatik,3DL6514520
6DL,6D Lotto,"[""8"", ""9"", ""4"", ""9"", ""9"", ""7""]",8-9-4-9-9-7,2024-03-02,21:00,0,0,lottomatik,6DL6514519
GL55,Grand Lotto 6/55,"[""32"", ""25"", ""16"", ""36"", ""33"", ""29""]",32-25-16-36-33-29,2024-03-02,21:00,0,0,lottomatik,GL556513707
LOTTO42,Lotto 6/42,"[""17"", ""02"", ""04"", ""03"", ""36"", ""35""]",17-02-04-03-36-35,2024-03-02,21:00,0,0,lottomatik,LOTTO426513706
2DL-2PM,2D Lotto 2PM,"[""29"", ""24""]",29-24,2024-03-03,14:00,0,0,lottomatik,2DL6538519
3DL-2PM,3D Lotto 2PM,"[""0"", ""8"", ""2""]",0-8-2,2024-03-03,14:00,0,0,lottomatik,3DL6538520
2DL-5PM,2D Lotto 5PM,"[""07"", ""05""]",07-05,2024-03-03,17:00,0,0,lottomatik,2DL6538521
3DL-5PM,3D Lotto 5PM,"[""5"", ""9"", ""3""]",5-9-3,2024-03-03,17:00,0,0,lottomatik,3DL6538522
2DL-9PM,2D Lotto 9PM,"[""01"", ""07""]",01-07,2024-03-03,21:00,0,0,lottomatik,2DL6539634
3DL-9PM,3D Lotto 9PM,"[""9"", ""6"", ""8""]",9-6-8,2024-03-03,21:00,0,0,lottomatik,3DL6539633
SL49,Superlotto 6/49,"[""02"", ""40"", ""03"", ""36"", ""49"", ""14""]",02-40-03-36-49-14,2024-03-03,21:00,0,0,lottomatik,SL496538802
UL58,Ultra Lotto 6/58,"[""56"", ""57"", ""24"", ""09"", ""30"", ""31""]",56-57-24-09-30-31,2024-03-03,21:00,0,0,lottomatik,UL586539632
2DL-2PM,2D Lotto 2PM,"[""23"", ""19""]",23-19,2024-03-04,14:00,0,0,lottomatik,2DL6564427
3DL-2PM,3D Lotto 2PM,"[""8"", ""3"", ""4""]",8-3-4,2024-03-04,14:00,0,0,lottomatik,3DL6564428
2DL-5PM,2D Lotto 5PM,"[""01"", ""23""]",01-23,2024-03-04,17:00,0,0,lottomatik,2DL6564429
3DL-5PM,3D Lotto 5PM,"[""8"", ""3"", ""9""]",8-3-9,2024-03-04,17:00,0,0,lottomatik,3DL6564430
2DL-9PM,2D Lotto 9PM,"[""14"", ""07""]",14-07,2024-03-04,21:00,0,0,lottomatik,2DL6566125
3DL-9PM,3D Lotto 9PM,"[""4"", ""0"", ""5""]",4-0-5,2024-03-04,21:00,0,0,lottomatik,3DL6566124
4DL,4D Lotto,"[""3"", ""1"", ""4"", ""6""]",3-1-4-6,2024-03-04,21:00,0,0,lottomatik,4DL6566123
GL55,Grand Lotto 6/55,"[""07"", ""31"", ""49"", ""33"", ""32"", ""40""]",07-31-49-33-32-40,2024-03-04,21:00,0,0,lottomatik,GL556565277
ML45,Megalotto 6/45,"[""23"", ""28"", ""24"", ""40"", ""35"", ""44""]",23-28-24-40-35-44,2024-03-04,21:00,0,0,lottomatik,ML456565276
2DL-2PM,2D Lotto 2PM,"[""01"", ""14""]",01-14,2024-03-05,14:00,0,0,lottomatik,2DL6589120
3DL-2PM,3D Lotto 2PM,"[""9"", ""0"", ""2""]",9-0-2,2024-03-05,14:00,0,0,lottomatik,3DL6589121
2DL-5PM,2D Lotto 5PM,"[""14"", ""19""]",14-19,2024-03-05,17:00,0,0,lottomatik,2DL6589122
3DL-5PM,3D Lotto 5PM,"[""8"", ""6"", ""6""]",8-6-6,2024-03-05,17:00,0,0,lottomatik,3DL6589123
2DL-9PM,2D Lotto 9PM,"[""15"", ""27""]",15-27,2024-03-05,21:00,0,0,lottomatik,2DL6590559
3DL-9PM,3D Lotto 9PM,"[""6"", ""7"", ""1""]",6-7-1,2024-03-05,21:00,0,0,lottomatik,3DL6590558
6DL,6D Lotto,"[""3"", ""7"", ""7"", ""5"", ""0"", ""1""]",3-7-7-5-0-1,2024-03-05,21:00,0,0,lottomatik,6DL6590557
LOTTO42,Lotto 6/42,"[""03"", ""24"", ""40"", ""18"", ""35"", ""41""]",03-24-40-18-35-41,2024-03-05,21:00,0,0,lottomatik,LOTTO426589987
SL49,Superlotto 6/49,"[""13"", ""20"", ""06"", ""37"", ""40"", ""39""]",13-20-06-37-40-39,2024-03-05,21:00,0,0,lottomatik,SL496589988
UL58,Ultra Lotto 6/58,"[""55"", ""52"", ""53"", ""58"", ""45"", ""42""]",55-52-53-58-45-42,2024-03-05,21:00,0,0,lottomatik,UL586590556
2DL-2PM,2D Lotto 2PM,"[""27"", ""26""]",27-26,2024-03-06,14:00,0,0,lottomatik,2DL6615891
3DL-2PM,3D Lotto 2PM,"[""8"", ""3"", ""2""]",8-3-2,2024-03-06,14:00,0,0,lottomatik,3DL6615892
2DL-5PM,2D Lotto 5PM,"[""14"", ""10""]",14-10,2024-03-06,17:00,0,0,lottomatik,2DL6615893
3DL-5PM,3D Lotto 5PM,"[""8"", ""2"", ""1""]",8-2-1,2024-03-06,17:00,0,0,lottomatik,3DL6615894
2DL-9PM,2D Lotto 9PM,"[""30"", ""21""]",30-21,2024-03-06,21:00,0,0,lottomatik,2DL6617088
3DL-9PM,3D Lotto 9PM,"[""4"", ""1"", ""1""]",4-1-1,2024-03-06,21:00,0,0,lottomatik,3DL6617087
4DL,4D Lotto,"[""2"", ""7"", ""2"", ""2""]",2-7-2-2,2024-03-06,21:00,0,0,lottomatik,4DL6617086
GL55,Grand Lotto 6/55,"[""24"", ""22"", ""20"", ""05"", ""25"", ""28""]",24-22-20-05-25-28,2024-03-06,21:00,0,0,lottomatik,GL556616202
ML45,Megalotto 6/45,"[""06"", ""15"", ""37"", ""11"", ""35"", ""33""]",06-15-37-11-35-33,2024-03-06,21:00,0,0,lottomatik,ML456616201
2DL-2PM,2D Lotto 2PM,"[""26"", ""29""]",26-29,2024-03-07,14:00,0,0,lottomatik,2DL6641704
3DL-2PM,3D Lotto 2PM,"[""4"", ""8"", ""9""]",4-8-9,2024-03-07,14:00,0,0,lottomatik,3DL6641705
2DL-5PM,2D Lotto 5PM,"[""25"", ""07""]",25-07,2024-03-07,17:00,0,0,lottomatik,2DL6641706
3DL-5PM,3D Lotto 5PM,"[""7"", ""3"", ""7""]",7-3-7,2024-03-07,17:00,0,0,lottomatik,3DL6641707
2DL-9PM,2D Lotto 9PM,"[""23"", ""11""]",23-11,2024-03-07,21:00,0,0,lottomatik,2DL6642928
3DL-9PM,3D Lotto 9PM,"[""3"", ""6"", ""5""]",3-6-5,2024-03-07,21:00,0,0,lottomatik,3DL6642927
6DL,6D Lotto,"[""4"", ""9"", ""0"", ""7"", ""5"", ""3""]",4-9-0-7-5-3,2024-03-07,21:00,0,0,lottomatik,6DL6642926
LOTTO42,Lotto 6/42,"[""12"", ""29"", ""28"", ""37"", ""03"", ""10""]",12-29-28-37-03-10,2024-03-07,21:00,0,0,lottomatik,LOTTO426642609
SL49,Superlotto 6/49,"[""29"", ""44"", ""08"", ""24"", ""49"", ""18""]",29-44-08-24-49-18,2024-03-07,21:00,0,0,lottomatik,SL496642610
2DL-2PM,2D Lotto 2PM,"[""26"", ""22""]",26-22,2024-03-08,14:00,0,0,lottomatik,2DL6669535
3DL-2PM,3D Lotto 2PM,"[""0"", ""9"", ""2""]",0-9-2,2024-03-08,14:00,0,0,lottomatik,3DL6669536
2DL-5PM,2D Lotto 5PM,"[""27"", ""16""]",27-16,2024-03-08,17:00,0,0,lottomatik,2DL6669537
3DL-5PM,3D Lotto 5PM,"[""7"", ""7"", ""6""]",7-7-6,2024-03-08,17:00,0,0,lottomatik,3DL6669538
2DL-9PM,2D Lotto 9PM,"[""25"", ""18""]",25-18,2024-03-08,21:00,0,0,lottomatik,2DL6671381
3DL-9PM,3D Lotto 9PM,"[""0"", ""0"", ""3""]",0-0-3,2024-03-08,21:00,0,0,lottomatik,3DL6671380
4DL,4D Lotto,"[""1"", ""2"", ""8"", ""9""]",1-2-8-9,2024-03-08,21:00,0,0,lottomatik,4DL6671379
ML45,Megalotto 6/45,"[""04"", ""30"", ""09"", ""27"", ""32"", ""14""]",04-30-09-27-32-14,2024-03-08,21:00,0,0,lottomatik,ML456670458
UL58,Ultra Lotto 6/58,"[""25"", ""29"", ""36"", ""31"", ""34"", ""03""]",25-29-36-31-34-03,2024-03-08,21:00,0,0,lottomatik,UL586670459
2DL-2PM,2D Lotto 2PM,"[""18"", ""18""]",18-18,2024-03-09,14:00,0,0,lottomatik,2DL6697440
3DL-2PM,3D Lotto 2PM,"[""9"", ""1"", ""4""]",9-1-4,2024-03-09,14:00,0,0,lottomatik,3DL6697441
2DL-5PM,2D Lotto 5PM,"[""06"", ""18""]",06-18,2024-03-09,17:00,0,0,lottomatik,2DL6697442
3DL-5PM,3D Lotto 5PM,"[""1"", ""2"", ""8""]",1-2-8,2024-03-09,17:00,0,0,lottomatik,3DL6697443
2DL-9PM,2D Lotto 9PM,"[""07"", ""29""]",07-29,2024-03-09,21:00,0,0,lottomatik,2DL6698114
3DL-9PM,3D Lotto 9PM,"[""5"", ""6"", ""4""]",5-6-4,2024-03-09,21:00,0,0,lottomatik,3DL6698113
6DL,6D Lotto,"[""4"", ""1"", ""6"", ""8"", ""8"", ""1""]",4-1-6-8-8-1,2024-03-09,21:00,0,0,lottomatik,6DL6698112
GL55,Grand Lotto 6/55,"[""22"", ""55"", ""24"", ""48"", ""44"", ""43""]",22-55-24-48-44-43,2024-03-09,21:00,0,0,lottomatik,GL556697778
LOTTO42,Lotto 6/42,"[""17"", ""21"", ""12"", ""24"", ""30"", ""02""]",17-21-12-24-30-02,2024-03-09,21:00,0,0,lottomatik,LOTTO426697777
2DL-2PM,2D Lotto 2PM,"[""25"", ""12""]",25-12,2024-03-10,14:00,0,0,lottomatik,2DL6724397
3DL-2PM,3D Lotto 2PM,"[""8"", ""8"", ""8""]",8-8-8,2024-03-10,14:00,0,0,lottomatik,3DL6724398
2DL-5PM,2D Lotto 5PM,"[""22"", ""12""]",22-12,2024-03-10,17:00,0,0,lottomatik,2DL6724399
3DL-5PM,3D Lotto 5PM,"[""4"", ""6"", ""7""]",4-6-7,2024-03-10,17:00,0,0,lottomatik,3DL6724400
2DL-9PM,2D Lotto 9PM,"[""31"", ""18""]",31-18,2024-03-10,21:00,0,0,lottomatik,2DL6725701
3DL-9PM,3D Lotto 9PM,"[""2"", ""2"", ""1""]",2-2-1,2024-03-10,21:00,0,0,lottomatik,3DL6725700
SL49,Superlotto 6/49,"[""05"", ""42"", ""26"", ""21"", ""45"", ""31""]",05-42-26-21-45-31,2024-03-10,21:00,0,0,lottomatik,SL496725356
UL58,Ultra Lotto 6/58,"[""40"", ""50"", ""42"", ""53"", ""08"", ""03""]",40-50-42-53-08-03,2024-03-10,21:00,0,0,lottomatik,UL586725357
2DL-2PM,2D Lotto 2PM,"[""21"", ""03""]",21-03,2024-03-11,14:00,0,0,lottomatik,2DL6753837
3DL-2PM,3D Lotto 2PM,"[""1"", ""2"", ""6""]",1-2-6,2024-03-11,14:00,0,0,lottomatik,3DL6753838
2DL-5PM,2D Lotto 5PM,"[""29"", ""29""]",29-29,2024-03-11,17:00,0,0,lottomatik,2DL6753839
3DL-5PM,3D Lotto 5PM,"[""9"", ""6"", ""3""]",9-6-3,2024-03-11,17:00,0,0,lottomatik,3DL6753840
2DL-9PM,2D Lotto 9PM,"[""02"", ""21""]",02-21,2024-03-11,21:00,0,0,lottomatik,2DL6755166
3DL-9PM,3D Lotto 9PM,"[""8"", ""8"", ""2""]",8-8-2,2024-03-11,21:00,0,0,lottomatik,3DL6755165
4DL,4D Lotto,"[""7"", ""9"", ""8"", ""9""]",7-9-8-9,2024-03-11,21:00,0,0,lottomatik,4DL6755164
GL55,Grand Lotto 6/55,"[""53"", ""39"", ""30"", ""54"", ""11"", ""40""]",53-39-30-54-11-40,2024-03-11,21:00,0,0,lottomatik,GL556754192
ML45,Megalotto 6/45,"[""07"", ""23"", ""15"", ""03"", ""42"", ""06""]",07-23-15-03-42-06,2024-03-11,21:00,0,0,lottomatik,ML456754191
2DL-2PM,2D Lotto 2PM,"[""15"", ""05""]",15-05,2024-03-12,14:00,0,0,lottomatik,2DL6782841
3DL-2PM,3D Lotto 2PM,"[""6"", ""6"", ""6""]",6-6-6,2024-03-12,14:00,0,0,lottomatik,3DL6782842
2DL-5PM,2D Lotto 5PM,"[""30"", ""03""]",30-03,2024-03-12,17:00,0,0,lottomatik,2DL6782843
3DL-5PM,3D Lotto 5PM,"[""4"", ""3"", ""8""]",4-3-8,2024-03-12,17:00,0,0,lottomatik,3DL6782844
2DL-9PM,2D Lotto 9PM,"[""28"", ""01""]",28-01,2024-03-12,21:00,0,0,lottomatik,2DL6784469
3DL-9PM,3D Lotto 9PM,"[""2"", ""8"", ""9""]",2-8-9,2024-03-12,21:00,0,0,lottomatik,3DL6784468
6DL,6D Lotto,"[""5"", ""7"", ""0"", ""9"", ""5"", ""9""]",5-7-0-9-5-9,2024-03-12,21:00,0,0,lottomatik,6DL6784467
LOTTO42,Lotto 6/42,"[""08"", ""05"", ""23"", ""34"", ""20"", ""28""]",08-05-23-34-20-28,2024-03-12,21:00,0,0,lottomatik,LOTTO426783475
SL49,Superlotto 6/49,"[""34"", ""30"", ""20"", ""05"", ""23"", ""13""]",34-30-20-05-23-13,2024-03-12,21:00,0,0,lottomatik,SL496783476
UL58,Ultra Lotto 6/58,"[""21"", ""33"", ""02"", ""46"", ""34"", ""47""]",21-33-02-46-34-47,2024-03-12,21:00,0,0,lottomatik,UL586784466
2DL-2PM,2D Lotto 2PM,"[""14"", ""25""]",14-25,2024-03-13,14:00,0,0,lottomatik,2DL6802203
3DL-2PM,3D Lotto 2PM,"[""2"", ""5"", ""1""]",2-5-1,2024-03-13,14:00,0,0,lottomatik,3DL6802204
2DL-5PM,2D Lotto 5PM,"[""31"", ""19""]",31-19,2024-03-13,17:00,0,0,lottomatik,2DL6802205
3DL-5PM,3D Lotto 5PM,"[""4"", ""9"", ""6""]",4-9-6,2024-03-13,17:00,0,0,lottomatik,3DL6802206
2DL-9PM,2D Lotto 9PM,"[""21"", ""23""]",21-23,2024-03-13,21:00,0,0,lottomatik,2DL6802851
3DL-9PM,3D Lotto 9PM,"[""9"", ""0"", ""9""]",9-0-9,2024-03-13,21:00,0,0,lottomatik,3DL6802850
4DL,4D Lotto,"[""6"", ""4"", ""4"", ""1""]",6-4-4-1,2024-03-13,21:00,0,0,lottomatik,4DL6802849
GL55,Grand Lotto 6/55,"[""13"", ""42"", ""35"", ""27"", ""33"", ""30""]",13-42-35-27-33-30,2024-03-13,21:00,0,0,lottomatik,GL556802208
ML45,Megalotto 6/45,"[""15"", ""08"", ""29"", ""34"", ""44"", ""30""]",15-08-29-34-44-30,2024-03-13,21:00,0,0,lottomatik,ML456802207
2DL-2PM,2D Lotto 2PM,"[""30"", ""28""]",30-28,2024-03-14,14:00,0,0,lottomatik,2DL6818034
3DL-2PM,3D Lotto 2PM,"[""7"", ""3"", ""4""]",7-3-4,2024-03-14,14:00,0,0,lottomatik,3DL6818035
2DL-5PM,2D Lotto 5PM,"[""11"", ""23""]",11-23,2024-03-14,17:00,0,0,lottomatik,2DL6818036
3DL-5PM,3D Lotto 5PM,"[""0"", ""6"", ""4""]",0-6-4,2024-03-14,17:00,0,0,lottomatik,3DL6818037
2DL-9PM,2D Lotto 9PM,"[""19"", ""03""]",19-03,2024-03-14,21:00,0,0,lottomatik,2DL6818798
3DL-9PM,3D Lotto 9PM,"[""4"", ""2"", ""2""]",4-2-2,2024-03-14,21:00,0,0,lottomatik,3DL6818797
6DL,6D Lotto,"[""2"", ""8"", ""9"", ""2"", ""5"", ""1""]",2-8-9-2-5-1,2024-03-14,21:00,0,0,lottomatik,6DL6818796
LOTTO42,Lotto 6/42,"[""30"", ""09"", ""07"", ""41"", ""33"", ""32""]",30-09-07-41-33-32,2024-03-14,21:00,0,0,lottomatik,LOTTO426818416
SL49,Superlotto 6/49,"[""34"", ""19"", ""46"", ""01"", ""39"", ""08""]",34-19-46-01-39-08,2024-03-14,21:00,0,0,lottomatik,SL496818417
2DL-2PM,2D Lotto 2PM,"[""10"", ""15""]",10-15,2024-03-15,14:00,0,0,lottomatik,2DL6829231
3DL-2PM,3D Lotto 2PM,"[""1"", ""1"", ""6""]",1-1-6,2024-03-15,14:00,0,0,lottomatik,3DL6829232
2DL-5PM,2D Lotto 5PM,"[""01"", ""19""]",01-19,2024-03-15,17:00,0,0,lottomatik,2DL6829233
3DL-5PM,3D Lotto 5PM,"[""4"", ""9"", ""2""]",4-9-2,2024-03-15,17:00,0,0,lottomatik,3DL6829234
2DL-9PM,2D Lotto 9PM,"[""21"", ""11""]",21-11,2024-03-15,21:00,0,0,lottomatik,2DL6831329
3DL-9PM,3D Lotto 9PM,"[""2"", ""9"", ""5""]",2-9-5,2024-03-15,21:00,0,0,lottomatik,3DL6831328
4DL,4D Lotto,"[""9"", ""0"", ""6"", ""1""]",9-0-6-1,2024-03-15,21:00,0,0,lottomatik,4DL6831327
ML45,Megalotto 6/45,"[""03"", ""42"", ""02"", ""17"", ""43"", ""10""]",03-42-02-17-43-10,2024-03-15,21:00,0,0,lottomatik,ML456830280
UL58,Ultra Lotto 6/58,"[""54"", ""02"", ""27"", ""26"", ""11"", ""17""]",54-02-27-26-11-17,2024-03-15,21:00,0,0,lottomatik,UL586830281
2DL-2PM,2D Lotto 2PM,"[""17"", ""06""]",17-06,2024-03-16,14:00,0,0,lottomatik,2DL6845149
3DL-2PM,3D Lotto 2PM,"[""5"", ""9"", ""8""]",5-9-8,2024-03-16,14:00,0,0,lottomatik,3DL6845150
2DL-5PM,2D Lotto 5PM,"[""02"", ""15""]",02-15,2024-03-16,17:00,0,0,lottomatik,2DL6845151
3DL-5PM,3D Lotto 5PM,"[""9"", ""1"", ""5""]",9-1-5,2024-03-16,17:00,0,0,lottomatik,3DL6845152
2DL-9PM,2D Lotto 9PM,"[""14"", ""04""]",14-04,2024-03-16,21:00,0,0,lottomatik,2DL6846220
3DL-9PM,3D Lotto 9PM,"[""4"", ""3"", ""9""]",4-3-9,2024-03-16,21:00,0,0,lottomatik,3DL6846219
6DL,6D Lotto,"[""7"", ""6"", ""2"", ""2"", ""3"", ""4""]",7-6-2-2-3-4,2024-03-16,21:00,0,0,lottomatik,6DL6846218
GL55,Grand Lotto 6/55,"[""26"", ""01"", ""10"", ""35"", ""12"", ""18""]",26-01-10-35-12-18,2024-03-16,21:00,0,0,lottomatik,GL556845550
LOTTO42,Lotto 6/42,"[""30"", ""15"", ""22"", ""31"", ""17"", ""28""]",30-15-22-31-17-28,2024-03-16,21:00,0,0,lottomatik,LOTTO426845549
2DL-2PM,2D Lotto 2PM,"[""01"", ""02""]",01-02,2024-03-17,14:00,0,0,lottomatik,2DL6862299
3DL-2PM,3D Lotto 2PM,"[""3"", ""3"", ""2""]",3-3-2,2024-03-17,14:00,0,0,lottomatik,3DL6862300
2DL-5PM,2D Lotto 5PM,"[""17"", ""11""]",17-11,2024-03-17,17:00,0,0,lottomatik,2DL6862301
3DL-5PM,3D Lotto 5PM,"[""0"", ""4"", ""4""]",0-4-4,2024-03-17,17:00,0,0,lottomatik,3DL6862302
2DL-9PM,2D Lotto 9PM,"[""23"", ""25""]",23-25,2024-03-17,21:00,0,0,lottomatik,2DL6863658
3DL-9PM,3D Lotto 9PM,"[""0"", ""4"", ""2""]",0-4-2,2024-03-17,21:00,0,0,lottomatik,3DL6863657
SL49,Superlotto 6/49,"[""02"", ""37"", ""27"", ""03"", ""36"", ""39""]",02-37-27-03-36-39,2024-03-17,21:00,0,0,lottomatik,SL496862980
UL58,Ultra Lotto 6/58,"[""48"", ""30"", ""06"", ""37"", ""52"", ""14""]",48-30-06-37-52-14,2024-03-17,21:00,0,0,lottomatik,UL586862979
2DL-2PM,2D Lotto 2PM,"[""15"", ""25""]",15-25,2024-03-18,14:00,0,0,lottomatik,2DL6881061
3DL-2PM,3D Lotto 2PM,"[""3"", ""9"", ""7""]",3-9-7,2024-03-18,14:00,0,0,lottomatik,3DL6881062
2DL-5PM,2D Lotto 5PM,"[""28"", ""31""]",28-31,2024-03-18,17:00,0,0,lottomatik,2DL6881063
3DL-5PM,3D Lotto 5PM,"[""4"", ""1"", ""1""]",4-1-1,2024-03-18,17:00,0,0,lottomatik,3DL6881064
2DL-9PM,2D Lotto 9PM,"[""11"", ""25""]",11-25,2024-03-18,21:00,0,0,lottomatik,2DL6881753
3DL-9PM,3D Lotto 9PM,"[""3"", ""7"", ""9""]",3-7-9,2024-03-18,21:00,0,0,lottomatik,3DL6881752
4DL,4D Lotto,"[""1"", ""1"", ""9"", ""1""]",1-1-9-1,2024-03-18,21:00,0,0,lottomatik,4DL6881751
GL55,Grand Lotto 6/55,"[""13"", ""41"", ""05"", ""50"", ""49"", ""54""]",13-41-05-50-49-54,2024-03-18,21:00,0,0,lottomatik,GL556881750
ML45,Megalotto 6/45,"[""45"", ""31"", ""20"", ""15"", ""22"", ""19""]",45-31-20-15-22-19,2024-03-18,21:00,0,0,lottomatik,ML456881749
2DL-2PM,2D Lotto 2PM,"[""22"", ""21""]",22-21,2024-03-19,14:00,0,0,lottomatik,2DL6891438
3DL-2PM,3D Lotto 2PM,"[""6"", ""8"", ""5""]",6-8-5,2024-03-19,14:00,0,0,lottomatik,3DL6891439
2DL-5PM,2D Lotto 5PM,"[""03"", ""10""]",03-10,2024-03-19,17:00,0,0,lottomatik,2DL6891440
3DL-5PM,3D Lotto 5PM,"[""0"", ""5"", ""1""]",0-5-1,2024-03-19,17:00,0,0,lottomatik,3DL6891441
2DL-9PM,2D Lotto 9PM,"[""18"", ""07""]",18-07,2024-03-19,21:00,0,0,lottomatik,2DL6892140
3DL-9PM,3D Lotto 9PM,"[""2"", ""7"", ""1""]",2-7-1,2024-03-19,21:00,0,0,lottomatik,3DL6892139
6DL,6D Lotto,"[""1"", ""1"", ""6"", ""0"", ""4"", ""4""]",1-1-6-0-4-4,2024-03-19,21:00,0,0,lottomatik,6DL6892138
LOTTO42,Lotto 6/42,"[""18"", ""27"", ""07"", ""14"", ""11"", ""09""]",18-27-07-14-11-09,2024-03-19,21:00,0,0,lottomatik,LOTTO426892135
SL49,Superlotto 6/49,"[""42"", ""44"", ""09"", ""07"", ""16"", ""49""]",42-44-09-07-16-49,2024-03-19,21:00,0,0,lottomatik,SL496892137
UL58,Ultra Lotto 6/58,"[""33"", ""45"", ""13"", ""38"", ""56"", ""42""]",33-45-13-38-56-42,2024-03-19,21:00,0,0,lottomatik,UL586892136
2DL-2PM,2D Lotto 2PM,"[""17"", ""02""]",17-02,2024-03-20,14:00,0,0,lottomatik,2DL6905488
3DL-2PM,3D Lotto 2PM,"[""6"", ""9"", ""8""]",6-9-8,2024-03-20,14:00,0,0,lottomatik,3DL6905489
2DL-5PM,2D Lotto 5PM,"[""09"", ""15""]",09-15,2024-03-20,17:00,0,0,lottomatik,2DL6905490
3DL-5PM,3D Lotto 5PM,"[""8"", ""0"", ""7""]",8-0-7,2024-03-20,17:00,0,0,lottomatik,3DL6905491
2DL-9PM,2D Lotto 9PM,"[""26"", ""01""]",26-01,2024-03-20,21:00,0,0,lottomatik,2DL6906631
3DL-9PM,3D Lotto 9PM,"[""4"", ""2"", ""7""]",4-2-7,2024-03-20,21:00,0,0,lottomatik,3DL6906630
4DL,4D Lotto,"[""3"", ""1"", ""1"", ""9""]",3-1-1-9,2024-03-20,21:00,0,0,lottomatik,4DL6906629
GL55,Grand Lotto 6/55,"[""33"", ""51"", ""42"", ""20"", ""47"", ""46""]",33-51-42-20-47-46,2024-03-20,21:00,0,0,lottomatik,GL556906196
ML45,Megalotto 6/45,"[""08"", ""07"", ""16"", ""17"", ""11"", ""37""]",08-07-16-17-11-37,2024-03-20,21:00,0,0,lottomatik,ML456906195
2DL-2PM,2D Lotto 2PM,"[""11"", ""19""]",11-19,2024-03-21,14:00,0,0,lottomatik,2DL6923528
3DL-2PM,3D Lotto 2PM,"[""3"", ""8"", ""5""]",3-8-5,2024-03-21,14:00,0,0,lottomatik,3DL6923529
2DL-5PM,2D Lotto 5PM,"[""25"", ""13""]",25-13,2024-03-21,17:00,0,0,lottomatik,2DL6923530
3DL-5PM,3D Lotto 5PM,"[""9"", ""1"", ""9""]",9-1-9,2024-03-21,17:00,0,0,lottomatik,3DL6923531
2DL-9PM,2D Lotto 9PM,"[""01"", ""04""]",01-04,2024-03-21,21:00,0,0,lottomatik,2DL6924689
3DL-9PM,3D Lotto 9PM,"[""0"", ""5"", ""7""]",0-5-7,2024-03-21,21:00,0,0,lottomatik,3DL6924688
6DL,6D Lotto,"[""8"", ""5"", ""7"", ""5"", ""8"", ""2""]",8-5-7-5-8-2,2024-03-21,21:00,0,0,lottomatik,6DL6924687
LOTTO42,Lotto 6/42,"[""09"", ""07"", ""12"", ""13"", ""10"", ""14""]",09-07-12-13-10-14,2024-03-21,21:00,0,0,lottomatik,LOTTO426923532
SL49,Superlotto 6/49,"[""05"", ""27"", ""15"", ""28"", ""18"", ""38""]",05-27-15-28-18-38,2024-03-21,21:00,0,0,lottomatik,SL496923533
2DL-2PM,2D Lotto 2PM,"[""29"", ""12""]",29-12,2024-03-22,14:00,0,0,lottomatik,2DL6942329
3DL-2PM,3D Lotto 2PM,"[""4"", ""3"", ""8""]",4-3-8,2024-03-22,14:00,0,0,lottomatik,3DL6942330
2DL-5PM,2D Lotto 5PM,"[""03"", ""17""]",03-17,2024-03-22,17:00,0,0,lottomatik,2DL6942331
3DL-5PM,3D Lotto 5PM,"[""3"", ""0"", ""8""]",3-0-8,2024-03-22,17:00,0,0,lottomatik,3DL6942332
2DL-9PM,2D Lotto 9PM,"[""29"", ""06""]",29-06,2024-03-22,21:00,0,0,lottomatik,2DL6942337
3DL-9PM,3D Lotto 9PM,"[""7"", ""9"", ""6""]",7-9-6,2024-03-22,21:00,0,0,lottomatik,3DL6942336
4DL,4D Lotto,"[""4"", ""9"", ""5"", ""3""]",4-9-5-3,2024-03-22,21:00,0,0,lottomatik,4DL6942335
ML45,Megalotto 6/45,"[""40"", ""18"", ""35"", ""44"", ""01"", ""23""]",40-18-35-44-01-23,2024-03-22,21:00,0,0,lottomatik,ML456942333
UL58,Ultra Lotto 6/58,"[""13"", ""05"", ""47"", ""49"", ""08"", ""54""]",13-05-47-49-08-54,2024-03-22,21:00,0,0,lottomatik,UL586942334
2DL-2PM,2D Lotto 2PM,"[""20"", ""07""]",20-07,2024-03-23,14:00,0,0,lottomatik,2DL6953279
3DL-2PM,3D Lotto 2PM,"[""4"", ""5"", ""1""]",4-5-1,2024-03-23,14:00,0,0,lottomatik,3DL6953280
2DL-5PM,2D Lotto 5PM,"[""11"", ""21""]",11-21,2024-03-23,17:00,0,0,lottomatik,2DL6953281
3DL-5PM,3D Lotto 5PM,"[""0"", ""1"", ""3""]",0-1-3,2024-03-23,17:00,0,0,lottomatik,3DL6953282
2DL-9PM,2D Lotto 9PM,"[""30"", ""03""]",30-03,2024-03-23,21:00,0,0,lottomatik,2DL6954017
3DL-9PM,3D Lotto 9PM,"[""6"", ""8"", ""1""]",6-8-1,2024-03-23,21:00,0,0,lottomatik,3DL6954016
6DL,6D Lotto,"[""8"", ""9"", ""8"", ""6"", ""3"", ""0""]",8-9-8-6-3-0,2024-03-23,21:00,0,0,lottomatik,6DL6954015
GL55,Grand Lotto 6/55,"[""40"", ""36"", ""35"", ""26"", ""03"", ""37""]",40-36-35-26-03-37,2024-03-23,21:00,0,0,lottomatik,GL556953284
LOTTO42,Lotto 6/42,"[""31"", ""39"", ""22"", ""04"", ""37"", ""35""]",31-39-22-04-37-35,2024-03-23,21:00,0,0,lottomatik,LOTTO426953283
2DL-2PM,2D Lotto 2PM,"[""09"", ""20""]",09-20,2024-03-24,14:00,0,0,lottomatik,2DL6966572
3DL-2PM,3D Lotto 2PM,"[""5"", ""2"", ""6""]",5-2-6,2024-03-24,14:00,0,0,lottomatik,3DL6966573
2DL-5PM,2D Lotto 5PM,"[""02"", ""11""]",02-11,2024-03-24,17:00,0,0,lottomatik,2DL6966574
3DL-5PM,3D Lotto 5PM,"[""0"", ""9"", ""2""]",0-9-2,2024-03-24,17:00,0,0,lottomatik,3DL6966575
2DL-9PM,2D Lotto 9PM,"[""23"", ""20""]",23-20,2024-03-24,21:00,0,0,lottomatik,2DL6967318
3DL-9PM,3D Lotto 9PM,"[""7"", ""4"", ""0""]",7-4-0,2024-03-24,21:00,0,0,lottomatik,3DL6967317
SL49,Superlotto 6/49,"[""07"", ""47"", ""14"", ""49"", ""26"", ""23""]",07-47-14-49-26-23,2024-03-24,21:00,0,0,lottomatik,SL496966577
UL58,Ultra Lotto 6/58,"[""25"", ""32"", ""10"", ""22"", ""17"", ""57""]",25-32-10-22-17-57,2024-03-24,21:00,0,0,lottomatik,UL586966576
2DL-2PM,2D Lotto 2PM,"[""05"", ""25""]",05-25,2024-03-25,14:00,0,0,lottomatik,2DL6982998
3DL-2PM,3D Lotto 2PM,"[""8"", ""4"", ""7""]",8-4-7,2024-03-25,14:00,0,0,lottomatik,3DL6982999
2DL-5PM,2D Lotto 5PM,"[""24"", ""07""]",24-07,2024-03-25,17:00,0,0,lottomatik,2DL6983000
3DL-5PM,3D Lotto 5PM,"[""1"", ""2"", ""6""]",1-2-6,2024-03-25,17:00,0,0,lottomatik,3DL6983001
2DL-9PM,2D Lotto 9PM,"[""03"", ""11""]",03-11,2024-03-25,21:00,0,0,lottomatik,2DL6983006
3DL-9PM,3D Lotto 9PM,"[""8"", ""7"", ""2""]",8-7-2,2024-03-25,21:00,0,0,lottomatik,3DL6983005
4DL,4D Lotto,"[""4"", ""9"", ""6"", ""8""]",4-9-6-8,2024-03-25,21:00,0,0,lottomatik,4DL6983004
GL55,Grand Lotto 6/55,"[""12"", ""49"", ""14"", ""40"", ""54"", ""31""]",12-49-14-40-54-31,2024-03-25,21:00,0,0,lottomatik,GL556983003
ML45,Megalotto 6/45,"[""39"", ""11"", ""29"", ""01"", ""09"", ""19""]",39-11-29-01-09-19,2024-03-25,21:00,0,0,lottomatik,ML456983002
2DL-2PM,2D Lotto 2PM,"[""28"", ""19""]",28-19,2024-03-26,14:00,0,0,lottomatik,2DL6995094
3DL-2PM,3D Lotto 2PM,"[""6"", ""0"", ""2""]",6-0-2,2024-03-26,14:00,0,0,lottomatik,3DL6995095
2DL-5PM,2D Lotto 5PM,"[""25"", ""14""]",25-14,2024-03-26,17:00,0,0,lottomatik,2DL6995096
3DL-5PM,3D Lotto 5PM,"[""1"", ""5"", ""7""]",1-5-7,2024-03-26,17:00,0,0,lottomatik,3DL6995097
2DL-9PM,2D Lotto 9PM,"[""30"", ""13""]",30-13,2024-03-26,21:00,0,0,lottomatik,2DL6995859
3DL-9PM,3D Lotto 9PM,"[""5"", ""0"", ""5""]",5-0-5,2024-03-26,21:00,0,0,lottomatik,3DL6995858
6DL,6D Lotto,"[""2"", ""5"", ""8"", ""4"", ""1"", ""4""]",2-5-8-4-1-4,2024-03-26,21:00,0,0,lottomatik,6DL6995857
LOTTO42,Lotto 6/42,"[""17"", ""23"", ""30"", ""27"", ""40"", ""12""]",17-23-30-27-40-12,2024-03-26,21:00,0,0,lottomatik,LOTTO426995854
SL49,Superlotto 6/49,"[""18"", ""36"", ""13"", ""28"", ""19"", ""04""]",18-36-13-28-19-04,2024-03-26,21:00,0,0,lottomatik,SL496995856
UL58,Ultra Lotto 6/58,"[""23"", ""26"", ""48"", ""01"", ""25"", ""31""]",23-26-48-01-25-31,2024-03-26,21:00,0,0,lottomatik,UL586995855
2DL-2PM,2D Lotto 2PM,"[""01"", ""23""]",01-23,2024-03-27,14:00,0,0,lottomatik,2DL7006574
3DL-2PM,3D Lotto 2PM,"[""3"", ""0"", ""7""]",3-0-7,2024-03-27,14:00,0,0,lottomatik,3DL7006575
2DL-5PM,2D Lotto 5PM,"[""10"", ""12""]",10-12,2024-03-27,17:00,0,0,lottomatik,2DL7006576
3DL-5PM,3D Lotto 5PM,"[""5"", ""8"", ""6""]",5-8-6,2024-03-27,17:00,0,0,lottomatik,3DL7006577
2DL-9PM,2D Lotto 9PM,"[""13"", ""28""]",13-28,2024-03-27,21:00,0,0,lottomatik,2DL7007348
3DL-9PM,3D Lotto 9PM,"[""3"", ""0"", ""2""]",3-0-2,2024-03-27,21:00,0,0,lottomatik,3DL7007347
4DL,4D Lotto,"[""6"", ""4"", ""1"", ""3""]",6-4-1-3,2024-03-27,21:00,0,0,lottomatik,4DL7007346
GL55,Grand Lotto 6/55,"[""15"", ""02"", ""06"", ""52"", ""19"", ""24""]",15-02-06-52-19-24,2024-03-27,21:00,0,0,lottomatik,GL557007345
ML45,Megalotto 6/45,"[""18"", ""25"", ""05"", ""43"", ""15"", ""11""]",18-25-05-43-15-11,2024-03-27,21:00,0,0,lottomatik,ML457007344
2DL-2PM,2D Lotto 2PM,"[""29"", ""22""]",29-22,2024-04-01,14:00,0,0,lottomatik,2DL7055399
3DL-2PM,3D Lotto 2PM,"[""8"", ""0"", ""3""]",8-0-3,2024-04-01,14:00,0,0,lottomatik,3DL7055400
2DL-5PM,2D Lotto 5PM,"[""07"", ""08""]",07-08,2024-04-01,17:00,0,0,lottomatik,2DL7055401
3DL-5PM,3D Lotto 5PM,"[""5"", ""5"", ""5""]",5-5-5,2024-04-01,17:00,0,0,lottomatik,3DL7055402
2DL-9PM,2D Lotto 9PM,"[""18"", ""13""]",18-13,2024-04-01,21:00,0,0,lottomatik,2DL7055407
3DL-9PM,3D Lotto 9PM,"[""1"", ""3"", ""8""]",1-3-8,2024-04-01,21:00,0,0,lottomatik,3DL7055406
4DL,4D Lotto,"[""7"", ""6"", ""5"", ""4""]",7-6-5-4,2024-04-01,21:00,0,0,lottomatik,4DL7055405
GL55,Grand Lotto 6/55,"[""17"", ""52"", ""37"", ""43"", ""38"", ""11""]",17-52-37-43-38-11,2024-04-01,21:00,0,0,lottomatik,GL557055404
ML45,Megalotto 6/45,"[""31"", ""14"", ""17"", ""13"", ""05"", ""09""]",31-14-17-13-05-09,2024-04-01,21:00,0,0,lottomatik,ML457055403
2DL-2PM,2D Lotto 2PM,"[""03"", ""30""]",03-30,2024-04-02,14:00,0,0,lottomatik,2DL7065600
3DL-2PM,3D Lotto 2PM,"[""3"", ""4"", ""3""]",3-4-3,2024-04-02,14:00,0,0,lottomatik,3DL7065601
2DL-5PM,2D Lotto 5PM,"[""19"", ""10""]",19-10,2024-04-02,17:00,0,0,lottomatik,2DL7065602
3DL-5PM,3D Lotto 5PM,"[""2"", ""1"", ""3""]",2-1-3,2024-04-02,17:00,0,0,lottomatik,3DL7065603
2DL-9PM,2D Lotto 9PM,"[""31"", ""17""]",31-17,2024-04-02,21:00,0,0,lottomatik,2DL7066393
3DL-9PM,3D Lotto 9PM,"[""4"", ""2"", ""5""]",4-2-5,2024-04-02,21:00,0,0,lottomatik,3DL7066392
6DL,6D Lotto,"[""2"", ""1"", ""6"", ""6"", ""1"", ""7""]",2-1-6-6-1-7,2024-04-02,21:00,0,0,lottomatik,6DL7066391
LOTTO42,Lotto 6/42,"[""01"", ""24"", ""33"", ""21"", ""42"", ""09""]",01-24-33-21-42-09,2024-04-02,21:00,0,0,lottomatik,LOTTO427066388
SL49,Superlotto 6/49,"[""08"", ""25"", ""45"", ""19"", ""06"", ""49""]",08-25-45-19-06-49,2024-04-02,21:00,0,0,lottomatik,SL497066390
UL58,Ultra Lotto 6/58,"[""33"", ""17"", ""07"", ""18"", ""50"", ""57""]",33-17-07-18-50-57,2024-04-02,21:00,0,0,lottomatik,UL587066389
2DL-2PM,2D Lotto 2PM,"[""25"", ""16""]",25-16,2024-04-03,14:00,0,0,lottomatik,2DL7077500
3DL-2PM,3D Lotto 2PM,"[""1"", ""8"", ""6""]",1-8-6,2024-04-03,14:00,0,0,lottomatik,3DL7077501
2DL-5PM,2D Lotto 5PM,"[""11"", ""17""]",11-17,2024-04-03,17:00,0,0,lottomatik,2DL7077502
3DL-5PM,3D Lotto 5PM,"[""4"", ""8"", ""5""]",4-8-5,2024-04-03,17:00,0,0,lottomatik,3DL7077503
2DL-9PM,2D Lotto 9PM,"[""02"", ""16""]",02-16,2024-04-03,21:00,0,0,lottomatik,2DL7079096
3DL-9PM,3D Lotto 9PM,"[""4"", ""5"", ""4""]",4-5-4,2024-04-03,21:00,0,0,lottomatik,3DL7079095
4DL,4D Lotto,"[""2"", ""1"", ""1"", ""7""]",2-1-1-7,2024-04-03,21:00,0,0,lottomatik,4DL7079094
GL55,Grand Lotto 6/55,"[""45"", ""18"", ""30"", ""23"", ""11"", ""14""]",45-18-30-23-11-14,2024-04-03,21:00,0,0,lottomatik,GL557078299
ML45,Megalotto 6/45,"[""04"", ""40"", ""44"", ""23"", ""45"", ""24""]",04-40-44-23-45-24,2024-04-03,21:00,0,0,lottomatik,ML457078298
2DL-2PM,2D Lotto 2PM,"[""04"", ""28""]",04-28,2024-04-04,14:00,0,0,lottomatik,2DL7091133
3DL-2PM,3D Lotto 2PM,"[""3"", ""8"", ""6""]",3-8-6,2024-04-04,14:00,0,0,lottomatik,3DL7091134
2DL-5PM,2D Lotto 5PM,"[""16"", ""07""]",16-07,2024-04-04,17:00,0,0,lottomatik,2DL7091135
3DL-5PM,3D Lotto 5PM,"[""5"", ""5"", ""8""]",5-5-8,2024-04-04,17:00,0,0,lottomatik,3DL7091136
2DL-9PM,2D Lotto 9PM,"[""22"", ""26""]",22-26,2024-04-04,21:00,0,0,lottomatik,2DL7091944
3DL-9PM,3D Lotto 9PM,"[""1"", ""8"", ""0""]",1-8-0,2024-04-04,21:00,0,0,lottomatik,3DL7091943
6DL,6D Lotto,"[""6"", ""6"", ""2"", ""8"", ""8"", ""8""]",6-6-2-8-8-8,2024-04-04,21:00,0,0,lottomatik,6DL7091942
LOTTO42,Lotto 6/42,"[""26"", ""36"", ""31"", ""40"", ""39"", ""06""]",26-36-31-40-39-06,2024-04-04,21:00,0,0,lottomatik,LOTTO427091137
SL49,Superlotto 6/49,"[""28"", ""16"", ""18"", ""29"", ""14"", ""09""]",28-16-18-29-14-09,2024-04-04,21:00,0,0,lottomatik,SL497091941
2DL-2PM,2D Lotto 2PM,"[""07"", ""21""]",07-21,2024-04-05,14:00,0,0,lottomatik,2DL7103304
3DL-2PM,3D Lotto 2PM,"[""0"", ""9"", ""8""]",0-9-8,2024-04-05,14:00,0,0,lottomatik,3DL7103305
2DL-5PM,2D Lotto 5PM,"[""25"", ""09""]",25-09,2024-04-05,17:00,0,0,lottomatik,2DL7103306
3DL-5PM,3D Lotto 5PM,"[""9"", ""3"", ""1""]",9-3-1,2024-04-05,17:00,0,0,lottomatik,3DL7103307
2DL-9PM,2D Lotto 9PM,"[""06"", ""09""]",06-09,2024-04-05,21:00,0,0,lottomatik,2DL7104124
3DL-9PM,3D Lotto 9PM,"[""6"", ""0"", ""4""]",6-0-4,2024-04-05,21:00,0,0,lottomatik,3DL7104123
4DL,4D Lotto,"[""2"", ""7"", ""5"", ""9""]",2-7-5-9,2024-04-05,21:00,0,0,lottomatik,4DL7104122
ML45,Megalotto 6/45,"[""03"", ""32"", ""18"", ""10"", ""11"", ""04""]",03-32-18-10-11-04,2024-04-05,21:00,0,0,lottomatik,ML457103308
UL58,Ultra Lotto 6/58,"[""39"", ""52"", ""26"", ""43"", ""54"", ""32""]",39-52-26-43-54-32,2024-04-05,21:00,0,0,lottomatik,UL587103309
2DL-2PM,2D Lotto 2PM,"[""24"", ""16""]",24-16,2024-04-06,14:00,0,0,lottomatik,2DL7117243
3DL-2PM,3D Lotto 2PM,"[""4"", ""9"", ""6""]",4-9-6,2024-04-06,14:00,0,0,lottomatik,3DL7117244
2DL-5PM,2D Lotto 5PM,"[""03"", ""29""]",03-29,2024-04-06,17:00,0,0,lottomatik,2DL7117245
3DL-5PM,3D Lotto 5PM,"[""4"", ""8"", ""0""]",4-8-0,2024-04-06,17:00,0,0,lottomatik,3DL7117246
2DL-9PM,2D Lotto 9PM,"[""24"", ""20""]",24-20,2024-04-06,21:00,0,0,lottomatik,2DL7118072
3DL-9PM,3D Lotto 9PM,"[""3"", ""4"", ""1""]",3-4-1,2024-04-06,21:00,0,0,lottomatik,3DL7118071
6DL,6D Lotto,"[""9"", ""2"", ""8"", ""2"", ""9"", ""5""]",9-2-8-2-9-5,2024-04-06,21:00,0,0,lottomatik,6DL7118070
GL55,Grand Lotto 6/55,"[""42"", ""53"", ""37"", ""30"", ""29"", ""21""]",42-53-37-30-29-21,2024-04-06,21:00,0,0,lottomatik,GL557117248
LOTTO42,Lotto 6/42,"[""28"", ""06"", ""08"", ""33"", ""03"", ""25""]",28-06-08-33-03-25,2024-04-06,21:00,0,0,lottomatik,LOTTO427117247
2DL-2PM,2D Lotto 2PM,"[""27"", ""18""]",27-18,2024-04-07,14:00,0,0,lottomatik,2DL7132165
3DL-2PM,3D Lotto 2PM,"[""7"", ""2"", ""4""]",7-2-4,2024-04-07,14:00,0,0,lottomatik,3DL7132166
2DL-5PM,2D Lotto 5PM,"[""21"", ""08""]",21-08,2024-04-07,17:00,0,0,lottomatik,2DL7132167
3DL-5PM,3D Lotto 5PM,"[""0"", ""4"", ""5""]",0-4-5,2024-04-07,17:00,0,0,lottomatik,3DL7132168
2DL-9PM,2D Lotto 9PM,"[""11"", ""12""]",11-12,2024-04-07,21:00,0,0,lottomatik,2DL7133002
3DL-9PM,3D Lotto 9PM,"[""1"", ""4"", ""3""]",1-4-3,2024-04-07,21:00,0,0,lottomatik,3DL7133001
SL49,Superlotto 6/49,"[""48"", ""08"", ""30"", ""33"", ""31"", ""29""]",48-08-30-33-31-29,2024-04-07,21:00,0,0,lottomatik,SL497132999
UL58,Ultra Lotto 6/58,"[""55"", ""52"", ""20"", ""26"", ""24"", ""02""]",55-52-20-26-24-02,2024-04-07,21:00,0,0,lottomatik,UL587133000
2DL-2PM,2D Lotto 2PM,"[""04"", ""22""]",04-22,2024-04-08,14:00,0,0,lottomatik,2DL7144727
3DL-2PM,3D Lotto 2PM,"[""5"", ""5"", ""8""]",5-5-8,2024-04-08,14:00,0,0,lottomatik,3DL7144728
2DL-5PM,2D Lotto 5PM,"[""18"", ""10""]",18-10,2024-04-08,17:00,0,0,lottomatik,2DL7144729
3DL-5PM,3D Lotto 5PM,"[""1"", ""7"", ""3""]",1-7-3,2024-04-08,17:00,0,0,lottomatik,3DL7144730
2DL-9PM,2D Lotto 9PM,"[""30"", ""20""]",30-20,2024-04-08,21:00,0,0,lottomatik,2DL7145573
3DL-9PM,3D Lotto 9PM,"[""7"", ""5"", ""6""]",7-5-6,2024-04-08,21:00,0,0,lottomatik,3DL7145572
4DL,4D Lotto,"[""9"", ""4"", ""0"", ""4""]",9-4-0-4,2024-04-08,21:00,0,0,lottomatik,4DL7145571
GL55,Grand Lotto 6/55,"[""04"", ""35"", ""45"", ""32"", ""13"", ""15""]",04-35-45-32-13-15,2024-04-08,21:00,0,0,lottomatik,GL557145570
ML45,Megalotto 6/45,"[""31"", ""14"", ""17"", ""06"", ""05"", ""20""]",31-14-17-06-05-20,2024-04-08,21:00,0,0,lottomatik,ML457145569
2DL-2PM,2D Lotto 2PM,"[""19"", ""11""]",19-11,2024-04-09,14:00,0,0,lottomatik,2DL7158270
3DL-2PM,3D Lotto 2PM,"[""8"", ""0"", ""6""]",8-0-6,2024-04-09,14:00,0,0,lottomatik,3DL7158271
2DL-5PM,2D Lotto 5PM,"[""22"", ""12""]",22-12,2024-04-09,17:00,0,0,lottomatik,2DL7158272
3DL-5PM,3D Lotto 5PM,"[""5"", ""0"", ""2""]",5-0-2,2024-04-09,17:00,0,0,lottomatik,3DL7158273
2DL-9PM,2D Lotto 9PM,"[""06"", ""28""]",06-28,2024-04-09,21:00,0,0,lottomatik,2DL7159080
3DL-9PM,3D Lotto 9PM,"[""2"", ""9"", ""6""]",2-9-6,2024-04-09,21:00,0,0,lottomatik,3DL7159079
6DL,6D Lotto,"[""0"", ""6"", ""8"", ""1"", ""3"", ""8""]",0-6-8-1-3-8,2024-04-09,21:00,0,0,lottomatik,6DL7159078
LOTTO42,Lotto 6/42,"[""28"", ""37"", ""06"", ""05"", ""12"", ""18""]",28-37-06-05-12-18,2024-04-09,21:00,0,0,lottomatik,LOTTO427158275
SL49,Superlotto 6/49,"[""16"", ""27"", ""29"", ""47"", ""33"", ""04""]",16-27-29-47-33-04,2024-04-09,21:00,0,0,lottomatik,SL497158274
UL58,Ultra Lotto 6/58,"[""28"", ""57"", ""34"", ""17"", ""35"", ""19""]",28-57-34-17-35-19,2024-04-09,21:00,0,0,lottomatik,UL587159077
2DL-2PM,2D Lotto 2PM,"[""16"", ""27""]",16-27,2024-04-10,14:00,0,0,lottomatik,2DL7171926
3DL-2PM,3D Lotto 2PM,"[""6"", ""9"", ""9""]",6-9-9,2024-04-10,14:00,0,0,lottomatik,3DL7171927
2DL-5PM,2D Lotto 5PM,"[""14"", ""20""]",14-20,2024-04-10,17:00,0,0,lottomatik,2DL7171928
3DL-5PM,3D Lotto 5PM,"[""6"", ""0"", ""7""]",6-0-7,2024-04-10,17:00,0,0,lottomatik,3DL7171929
2DL-9PM,2D Lotto 9PM,"[""07"", ""01""]",07-01,2024-04-10,21:00,0,0,lottomatik,2DL7172791
3DL-9PM,3D Lotto 9PM,"[""5"", ""9"", ""2""]",5-9-2,2024-04-10,21:00,0,0,lottomatik,3DL7172790
4DL,4D Lotto,"[""5"", ""0"", ""6"", ""4""]",5-0-6-4,2024-04-10,21:00,0,0,lottomatik,4DL7172789
GL55,Grand Lotto 6/55,"[""09"", ""37"", ""24"", ""23"", ""07"", ""52""]",09-37-24-23-07-52,2024-04-10,21:00,0,0,lottomatik,GL557172788
ML45,Megalotto 6/45,"[""13"", ""31"", ""09"", ""44"", ""33"", ""18""]",13-31-09-44-33-18,2024-04-10,21:00,0,0,lottomatik,ML457172787
2DL-2PM,2D Lotto 2PM,"[""12"", ""21""]",12-21,2024-04-11,14:00,0,0,lottomatik,2DL7185773
3DL-2PM,3D Lotto 2PM,"[""6"", ""5"", ""9""]",6-5-9,2024-04-11,14:00,0,0,lottomatik,3DL7185774
2DL-5PM,2D Lotto 5PM,"[""15"", ""04""]",15-04,2024-04-11,17:00,0,0,lottomatik,2DL7185775
3DL-5PM,3D Lotto 5PM,"[""0"", ""1"", ""6""]",0-1-6,2024-04-11,17:00,0,0,lottomatik,3DL7185776
2DL-9PM,2D Lotto 9PM,"[""07"", ""03""]",07-03,2024-04-11,21:00,0,0,lottomatik,2DL7185781
3DL-9PM,3D Lotto 9PM,"[""4"", ""2"", ""1""]",4-2-1,2024-04-11,21:00,0,0,lottomatik,3DL7185780
6DL,6D Lotto,"[""3"", ""3"", ""2"", ""5"", ""1"", ""9""]",3-3-2-5-1-9,2024-04-11,21:00,0,0,lottomatik,6DL7185779
LOTTO42,Lotto 6/42,"[""08"", ""12"", ""42"", ""02"", ""37"", ""41""]",08-12-42-02-37-41,2024-04-11,21:00,0,0,lottomatik,LOTTO427185777
SL49,Superlotto 6/49,"[""41"", ""15"", ""19"", ""46"", ""16"", ""17""]",41-15-19-46-16-17,2024-04-11,21:00,0,0,lottomatik,SL497185778
2DL-2PM,2D Lotto 2PM,"[""31"", ""21""]",31-21,2024-04-12,14:00,0,0,lottomatik,2DL7198023
3DL-2PM,3D Lotto 2PM,"[""6"", ""9"", ""0""]",6-9-0,2024-04-12,14:00,0,0,lottomatik,3DL7198024
2DL-5PM,2D Lotto 5PM,"[""15"", ""12""]",15-12,2024-04-12,17:00,0,0,lottomatik,2DL7198025
3DL-5PM,3D Lotto 5PM,"[""9"", ""4"", ""8""]",9-4-8,2024-04-12,17:00,0,0,lottomatik,3DL7198026
2DL-9PM,2D Lotto 9PM,"[""12"", ""23""]",12-23,2024-04-12,21:00,0,0,lottomatik,2DL7198031
3DL-9PM,3D Lotto 9PM,"[""7"", ""5"", ""6""]",7-5-6,2024-04-12,21:00,0,0,lottomatik,3DL7198030
4DL,4D Lotto,"[""9"", ""8"", ""1"", ""9""]",9-8-1-9,2024-04-12,21:00,0,0,lottomatik,4DL7198029
ML45,Megalotto 6/45,"[""08"", ""30"", ""04"", ""06"", ""11"", ""10""]",08-30-04-06-11-10,2024-04-12,21:00,0,0,lottomatik,ML457198027
UL58,Ultra Lotto 6/58,"[""30"", ""33"", ""56"", ""58"", ""41"", ""13""]",30-33-56-58-41-13,2024-04-12,21:00,0,0,lottomatik,UL587198028
2DL-2PM,2D Lotto 2PM,"[""08"", ""02""]",08-02,2024-04-13,14:00,0,0,lottomatik,2DL7210390
3DL-2PM,3D Lotto 2PM,"[""6"", ""3"", ""3""]",6-3-3,2024-04-13,14:00,0,0,lottomatik,3DL7210391
2DL-5PM,2D Lotto 5PM,"[""21"", ""22""]",21-22,2024-04-13,17:00,0,0,lottomatik,2DL7210392
3DL-5PM,3D Lotto 5PM,"[""8"", ""6"", ""5""]",8-6-5,2024-04-13,17:00,0,0,lottomatik,3DL7210393
2DL-9PM,2D Lotto 9PM,"[""08"", ""16""]",08-16,2024-04-13,21:00,0,0,lottomatik,2DL7211282
3DL-9PM,3D Lotto 9PM,"[""4"", ""8"", ""1""]",4-8-1,2024-04-13,21:00,0,0,lottomatik,3DL7211281
6DL,6D Lotto,"[""7"", ""0"", ""5"", ""4"", ""6"", ""4""]",7-0-5-4-6-4,2024-04-13,21:00,0,0,lottomatik,6DL7211280
GL55,Grand Lotto 6/55,"[""17"", ""26"", ""30"", ""39"", ""14"", ""07""]",17-26-30-39-14-07,2024-04-13,21:00,0,0,lottomatik,GL557210395
LOTTO42,Lotto 6/42,"[""26"", ""42"", ""40"", ""33"", ""13"", ""39""]",26-42-40-33-13-39,2024-04-13,21:00,0,0,lottomatik,LOTTO427210394
2DL-2PM,2D Lotto 2PM,"[""24"", ""12""]",24-12,2024-04-14,14:00,0,0,lottomatik,2DL7221097
3DL-2PM,3D Lotto 2PM,"[""4"", ""1"", ""2""]",4-1-2,2024-04-14,14:00,0,0,lottomatik,3DL7221098
2DL-5PM,2D Lotto 5PM,"[""01"", ""29""]",01-29,2024-04-14,17:00,0,0,lottomatik,2DL7221099
3DL-5PM,3D Lotto 5PM,"[""6"", ""6"", ""0""]",6-6-0,2024-04-14,17:00,0,0,lottomatik,3DL7221100
2DL-9PM,2D Lotto 9PM,"[""21"", ""30""]",21-30,2024-04-14,21:00,0,0,lottomatik,2DL7221997
3DL-9PM,3D Lotto 9PM,"[""9"", ""4"", ""0""]",9-4-0,2024-04-14,21:00,0,0,lottomatik,3DL7221996
SL49,Superlotto 6/49,"[""03"", ""16"", ""10"", ""01"", ""21"", ""26""]",03-16-10-01-21-26,2024-04-14,21:00,0,0,lottomatik,SL497221101
UL58,Ultra Lotto 6/58,"[""52"", ""03"", ""48"", ""42"", ""28"", ""02""]",52-03-48-42-28-02,2024-04-14,21:00,0,0,lottomatik,UL587221102
2DL-2PM,2D Lotto 2PM,"[""04"", ""25""]",04-25,2024-04-15,14:00,0,0,lottomatik,2DL7237315
3DL-2PM,3D Lotto 2PM,"[""3"", ""2"", ""4""]",3-2-4,2024-04-15,14:00,0,0,lottomatik,3DL7237316
2DL-5PM,2D Lotto 5PM,"[""07"", ""23""]",07-23,2024-04-15,17:00,0,0,lottomatik,2DL7237317
3DL-5PM,3D Lotto 5PM,"[""9"", ""3"", ""7""]",9-3-7,2024-04-15,17:00,0,0,lottomatik,3DL7237318
2DL-9PM,2D Lotto 9PM,"[""02"", ""15""]",02-15,2024-04-15,21:00,0,0,lottomatik,2DL7238224
3DL-9PM,3D Lotto 9PM,"[""4"", ""0"", ""3""]",4-0-3,2024-04-15,21:00,0,0,lottomatik,3DL7238223
4DL,4D Lotto,"[""7"", ""1"", ""9"", ""1""]",7-1-9-1,2024-04-15,21:00,0,0,lottomatik,4DL7238222
GL55,Grand Lotto 6/55,"[""04"", ""16"", ""54"", ""34"", ""23"", ""29""]",04-16-54-34-23-29,2024-04-15,21:00,0,0,lottomatik,GL557238221
ML45,Megalotto 6/45,"[""17"", ""26"", ""35"", ""30"", ""42"", ""07""]",17-26-35-30-42-07,2024-04-15,21:00,0,0,lottomatik,ML457238220
2DL-2PM,2D Lotto 2PM,"[""05"", ""28""]",05-28,2024-04-16,14:00,0,0,lottomatik,2DL7250947
3DL-2PM,3D Lotto 2PM,"[""3"", ""8"", ""1""]",3-8-1,2024-04-16,14:00,0,0,lottomatik,3DL7250948
2DL-5PM,2D Lotto 5PM,"[""24"", ""05""]",24-05,2024-04-16,17:00,0,0,lottomatik,2DL7250949
3DL-5PM,3D Lotto 5PM,"[""1"", ""2"", ""7""]",1-2-7,2024-04-16,17:00,0,0,lottomatik,3DL7250950
2DL-9PM,2D Lotto 9PM,"[""19"", ""31""]",19-31,2024-04-16,21:00,0,0,lottomatik,2DL7251866
3DL-9PM,3D Lotto 9PM,"[""4"", ""4"", ""0""]",4-4-0,2024-04-16,21:00,0,0,lottomatik,3DL7251865
6DL,6D Lotto,"[""2"", ""5"", ""9"", ""9"", ""2"", ""9""]",2-5-9-9-2-9,2024-04-16,21:00,0,0,lottomatik,6DL7251864
LOTTO42,Lotto 6/42,"[""31"", ""35"", ""18"", ""26"", ""34"", ""41""]",31-35-18-26-34-41,2024-04-16,21:00,0,0,lottomatik,LOTTO427250951
SL49,Superlotto 6/49,"[""14"", ""17"", ""18"", ""22"", ""29"", ""19""]",14-17-18-22-29-19,2024-04-16,21:00,0,0,lottomatik,SL497250952
UL58,Ultra Lotto 6/58,"[""43"", ""44"", ""37"", ""42"", ""55"", ""38""]",43-44-37-42-55-38,2024-04-16,21:00,0,0,lottomatik,UL587251863
2DL-2PM,2D Lotto 2PM,"[""11"", ""24""]",11-24,2024-04-17,14:00,0,0,lottomatik,2DL7267507
3DL-2PM,3D Lotto 2PM,"[""0"", ""8"", ""2""]",0-8-2,2024-04-17,14:00,0,0,lottomatik,3DL7267508
2DL-5PM,2D Lotto 5PM,"[""29"", ""03""]",29-03,2024-04-17,17:00,0,0,lottomatik,2DL7267509
3DL-5PM,3D Lotto 5PM,"[""5"", ""7"", ""4""]",5-7-4,2024-04-17,17:00,0,0,lottomatik,3DL7267510
2DL-9PM,2D Lotto 9PM,"[""16"", ""04""]",16-04,2024-04-17,21:00,0,0,lottomatik,2DL7268435
3DL-9PM,3D Lotto 9PM,"[""2"", ""5"", ""0""]",2-5-0,2024-04-17,21:00,0,0,lottomatik,3DL7268434
4DL,4D Lotto,"[""7"", ""1"", ""8"", ""1""]",7-1-8-1,2024-04-17,21:00,0,0,lottomatik,4DL7268433
GL55,Grand Lotto 6/55,"[""23"", ""02"", ""37"", ""16"", ""11"", ""32""]",23-02-37-16-11-32,2024-04-17,21:00,0,0,lottomatik,GL557267511
ML45,Megalotto 6/45,"[""28"", ""39"", ""29"", ""31"", ""34"", ""17""]",28-39-29-31-34-17,2024-04-17,21:00,0,0,lottomatik,ML457268432
2DL-2PM,2D Lotto 2PM,"[""15"", ""02""]",15-02,2024-04-18,14:00,0,0,lottomatik,2DL7286998
3DL-2PM,3D Lotto 2PM,"[""5"", ""9"", ""8""]",5-9-8,2024-04-18,14:00,0,0,lottomatik,3DL7286999
2DL-5PM,2D Lotto 5PM,"[""16"", ""05""]",16-05,2024-04-18,17:00,0,0,lottomatik,2DL7287000
3DL-5PM,3D Lotto 5PM,"[""7"", ""7"", ""7""]",7-7-7,2024-04-18,17:00,0,0,lottomatik,3DL7287001
2DL-9PM,2D Lotto 9PM,"[""25"", ""21""]",25-21,2024-04-18,21:00,0,0,lottomatik,2DL7287006
3DL-9PM,3D Lotto 9PM,"[""5"", ""2"", ""8""]",5-2-8,2024-04-18,21:00,0,0,lottomatik,3DL7287005
6DL,6D Lotto,"[""8"", ""2"", ""3"", ""1"", ""8"", ""9""]",8-2-3-1-8-9,2024-04-18,21:00,0,0,lottomatik,6DL7287004
LOTTO42,Lotto 6/42,"[""04"", ""28"", ""35"", ""15"", ""10"", ""18""]",04-28-35-15-10-18,2024-04-18,21:00,0,0,lottomatik,LOTTO427287002
SL49,Superlotto 6/49,"[""29"", ""06"", ""33"", ""32"", ""15"", ""23""]",29-06-33-32-15-23,2024-04-18,21:00,0,0,lottomatik,SL497287003
2DL-2PM,2D Lotto 2PM,"[""11"", ""31""]",11-31,2024-04-19,14:00,0,0,lottomatik,2DL7302935
3DL-2PM,3D Lotto 2PM,"[""8"", ""8"", ""2""]",8-8-2,2024-04-19,14:00,0,0,lottomatik,3DL7302936
2DL-5PM,2D Lotto 5PM,"[""29"", ""30""]",29-30,2024-04-19,17:00,0,0,lottomatik,2DL7302937
3DL-5PM,3D Lotto 5PM,"[""7"", ""4"", ""1""]",7-4-1,2024-04-19,17:00,0,0,lottomatik,3DL7302938
2DL-9PM,2D Lotto 9PM,"[""04"", ""26""]",04-26,2024-04-19,21:00,0,0,lottomatik,2DL7304819
3DL-9PM,3D Lotto 9PM,"[""1"", ""1"", ""5""]",1-1-5,2024-04-19,21:00,0,0,lottomatik,3DL7304818
4DL,4D Lotto,"[""7"", ""3"", ""5"", ""1""]",7-3-5-1,2024-04-19,21:00,0,0,lottomatik,4DL7304817
ML45,Megalotto 6/45,"[""06"", ""30"", ""16"", ""15"", ""24"", ""03""]",06-30-16-15-24-03,2024-04-19,21:00,0,0,lottomatik,ML457303877
UL58,Ultra Lotto 6/58,"[""14"", ""02"", ""33"", ""15"", ""27"", ""45""]",14-02-33-15-27-45,2024-04-19,21:00,0,0,lottomatik,UL587303878
2DL-2PM,2D Lotto 2PM,"[""02"", ""26""]",02-26,2024-04-20,14:00,0,0,lottomatik,2DL7322804
3DL-2PM,3D Lotto 2PM,"[""5"", ""9"", ""7""]",5-9-7,2024-04-20,14:00,0,0,lottomatik,3DL7322805
2DL-5PM,2D Lotto 5PM,"[""18"", ""25""]",18-25,2024-04-20,17:00,0,0,lottomatik,2DL7322806
3DL-5PM,3D Lotto 5PM,"[""1"", ""4"", ""2""]",1-4-2,2024-04-20,17:00,0,0,lottomatik,3DL7322807
2DL-9PM,2D Lotto 9PM,"[""05"", ""27""]",05-27,2024-04-20,21:00,0,0,lottomatik,2DL7323759
3DL-9PM,3D Lotto 9PM,"[""0"", ""2"", ""7""]",0-2-7,2024-04-20,21:00,0,0,lottomatik,3DL7323758
6DL,6D Lotto,"[""8"", ""7"", ""7"", ""6"", ""0"", ""2""]",8-7-7-6-0-2,2024-04-20,21:00,0,0,lottomatik,6DL7323757
GL55,Grand Lotto 6/55,"[""46"", ""01"", ""06"", ""40"", ""27"", ""35""]",46-01-06-40-27-35,2024-04-20,21:00,0,0,lottomatik,GL557323756
LOTTO42,Lotto 6/42,"[""26"", ""39"", ""40"", ""31"", ""29"", ""14""]",26-39-40-31-29-14,2024-04-20,21:00,0,0,lottomatik,LOTTO427323755
2DL-2PM,2D Lotto 2PM,"[""08"", ""05""]",08-05,2024-04-21,14:00,0,0,lottomatik,2DL7336170
3DL-2PM,3D Lotto 2PM,"[""1"", ""2"", ""2""]",1-2-2,2024-04-21,14:00,0,0,lottomatik,3DL7336171
2DL-5PM,2D Lotto 5PM,"[""16"", ""22""]",16-22,2024-04-21,17:00,0,0,lottomatik,2DL7336172
3DL-5PM,3D Lotto 5PM,"[""8"", ""7"", ""3""]",8-7-3,2024-04-21,17:00,0,0,lottomatik,3DL7336173
2DL-9PM,2D Lotto 9PM,"[""18"", ""07""]",18-07,2024-04-21,21:00,0,0,lottomatik,2DL7337133
3DL-9PM,3D Lotto 9PM,"[""6"", ""1"", ""6""]",6-1-6,2024-04-21,21:00,0,0,lottomatik,3DL7337132
SL49,Superlotto 6/49,"[""08"", ""30"", ""49"", ""32"", ""48"", ""37""]",08-30-49-32-48-37,2024-04-21,21:00,0,0,lottomatik,SL497336174
UL58,Ultra Lotto 6/58,"[""57"", ""30"", ""22"", ""39"", ""19"", ""18""]",57-30-22-39-19-18,2024-04-21,21:00,0,0,lottomatik,UL587337131
2DL-2PM,2D Lotto 2PM,"[""09"", ""24""]",09-24,2024-04-22,14:00,0,0,lottomatik,2DL7354486
3DL-2PM,3D Lotto 2PM,"[""6"", ""3"", ""3""]",6-3-3,2024-04-22,14:00,0,0,lottomatik,3DL7354487
2DL-5PM,2D Lotto 5PM,"[""22"", ""20""]",22-20,2024-04-22,17:00,0,0,lottomatik,2DL7354488
3DL-5PM,3D Lotto 5PM,"[""0"", ""8"", ""5""]",0-8-5,2024-04-22,17:00,0,0,lottomatik,3DL7354489
2DL-9PM,2D Lotto 9PM,"[""31"", ""12""]",31-12,2024-04-22,21:00,0,0,lottomatik,2DL7355458
3DL-9PM,3D Lotto 9PM,"[""2"", ""2"", ""4""]",2-2-4,2024-04-22,21:00,0,0,lottomatik,3DL7355457
4DL,4D Lotto,"[""1"", ""5"", ""1"", ""7""]",1-5-1-7,2024-04-22,21:00,0,0,lottomatik,4DL7355456
GL55,Grand Lotto 6/55,"[""51"", ""09"", ""47"", ""41"", ""40"", ""04""]",51-09-47-41-40-04,2024-04-22,21:00,0,0,lottomatik,GL557354490
ML45,Megalotto 6/45,"[""33"", ""17"", ""40"", ""09"", ""42"", ""20""]",33-17-40-09-42-20,2024-04-22,21:00,0,0,lottomatik,ML457354491
2DL-2PM,2D Lotto 2PM,"[""11"", ""27""]",11-27,2024-04-23,14:00,0,0,lottomatik,2DL7372000
3DL-2PM,3D Lotto 2PM,"[""4"", ""0"", ""4""]",4-0-4,2024-04-23,14:00,0,0,lottomatik,3DL7372001
2DL-5PM,2D Lotto 5PM,"[""09"", ""13""]",09-13,2024-04-23,17:00,0,0,lottomatik,2DL7372002
3DL-5PM,3D Lotto 5PM,"[""2"", ""0"", ""8""]",2-0-8,2024-04-23,17:00,0,0,lottomatik,3DL7372003
2DL-9PM,2D Lotto 9PM,"[""20"", ""01""]",20-01,2024-04-23,21:00,0,0,lottomatik,2DL7372982
3DL-9PM,3D Lotto 9PM,"[""8"", ""4"", ""4""]",8-4-4,2024-04-23,21:00,0,0,lottomatik,3DL7372981
6DL,6D Lotto,"[""6"", ""2"", ""6"", ""6"", ""2"", ""4""]",6-2-6-6-2-4,2024-04-23,21:00,0,0,lottomatik,6DL7372980
LOTTO42,Lotto 6/42,"[""36"", ""34"", ""14"", ""08"", ""23"", ""31""]",36-34-14-08-23-31,2024-04-23,21:00,0,0,lottomatik,LOTTO427372004
SL49,Superlotto 6/49,"[""42"", ""02"", ""44"", ""24"", ""14"", ""16""]",42-02-44-24-14-16,2024-04-23,21:00,0,0,lottomatik,SL497372005
UL58,Ultra Lotto 6/58,"[""31"", ""07"", ""48"", ""15"", ""45"", ""47""]",31-07-48-15-45-47,2024-04-23,21:00,0,0,lottomatik,UL587372979
2DL-2PM,2D Lotto 2PM,"[""25"", ""10""]",25-10,2024-04-24,14:00,0,0,lottomatik,2DL7392633
3DL-2PM,3D Lotto 2PM,"[""9"", ""8"", ""3""]",9-8-3,2024-04-24,14:00,0,0,lottomatik,3DL7392634
2DL-5PM,2D Lotto 5PM,"[""02"", ""09""]",02-09,2024-04-24,17:00,0,0,lottomatik,2DL7392635
3DL-5PM,3D Lotto 5PM,"[""9"", ""3"", ""2""]",9-3-2,2024-04-24,17:00,0,0,lottomatik,3DL7392636
2DL-9PM,2D Lotto 9PM,"[""09"", ""18""]",09-18,2024-04-24,21:00,0,0,lottomatik,2DL7392641
3DL-9PM,3D Lotto 9PM,"[""7"", ""4"", ""9""]",7-4-9,2024-04-24,21:00,0,0,lottomatik,3DL7392640
4DL,4D Lotto,"[""4"", ""4"", ""0"", ""0""]",4-4-0-0,2024-04-24,21:00,0,0,lottomatik,4DL7392639
GL55,Grand Lotto 6/55,"[""30"", ""43"", ""55"", ""41"", ""50"", ""37""]",30-43-55-41-50-37,2024-04-24,21:00,0,0,lottomatik,GL557392638
ML45,Megalotto 6/45,"[""09"", ""32"", ""26"", ""43"", ""17"", ""35""]",09-32-26-43-17-35,2024-04-24,21:00,0,0,lottomatik,ML457392637
2DL-2PM,2D Lotto 2PM,"[""01"", ""13""]",01-13,2024-04-25,14:00,0,0,lottomatik,2DL7407504
3DL-2PM,3D Lotto 2PM,"[""0"", ""6"", ""8""]",0-6-8,2024-04-25,14:00,0,0,lottomatik,3DL7407505
2DL-5PM,2D Lotto 5PM,"[""27"", ""24""]",27-24,2024-04-25,17:00,0,0,lottomatik,2DL7407506
3DL-5PM,3D Lotto 5PM,"[""2"", ""8"", ""1""]",2-8-1,2024-04-25,17:00,0,0,lottomatik,3DL7407507
2DL-9PM,2D Lotto 9PM,"[""31"", ""17""]",31-17,2024-04-25,21:00,0,0,lottomatik,2DL7407512
3DL-9PM,3D Lotto 9PM,"[""8"", ""5"", ""1""]",8-5-1,2024-04-25,21:00,0,0,lottomatik,3DL7407511
6DL,6D Lotto,"[""2"", ""1"", ""2"", ""3"", ""2"", ""2""]",2-1-2-3-2-2,2024-04-25,21:00,0,0,lottomatik,6DL7407510
LOTTO42,Lotto 6/42,"[""08"", ""14"", ""41"", ""37"", ""31"", ""35""]",08-14-41-37-31-35,2024-04-25,21:00,0,0,lottomatik,LOTTO427407508
SL49,Superlotto 6/49,"[""47"", ""11"", ""36"", ""29"", ""21"", ""38""]",47-11-36-29-21-38,2024-04-25,21:00,0,0,lottomatik,SL497407509
2DL-2PM,2D Lotto 2PM,"[""28"", ""13""]",28-13,2024-04-26,14:00,0,0,lottomatik,2DL7418524
3DL-2PM,3D Lotto 2PM,"[""3"", ""2"", ""0""]",3-2-0,2024-04-26,14:00,0,0,lottomatik,3DL7418525
2DL-5PM,2D Lotto 5PM,"[""05"", ""07""]",05-07,2024-04-26,17:00,0,0,lottomatik,2DL7418526
3DL-5PM,3D Lotto 5PM,"[""2"", ""3"", ""6""]",2-3-6,2024-04-26,17:00,0,0,lottomatik,3DL7418527
2DL-9PM,2D Lotto 9PM,"[""25"", ""22""]",25-22,2024-04-26,21:00,0,0,lottomatik,2DL7419533
3DL-9PM,3D Lotto 9PM,"[""9"", ""3"", ""9""]",9-3-9,2024-04-26,21:00,0,0,lottomatik,3DL7419532
4DL,4D Lotto,"[""7"", ""4"", ""1"", ""5""]",7-4-1-5,2024-04-26,21:00,0,0,lottomatik,4DL7419531
ML45,Megalotto 6/45,"[""36"", ""25"", ""40"", ""11"", ""10"", ""42""]",36-25-40-11-10-42,2024-04-26,21:00,0,0,lottomatik,ML457418528
UL58,Ultra Lotto 6/58,"[""02"", ""24"", ""22"", ""47"", ""49"", ""21""]",02-24-22-47-49-21,2024-04-26,21:00,0,0,lottomatik,UL587418529
2DL-2PM,2D Lotto 2PM,"[""30"", ""21""]",30-21,2024-04-27,14:00,0,0,lottomatik,2DL7435676
3DL-2PM,3D Lotto 2PM,"[""2"", ""3"", ""6""]",2-3-6,2024-04-27,14:00,0,0,lottomatik,3DL7435677
2DL-5PM,2D Lotto 5PM,"[""02"", ""24""]",02-24,2024-04-27,17:00,0,0,lottomatik,2DL7435678
3DL-5PM,3D Lotto 5PM,"[""6"", ""3"", ""8""]",6-3-8,2024-04-27,17:00,0,0,lottomatik,3DL7435679
2DL-9PM,2D Lotto 9PM,"[""27"", ""11""]",27-11,2024-04-27,21:00,0,0,lottomatik,2DL7436694
3DL-9PM,3D Lotto 9PM,"[""6"", ""0"", ""7""]",6-0-7,2024-04-27,21:00,0,0,lottomatik,3DL7436693
6DL,6D Lotto,"[""5"", ""8"", ""8"", ""1"", ""9"", ""0""]",5-8-8-1-9-0,2024-04-27,21:00,0,0,lottomatik,6DL7436692
GL55,Grand Lotto 6/55,"[""45"", ""54"", ""09"", ""31"", ""47"", ""08""]",45-54-09-31-47-08,2024-04-27,21:00,0,0,lottomatik,GL557435681
LOTTO42,Lotto 6/42,"[""19"", ""13"", ""06"", ""10"", ""02"", ""30""]",19-13-06-10-02-30,2024-04-27,21:00,0,0,lottomatik,LOTTO427435680
2DL-2PM,2D Lotto 2PM,"[""02"", ""28""]",02-28,2024-04-28,14:00,0,0,lottomatik,2DL7447895
3DL-2PM,3D Lotto 2PM,"[""4"", ""6"", ""3""]",4-6-3,2024-04-28,14:00,0,0,lottomatik,3DL7447896
2DL-5PM,2D Lotto 5PM,"[""01"", ""10""]",01-10,2024-04-28,17:00,0,0,lottomatik,2DL7447897
3DL-5PM,3D Lotto 5PM,"[""2"", ""3"", ""6""]",2-3-6,2024-04-28,17:00,0,0,lottomatik,3DL7447898
2DL-9PM,2D Lotto 9PM,"[""30"", ""17""]",30-17,2024-04-28,21:00,0,0,lottomatik,2DL7448921
3DL-9PM,3D Lotto 9PM,"[""8"", ""5"", ""7""]",8-5-7,2024-04-28,21:00,0,0,lottomatik,3DL7448920
SL49,Superlotto 6/49,"[""47"", ""37"", ""09"", ""31"", ""17"", ""44""]",47-37-09-31-17-44,2024-04-28,21:00,0,0,lottomatik,SL497447899
UL58,Ultra Lotto 6/58,"[""46"", ""32"", ""52"", ""15"", ""20"", ""21""]",46-32-52-15-20-21,2024-04-28,21:00,0,0,lottomatik,UL587447900
2DL-2PM,2D Lotto 2PM,"[""18"", ""23""]",18-23,2024-04-29,14:00,0,0,lottomatik,2DL7460211
3DL-2PM,3D Lotto 2PM,"[""8"", ""5"", ""4""]",8-5-4,2024-04-29,14:00,0,0,lottomatik,3DL7460212
2DL-5PM,2D Lotto 5PM,"[""18"", ""30""]",18-30,2024-04-29,17:00,0,0,lottomatik,2DL7460213
3DL-5PM,3D Lotto 5PM,"[""7"", ""5"", ""4""]",7-5-4,2024-04-29,17:00,0,0,lottomatik,3DL7460214
2DL-9PM,2D Lotto 9PM,"[""21"", ""16""]",21-16,2024-04-29,21:00,0,0,lottomatik,2DL7460219
3DL-9PM,3D Lotto 9PM,"[""7"", ""1"", ""1""]",7-1-1,2024-04-29,21:00,0,0,lottomatik,3DL7460218
4DL,4D Lotto,"[""5"", ""7"", ""3"", ""0""]",5-7-3-0,2024-04-29,21:00,0,0,lottomatik,4DL7460217
GL55,Grand Lotto 6/55,"[""29"", ""32"", ""19"", ""47"", ""30"", ""02""]",29-32-19-47-30-02,2024-04-29,21:00,0,0,lottomatik,GL557460216
ML45,Megalotto 6/45,"[""38"", ""41"", ""20"", ""27"", ""13"", ""02""]",38-41-20-27-13-02,2024-04-29,21:00,0,0,lottomatik,ML457460215
2DL-2PM,2D Lotto 2PM,"[""07"", ""17""]",07-17,2024-04-30,14:00,0,0,lottomatik,2DL7473688
3DL-2PM,3D Lotto 2PM,"[""4"", ""1"", ""8""]",4-1-8,2024-04-30,14:00,0,0,lottomatik,3DL7473689
2DL-5PM,2D Lotto 5PM,"[""08"", ""10""]",08-10,2024-04-30,17:00,0,0,lottomatik,2DL7473690
3DL-5PM,3D Lotto 5PM,"[""7"", ""6"", ""4""]",7-6-4,2024-04-30,17:00,0,0,lottomatik,3DL7473691
2DL-9PM,2D Lotto 9PM,"[""06"", ""16""]",06-16,2024-04-30,21:00,0,0,lottomatik,2DL7474733
3DL-9PM,3D Lotto 9PM,"[""3"", ""2"", ""3""]",3-2-3,2024-04-30,21:00,0,0,lottomatik,3DL7474732
6DL,6D Lotto,"[""7"", ""2"", ""4"", ""5"", ""6"", ""3""]",7-2-4-5-6-3,2024-04-30,21:00,0,0,lottomatik,6DL7474731
LOTTO42,Lotto 6/42,"[""41"", ""37"", ""10"", ""05"", ""24"", ""08""]",41-37-10-05-24-08,2024-04-30,21:00,0,0,lottomatik,LOTTO427474728
SL49,Superlotto 6/49,"[""42"", ""19"", ""03"", ""43"", ""23"", ""17""]",42-19-03-43-23-17,2024-04-30,21:00,0,0,lottomatik,SL497474729
UL58,Ultra Lotto 6/58,"[""09"", ""56"", ""36"", ""07"", ""55"", ""54""]",09-56-36-07-55-54,2024-04-30,21:00,0,0,lottomatik,UL587474730
2DL-2PM,2D Lotto 2PM,"[""21"", ""24""]",21-24,2024-05-01,14:00,0,0,lottomatik,2DL7480980
3DL-2PM,3D Lotto 2PM,"[""9"", ""8"", ""4""]",9-8-4,2024-05-01,14:00,0,0,lottomatik,3DL7480981
2DL-5PM,2D Lotto 5PM,"[""26"", ""13""]",26-13,2024-05-01,17:00,0,0,lottomatik,2DL7480982
3DL-5PM,3D Lotto 5PM,"[""2"", ""6"", ""5""]",2-6-5,2024-05-01,17:00,0,0,lottomatik,3DL7480983
2DL-9PM,2D Lotto 9PM,"[""24"", ""11""]",24-11,2024-05-01,21:00,0,0,lottomatik,2DL7480988
3DL-9PM,3D Lotto 9PM,"[""0"", ""7"", ""5""]",0-7-5,2024-05-01,21:00,0,0,lottomatik,3DL7480987
4DL,4D Lotto,"[""9"", ""4"", ""4"", ""9""]",9-4-4-9,2024-05-01,21:00,0,0,lottomatik,4DL7480986
GL55,Grand Lotto 6/55,"[""45"", ""16"", ""42"", ""41"", ""50"", ""01""]",45-16-42-41-50-01,2024-05-01,21:00,0,0,lottomatik,GL557480985
ML45,Megalotto 6/45,"[""29"", ""28"", ""38"", ""42"", ""23"", ""27""]",29-28-38-42-23-27,2024-05-01,21:00,0,0,lottomatik,ML457480984
2DL-2PM,2D Lotto 2PM,"[""17"", ""02""]",17-02,2024-05-02,14:00,0,0,lottomatik,2DL7492594
3DL-2PM,3D Lotto 2PM,"[""6"", ""0"", ""1""]",6-0-1,2024-05-02,14:00,0,0,lottomatik,3DL7492595
2DL-5PM,2D Lotto 5PM,"[""25"", ""06""]",25-06,2024-05-02,17:00,0,0,lottomatik,2DL7492596
3DL-5PM,3D Lotto 5PM,"[""6"", ""6"", ""0""]",6-6-0,2024-05-02,17:00,0,0,lottomatik,3DL7492597
2DL-9PM,2D Lotto 9PM,"[""25"", ""16""]",25-16,2024-05-02,21:00,0,0,lottomatik,2DL7493657
3DL-9PM,3D Lotto 9PM,"[""4"", ""8"", ""2""]",4-8-2,2024-05-02,21:00,0,0,lottomatik,3DL7493656
6DL,6D Lotto,"[""2"", ""5"", ""8"", ""7"", ""7"", ""3""]",2-5-8-7-7-3,2024-05-02,21:00,0,0,lottomatik,6DL7493655
LOTTO42,Lotto 6/42,"[""02"", ""39"", ""04"", ""23"", ""01"", ""25""]",02-39-04-23-01-25,2024-05-02,21:00,0,0,lottomatik,LOTTO427493653
SL49,Superlotto 6/49,"[""17"", ""01"", ""13"", ""44"", ""21"", ""48""]",17-01-13-44-21-48,2024-05-02,21:00,0,0,lottomatik,SL497493654
2DL-2PM,2D Lotto 2PM,"[""30"", ""21""]",30-21,2024-05-03,14:00,0,0,lottomatik,2DL7514920
3DL-2PM,3D Lotto 2PM,"[""0"", ""2"", ""1""]",0-2-1,2024-05-03,14:00,0,0,lottomatik,3DL7514921
2DL-5PM,2D Lotto 5PM,"[""24"", ""05""]",24-05,2024-05-03,17:00,0,0,lottomatik,2DL7514922
3DL-5PM,3D Lotto 5PM,"[""3"", ""3"", ""1""]",3-3-1,2024-05-03,17:00,0,0,lottomatik,3DL7514923
2DL-9PM,2D Lotto 9PM,"[""22"", ""14""]",22-14,2024-05-03,21:00,0,0,lottomatik,2DL7517056
3DL-9PM,3D Lotto 9PM,"[""6"", ""0"", ""6""]",6-0-6,2024-05-03,21:00,0,0,lottomatik,3DL7517055
4DL,4D Lotto,"[""6"", ""5"", ""8"", ""1""]",6-5-8-1,2024-05-03,21:00,0,0,lottomatik,4DL7517054
ML45,Megalotto 6/45,"[""36"", ""03"", ""05"", ""19"", ""41"", ""12""]",36-03-05-19-41-12,2024-05-03,21:00,0,0,lottomatik,ML457515988
UL58,Ultra Lotto 6/58,"[""32"", ""30"", ""08"", ""03"", ""51"", ""06""]",32-30-08-03-51-06,2024-05-03,21:00,0,0,lottomatik,UL587515989
2DL-2PM,2D Lotto 2PM,"[""14"", ""24""]",14-24,2024-05-04,14:00,0,0,lottomatik,2DL7534216
3DL-2PM,3D Lotto 2PM,"[""6"", ""9"", ""0""]",6-9-0,2024-05-04,14:00,0,0,lottomatik,3DL7534217
2DL-5PM,2D Lotto 5PM,"[""28"", ""30""]",28-30,2024-05-04,17:00,0,0,lottomatik,2DL7534218
3DL-5PM,3D Lotto 5PM,"[""1"", ""5"", ""2""]",1-5-2,2024-05-04,17:00,0,0,lottomatik,3DL7534219
2DL-9PM,2D Lotto 9PM,"[""12"", ""23""]",12-23,2024-05-04,21:00,0,0,lottomatik,2DL7534224
3DL-9PM,3D Lotto 9PM,"[""6"", ""1"", ""7""]",6-1-7,2024-05-04,21:00,0,0,lottomatik,3DL7534223
6DL,6D Lotto,"[""9"", ""0"", ""6"", ""6"", ""0"", ""0""]",9-0-6-6-0-0,2024-05-04,21:00,0,0,lottomatik,6DL7534222
GL55,Grand Lotto 6/55,"[""48"", ""41"", ""04"", ""40"", ""24"", ""43""]",48-41-04-40-24-43,2024-05-04,21:00,0,0,lottomatik,GL557534220
LOTTO42,Lotto 6/42,"[""05"", ""37"", ""41"", ""30"", ""38"", ""16""]",05-37-41-30-38-16,2024-05-04,21:00,0,0,lottomatik,LOTTO427534221
2DL-2PM,2D Lotto 2PM,"[""20"", ""05""]",20-05,2024-05-05,14:00,0,0,lottomatik,2DL7545036
3DL-2PM,3D Lotto 2PM,"[""9"", ""6"", ""7""]",9-6-7,2024-05-05,14:00,0,0,lottomatik,3DL7545037
2DL-5PM,2D Lotto 5PM,"[""13"", ""22""]",13-22,2024-05-05,17:00,0,0,lottomatik,2DL7545038
3DL-5PM,3D Lotto 5PM,"[""2"", ""1"", ""6""]",2-1-6,2024-05-05,17:00,0,0,lottomatik,3DL7545039
2DL-9PM,2D Lotto 9PM,"[""19"", ""21""]",19-21,2024-05-05,21:00,0,0,lottomatik,2DL7545043
3DL-9PM,3D Lotto 9PM,"[""0"", ""5"", ""4""]",0-5-4,2024-05-05,21:00,0,0,lottomatik,3DL7545042
SL49,Superlotto 6/49,"[""42"", ""34"", ""41"", ""15"", ""47"", ""40""]",42-34-41-15-47-40,2024-05-05,21:00,0,0,lottomatik,SL497545040
UL58,Ultra Lotto 6/58,"[""04"", ""48"", ""28"", ""17"", ""22"", ""33""]",04-48-28-17-22-33,2024-05-05,21:00,0,0,lottomatik,UL587545041
2DL-2PM,2D Lotto 2PM,"[""15"", ""23""]",15-23,2024-05-06,14:00,0,0,lottomatik,2DL7563558
3DL-2PM,3D Lotto 2PM,"[""1"", ""5"", ""6""]",1-5-6,2024-05-06,14:00,0,0,lottomatik,3DL7563559
2DL-5PM,2D Lotto 5PM,"[""18"", ""06""]",18-06,2024-05-06,17:00,0,0,lottomatik,2DL7563560
3DL-5PM,3D Lotto 5PM,"[""3"", ""6"", ""0""]",3-6-0,2024-05-06,17:00,0,0,lottomatik,3DL7563561
2DL-9PM,2D Lotto 9PM,"[""05"", ""11""]",05-11,2024-05-06,21:00,0,0,lottomatik,2DL7563566
3DL-9PM,3D Lotto 9PM,"[""0"", ""1"", ""3""]",0-1-3,2024-05-06,21:00,0,0,lottomatik,3DL7563565
4DL,4D Lotto,"[""6"", ""4"", ""2"", ""3""]",6-4-2-3,2024-05-06,21:00,0,0,lottomatik,4DL7563564
GL55,Grand Lotto 6/55,"[""36"", ""52"", ""29"", ""24"", ""28"", ""42""]",36-52-29-24-28-42,2024-05-06,21:00,0,0,lottomatik,GL557563563
ML45,Megalotto 6/45,"[""30"", ""09"", ""31"", ""02"", ""18"", ""06""]",30-09-31-02-18-06,2024-05-06,21:00,0,0,lottomatik,ML457563562
2DL-2PM,2D Lotto 2PM,"[""07"", ""20""]",07-20,2024-05-07,14:00,0,0,lottomatik,2DL7584439
3DL-2PM,3D Lotto 2PM,"[""8"", ""4"", ""6""]",8-4-6,2024-05-07,14:00,0,0,lottomatik,3DL7584440
2DL-5PM,2D Lotto 5PM,"[""13"", ""20""]",13-20,2024-05-07,17:00,0,0,lottomatik,2DL7584441
3DL-5PM,3D Lotto 5PM,"[""0"", ""3"", ""4""]",0-3-4,2024-05-07,17:00,0,0,lottomatik,3DL7584442
2DL-9PM,2D Lotto 9PM,"[""27"", ""14""]",27-14,2024-05-07,21:00,0,0,lottomatik,2DL7584448
3DL-9PM,3D Lotto 9PM,"[""4"", ""2"", ""5""]",4-2-5,2024-05-07,21:00,0,0,lottomatik,3DL7584447
6DL,6D Lotto,"[""2"", ""1"", ""8"", ""6"", ""4"", ""0""]",2-1-8-6-4-0,2024-05-07,21:00,0,0,lottomatik,6DL7584446
LOTTO42,Lotto 6/42,"[""25"", ""07"", ""05"", ""04"", ""09"", ""02""]",25-07-05-04-09-02,2024-05-07,21:00,0,0,lottomatik,LOTTO427584443
SL49,Superlotto 6/49,"[""40"", ""18"", ""07"", ""06"", ""24"", ""27""]",40-18-07-06-24-27,2024-05-07,21:00,0,0,lottomatik,SL497584445
UL58,Ultra Lotto 6/58,"[""35"", ""11"", ""09"", ""40"", ""55"", ""19""]",35-11-09-40-55-19,2024-05-07,21:00,0,0,lottomatik,UL587584444
2DL-2PM,2D Lotto 2PM,"[""15"", ""01""]",15-01,2024-05-08,14:00,0,0,lottomatik,2DL7588875
3DL-2PM,3D Lotto 2PM,"[""3"", ""2"", ""0""]",3-2-0,2024-05-08,14:00,0,0,lottomatik,3DL7588876
2DL-5PM,2D Lotto 5PM,"[""29"", ""13""]",29-13,2024-05-08,17:00,0,0,lottomatik,2DL7588877
3DL-5PM,3D Lotto 5PM,"[""2"", ""2"", ""9""]",2-2-9,2024-05-08,17:00,0,0,lottomatik,3DL7588878
2DL-9PM,2D Lotto 9PM,"[""17"", ""08""]",17-08,2024-05-08,21:00,0,0,lottomatik,2DL7588946
3DL-9PM,3D Lotto 9PM,"[""8"", ""7"", ""3""]",8-7-3,2024-05-08,21:00,0,0,lottomatik,3DL7588945
4DL,4D Lotto,"[""5"", ""8"", ""4"", ""1""]",5-8-4-1,2024-05-08,21:00,0,0,lottomatik,4DL7588944
GL55,Grand Lotto 6/55,"[""01"", ""39"", ""28"", ""20"", ""07"", ""27""]",01-39-28-20-07-27,2024-05-08,21:00,0,0,lottomatik,GL557588880
ML45,Megalotto 6/45,"[""04"", ""39"", ""14"", ""20"", ""28"", ""41""]",04-39-14-20-28-41,2024-05-08,21:00,0,0,lottomatik,ML457588879
2DL-2PM,2D Lotto 2PM,"[""18"", ""08""]",18-08,2024-05-09,14:00,0,0,lottomatik,2DL7589722
3DL-2PM,3D Lotto 2PM,"[""2"", ""3"", ""7""]",2-3-7,2024-05-09,14:00,0,0,lottomatik,3DL7589721
2DL-5PM,2D Lotto 5PM,"[""03"", ""28""]",03-28,2024-05-09,17:00,0,0,lottomatik,2DL7589723
3DL-5PM,3D Lotto 5PM,"[""0"", ""8"", ""6""]",0-8-6,2024-05-09,17:00,0,0,lottomatik,3DL7589724
2DL-9PM,2D Lotto 9PM,"[""01"", ""06""]",01-06,2024-05-09,21:00,0,0,lottomatik,2DL7589801
3DL-9PM,3D Lotto 9PM,"[""7"", ""4"", ""1""]",7-4-1,2024-05-09,21:00,0,0,lottomatik,3DL7589800
6DL,6D Lotto,"[""9"", ""9"", ""7"", ""4"", ""3"", ""9""]",9-9-7-4-3-9,2024-05-09,21:00,0,0,lottomatik,6DL7589799
LOTTO42,Lotto 6/42,"[""15"", ""06"", ""33"", ""18"", ""16"", ""13""]",15-06-33-18-16-13,2024-05-09,21:00,0,0,lottomatik,LOTTO427589726
SL49,Superlotto 6/49,"[""10"", ""13"", ""06"", ""09"", ""39"", ""04""]",10-13-06-09-39-04,2024-05-09,21:00,0,0,lottomatik,SL497589725
2DL-2PM,2D Lotto 2PM,"[""31"", ""16""]",31-16,2024-05-10,14:00,0,0,lottomatik,2DL7591494
3DL-2PM,3D Lotto 2PM,"[""2"", ""8"", ""9""]",2-8-9,2024-05-10,14:00,0,0,lottomatik,3DL7591495
2DL-5PM,2D Lotto 5PM,"[""31"", ""15""]",31-15,2024-05-10,17:00,0,0,lottomatik,2DL7591496
3DL-5PM,3D Lotto 5PM,"[""7"", ""7"", ""3""]",7-7-3,2024-05-10,17:00,0,0,lottomatik,3DL7591497
2DL-9PM,2D Lotto 9PM,"[""02"", ""16""]",02-16,2024-05-10,21:00,0,0,lottomatik,2DL7591583
3DL-9PM,3D Lotto 9PM,"[""0"", ""8"", ""3""]",0-8-3,2024-05-10,21:00,0,0,lottomatik,3DL7591582
4DL,4D Lotto,"[""8"", ""5"", ""5"", ""8""]",8-5-5-8,2024-05-10,21:00,0,0,lottomatik,4DL7591581
ML45,Megalotto 6/45,"[""19"", ""30"", ""37"", ""32"", ""03"", ""42""]",19-30-37-32-03-42,2024-05-10,21:00,0,0,lottomatik,ML457591579
UL58,Ultra Lotto 6/58,"[""51"", ""56"", ""06"", ""38"", ""54"", ""39""]",51-56-06-38-54-39,2024-05-10,21:00,0,0,lottomatik,UL587591580
2DL-2PM,2D Lotto 2PM,"[""20"", ""12""]",20-12,2024-05-11,14:00,0,0,lottomatik,2DL7593105
3DL-2PM,3D Lotto 2PM,"[""1"", ""6"", ""9""]",1-6-9,2024-05-11,14:00,0,0,lottomatik,3DL7593106
2DL-5PM,2D Lotto 5PM,"[""04"", ""28""]",04-28,2024-05-11,17:00,0,0,lottomatik,2DL7593107
3DL-5PM,3D Lotto 5PM,"[""7"", ""9"", ""7""]",7-9-7,2024-05-11,17:00,0,0,lottomatik,3DL7593108
2DL-9PM,2D Lotto 9PM,"[""20"", ""20""]",20-20,2024-05-11,21:00,0,0,lottomatik,2DL7593113
3DL-9PM,3D Lotto 9PM,"[""7"", ""2"", ""9""]",7-2-9,2024-05-11,21:00,0,0,lottomatik,3DL7593112
6DL,6D Lotto,"[""2"", ""4"", ""1"", ""7"", ""3"", ""9""]",2-4-1-7-3-9,2024-05-11,21:00,0,0,lottomatik,6DL7593111
GL55,Grand Lotto 6/55,"[""13"", ""39"", ""05"", ""33"", ""35"", ""11""]",13-39-05-33-35-11,2024-05-11,21:00,0,0,lottomatik,GL557593109
LOTTO42,Lotto 6/42,"[""10"", ""22"", ""14"", ""24"", ""17"", ""36""]",10-22-14-24-17-36,2024-05-11,21:00,0,0,lottomatik,LOTTO427593110
2DL-2PM,2D Lotto 2PM,"[""22"", ""12""]",22-12,2024-05-12,14:00,0,0,lottomatik,2DL7594491
3DL-2PM,3D Lotto 2PM,"[""8"", ""9"", ""5""]",8-9-5,2024-05-12,14:00,0,0,lottomatik,3DL7594492
2DL-5PM,2D Lotto 5PM,"[""03"", ""15""]",03-15,2024-05-12,17:00,0,0,lottomatik,2DL7594493
3DL-5PM,3D Lotto 5PM,"[""6"", ""8"", ""5""]",6-8-5,2024-05-12,17:00,0,0,lottomatik,3DL7594494
2DL-9PM,2D Lotto 9PM,"[""09"", ""23""]",09-23,2024-05-12,21:00,0,0,lottomatik,2DL7594597
3DL-9PM,3D Lotto 9PM,"[""0"", ""3"", ""7""]",0-3-7,2024-05-12,21:00,0,0,lottomatik,3DL7594596
SL49,Superlotto 6/49,"[""10"", ""18"", ""46"", ""41"", ""29"", ""36""]",10-18-46-41-29-36,2024-05-12,21:00,0,0,lottomatik,SL497594594
UL58,Ultra Lotto 6/58,"[""50"", ""56"", ""05"", ""44"", ""29"", ""53""]",50-56-05-44-29-53,2024-05-12,21:00,0,0,lottomatik,UL587594595
2DL-2PM,2D Lotto 2PM,"[""20"", ""01""]",20-01,2024-05-13,14:00,0,0,lottomatik,2DL7595775
3DL-2PM,3D Lotto 2PM,"[""3"", ""5"", ""4""]",3-5-4,2024-05-13,14:00,0,0,lottomatik,3DL7595776
2DL-5PM,2D Lotto 5PM,"[""23"", ""15""]",23-15,2024-05-13,17:00,0,0,lottomatik,2DL7595777
3DL-5PM,3D Lotto 5PM,"[""0"", ""3"", ""6""]",0-3-6,2024-05-13,17:00,0,0,lottomatik,3DL7595778
2DL-9PM,2D Lotto 9PM,"[""06"", ""30""]",06-30,2024-05-13,21:00,0,0,lottomatik,2DL7595890
3DL-9PM,3D Lotto 9PM,"[""6"", ""4"", ""5""]",6-4-5,2024-05-13,21:00,0,0,lottomatik,3DL7595889
4DL,4D Lotto,"[""3"", ""8"", ""9"", ""0""]",3-8-9-0,2024-05-13,21:00,0,0,lottomatik,4DL7595888
GL55,Grand Lotto 6/55,"[""11"", ""21"", ""29"", ""04"", ""53"", ""31""]",11-21-29-04-53-31,2024-05-13,21:00,0,0,lottomatik,GL557595887
ML45,Megalotto 6/45,"[""21"", ""35"", ""38"", ""34"", ""41"", ""44""]",21-35-38-34-41-44,2024-05-13,21:00,0,0,lottomatik,ML457595886
2DL-2PM,2D Lotto 2PM,"[""04"", ""30""]",04-30,2024-05-14,14:00,0,0,lottomatik,2DL7597390
3DL-2PM,3D Lotto 2PM,"[""9"", ""8"", ""7""]",9-8-7,2024-05-14,14:00,0,0,lottomatik,3DL7597391
2DL-5PM,2D Lotto 5PM,"[""26"", ""12""]",26-12,2024-05-14,17:00,0,0,lottomatik,2DL7597392
3DL-5PM,3D Lotto 5PM,"[""9"", ""8"", ""8""]",9-8-8,2024-05-14,17:00,0,0,lottomatik,3DL7597393
2DL-9PM,2D Lotto 9PM,"[""03"", ""21""]",03-21,2024-05-14,21:00,0,0,lottomatik,2DL7597399
3DL-9PM,3D Lotto 9PM,"[""1"", ""9"", ""2""]",1-9-2,2024-05-14,21:00,0,0,lottomatik,3DL7597398
6DL,6D Lotto,"[""9"", ""4"", ""4"", ""0"", ""5"", ""5""]",9-4-4-0-5-5,2024-05-14,21:00,0,0,lottomatik,6DL7597397
LOTTO42,Lotto 6/42,"[""26"", ""36"", ""39"", ""17"", ""19"", ""15""]",26-36-39-17-19-15,2024-05-14,21:00,0,0,lottomatik,LOTTO427597396
SL49,Superlotto 6/49,"[""28"", ""38"", ""25"", ""16"", ""04"", ""47""]",28-38-25-16-04-47,2024-05-14,21:00,0,0,lottomatik,SL497597394
UL58,Ultra Lotto 6/58,"[""54"", ""26"", ""48"", ""31"", ""30"", ""27""]",54-26-48-31-30-27,2024-05-14,21:00,0,0,lottomatik,UL587597395
2DL-2PM,2D Lotto 2PM,"[""08"", ""16""]",08-16,2024-05-15,14:00,0,0,lottomatik,2DL7599154
3DL-2PM,3D Lotto 2PM,"[""1"", ""4"", ""7""]",1-4-7,2024-05-15,14:00,0,0,lottomatik,3DL7599155
2DL-5PM,2D Lotto 5PM,"[""19"", ""27""]",19-27,2024-05-15,17:00,0,0,lottomatik,2DL7599156
3DL-5PM,3D Lotto 5PM,"[""4"", ""7"", ""0""]",4-7-0,2024-05-15,17:00,0,0,lottomatik,3DL7599157
2DL-9PM,2D Lotto 9PM,"[""24"", ""25""]",24-25,2024-05-15,21:00,0,0,lottomatik,2DL7599162
3DL-9PM,3D Lotto 9PM,"[""1"", ""1"", ""1""]",1-1-1,2024-05-15,21:00,0,0,lottomatik,3DL7599161
4DL,4D Lotto,"[""9"", ""6"", ""1"", ""1""]",9-6-1-1,2024-05-15,21:00,0,0,lottomatik,4DL7599160
GL55,Grand Lotto 6/55,"[""49"", ""53"", ""26"", ""41"", ""03"", ""17""]",49-53-26-41-03-17,2024-05-15,21:00,0,0,lottomatik,GL557599159
ML45,Megalotto 6/45,"[""17"", ""42"", ""21"", ""09"", ""32"", ""05""]",17-42-21-09-32-05,2024-05-15,21:00,0,0,lottomatik,ML457599158
2DL-2PM,2D Lotto 2PM,"[""22"", ""16""]",22-16,2024-05-16,14:00,0,0,lottomatik,2DL7601314
3DL-2PM,3D Lotto 2PM,"[""1"", ""5"", ""9""]",1-5-9,2024-05-16,14:00,0,0,lottomatik,3DL7601315
2DL-5PM,2D Lotto 5PM,"[""23"", ""08""]",23-08,2024-05-16,17:00,0,0,lottomatik,2DL7601316
3DL-5PM,3D Lotto 5PM,"[""1"", ""9"", ""4""]",1-9-4,2024-05-16,17:00,0,0,lottomatik,3DL7601317
2DL-9PM,2D Lotto 9PM,"[""08"", ""23""]",08-23,2024-05-16,21:00,0,0,lottomatik,2DL7601457
3DL-9PM,3D Lotto 9PM,"[""9"", ""6"", ""3""]",9-6-3,2024-05-16,21:00,0,0,lottomatik,3DL7601456
6DL,6D Lotto,"[""5"", ""5"", ""1"", ""7"", ""5"", ""8""]",5-5-1-7-5-8,2024-05-16,21:00,0,0,lottomatik,6DL7601455
LOTTO42,Lotto 6/42,"[""11"", ""23"", ""05"", ""22"", ""24"", ""03""]",11-23-05-22-24-03,2024-05-16,21:00,0,0,lottomatik,LOTTO427601454
SL49,Superlotto 6/49,"[""05"", ""15"", ""04"", ""49"", ""30"", ""27""]",05-15-04-49-30-27,2024-05-16,21:00,0,0,lottomatik,SL497601453
2DL-2PM,2D Lotto 2PM,"[""17"", ""16""]",17-16,2024-05-17,14:00,0,0,lottomatik,2DL7604320
3DL-2PM,3D Lotto 2PM,"[""1"", ""3"", ""0""]",1-3-0,2024-05-17,14:00,0,0,lottomatik,3DL7604321
2DL-5PM,2D Lotto 5PM,"[""19"", ""29""]",19-29,2024-05-17,17:00,0,0,lottomatik,2DL7604322
3DL-5PM,3D Lotto 5PM,"[""3"", ""1"", ""9""]",3-1-9,2024-05-17,17:00,0,0,lottomatik,3DL7604323
2DL-9PM,2D Lotto 9PM,"[""15"", ""13""]",15-13,2024-05-17,21:00,0,0,lottomatik,2DL7604472
3DL-9PM,3D Lotto 9PM,"[""5"", ""6"", ""4""]",5-6-4,2024-05-17,21:00,0,0,lottomatik,3DL7604471
4DL,4D Lotto,"[""0"", ""7"", ""0"", ""3""]",0-7-0-3,2024-05-17,21:00,0,0,lottomatik,4DL7604470
ML45,Megalotto 6/45,"[""15"", ""27"", ""13"", ""24"", ""01"", ""44""]",15-27-13-24-01-44,2024-05-17,21:00,0,0,lottomatik,ML457604468
UL58,Ultra Lotto 6/58,"[""16"", ""48"", ""44"", ""56"", ""46"", ""38""]",16-48-44-56-46-38,2024-05-17,21:00,0,0,lottomatik,UL587604469
2DL-2PM,2D Lotto 2PM,"[""05"", ""18""]",05-18,2024-05-18,14:00,0,0,lottomatik,2DL7606759
3DL-2PM,3D Lotto 2PM,"[""5"", ""1"", ""5""]",5-1-5,2024-05-18,14:00,0,0,lottomatik,3DL7606760
2DL-5PM,2D Lotto 5PM,"[""12"", ""20""]",12-20,2024-05-18,17:00,0,0,lottomatik,2DL7606761
3DL-5PM,3D Lotto 5PM,"[""0"", ""3"", ""9""]",0-3-9,2024-05-18,17:00,0,0,lottomatik,3DL7606762
2DL-9PM,2D Lotto 9PM,"[""31"", ""31""]",31-31,2024-05-18,21:00,0,0,lottomatik,2DL7606767
3DL-9PM,3D Lotto 9PM,"[""0"", ""5"", ""2""]",0-5-2,2024-05-18,21:00,0,0,lottomatik,3DL7606766
6DL,6D Lotto,"[""6"", ""1"", ""5"", ""7"", ""5"", ""3""]",6-1-5-7-5-3,2024-05-18,21:00,0,0,lottomatik,6DL7606765
GL55,Grand Lotto 6/55,"[""08"", ""16"", ""25"", ""44"", ""06"", ""34""]",08-16-25-44-06-34,2024-05-18,21:00,0,0,lottomatik,GL557606764
LOTTO42,Lotto 6/42,"[""36"", ""25"", ""39"", ""08"", ""24"", ""10""]",36-25-39-08-24-10,2024-05-18,21:00,0,0,lottomatik,LOTTO427606763
2DL-2PM,2D Lotto 2PM,"[""24"", ""26""]",24-26,2024-05-19,14:00,0,0,lottomatik,2DL7608847
3DL-2PM,3D Lotto 2PM,"[""6"", ""6"", ""6""]",6-6-6,2024-05-19,14:00,0,0,lottomatik,3DL7608848
2DL-5PM,2D Lotto 5PM,"[""17"", ""03""]",17-03,2024-05-19,17:00,0,0,lottomatik,2DL7608849
3DL-5PM,3D Lotto 5PM,"[""0"", ""8"", ""3""]",0-8-3,2024-05-19,17:00,0,0,lottomatik,3DL7608850
2DL-9PM,2D Lotto 9PM,"[""16"", ""24""]",16-24,2024-05-19,21:00,0,0,lottomatik,2DL7608854
3DL-9PM,3D Lotto 9PM,"[""3"", ""2"", ""7""]",3-2-7,2024-05-19,21:00,0,0,lottomatik,3DL7608853
SL49,Superlotto 6/49,"[""16"", ""18"", ""17"", ""44"", ""37"", ""45""]",16-18-17-44-37-45,2024-05-19,21:00,0,0,lottomatik,SL497608851
UL58,Ultra Lotto 6/58,"[""02"", ""56"", ""44"", ""24"", ""27"", ""40""]",02-56-44-24-27-40,2024-05-19,21:00,0,0,lottomatik,UL587608852
2DL-2PM,2D Lotto 2PM,"[""21"", ""16""]",21-16,2024-05-20,14:00,0,0,lottomatik,2DL7611899
3DL-2PM,3D Lotto 2PM,"[""2"", ""9"", ""1""]",2-9-1,2024-05-20,14:00,0,0,lottomatik,3DL7611900
2DL-5PM,2D Lotto 5PM,"[""10"", ""06""]",10-06,2024-05-20,17:00,0,0,lottomatik,2DL7611901
3DL-5PM,3D Lotto 5PM,"[""3"", ""0"", ""2""]",3-0-2,2024-05-20,17:00,0,0,lottomatik,3DL7611902
2DL-9PM,2D Lotto 9PM,"[""31"", ""13""]",31-13,2024-05-20,21:00,0,0,lottomatik,2DL7612247
3DL-9PM,3D Lotto 9PM,"[""4"", ""2"", ""1""]",4-2-1,2024-05-20,21:00,0,0,lottomatik,3DL7612246
4DL,4D Lotto,"[""2"", ""2"", ""4"", ""0""]",2-2-4-0,2024-05-20,21:00,0,0,lottomatik,4DL7612245
GL55,Grand Lotto 6/55,"[""17"", ""01"", ""34"", ""06"", ""50"", ""45""]",17-01-34-06-50-45,2024-05-20,21:00,0,0,lottomatik,GL557612073
ML45,Megalotto 6/45,"[""22"", ""25"", ""04"", ""45"", ""40"", ""30""]",22-25-04-45-40-30,2024-05-20,21:00,0,0,lottomatik,ML457612074
2DL-2PM,2D Lotto 2PM,"[""16"", ""06""]",16-06,2024-05-21,14:00,0,0,lottomatik,2DL7615103
3DL-2PM,3D Lotto 2PM,"[""6"", ""4"", ""9""]",6-4-9,2024-05-21,14:00,0,0,lottomatik,3DL7615104
2DL-5PM,2D Lotto 5PM,"[""29"", ""24""]",29-24,2024-05-21,17:00,0,0,lottomatik,2DL7615105
3DL-5PM,3D Lotto 5PM,"[""6"", ""3"", ""8""]",6-3-8,2024-05-21,17:00,0,0,lottomatik,3DL7615106
2DL-9PM,2D Lotto 9PM,"[""25"", ""22""]",25-22,2024-05-21,21:00,0,0,lottomatik,2DL7615291
3DL-9PM,3D Lotto 9PM,"[""8"", ""1"", ""9""]",8-1-9,2024-05-21,21:00,0,0,lottomatik,3DL7615290
6DL,6D Lotto,"[""3"", ""3"", ""1"", ""9"", ""4"", ""0""]",3-3-1-9-4-0,2024-05-21,21:00,0,0,lottomatik,6DL7615289
LOTTO42,Lotto 6/42,"[""34"", ""39"", ""11"", ""10"", ""36"", ""09""]",34-39-11-10-36-09,2024-05-21,21:00,0,0,lottomatik,LOTTO427615107
SL49,Superlotto 6/49,"[""19"", ""37"", ""31"", ""49"", ""41"", ""47""]",19-37-31-49-41-47,2024-05-21,21:00,0,0,lottomatik,SL497615108
UL58,Ultra Lotto 6/58,"[""46"", ""05"", ""13"", ""40"", ""01"", ""29""]",46-05-13-40-01-29,2024-05-21,21:00,0,0,lottomatik,UL587615288
2DL-2PM,2D Lotto 2PM,"[""26"", ""24""]",26-24,2024-05-22,14:00,0,0,lottomatik,2DL7617371
3DL-2PM,3D Lotto 2PM,"[""9"", ""0"", ""1""]",9-0-1,2024-05-22,14:00,0,0,lottomatik,3DL7617372
2DL-5PM,2D Lotto 5PM,"[""03"", ""04""]",03-04,2024-05-22,17:00,0,0,lottomatik,2DL7617373
3DL-5PM,3D Lotto 5PM,"[""2"", ""0"", ""0""]",2-0-0,2024-05-22,17:00,0,0,lottomatik,3DL7617374
2DL-9PM,2D Lotto 9PM,"[""12"", ""28""]",12-28,2024-05-22,21:00,0,0,lottomatik,2DL7617379
3DL-9PM,3D Lotto 9PM,"[""7"", ""1"", ""1""]",7-1-1,2024-05-22,21:00,0,0,lottomatik,3DL7617378
4DL,4D Lotto,"[""9"", ""6"", ""5"", ""7""]",9-6-5-7,2024-05-22,21:00,0,0,lottomatik,4DL7617377
GL55,Grand Lotto 6/55,"[""27"", ""29"", ""14"", ""24"", ""41"", ""20""]",27-29-14-24-41-20,2024-05-22,21:00,0,0,lottomatik,GL557617375
ML45,Megalotto 6/45,"[""11"", ""30"", ""21"", ""04"", ""22"", ""13""]",11-30-21-04-22-13,2024-05-22,21:00,0,0,lottomatik,ML457617376
2DL-2PM,2D Lotto 2PM,"[""26"", ""15""]",26-15,2024-05-23,14:00,0,0,lottomatik,2DL7620341
3DL-2PM,3D Lotto 2PM,"[""2"", ""6"", ""5""]",2-6-5,2024-05-23,14:00,0,0,lottomatik,3DL7620342
2DL-5PM,2D Lotto 5PM,"[""17"", ""07""]",17-07,2024-05-23,17:00,0,0,lottomatik,2DL7620343
3DL-5PM,3D Lotto 5PM,"[""4"", ""2"", ""1""]",4-2-1,2024-05-23,17:00,0,0,lottomatik,3DL7620344
2DL-9PM,2D Lotto 9PM,"[""27"", ""31""]",27-31,2024-05-23,21:00,0,0,lottomatik,2DL7620547
3DL-9PM,3D Lotto 9PM,"[""2"", ""0"", ""9""]",2-0-9,2024-05-23,21:00,0,0,lottomatik,3DL7620546
6DL,6D Lotto,"[""9"", ""4"", ""9"", ""6"", ""0"", ""9""]",9-4-9-6-0-9,2024-05-23,21:00,0,0,lottomatik,6DL7620545
LOTTO42,Lotto 6/42,"[""21"", ""24"", ""26"", ""29"", ""38"", ""37""]",21-24-26-29-38-37,2024-05-23,21:00,0,0,lottomatik,LOTTO427620345
SL49,Superlotto 6/49,"[""10"", ""12"", ""33"", ""24"", ""22"", ""07""]",10-12-33-24-22-07,2024-05-23,21:00,0,0,lottomatik,SL497620346
2DL-2PM,2D Lotto 2PM,"[""24"", ""01""]",24-01,2024-05-24,14:00,0,0,lottomatik,2DL7623023
3DL-2PM,3D Lotto 2PM,"[""4"", ""0"", ""4""]",4-0-4,2024-05-24,14:00,0,0,lottomatik,3DL7623024
2DL-5PM,2D Lotto 5PM,"[""24"", ""16""]",24-16,2024-05-24,17:00,0,0,lottomatik,2DL7623025
3DL-5PM,3D Lotto 5PM,"[""2"", ""1"", ""4""]",2-1-4,2024-05-24,17:00,0,0,lottomatik,3DL7623026
2DL-9PM,2D Lotto 9PM,"[""10"", ""25""]",10-25,2024-05-24,21:00,0,0,lottomatik,2DL7623445
3DL-9PM,3D Lotto 9PM,"[""1"", ""6"", ""4""]",1-6-4,2024-05-24,21:00,0,0,lottomatik,3DL7623444
4DL,4D Lotto,"[""8"", ""0"", ""3"", ""3""]",8-0-3-3,2024-05-24,21:00,0,0,lottomatik,4DL7623443
ML45,Megalotto 6/45,"[""39"", ""35"", ""30"", ""13"", ""06"", ""02""]",39-35-30-13-06-02,2024-05-24,21:00,0,0,lottomatik,ML457623234
UL58,Ultra Lotto 6/58,"[""06"", ""10"", ""33"", ""29"", ""41"", ""26""]",06-10-33-29-41-26,2024-05-24,21:00,0,0,lottomatik,UL587623235
2DL-2PM,2D Lotto 2PM,"[""02"", ""29""]",02-29,2024-05-25,14:00,0,0,lottomatik,2DL7626902
3DL-2PM,3D Lotto 2PM,"[""3"", ""3"", ""0""]",3-3-0,2024-05-25,14:00,0,0,lottomatik,3DL7626903
2DL-5PM,2D Lotto 5PM,"[""01"", ""29""]",01-29,2024-05-25,17:00,0,0,lottomatik,2DL7626904
3DL-5PM,3D Lotto 5PM,"[""5"", ""2"", ""4""]",5-2-4,2024-05-25,17:00,0,0,lottomatik,3DL7626905
2DL-9PM,2D Lotto 9PM,"[""26"", ""14""]",26-14,2024-05-25,21:00,0,0,lottomatik,2DL7627126
3DL-9PM,3D Lotto 9PM,"[""1"", ""2"", ""7""]",1-2-7,2024-05-25,21:00,0,0,lottomatik,3DL7627125
6DL,6D Lotto,"[""5"", ""0"", ""6"", ""4"", ""4"", ""8""]",5-0-6-4-4-8,2024-05-25,21:00,0,0,lottomatik,6DL7627124
GL55,Grand Lotto 6/55,"[""49"", ""43"", ""26"", ""03"", ""21"", ""50""]",49-43-26-03-21-50,2024-05-25,21:00,0,0,lottomatik,GL557626907
LOTTO42,Lotto 6/42,"[""03"", ""39"", ""20"", ""36"", ""17"", ""35""]",03-39-20-36-17-35,2024-05-25,21:00,0,0,lottomatik,LOTTO427626906
2DL-2PM,2D Lotto 2PM,"[""27"", ""26""]",27-26,2024-05-26,14:00,0,0,lottomatik,2DL7630043
3DL-2PM,3D Lotto 2PM,"[""4"", ""1"", ""9""]",4-1-9,2024-05-26,14:00,0,0,lottomatik,3DL7630044
2DL-5PM,2D Lotto 5PM,"[""31"", ""18""]",31-18,2024-05-26,17:00,0,0,lottomatik,2DL7630045
3DL-5PM,3D Lotto 5PM,"[""9"", ""9"", ""9""]",9-9-9,2024-05-26,17:00,0,0,lottomatik,3DL7630046
2DL-9PM,2D Lotto 9PM,"[""20"", ""03""]",20-03,2024-05-26,21:00,0,0,lottomatik,2DL7630500
3DL-9PM,3D Lotto 9PM,"[""7"", ""3"", ""5""]",7-3-5,2024-05-26,21:00,0,0,lottomatik,3DL7630499
SL49,Superlotto 6/49,"[""34"", ""49"", ""01"", ""39"", ""43"", ""46""]",34-49-01-39-43-46,2024-05-26,21:00,0,0,lottomatik,SL497630272
UL58,Ultra Lotto 6/58,"[""56"", ""21"", ""44"", ""25"", ""49"", ""58""]",56-21-44-25-49-58,2024-05-26,21:00,0,0,lottomatik,UL587630273
2DL-2PM,2D Lotto 2PM,"[""05"", ""19""]",05-19,2024-05-27,14:00,0,0,lottomatik,2DL7634446
3DL-2PM,3D Lotto 2PM,"[""3"", ""7"", ""9""]",3-7-9,2024-05-27,14:00,0,0,lottomatik,3DL7634447
2DL-5PM,2D Lotto 5PM,"[""28"", ""30""]",28-30,2024-05-27,17:00,0,0,lottomatik,2DL7634448
3DL-5PM,3D Lotto 5PM,"[""9"", ""6"", ""8""]",9-6-8,2024-05-27,17:00,0,0,lottomatik,3DL7634449
2DL-9PM,2D Lotto 9PM,"[""27"", ""23""]",27-23,2024-05-27,21:00,0,0,lottomatik,2DL7634454
3DL-9PM,3D Lotto 9PM,"[""3"", ""5"", ""5""]",3-5-5,2024-05-27,21:00,0,0,lottomatik,3DL7634453
4DL,4D Lotto,"[""2"", ""4"", ""8"", ""2""]",2-4-8-2,2024-05-27,21:00,0,0,lottomatik,4DL7634452
GL55,Grand Lotto 6/55,"[""13"", ""53"", ""24"", ""51"", ""38"", ""31""]",13-53-24-51-38-31,2024-05-27,21:00,0,0,lottomatik,GL557634451
ML45,Megalotto 6/45,"[""40"", ""42"", ""18"", ""28"", ""35"", ""23""]",40-42-18-28-35-23,2024-05-27,21:00,0,0,lottomatik,ML457634450
2DL-2PM,2D Lotto 2PM,"[""10"", ""22""]",10-22,2024-05-28,14:00,0,0,lottomatik,2DL7637834
3DL-2PM,3D Lotto 2PM,"[""9"", ""7"", ""3""]",9-7-3,2024-05-28,14:00,0,0,lottomatik,3DL7637835
2DL-5PM,2D Lotto 5PM,"[""19"", ""21""]",19-21,2024-05-28,17:00,0,0,lottomatik,2DL7637836
3DL-5PM,3D Lotto 5PM,"[""9"", ""4"", ""4""]",9-4-4,2024-05-28,17:00,0,0,lottomatik,3DL7637837
2DL-9PM,2D Lotto 9PM,"[""29"", ""10""]",29-10,2024-05-28,21:00,0,0,lottomatik,2DL7637843
3DL-9PM,3D Lotto 9PM,"[""5"", ""9"", ""5""]",5-9-5,2024-05-28,21:00,0,0,lottomatik,3DL7637842
6DL,6D Lotto,"[""5"", ""2"", ""6"", ""8"", ""6"", ""1""]",5-2-6-8-6-1,2024-05-28,21:00,0,0,lottomatik,6DL7637841
LOTTO42,Lotto 6/42,"[""33"", ""07"", ""12"", ""38"", ""09"", ""01""]",33-07-12-38-09-01,2024-05-28,21:00,0,0,lottomatik,LOTTO427637838
SL49,Superlotto 6/49,"[""45"", ""14"", ""15"", ""30"", ""23"", ""35""]",45-14-15-30-23-35,2024-05-28,21:00,0,0,lottomatik,SL497637839
UL58,Ultra Lotto 6/58,"[""16"", ""47"", ""40"", ""14"", ""21"", ""22""]",16-47-40-14-21-22,2024-05-28,21:00,0,0,lottomatik,UL587637840
2DL-2PM,2D Lotto 2PM,"[""29"", ""18""]",29-18,2024-05-29,14:00,0,0,lottomatik,2DL7640112
3DL-2PM,3D Lotto 2PM,"[""9"", ""0"", ""8""]",9-0-8,2024-05-29,14:00,0,0,lottomatik,3DL7640113
2DL-5PM,2D Lotto 5PM,"[""25"", ""24""]",25-24,2024-05-29,17:00,0,0,lottomatik,2DL7640114
3DL-5PM,3D Lotto 5PM,"[""2"", ""1"", ""1""]",2-1-1,2024-05-29,17:00,0,0,lottomatik,3DL7640115
2DL-9PM,2D Lotto 9PM,"[""30"", ""25""]",30-25,2024-05-29,21:00,0,0,lottomatik,2DL7640120
3DL-9PM,3D Lotto 9PM,"[""7"", ""9"", ""3""]",7-9-3,2024-05-29,21:00,0,0,lottomatik,3DL7640119
4DL,4D Lotto,"[""1"", ""1"", ""6"", ""9""]",1-1-6-9,2024-05-29,21:00,0,0,lottomatik,4DL7640118
GL55,Grand Lotto 6/55,"[""19"", ""39"", ""20"", ""24"", ""25"", ""27""]",19-39-20-24-25-27,2024-05-29,21:00,0,0,lottomatik,GL557640117
ML45,Megalotto 6/45,"[""14"", ""32"", ""41"", ""43"", ""17"", ""09""]",14-32-41-43-17-09,2024-05-29,21:00,0,0,lottomatik,ML457640116
2DL-2PM,2D Lotto 2PM,"[""21"", ""15""]",21-15,2024-05-30,14:00,0,0,lottomatik,2DL7643244
3DL-2PM,3D Lotto 2PM,"[""4"", ""7"", ""5""]",4-7-5,2024-05-30,14:00,0,0,lottomatik,3DL7643245
2DL-5PM,2D Lotto 5PM,"[""10"", ""28""]",10-28,2024-05-30,17:00,0,0,lottomatik,2DL7643246
3DL-5PM,3D Lotto 5PM,"[""9"", ""7"", ""8""]",9-7-8,2024-05-30,17:00,0,0,lottomatik,3DL7643247
2DL-9PM,2D Lotto 9PM,"[""18"", ""09""]",18-09,2024-05-30,21:00,0,0,lottomatik,2DL7643513
3DL-9PM,3D Lotto 9PM,"[""4"", ""2"", ""4""]",4-2-4,2024-05-30,21:00,0,0,lottomatik,3DL7643512
6DL,6D Lotto,"[""0"", ""0"", ""3"", ""2"", ""0"", ""3""]",0-0-3-2-0-3,2024-05-30,21:00,0,0,lottomatik,6DL7643511
LOTTO42,Lotto 6/42,"[""33"", ""22"", ""21"", ""04"", ""34"", ""32""]",33-22-21-04-34-32,2024-05-30,21:00,0,0,lottomatik,LOTTO427643509
SL49,Superlotto 6/49,"[""29"", ""34"", ""47"", ""27"", ""46"", ""15""]",29-34-47-27-46-15,2024-05-30,21:00,0,0,lottomatik,SL497643510
2DL-2PM,2D Lotto 2PM,"[""23"", ""09""]",23-09,2024-05-31,14:00,0,0,lottomatik,2DL7648365
3DL-2PM,3D Lotto 2PM,"[""1"", ""3"", ""7""]",1-3-7,2024-05-31,14:00,0,0,lottomatik,3DL7648366
2DL-5PM,2D Lotto 5PM,"[""22"", ""01""]",22-01,2024-05-31,17:00,0,0,lottomatik,2DL7648367
3DL-5PM,3D Lotto 5PM,"[""2"", ""5"", ""4""]",2-5-4,2024-05-31,17:00,0,0,lottomatik,3DL7648368
2DL-9PM,2D Lotto 9PM,"[""10"", ""14""]",10-14,2024-05-31,21:00,0,0,lottomatik,2DL7648373
3DL-9PM,3D Lotto 9PM,"[""6"", ""6"", ""6""]",6-6-6,2024-05-31,21:00,0,0,lottomatik,3DL7648372
4DL,4D Lotto,"[""3"", ""9"", ""7"", ""9""]",3-9-7-9,2024-05-31,21:00,0,0,lottomatik,4DL7648371
ML45,Megalotto 6/45,"[""43"", ""21"", ""18"", ""29"", ""10"", ""20""]",43-21-18-29-10-20,2024-05-31,21:00,0,0,lottomatik,ML457648369
UL58,Ultra Lotto 6/58,"[""36"", ""08"", ""40"", ""47"", ""55"", ""17""]",36-08-40-47-55-17,2024-05-31,21:00,0,0,lottomatik,UL587648370
2DL-2PM,2D Lotto 2PM,"[""10"", ""21""]",10-21,2024-06-01,14:00,0,0,lottomatik,2DL7649760
3DL-2PM,3D Lotto 2PM,"[""7"", ""1"", ""1""]",7-1-1,2024-06-01,14:00,0,0,lottomatik,3DL7649761
2DL-5PM,2D Lotto 5PM,"[""23"", ""15""]",23-15,2024-06-01,17:00,0,0,lottomatik,2DL7649762
3DL-5PM,3D Lotto 5PM,"[""0"", ""3"", ""5""]",0-3-5,2024-06-01,17:00,0,0,lottomatik,3DL7649763
2DL-9PM,2D Lotto 9PM,"[""30"", ""09""]",30-09,2024-06-01,21:00,0,0,lottomatik,2DL7649768
3DL-9PM,3D Lotto 9PM,"[""2"", ""8"", ""4""]",2-8-4,2024-06-01,21:00,0,0,lottomatik,3DL7649767
6DL,6D Lotto,"[""7"", ""0"", ""8"", ""3"", ""0"", ""2""]",7-0-8-3-0-2,2024-06-01,21:00,0,0,lottomatik,6DL7649766
GL55,Grand Lotto 6/55,"[""36"", ""50"", ""29"", ""02"", ""13"", ""46""]",36-50-29-02-13-46,2024-06-01,21:00,0,0,lottomatik,GL557649765
LOTTO42,Lotto 6/42,"[""22"", ""25"", ""36"", ""16"", ""06"", ""02""]",22-25-36-16-06-02,2024-06-01,21:00,0,0,lottomatik,LOTTO427649764
2DL-2PM,2D Lotto 2PM,"[""13"", ""09""]",13-09,2024-06-02,14:00,0,0,lottomatik,2DL7656105
3DL-2PM,3D Lotto 2PM,"[""2"", ""3"", ""0""]",2-3-0,2024-06-02,14:00,0,0,lottomatik,3DL7656106
2DL-5PM,2D Lotto 5PM,"[""19"", ""20""]",19-20,2024-06-02,17:00,0,0,lottomatik,2DL7656107
3DL-5PM,3D Lotto 5PM,"[""5"", ""8"", ""5""]",5-8-5,2024-06-02,17:00,0,0,lottomatik,3DL7656108
2DL-9PM,2D Lotto 9PM,"[""02"", ""13""]",02-13,2024-06-02,21:00,0,0,lottomatik,2DL7656112
3DL-9PM,3D Lotto 9PM,"[""8"", ""5"", ""7""]",8-5-7,2024-06-02,21:00,0,0,lottomatik,3DL7656111
SL49,Superlotto 6/49,"[""15"", ""40"", ""08"", ""17"", ""41"", ""29""]",15-40-08-17-41-29,2024-06-02,21:00,0,0,lottomatik,SL497656109
UL58,Ultra Lotto 6/58,"[""12"", ""42"", ""19"", ""58"", ""01"", ""26""]",12-42-19-58-01-26,2024-06-02,21:00,0,0,lottomatik,UL587656110
2DL-2PM,2D Lotto 2PM,"[""24"", ""07""]",24-07,2024-06-03,14:00,0,0,lottomatik,2DL7659961
3DL-2PM,3D Lotto 2PM,"[""5"", ""8"", ""5""]",5-8-5,2024-06-03,14:00,0,0,lottomatik,3DL7659962
2DL-5PM,2D Lotto 5PM,"[""23"", ""20""]",23-20,2024-06-03,17:00,0,0,lottomatik,2DL7659963
3DL-5PM,3D Lotto 5PM,"[""5"", ""2"", ""0""]",5-2-0,2024-06-03,17:00,0,0,lottomatik,3DL7659964
2DL-9PM,2D Lotto 9PM,"[""15"", ""29""]",15-29,2024-06-03,21:00,0,0,lottomatik,2DL7659969
3DL-9PM,3D Lotto 9PM,"[""7"", ""2"", ""5""]",7-2-5,2024-06-03,21:00,0,0,lottomatik,3DL7659968
4DL,4D Lotto,"[""0"", ""4"", ""8"", ""2""]",0-4-8-2,2024-06-03,21:00,0,0,lottomatik,4DL7659967
GL55,Grand Lotto 6/55,"[""35"", ""54"", ""05"", ""41"", ""06"", ""22""]",35-54-05-41-06-22,2024-06-03,21:00,0,0,lottomatik,GL557659966
ML45,Megalotto 6/45,"[""33"", ""01"", ""43"", ""04"", ""27"", ""25""]",33-01-43-04-27-25,2024-06-03,21:00,0,0,lottomatik,ML457659965
2DL-2PM,2D Lotto 2PM,"[""22"", ""20""]",22-20,2024-06-04,14:00,0,0,lottomatik,2DL7664240
3DL-2PM,3D Lotto 2PM,"[""4"", ""7"", ""2""]",4-7-2,2024-06-04,14:00,0,0,lottomatik,3DL7664241
2DL-5PM,2D Lotto 5PM,"[""29"", ""29""]",29-29,2024-06-04,17:00,0,0,lottomatik,2DL7664242
3DL-5PM,3D Lotto 5PM,"[""0"", ""3"", ""0""]",0-3-0,2024-06-04,17:00,0,0,lottomatik,3DL7664243
2DL-9PM,2D Lotto 9PM,"[""08"", ""12""]",08-12,2024-06-04,21:00,0,0,lottomatik,2DL7664554
3DL-9PM,3D Lotto 9PM,"[""8"", ""8"", ""3""]",8-8-3,2024-06-04,21:00,0,0,lottomatik,3DL7664553
6DL,6D Lotto,"[""5"", ""9"", ""6"", ""6"", ""6"", ""2""]",5-9-6-6-6-2,2024-06-04,21:00,0,0,lottomatik,6DL7664552
LOTTO42,Lotto 6/42,"[""16"", ""42"", ""41"", ""11"", ""38"", ""33""]",16-42-41-11-38-33,2024-06-04,21:00,0,0,lottomatik,LOTTO427664549
SL49,Superlotto 6/49,"[""34"", ""09"", ""29"", ""04"", ""28"", ""21""]",34-09-29-04-28-21,2024-06-04,21:00,0,0,lottomatik,SL497664550
UL58,Ultra Lotto 6/58,"[""02"", ""47"", ""04"", ""25"", ""21"", ""41""]",02-47-04-25-21-41,2024-06-04,21:00,0,0,lottomatik,UL587664551
2DL-2PM,2D Lotto 2PM,"[""29"", ""19""]",29-19,2024-06-05,14:00,0,0,lottomatik,2DL7669585
3DL-2PM,3D Lotto 2PM,"[""9"", ""6"", ""5""]",9-6-5,2024-06-05,14:00,0,0,lottomatik,3DL7669586
2DL-5PM,2D Lotto 5PM,"[""01"", ""28""]",01-28,2024-06-05,17:00,0,0,lottomatik,2DL7669587
3DL-5PM,3D Lotto 5PM,"[""8"", ""0"", ""0""]",8-0-0,2024-06-05,17:00,0,0,lottomatik,3DL7669588
2DL-9PM,2D Lotto 9PM,"[""11"", ""04""]",11-04,2024-06-05,21:00,0,0,lottomatik,2DL7669908
3DL-9PM,3D Lotto 9PM,"[""7"", ""8"", ""7""]",7-8-7,2024-06-05,21:00,0,0,lottomatik,3DL7669907
4DL,4D Lotto,"[""1"", ""2"", ""9"", ""1""]",1-2-9-1,2024-06-05,21:00,0,0,lottomatik,4DL7669906
GL55,Grand Lotto 6/55,"[""49"", ""29"", ""45"", ""35"", ""08"", ""11""]",49-29-45-35-08-11,2024-06-05,21:00,0,0,lottomatik,GL557669905
ML45,Megalotto 6/45,"[""40"", ""31"", ""16"", ""45"", ""23"", ""02""]",40-31-16-45-23-02,2024-06-05,21:00,0,0,lottomatik,ML457669904
2DL-2PM,2D Lotto 2PM,"[""23"", ""08""]",23-08,2024-06-06,14:00,0,0,lottomatik,2DL7676047
3DL-2PM,3D Lotto 2PM,"[""5"", ""1"", ""4""]",5-1-4,2024-06-06,14:00,0,0,lottomatik,3DL7676048
2DL-5PM,2D Lotto 5PM,"[""18"", ""20""]",18-20,2024-06-06,17:00,0,0,lottomatik,2DL7676049
3DL-5PM,3D Lotto 5PM,"[""0"", ""1"", ""0""]",0-1-0,2024-06-06,17:00,0,0,lottomatik,3DL7676050
2DL-9PM,2D Lotto 9PM,"[""30"", ""05""]",30-05,2024-06-06,21:00,0,0,lottomatik,2DL7676379
3DL-9PM,3D Lotto 9PM,"[""0"", ""7"", ""6""]",0-7-6,2024-06-06,21:00,0,0,lottomatik,3DL7676378
6DL,6D Lotto,"[""4"", ""9"", ""2"", ""3"", ""5"", ""6""]",4-9-2-3-5-6,2024-06-06,21:00,0,0,lottomatik,6DL7676377
LOTTO42,Lotto 6/42,"[""05"", ""17"", ""23"", ""22"", ""25"", ""13""]",05-17-23-22-25-13,2024-06-06,21:00,0,0,lottomatik,LOTTO427676375
SL49,Superlotto 6/49,"[""18"", ""03"", ""13"", ""35"", ""30"", ""27""]",18-03-13-35-30-27,2024-06-06,21:00,0,0,lottomatik,SL497676376
2DL-2PM,2D Lotto 2PM,"[""30"", ""03""]",30-03,2024-06-07,14:00,0,0,lottomatik,2DL7680700
3DL-2PM,3D Lotto 2PM,"[""3"", ""2"", ""0""]",3-2-0,2024-06-07,14:00,0,0,lottomatik,3DL7680701
2DL-5PM,2D Lotto 5PM,"[""19"", ""29""]",19-29,2024-06-07,17:00,0,0,lottomatik,2DL7680702
3DL-5PM,3D Lotto 5PM,"[""8"", ""6"", ""0""]",8-6-0,2024-06-07,17:00,0,0,lottomatik,3DL7680703
2DL-9PM,2D Lotto 9PM,"[""16"", ""24""]",16-24,2024-06-07,21:00,0,0,lottomatik,2DL7681041
3DL-9PM,3D Lotto 9PM,"[""2"", ""7"", ""4""]",2-7-4,2024-06-07,21:00,0,0,lottomatik,3DL7681040
4DL,4D Lotto,"[""8"", ""6"", ""5"", ""2""]",8-6-5-2,2024-06-07,21:00,0,0,lottomatik,4DL7681039
ML45,Megalotto 6/45,"[""45"", ""35"", ""11"", ""07"", ""38"", ""23""]",45-35-11-07-38-23,2024-06-07,21:00,0,0,lottomatik,ML457680704
UL58,Ultra Lotto 6/58,"[""13"", ""21"", ""11"", ""14"", ""40"", ""37""]",13-21-11-14-40-37,2024-06-07,21:00,0,0,lottomatik,UL587681038
2DL-2PM,2D Lotto 2PM,"[""23"", ""15""]",23-15,2024-06-08,14:00,0,0,lottomatik,2DL7684796
3DL-2PM,3D Lotto 2PM,"[""5"", ""1"", ""0""]",5-1-0,2024-06-08,14:00,0,0,lottomatik,3DL7684795
2DL-5PM,2D Lotto 5PM,"[""01"", ""16""]",01-16,2024-06-08,17:00,0,0,lottomatik,2DL7684797
3DL-5PM,3D Lotto 5PM,"[""8"", ""5"", ""6""]",8-5-6,2024-06-08,17:00,0,0,lottomatik,3DL7684798
2DL-9PM,2D Lotto 9PM,"[""28"", ""09""]",28-09,2024-06-08,21:00,0,0,lottomatik,2DL7685145
3DL-9PM,3D Lotto 9PM,"[""7"", ""0"", ""9""]",7-0-9,2024-06-08,21:00,0,0,lottomatik,3DL7685144
6DL,6D Lotto,"[""4"", ""9"", ""4"", ""2"", ""0"", ""0""]",4-9-4-2-0-0,2024-06-08,21:00,0,0,lottomatik,6DL7685143
GL55,Grand Lotto 6/55,"[""16"", ""34"", ""24"", ""15"", ""11"", ""21""]",16-34-24-15-11-21,2024-06-08,21:00,0,0,lottomatik,GL557684799
LOTTO42,Lotto 6/42,"[""27"", ""22"", ""35"", ""33"", ""21"", ""36""]",27-22-35-33-21-36,2024-06-08,21:00,0,0,lottomatik,LOTTO427685142
2DL-2PM,2D Lotto 2PM,"[""12"", ""04""]",12-04,2024-06-09,14:00,0,0,lottomatik,2DL7691104
3DL-2PM,3D Lotto 2PM,"[""5"", ""7"", ""4""]",5-7-4,2024-06-09,14:00,0,0,lottomatik,3DL7691105
2DL-5PM,2D Lotto 5PM,"[""13"", ""20""]",13-20,2024-06-09,17:00,0,0,lottomatik,2DL7691106
3DL-5PM,3D Lotto 5PM,"[""9"", ""1"", ""7""]",9-1-7,2024-06-09,17:00,0,0,lottomatik,3DL7691107
2DL-9PM,2D Lotto 9PM,"[""21"", ""15""]",21-15,2024-06-09,21:00,0,0,lottomatik,2DL7691462
3DL-9PM,3D Lotto 9PM,"[""1"", ""0"", ""8""]",1-0-8,2024-06-09,21:00,0,0,lottomatik,3DL7691461
SL49,Superlotto 6/49,"[""17"", ""13"", ""46"", ""41"", ""10"", ""19""]",17-13-46-41-10-19,2024-06-09,21:00,0,0,lottomatik,SL497691459
UL58,Ultra Lotto 6/58,"[""49"", ""32"", ""02"", ""03"", ""04"", ""34""]",49-32-02-03-04-34,2024-06-09,21:00,0,0,lottomatik,UL587691460
2DL-2PM,2D Lotto 2PM,"[""03"", ""29""]",03-29,2024-06-10,14:00,0,0,lottomatik,2DL7697550
3DL-2PM,3D Lotto 2PM,"[""4"", ""2"", ""6""]",4-2-6,2024-06-10,14:00,0,0,lottomatik,3DL7697551
2DL-5PM,2D Lotto 5PM,"[""27"", ""20""]",27-20,2024-06-10,17:00,0,0,lottomatik,2DL7697552
3DL-5PM,3D Lotto 5PM,"[""6"", ""9"", ""1""]",6-9-1,2024-06-10,17:00,0,0,lottomatik,3DL7697553
2DL-9PM,2D Lotto 9PM,"[""12"", ""29""]",12-29,2024-06-10,21:00,0,0,lottomatik,2DL7697917
3DL-9PM,3D Lotto 9PM,"[""9"", ""3"", ""1""]",9-3-1,2024-06-10,21:00,0,0,lottomatik,3DL7697916
4DL,4D Lotto,"[""5"", ""8"", ""5"", ""6""]",5-8-5-6,2024-06-10,21:00,0,0,lottomatik,4DL7697915
GL55,Grand Lotto 6/55,"[""35"", ""06"", ""04"", ""32"", ""48"", ""28""]",35-06-04-32-48-28,2024-06-10,21:00,0,0,lottomatik,GL557697914
ML45,Megalotto 6/45,"[""16"", ""35"", ""11"", ""31"", ""21"", ""44""]",16-35-11-31-21-44,2024-06-10,21:00,0,0,lottomatik,ML457697913
2DL-2PM,2D Lotto 2PM,"[""13"", ""21""]",13-21,2024-06-11,14:00,0,0,lottomatik,2DL7704533
3DL-2PM,3D Lotto 2PM,"[""4"", ""6"", ""2""]",4-6-2,2024-06-11,14:00,0,0,lottomatik,3DL7704534
2DL-5PM,2D Lotto 5PM,"[""11"", ""20""]",11-20,2024-06-11,17:00,0,0,lottomatik,2DL7704535
3DL-5PM,3D Lotto 5PM,"[""7"", ""8"", ""6""]",7-8-6,2024-06-11,17:00,0,0,lottomatik,3DL7704536
2DL-9PM,2D Lotto 9PM,"[""14"", ""20""]",14-20,2024-06-11,21:00,0,0,lottomatik,2DL7704910
3DL-9PM,3D Lotto 9PM,"[""4"", ""5"", ""0""]",4-5-0,2024-06-11,21:00,0,0,lottomatik,3DL7704909
6DL,6D Lotto,"[""2"", ""6"", ""9"", ""3"", ""1"", ""7""]",2-6-9-3-1-7,2024-06-11,21:00,0,0,lottomatik,6DL7704908
LOTTO42,Lotto 6/42,"[""31"", ""24"", ""07"", ""27"", ""26"", ""08""]",31-24-07-27-26-08,2024-06-11,21:00,0,0,lottomatik,LOTTO427704537
SL49,Superlotto 6/49,"[""35"", ""46"", ""40"", ""13"", ""03"", ""14""]",35-46-40-13-03-14,2024-06-11,21:00,0,0,lottomatik,SL497704906
UL58,Ultra Lotto 6/58,"[""39"", ""23"", ""50"", ""48"", ""55"", ""37""]",39-23-50-48-55-37,2024-06-11,21:00,0,0,lottomatik,UL587704907
2DL-2PM,2D Lotto 2PM,"[""17"", ""22""]",17-22,2024-06-12,14:00,0,0,lottomatik,2DL7710581
3DL-2PM,3D Lotto 2PM,"[""8"", ""3"", ""7""]",8-3-7,2024-06-12,14:00,0,0,lottomatik,3DL7710582
2DL-5PM,2D Lotto 5PM,"[""26"", ""04""]",26-04,2024-06-12,17:00,0,0,lottomatik,2DL7710583
3DL-5PM,3D Lotto 5PM,"[""7"", ""6"", ""0""]",7-6-0,2024-06-12,17:00,0,0,lottomatik,3DL7710584
2DL-9PM,2D Lotto 9PM,"[""08"", ""31""]",08-31,2024-06-12,21:00,0,0,lottomatik,2DL7710967
3DL-9PM,3D Lotto 9PM,"[""3"", ""3"", ""2""]",3-3-2,2024-06-12,21:00,0,0,lottomatik,3DL7710966
GL55,Grand Lotto 6/55,"[""25"", ""21"", ""23"", ""10"", ""36"", ""42""]",25-21-23-10-36-42,2024-06-12,21:00,0,0,lottomatik,GL557710964
ML45,Megalotto 6/45,"[""07"", ""40"", ""25"", ""08"", ""30"", ""39""]",07-40-25-08-30-39,2024-06-12,21:00,0,0,lottomatik,ML457710963
2DL-2PM,2D Lotto 2PM,"[""06"", ""16""]",06-16,2024-06-13,14:00,0,0,lottomatik,2DL7715990
3DL-2PM,3D Lotto 2PM,"[""9"", ""2"", ""1""]",9-2-1,2024-06-13,14:00,0,0,lottomatik,3DL7715991
2DL-5PM,2D Lotto 5PM,"[""27"", ""18""]",27-18,2024-06-13,17:00,0,0,lottomatik,2DL7715992
3DL-5PM,3D Lotto 5PM,"[""6"", ""5"", ""7""]",6-5-7,2024-06-13,17:00,0,0,lottomatik,3DL7715993
2DL-9PM,2D Lotto 9PM,"[""03"", ""14""]",03-14,2024-06-13,21:00,0,0,lottomatik,2DL7716772
3DL-9PM,3D Lotto 9PM,"[""0"", ""7"", ""1""]",0-7-1,2024-06-13,21:00,0,0,lottomatik,3DL7716771
6DL,6D Lotto,"[""6"", ""8"", ""8"", ""4"", ""0"", ""1""]",6-8-8-4-0-1,2024-06-13,21:00,0,0,lottomatik,6DL7716770
LOTTO42,Lotto 6/42,"[""09"", ""37"", ""28"", ""06"", ""11"", ""30""]",09-37-28-06-11-30,2024-06-13,21:00,0,0,lottomatik,LOTTO427716381
SL49,Superlotto 6/49,"[""03"", ""33"", ""11"", ""13"", ""26"", ""17""]",03-33-11-13-26-17,2024-06-13,21:00,0,0,lottomatik,SL497716769
2DL-2PM,2D Lotto 2PM,"[""29"", ""01""]",29-01,2024-06-14,14:00,0,0,lottomatik,2DL7723091
3DL-2PM,3D Lotto 2PM,"[""2"", ""1"", ""8""]",2-1-8,2024-06-14,14:00,0,0,lottomatik,3DL7723092
2DL-5PM,2D Lotto 5PM,"[""11"", ""28""]",11-28,2024-06-14,17:00,0,0,lottomatik,2DL7723093
3DL-5PM,3D Lotto 5PM,"[""1"", ""7"", ""6""]",1-7-6,2024-06-14,17:00,0,0,lottomatik,3DL7723094
2DL-9PM,2D Lotto 9PM,"[""10"", ""27""]",10-27,2024-06-14,21:00,0,0,lottomatik,2DL7723891
3DL-9PM,3D Lotto 9PM,"[""4"", ""4"", ""9""]",4-4-9,2024-06-14,21:00,0,0,lottomatik,3DL7723890
4DL,4D Lotto,"[""7"", ""3"", ""6"", ""7""]",7-3-6-7,2024-06-14,21:00,0,0,lottomatik,4DL7723889
ML45,Megalotto 6/45,"[""45"", ""38"", ""41"", ""19"", ""24"", ""05""]",45-38-41-19-24-05,2024-06-14,21:00,0,0,lottomatik,ML457723491
UL58,Ultra Lotto 6/58,"[""13"", ""54"", ""48"", ""41"", ""10"", ""46""]",13-54-48-41-10-46,2024-06-14,21:00,0,0,lottomatik,UL587723492
2DL-2PM,2D Lotto 2PM,"[""12"", ""09""]",12-09,2024-06-15,14:00,0,0,lottomatik,2DL7729157
3DL-2PM,3D Lotto 2PM,"[""4"", ""2"", ""4""]",4-2-4,2024-06-15,14:00,0,0,lottomatik,3DL7729158
2DL-5PM,2D Lotto 5PM,"[""23"", ""12""]",23-12,2024-06-15,17:00,0,0,lottomatik,2DL7729159
3DL-5PM,3D Lotto 5PM,"[""0"", ""3"", ""6""]",0-3-6,2024-06-15,17:00,0,0,lottomatik,3DL7729160
2DL-9PM,2D Lotto 9PM,"[""15"", ""18""]",15-18,2024-06-15,21:00,0,0,lottomatik,2DL7729570
3DL-9PM,3D Lotto 9PM,"[""9"", ""3"", ""2""]",9-3-2,2024-06-15,21:00,0,0,lottomatik,3DL7729569
6DL,6D Lotto,"[""9"", ""1"", ""0"", ""6"", ""4"", ""3""]",9-1-0-6-4-3,2024-06-15,21:00,0,0,lottomatik,6DL7729568
GL55,Grand Lotto 6/55,"[""42"", ""16"", ""24"", ""07"", ""12"", ""31""]",42-16-24-07-12-31,2024-06-15,21:00,0,0,lottomatik,GL557729161
LOTTO42,Lotto 6/42,"[""14"", ""36"", ""22"", ""16"", ""07"", ""13""]",14-36-22-16-07-13,2024-06-15,21:00,0,0,lottomatik,LOTTO427729162
2DL-2PM,2D Lotto 2PM,"[""26"", ""09""]",26-09,2024-06-16,14:00,0,0,lottomatik,2DL7736996
3DL-2PM,3D Lotto 2PM,"[""8"", ""0"", ""8""]",8-0-8,2024-06-16,14:00,0,0,lottomatik,3DL7736997
2DL-5PM,2D Lotto 5PM,"[""15"", ""29""]",15-29,2024-06-16,17:00,0,0,lottomatik,2DL7736998
3DL-5PM,3D Lotto 5PM,"[""5"", ""8"", ""9""]",5-8-9,2024-06-16,17:00,0,0,lottomatik,3DL7736999
2DL-9PM,2D Lotto 9PM,"[""14"", ""26""]",14-26,2024-06-16,21:00,0,0,lottomatik,2DL7737003
3DL-9PM,3D Lotto 9PM,"[""2"", ""0"", ""5""]",2-0-5,2024-06-16,21:00,0,0,lottomatik,3DL7737002
SL49,Superlotto 6/49,"[""04"", ""28"", ""41"", ""43"", ""27"", ""11""]",04-28-41-43-27-11,2024-06-16,21:00,0,0,lottomatik,SL497737000
UL58,Ultra Lotto 6/58,"[""46"", ""36"", ""58"", ""02"", ""50"", ""19""]",46-36-58-02-50-19,2024-06-16,21:00,0,0,lottomatik,UL587737001
2DL-2PM,2D Lotto 2PM,"[""29"", ""31""]",29-31,2024-06-17,14:00,0,0,lottomatik,2DL7742912
3DL-2PM,3D Lotto 2PM,"[""0"", ""1"", ""7""]",0-1-7,2024-06-17,14:00,0,0,lottomatik,3DL7742913
2DL-5PM,2D Lotto 5PM,"[""24"", ""09""]",24-09,2024-06-17,17:00,0,0,lottomatik,2DL7742914
3DL-5PM,3D Lotto 5PM,"[""7"", ""3"", ""7""]",7-3-7,2024-06-17,17:00,0,0,lottomatik,3DL7742915
2DL-9PM,2D Lotto 9PM,"[""10"", ""01""]",10-01,2024-06-17,21:00,0,0,lottomatik,2DL7743764
3DL-9PM,3D Lotto 9PM,"[""0"", ""4"", ""7""]",0-4-7,2024-06-17,21:00,0,0,lottomatik,3DL7743763
4DL,4D Lotto,"[""2"", ""4"", ""2"", ""7""]",2-4-2-7,2024-06-17,21:00,0,0,lottomatik,4DL7743762
GL55,Grand Lotto 6/55,"[""41"", ""37"", ""29"", ""36"", ""49"", ""04""]",41-37-29-36-49-04,2024-06-17,21:00,0,0,lottomatik,GL557743339
ML45,Megalotto 6/45,"[""31"", ""45"", ""42"", ""35"", ""17"", ""03""]",31-45-42-35-17-03,2024-06-17,21:00,0,0,lottomatik,ML457743338
2DL-2PM,2D Lotto 2PM,"[""03"", ""24""]",03-24,2024-06-18,14:00,0,0,lottomatik,2DL7751083
3DL-2PM,3D Lotto 2PM,"[""1"", ""9"", ""3""]",1-9-3,2024-06-18,14:00,0,0,lottomatik,3DL7751084
2DL-5PM,2D Lotto 5PM,"[""14"", ""15""]",14-15,2024-06-18,17:00,0,0,lottomatik,2DL7751085
3DL-5PM,3D Lotto 5PM,"[""6"", ""8"", ""8""]",6-8-8,2024-06-18,17:00,0,0,lottomatik,3DL7751086
2DL-9PM,2D Lotto 9PM,"[""05"", ""02""]",05-02,2024-06-18,21:00,0,0,lottomatik,2DL7751954
3DL-9PM,3D Lotto 9PM,"[""1"", ""9"", ""8""]",1-9-8,2024-06-18,21:00,0,0,lottomatik,3DL7751522
6DL,6D Lotto,"[""4"", ""9"", ""4"", ""1"", ""6"", ""6""]",4-9-4-1-6-6,2024-06-18,21:00,0,0,lottomatik,6DL7751521
LOTTO42,Lotto 6/42,"[""06"", ""37"", ""29"", ""03"", ""38"", ""19""]",06-37-29-03-38-19,2024-06-18,21:00,0,0,lottomatik,LOTTO427751087
SL49,Superlotto 6/49,"[""32"", ""44"", ""13"", ""34"", ""20"", ""47""]",32-44-13-34-20-47,2024-06-18,21:00,0,0,lottomatik,SL497751088
UL58,Ultra Lotto 6/58,"[""57"", ""02"", ""33"", ""27"", ""07"", ""29""]",57-02-33-27-07-29,2024-06-18,21:00,0,0,lottomatik,UL587751520
2DL-2PM,2D Lotto 2PM,"[""27"", ""24""]",27-24,2024-06-19,14:00,0,0,lottomatik,2DL7758570
3DL-2PM,3D Lotto 2PM,"[""9"", ""3"", ""1""]",9-3-1,2024-06-19,14:00,0,0,lottomatik,3DL7758571
2DL-5PM,2D Lotto 5PM,"[""20"", ""27""]",20-27,2024-06-19,17:00,0,0,lottomatik,2DL7758572
3DL-5PM,3D Lotto 5PM,"[""8"", ""0"", ""2""]",8-0-2,2024-06-19,17:00,0,0,lottomatik,3DL7758573
2DL-9PM,2D Lotto 9PM,"[""17"", ""19""]",17-19,2024-06-19,21:00,0,0,lottomatik,2DL7759460
3DL-9PM,3D Lotto 9PM,"[""8"", ""7"", ""6""]",8-7-6,2024-06-19,21:00,0,0,lottomatik,3DL7759459
4DL,4D Lotto,"[""2"", ""8"", ""0"", ""6""]",2-8-0-6,2024-06-19,21:00,0,0,lottomatik,4DL7759458
GL55,Grand Lotto 6/55,"[""17"", ""45"", ""10"", ""06"", ""47"", ""44""]",17-45-10-06-47-44,2024-06-19,21:00,0,0,lottomatik,GL557759016
ML45,Megalotto 6/45,"[""28"", ""43"", ""39"", ""30"", ""35"", ""32""]",28-43-39-30-35-32,2024-06-19,21:00,0,0,lottomatik,ML457759015
2DL-2PM,2D Lotto 2PM,"[""30"", ""09""]",30-09,2024-06-20,14:00,0,0,lottomatik,2DL7765311
3DL-2PM,3D Lotto 2PM,"[""7"", ""0"", ""3""]",7-0-3,2024-06-20,14:00,0,0,lottomatik,3DL7765312
2DL-5PM,2D Lotto 5PM,"[""20"", ""24""]",20-24,2024-06-20,17:00,0,0,lottomatik,2DL7765313
3DL-5PM,3D Lotto 5PM,"[""1"", ""3"", ""4""]",1-3-4,2024-06-20,17:00,0,0,lottomatik,3DL7765314
2DL-9PM,2D Lotto 9PM,"[""18"", ""24""]",18-24,2024-06-20,21:00,0,0,lottomatik,2DL7765319
3DL-9PM,3D Lotto 9PM,"[""7"", ""4"", ""1""]",7-4-1,2024-06-20,21:00,0,0,lottomatik,3DL7765318
6DL,6D Lotto,"[""4"", ""0"", ""0"", ""7"", ""8"", ""4""]",4-0-0-7-8-4,2024-06-20,21:00,0,0,lottomatik,6DL7765317
LOTTO42,Lotto 6/42,"[""07"", ""16"", ""15"", ""12"", ""18"", ""35""]",07-16-15-12-18-35,2024-06-20,21:00,0,0,lottomatik,LOTTO427765315
SL49,Superlotto 6/49,"[""12"", ""36"", ""01"", ""18"", ""03"", ""42""]",12-36-01-18-03-42,2024-06-20,21:00,0,0,lottomatik,SL497765316
2DL-2PM,2D Lotto 2PM,"[""08"", ""29""]",08-29,2024-06-21,14:00,0,0,lottomatik,2DL7774032
3DL-2PM,3D Lotto 2PM,"[""4"", ""6"", ""1""]",4-6-1,2024-06-21,14:00,0,0,lottomatik,3DL7774033
2DL-5PM,2D Lotto 5PM,"[""29"", ""16""]",29-16,2024-06-21,17:00,0,0,lottomatik,2DL7774034
3DL-5PM,3D Lotto 5PM,"[""5"", ""8"", ""1""]",5-8-1,2024-06-21,17:00,0,0,lottomatik,3DL7774035
2DL-9PM,2D Lotto 9PM,"[""13"", ""21""]",13-21,2024-06-21,21:00,0,0,lottomatik,2DL7774958
3DL-9PM,3D Lotto 9PM,"[""2"", ""0"", ""7""]",2-0-7,2024-06-21,21:00,0,0,lottomatik,3DL7774957
4DL,4D Lotto,"[""3"", ""5"", ""6"", ""0""]",3-5-6-0,2024-06-21,21:00,0,0,lottomatik,4DL7774956
ML45,Megalotto 6/45,"[""41"", ""14"", ""27"", ""20"", ""09"", ""01""]",41-14-27-20-09-01,2024-06-21,21:00,0,0,lottomatik,ML457774495
UL58,Ultra Lotto 6/58,"[""08"", ""24"", ""15"", ""44"", ""04"", ""58""]",08-24-15-44-04-58,2024-06-21,21:00,0,0,lottomatik,UL587774496
2DL-2PM,2D Lotto 2PM,"[""09"", ""13""]",09-13,2024-06-22,14:00,0,0,lottomatik,2DL7781502
3DL-2PM,3D Lotto 2PM,"[""1"", ""8"", ""3""]",1-8-3,2024-06-22,14:00,0,0,lottomatik,3DL7781503
2DL-5PM,2D Lotto 5PM,"[""07"", ""23""]",07-23,2024-06-22,17:00,0,0,lottomatik,2DL7781504
3DL-5PM,3D Lotto 5PM,"[""7"", ""9"", ""6""]",7-9-6,2024-06-22,17:00,0,0,lottomatik,3DL7781505
2DL-9PM,2D Lotto 9PM,"[""20"", ""06""]",20-06,2024-06-22,21:00,0,0,lottomatik,2DL7781510
3DL-9PM,3D Lotto 9PM,"[""4"", ""6"", ""7""]",4-6-7,2024-06-22,21:00,0,0,lottomatik,3DL7781509
6DL,6D Lotto,"[""6"", ""4"", ""2"", ""6"", ""6"", ""3""]",6-4-2-6-6-3,2024-06-22,21:00,0,0,lottomatik,6DL7781508
GL55,Grand Lotto 6/55,"[""08"", ""03"", ""09"", ""46"", ""41"", ""38""]",08-03-09-46-41-38,2024-06-22,21:00,0,0,lottomatik,GL557781506
LOTTO42,Lotto 6/42,"[""40"", ""11"", ""25"", ""07"", ""27"", ""30""]",40-11-25-07-27-30,2024-06-22,21:00,0,0,lottomatik,LOTTO427781507
2DL-2PM,2D Lotto 2PM,"[""11"", ""29""]",11-29,2024-06-23,14:00,0,0,lottomatik,2DL7788648
3DL-2PM,3D Lotto 2PM,"[""3"", ""1"", ""3""]",3-1-3,2024-06-23,14:00,0,0,lottomatik,3DL7788649
2DL-5PM,2D Lotto 5PM,"[""27"", ""27""]",27-27,2024-06-23,17:00,0,0,lottomatik,2DL7788650
3DL-5PM,3D Lotto 5PM,"[""9"", ""2"", ""5""]",9-2-5,2024-06-23,17:00,0,0,lottomatik,3DL7788651
2DL-9PM,2D Lotto 9PM,"[""07"", ""20""]",07-20,2024-06-23,21:00,0,0,lottomatik,2DL7788655
3DL-9PM,3D Lotto 9PM,"[""2"", ""0"", ""7""]",2-0-7,2024-06-23,21:00,0,0,lottomatik,3DL7788654
SL49,Superlotto 6/49,"[""48"", ""24"", ""01"", ""28"", ""39"", ""07""]",48-24-01-28-39-07,2024-06-23,21:00,0,0,lottomatik,SL497788653
UL58,Ultra Lotto 6/58,"[""53"", ""17"", ""51"", ""50"", ""01"", ""28""]",53-17-51-50-01-28,2024-06-23,21:00,0,0,lottomatik,UL587788652
2DL-2PM,2D Lotto 2PM,"[""17"", ""06""]",17-06,2024-06-24,14:00,0,0,lottomatik,2DL7795438
3DL-2PM,3D Lotto 2PM,"[""7"", ""4"", ""6""]",7-4-6,2024-06-24,14:00,0,0,lottomatik,3DL7795439
2DL-5PM,2D Lotto 5PM,"[""25"", ""10""]",25-10,2024-06-24,17:00,0,0,lottomatik,2DL7795440
3DL-5PM,3D Lotto 5PM,"[""3"", ""2"", ""1""]",3-2-1,2024-06-24,17:00,0,0,lottomatik,3DL7795441
2DL-9PM,2D Lotto 9PM,"[""26"", ""10""]",26-10,2024-06-24,21:00,0,0,lottomatik,2DL7795931
3DL-9PM,3D Lotto 9PM,"[""3"", ""7"", ""9""]",3-7-9,2024-06-24,21:00,0,0,lottomatik,3DL7795930
4DL,4D Lotto,"[""8"", ""8"", ""2"", ""1""]",8-8-2-1,2024-06-24,21:00,0,0,lottomatik,4DL7795929
GL55,Grand Lotto 6/55,"[""03"", ""04"", ""29"", ""49"", ""30"", ""08""]",03-04-29-49-30-08,2024-06-24,21:00,0,0,lottomatik,GL557795443
ML45,Megalotto 6/45,"[""34"", ""02"", ""26"", ""12"", ""01"", ""36""]",34-02-26-12-01-36,2024-06-24,21:00,0,0,lottomatik,ML457795442
2DL-2PM,2D Lotto 2PM,"[""24"", ""19""]",24-19,2024-06-25,14:00,0,0,lottomatik,2DL7803827
3DL-2PM,3D Lotto 2PM,"[""2"", ""2"", ""5""]",2-2-5,2024-06-25,14:00,0,0,lottomatik,3DL7803828
2DL-5PM,2D Lotto 5PM,"[""19"", ""26""]",19-26,2024-06-25,17:00,0,0,lottomatik,2DL7803829
3DL-5PM,3D Lotto 5PM,"[""8"", ""5"", ""9""]",8-5-9,2024-06-25,17:00,0,0,lottomatik,3DL7803830
2DL-9PM,2D Lotto 9PM,"[""12"", ""19""]",12-19,2024-06-25,21:00,0,0,lottomatik,2DL7804330
3DL-9PM,3D Lotto 9PM,"[""5"", ""9"", ""8""]",5-9-8,2024-06-25,21:00,0,0,lottomatik,3DL7804329
6DL,6D Lotto,"[""0"", ""9"", ""2"", ""7"", ""6"", ""1""]",0-9-2-7-6-1,2024-06-25,21:00,0,0,lottomatik,6DL7804328
LOTTO42,Lotto 6/42,"[""29"", ""40"", ""01"", ""11"", ""31"", ""06""]",29-40-01-11-31-06,2024-06-25,21:00,0,0,lottomatik,LOTTO427804325
SL49,Superlotto 6/49,"[""01"", ""32"", ""47"", ""45"", ""38"", ""22""]",01-32-47-45-38-22,2024-06-25,21:00,0,0,lottomatik,SL497804327
UL58,Ultra Lotto 6/58,"[""20"", ""58"", ""46"", ""19"", ""24"", ""42""]",20-58-46-19-24-42,2024-06-25,21:00,0,0,lottomatik,UL587804326
2DL-2PM,2D Lotto 2PM,"[""15"", ""10""]",15-10,2024-06-26,14:00,0,0,lottomatik,2DL7810369
3DL-2PM,3D Lotto 2PM,"[""6"", ""8"", ""6""]",6-8-6,2024-06-26,14:00,0,0,lottomatik,3DL7810370
2DL-5PM,2D Lotto 5PM,"[""27"", ""10""]",27-10,2024-06-26,17:00,0,0,lottomatik,2DL7810371
3DL-5PM,3D Lotto 5PM,"[""3"", ""2"", ""4""]",3-2-4,2024-06-26,17:00,0,0,lottomatik,3DL7810372
2DL-9PM,2D Lotto 9PM,"[""23"", ""11""]",23-11,2024-06-26,21:00,0,0,lottomatik,2DL7810377
3DL-9PM,3D Lotto 9PM,"[""6"", ""6"", ""2""]",6-6-2,2024-06-26,21:00,0,0,lottomatik,3DL7810376
4DL,4D Lotto,"[""6"", ""7"", ""3"", ""7""]",6-7-3-7,2024-06-26,21:00,0,0,lottomatik,4DL7810375
GL55,Grand Lotto 6/55,"[""13"", ""41"", ""22"", ""52"", ""17"", ""20""]",13-41-22-52-17-20,2024-06-26,21:00,0,0,lottomatik,GL557810374
ML45,Megalotto 6/45,"[""01"", ""26"", ""30"", ""13"", ""06"", ""28""]",01-26-30-13-06-28,2024-06-26,21:00,0,0,lottomatik,ML457810373
2DL-2PM,2D Lotto 2PM,"[""19"", ""02""]",19-02,2024-06-27,14:00,0,0,lottomatik,2DL7817560
3DL-2PM,3D Lotto 2PM,"[""7"", ""2"", ""8""]",7-2-8,2024-06-27,14:00,0,0,lottomatik,3DL7817561
2DL-5PM,2D Lotto 5PM,"[""14"", ""03""]",14-03,2024-06-27,17:00,0,0,lottomatik,2DL7817563
3DL-5PM,3D Lotto 5PM,"[""1"", ""0"", ""8""]",1-0-8,2024-06-27,17:00,0,0,lottomatik,3DL7817562
2DL-9PM,2D Lotto 9PM,"[""06"", ""26""]",06-26,2024-06-27,21:00,0,0,lottomatik,2DL7817568
3DL-9PM,3D Lotto 9PM,"[""7"", ""4"", ""0""]",7-4-0,2024-06-27,21:00,0,0,lottomatik,3DL7817567
6DL,6D Lotto,"[""3"", ""9"", ""9"", ""6"", ""9"", ""7""]",3-9-9-6-9-7,2024-06-27,21:00,0,0,lottomatik,6DL7817566
LOTTO42,Lotto 6/42,"[""27"", ""20"", ""33"", ""21"", ""25"", ""18""]",27-20-33-21-25-18,2024-06-27,21:00,0,0,lottomatik,LOTTO427817564
SL49,Superlotto 6/49,"[""14"", ""44"", ""21"", ""37"", ""08"", ""39""]",14-44-21-37-08-39,2024-06-27,21:00,0,0,lottomatik,SL497817565
2DL-2PM,2D Lotto 2PM,"[""27"", ""22""]",27-22,2024-06-28,14:00,0,0,lottomatik,2DL7825381
3DL-2PM,3D Lotto 2PM,"[""8"", ""0"", ""4""]",8-0-4,2024-06-28,14:00,0,0,lottomatik,3DL7825382
2DL-5PM,2D Lotto 5PM,"[""23"", ""04""]",23-04,2024-06-28,17:00,0,0,lottomatik,2DL7825383
3DL-5PM,3D Lotto 5PM,"[""5"", ""9"", ""6""]",5-9-6,2024-06-28,17:00,0,0,lottomatik,3DL7825384
2DL-9PM,2D Lotto 9PM,"[""12"", ""07""]",12-07,2024-06-28,21:00,0,0,lottomatik,2DL7825389
3DL-9PM,3D Lotto 9PM,"[""2"", ""2"", ""0""]",2-2-0,2024-06-28,21:00,0,0,lottomatik,3DL7825388
4DL,4D Lotto,"[""0"", ""8"", ""7"", ""5""]",0-8-7-5,2024-06-28,21:00,0,0,lottomatik,4DL7825387
ML45,Megalotto 6/45,"[""42"", ""13"", ""16"", ""14"", ""18"", ""26""]",42-13-16-14-18-26,2024-06-28,21:00,0,0,lottomatik,ML457825385
UL58,Ultra Lotto 6/58,"[""44"", ""18"", ""04"", ""01"", ""42"", ""58""]",44-18-04-01-42-58,2024-06-28,21:00,0,0,lottomatik,UL587825386
2DL-2PM,2D Lotto 2PM,"[""23"", ""19""]",23-19,2024-06-29,14:00,0,0,lottomatik,2DL7830691
3DL-2PM,3D Lotto 2PM,"[""1"", ""8"", ""9""]",1-8-9,2024-06-29,14:00,0,0,lottomatik,3DL7830692
2DL-5PM,2D Lotto 5PM,"[""21"", ""03""]",21-03,2024-06-29,17:00,0,0,lottomatik,2DL7830693
3DL-5PM,3D Lotto 5PM,"[""2"", ""0"", ""1""]",2-0-1,2024-06-29,17:00,0,0,lottomatik,3DL7830694
2DL-9PM,2D Lotto 9PM,"[""21"", ""25""]",21-25,2024-06-29,21:00,0,0,lottomatik,2DL7830699
3DL-9PM,3D Lotto 9PM,"[""2"", ""8"", ""7""]",2-8-7,2024-06-29,21:00,0,0,lottomatik,3DL7830698
6DL,6D Lotto,"[""9"", ""0"", ""9"", ""9"", ""2"", ""3""]",9-0-9-9-2-3,2024-06-29,21:00,0,0,lottomatik,6DL7830697
GL55,Grand Lotto 6/55,"[""51"", ""43"", ""04"", ""06"", ""12"", ""48""]",51-43-04-06-12-48,2024-06-29,21:00,0,0,lottomatik,GL557830696
LOTTO42,Lotto 6/42,"[""42"", ""34"", ""19"", ""04"", ""40"", ""28""]",42-34-19-04-40-28,2024-06-29,21:00,0,0,lottomatik,LOTTO427830695
2DL-2PM,2D Lotto 2PM,"[""21"", ""13""]",21-13,2024-06-30,14:00,0,0,lottomatik,2DL7837720
3DL-2PM,3D Lotto 2PM,"[""1"", ""1"", ""0""]",1-1-0,2024-06-30,14:00,0,0,lottomatik,3DL7837721
2DL-5PM,2D Lotto 5PM,"[""02"", ""10""]",02-10,2024-06-30,17:00,0,0,lottomatik,2DL7837722
3DL-5PM,3D Lotto 5PM,"[""0"", ""6"", ""0""]",0-6-0,2024-06-30,17:00,0,0,lottomatik,3DL7837723
2DL-9PM,2D Lotto 9PM,"[""18"", ""15""]",18-15,2024-06-30,21:00,0,0,lottomatik,2DL7838807
3DL-9PM,3D Lotto 9PM,"[""3"", ""6"", ""1""]",3-6-1,2024-06-30,21:00,0,0,lottomatik,3DL7838806
SL49,Superlotto 6/49,"[""49"", ""29"", ""26"", ""41"", ""07"", ""08""]",49-29-26-41-07-08,2024-06-30,21:00,0,0,lottomatik,SL497838265
UL58,Ultra Lotto 6/58,"[""50"", ""41"", ""04"", ""05"", ""34"", ""47""]",50-41-04-05-34-47,2024-06-30,21:00,0,0,lottomatik,UL587838264
2DL-2PM,2D Lotto 2PM,"[""04"", ""09""]",04-09,2024-07-01,14:00,0,0,lottomatik,2DL7842088
3DL-2PM,3D Lotto 2PM,"[""5"", ""0"", ""8""]",5-0-8,2024-07-01,14:00,0,0,lottomatik,3DL7842089
2DL-5PM,2D Lotto 5PM,"[""05"", ""11""]",05-11,2024-07-01,17:00,0,0,lottomatik,2DL7842090
3DL-5PM,3D Lotto 5PM,"[""2"", ""5"", ""5""]",2-5-5,2024-07-01,17:00,0,0,lottomatik,3DL7842091
2DL-9PM,2D Lotto 9PM,"[""17"", ""12""]",17-12,2024-07-01,21:00,0,0,lottomatik,2DL7842096
3DL-9PM,3D Lotto 9PM,"[""9"", ""6"", ""4""]",9-6-4,2024-07-01,21:00,0,0,lottomatik,3DL7842095
4DL,4D Lotto,"[""9"", ""0"", ""3"", ""8""]",9-0-3-8,2024-07-01,21:00,0,0,lottomatik,4DL7842094
GL55,Grand Lotto 6/55,"[""28"", ""09"", ""21"", ""30"", ""23"", ""46""]",28-09-21-30-23-46,2024-07-01,21:00,0,0,lottomatik,GL557842093
ML45,Megalotto 6/45,"[""37"", ""19"", ""13"", ""28"", ""25"", ""34""]",37-19-13-28-25-34,2024-07-01,21:00,0,0,lottomatik,ML457842092
2DL-2PM,2D Lotto 2PM,"[""06"", ""11""]",06-11,2024-07-02,14:00,0,0,lottomatik,2DL7849338
3DL-2PM,3D Lotto 2PM,"[""3"", ""5"", ""1""]",3-5-1,2024-07-02,14:00,0,0,lottomatik,3DL7849339
2DL-5PM,2D Lotto 5PM,"[""19"", ""22""]",19-22,2024-07-02,17:00,0,0,lottomatik,2DL7849340
3DL-5PM,3D Lotto 5PM,"[""5"", ""6"", ""7""]",5-6-7,2024-07-02,17:00,0,0,lottomatik,3DL7849341
2DL-9PM,2D Lotto 9PM,"[""04"", ""17""]",04-17,2024-07-02,21:00,0,0,lottomatik,2DL7849347
3DL-9PM,3D Lotto 9PM,"[""1"", ""7"", ""7""]",1-7-7,2024-07-02,21:00,0,0,lottomatik,3DL7849346
6DL,6D Lotto,"[""4"", ""8"", ""2"", ""1"", ""6"", ""8""]",4-8-2-1-6-8,2024-07-02,21:00,0,0,lottomatik,6DL7849345
LOTTO42,Lotto 6/42,"[""21"", ""02"", ""30"", ""20"", ""41"", ""03""]",21-02-30-20-41-03,2024-07-02,21:00,0,0,lottomatik,LOTTO427849342
SL49,Superlotto 6/49,"[""10"", ""49"", ""14"", ""04"", ""39"", ""06""]",10-49-14-04-39-06,2024-07-02,21:00,0,0,lottomatik,SL497849344
UL58,Ultra Lotto 6/58,"[""04"", ""33"", ""58"", ""06"", ""38"", ""32""]",04-33-58-06-38-32,2024-07-02,21:00,0,0,lottomatik,UL587849343
2DL-2PM,2D Lotto 2PM,"[""29"", ""05""]",29-05,2024-07-03,14:00,0,0,lottomatik,2DL7858967
3DL-2PM,3D Lotto 2PM,"[""3"", ""9"", ""9""]",3-9-9,2024-07-03,14:00,0,0,lottomatik,3DL7858968
2DL-5PM,2D Lotto 5PM,"[""19"", ""01""]",19-01,2024-07-03,17:00,0,0,lottomatik,2DL7858969
3DL-5PM,3D Lotto 5PM,"[""4"", ""2"", ""4""]",4-2-4,2024-07-03,17:00,0,0,lottomatik,3DL7858970
2DL-9PM,2D Lotto 9PM,"[""09"", ""30""]",09-30,2024-07-03,21:00,0,0,lottomatik,2DL7859542
3DL-9PM,3D Lotto 9PM,"[""3"", ""5"", ""3""]",3-5-3,2024-07-03,21:00,0,0,lottomatik,3DL7859541
4DL,4D Lotto,"[""3"", ""8"", ""3"", ""4""]",3-8-3-4,2024-07-03,21:00,0,0,lottomatik,4DL7859540
GL55,Grand Lotto 6/55,"[""43"", ""51"", ""52"", ""44"", ""29"", ""47""]",43-51-52-44-29-47,2024-07-03,21:00,0,0,lottomatik,GL557858972
ML45,Megalotto 6/45,"[""45"", ""25"", ""40"", ""18"", ""42"", ""35""]",45-25-40-18-42-35,2024-07-03,21:00,0,0,lottomatik,ML457858971
2DL-2PM,2D Lotto 2PM,"[""03"", ""21""]",03-21,2024-07-04,14:00,0,0,lottomatik,2DL7868183
3DL-2PM,3D Lotto 2PM,"[""7"", ""5"", ""0""]",7-5-0,2024-07-04,14:00,0,0,lottomatik,3DL7868184
2DL-5PM,2D Lotto 5PM,"[""08"", ""20""]",08-20,2024-07-04,17:00,0,0,lottomatik,2DL7868185
3DL-5PM,3D Lotto 5PM,"[""2"", ""3"", ""8""]",2-3-8,2024-07-04,17:00,0,0,lottomatik,3DL7868186
2DL-9PM,2D Lotto 9PM,"[""01"", ""07""]",01-07,2024-07-04,21:00,0,0,lottomatik,2DL7868767
3DL-9PM,3D Lotto 9PM,"[""8"", ""0"", ""8""]",8-0-8,2024-07-04,21:00,0,0,lottomatik,3DL7868766
6DL,6D Lotto,"[""7"", ""7"", ""8"", ""5"", ""0"", ""3""]",7-7-8-5-0-3,2024-07-04,21:00,0,0,lottomatik,6DL7868765
LOTTO42,Lotto 6/42,"[""35"", ""12"", ""16"", ""30"", ""17"", ""03""]",35-12-16-30-17-03,2024-07-04,21:00,0,0,lottomatik,LOTTO427868763
SL49,Superlotto 6/49,"[""07"", ""18"", ""34"", ""31"", ""14"", ""40""]",07-18-34-31-14-40,2024-07-04,21:00,0,0,lottomatik,SL497868764
2DL-2PM,2D Lotto 2PM,"[""06"", ""04""]",06-04,2024-07-05,14:00,0,0,lottomatik,2DL7878704
3DL-2PM,3D Lotto 2PM,"[""9"", ""0"", ""9""]",9-0-9,2024-07-05,14:00,0,0,lottomatik,3DL7878705
2DL-5PM,2D Lotto 5PM,"[""27"", ""29""]",27-29,2024-07-05,17:00,0,0,lottomatik,2DL7878706
3DL-5PM,3D Lotto 5PM,"[""2"", ""9"", ""5""]",2-9-5,2024-07-05,17:00,0,0,lottomatik,3DL7878707
2DL-9PM,2D Lotto 9PM,"[""11"", ""09""]",11-09,2024-07-05,21:00,0,0,lottomatik,2DL7878712
3DL-9PM,3D Lotto 9PM,"[""2"", ""5"", ""9""]",2-5-9,2024-07-05,21:00,0,0,lottomatik,3DL7878711
4DL,4D Lotto,"[""9"", ""3"", ""0"", ""3""]",9-3-0-3,2024-07-05,21:00,0,0,lottomatik,4DL7878710
ML45,Megalotto 6/45,"[""37"", ""21"", ""30"", ""31"", ""08"", ""43""]",37-21-30-31-08-43,2024-07-05,21:00,0,0,lottomatik,ML457878708
UL58,Ultra Lotto 6/58,"[""19"", ""09"", ""52"", ""49"", ""16"", ""27""]",19-09-52-49-16-27,2024-07-05,21:00,0,0,lottomatik,UL587878709
2DL-2PM,2D Lotto 2PM,"[""30"", ""07""]",30-07,2024-07-06,14:00,0,0,lottomatik,2DL7888208
3DL-2PM,3D Lotto 2PM,"[""7"", ""5"", ""5""]",7-5-5,2024-07-06,14:00,0,0,lottomatik,3DL7888209
2DL-5PM,2D Lotto 5PM,"[""08"", ""22""]",08-22,2024-07-06,17:00,0,0,lottomatik,2DL7888210
3DL-5PM,3D Lotto 5PM,"[""3"", ""0"", ""1""]",3-0-1,2024-07-06,17:00,0,0,lottomatik,3DL7888211
2DL-9PM,2D Lotto 9PM,"[""04"", ""28""]",04-28,2024-07-06,21:00,0,0,lottomatik,2DL7889404
3DL-9PM,3D Lotto 9PM,"[""7"", ""3"", ""4""]",7-3-4,2024-07-06,21:00,0,0,lottomatik,3DL7889403
6DL,6D Lotto,"[""2"", ""8"", ""9"", ""4"", ""5"", ""4""]",2-8-9-4-5-4,2024-07-06,21:00,0,0,lottomatik,6DL7889402
GL55,Grand Lotto 6/55,"[""53"", ""11"", ""20"", ""04"", ""19"", ""51""]",53-11-20-04-19-51,2024-07-06,21:00,0,0,lottomatik,GL557888807
LOTTO42,Lotto 6/42,"[""08"", ""32"", ""03"", ""12"", ""33"", ""29""]",08-32-03-12-33-29,2024-07-06,21:00,0,0,lottomatik,LOTTO427888806
2DL-2PM,2D Lotto 2PM,"[""29"", ""09""]",29-09,2024-07-07,14:00,0,0,lottomatik,2DL7899629
3DL-2PM,3D Lotto 2PM,"[""0"", ""2"", ""8""]",0-2-8,2024-07-07,14:00,0,0,lottomatik,3DL7899630
2DL-5PM,2D Lotto 5PM,"[""26"", ""24""]",26-24,2024-07-07,17:00,0,0,lottomatik,2DL7899631
3DL-5PM,3D Lotto 5PM,"[""8"", ""6"", ""0""]",8-6-0,2024-07-07,17:00,0,0,lottomatik,3DL7899632
2DL-9PM,2D Lotto 9PM,"[""22"", ""20""]",22-20,2024-07-07,21:00,0,0,lottomatik,2DL7900239
3DL-9PM,3D Lotto 9PM,"[""3"", ""2"", ""6""]",3-2-6,2024-07-07,21:00,0,0,lottomatik,3DL7900238
SL49,Superlotto 6/49,"[""16"", ""11"", ""07"", ""36"", ""34"", ""40""]",16-11-07-36-34-40,2024-07-07,21:00,0,0,lottomatik,SL497900237
UL58,Ultra Lotto 6/58,"[""12"", ""44"", ""18"", ""51"", ""37"", ""32""]",12-44-18-51-37-32,2024-07-07,21:00,0,0,lottomatik,UL587900236
2DL-2PM,2D Lotto 2PM,"[""11"", ""27""]",11-27,2024-07-08,14:00,0,0,lottomatik,2DL7908786
3DL-2PM,3D Lotto 2PM,"[""5"", ""2"", ""7""]",5-2-7,2024-07-08,14:00,0,0,lottomatik,3DL7908787
2DL-5PM,2D Lotto 5PM,"[""16"", ""29""]",16-29,2024-07-08,17:00,0,0,lottomatik,2DL7908789
3DL-5PM,3D Lotto 5PM,"[""7"", ""3"", ""4""]",7-3-4,2024-07-08,17:00,0,0,lottomatik,3DL7908788
2DL-9PM,2D Lotto 9PM,"[""31"", ""25""]",31-25,2024-07-08,21:00,0,0,lottomatik,2DL7910016
3DL-9PM,3D Lotto 9PM,"[""8"", ""0"", ""3""]",8-0-3,2024-07-08,21:00,0,0,lottomatik,3DL7910015
4DL,4D Lotto,"[""3"", ""3"", ""8"", ""4""]",3-3-8-4,2024-07-08,21:00,0,0,lottomatik,4DL7910014
GL55,Grand Lotto 6/55,"[""34"", ""22"", ""46"", ""43"", ""33"", ""28""]",34-22-46-43-33-28,2024-07-08,21:00,0,0,lottomatik,GL557909402
ML45,Megalotto 6/45,"[""36"", ""25"", ""19"", ""37"", ""07"", ""11""]",36-25-19-37-07-11,2024-07-08,21:00,0,0,lottomatik,ML457909401
2DL-2PM,2D Lotto 2PM,"[""05"", ""04""]",05-04,2024-07-09,14:00,0,0,lottomatik,2DL7919308
3DL-2PM,3D Lotto 2PM,"[""6"", ""0"", ""4""]",6-0-4,2024-07-09,14:00,0,0,lottomatik,3DL7919309
2DL-5PM,2D Lotto 5PM,"[""28"", ""07""]",28-07,2024-07-09,17:00,0,0,lottomatik,2DL7919310
3DL-5PM,3D Lotto 5PM,"[""6"", ""4"", ""8""]",6-4-8,2024-07-09,17:00,0,0,lottomatik,3DL7919311
2DL-9PM,2D Lotto 9PM,"[""11"", ""19""]",11-19,2024-07-09,21:00,0,0,lottomatik,2DL7919937
3DL-9PM,3D Lotto 9PM,"[""3"", ""8"", ""9""]",3-8-9,2024-07-09,21:00,0,0,lottomatik,3DL7919936
6DL,6D Lotto,"[""7"", ""7"", ""0"", ""5"", ""4"", ""2""]",7-7-0-5-4-2,2024-07-09,21:00,0,0,lottomatik,6DL7919935
LOTTO42,Lotto 6/42,"[""12"", ""40"", ""35"", ""32"", ""41"", ""16""]",12-40-35-32-41-16,2024-07-09,21:00,0,0,lottomatik,LOTTO427919312
SL49,Superlotto 6/49,"[""34"", ""46"", ""18"", ""02"", ""05"", ""22""]",34-46-18-02-05-22,2024-07-09,21:00,0,0,lottomatik,SL497919934
UL58,Ultra Lotto 6/58,"[""01"", ""31"", ""21"", ""32"", ""30"", ""43""]",01-31-21-32-30-43,2024-07-09,21:00,0,0,lottomatik,UL587919313
2DL-2PM,2D Lotto 2PM,"[""27"", ""23""]",27-23,2024-07-10,14:00,0,0,lottomatik,2DL7930638
3DL-2PM,3D Lotto 2PM,"[""8"", ""4"", ""7""]",8-4-7,2024-07-10,14:00,0,0,lottomatik,3DL7930639
2DL-5PM,2D Lotto 5PM,"[""14"", ""11""]",14-11,2024-07-10,17:00,0,0,lottomatik,2DL7930640
3DL-5PM,3D Lotto 5PM,"[""7"", ""7"", ""0""]",7-7-0,2024-07-10,17:00,0,0,lottomatik,3DL7930641
2DL-9PM,2D Lotto 9PM,"[""13"", ""11""]",13-11,2024-07-10,21:00,0,0,lottomatik,2DL7931906
3DL-9PM,3D Lotto 9PM,"[""6"", ""1"", ""6""]",6-1-6,2024-07-10,21:00,0,0,lottomatik,3DL7931905
4DL,4D Lotto,"[""3"", ""5"", ""4"", ""8""]",3-5-4-8,2024-07-10,21:00,0,0,lottomatik,4DL7931904
GL55,Grand Lotto 6/55,"[""41"", ""08"", ""46"", ""35"", ""20"", ""30""]",41-08-46-35-20-30,2024-07-10,21:00,0,0,lottomatik,GL557931273
ML45,Megalotto 6/45,"[""11"", ""10"", ""24"", ""27"", ""42"", ""12""]",11-10-24-27-42-12,2024-07-10,21:00,0,0,lottomatik,ML457931272
2DL-2PM,2D Lotto 2PM,"[""14"", ""31""]",14-31,2024-07-11,14:00,0,0,lottomatik,2DL7939566
3DL-2PM,3D Lotto 2PM,"[""8"", ""9"", ""9""]",8-9-9,2024-07-11,14:00,0,0,lottomatik,3DL7939567
2DL-5PM,2D Lotto 5PM,"[""07"", ""28""]",07-28,2024-07-11,17:00,0,0,lottomatik,2DL7939568
3DL-5PM,3D Lotto 5PM,"[""5"", ""4"", ""3""]",5-4-3,2024-07-11,17:00,0,0,lottomatik,3DL7939569
2DL-9PM,2D Lotto 9PM,"[""02"", ""28""]",02-28,2024-07-11,21:00,0,0,lottomatik,2DL7940213
3DL-9PM,3D Lotto 9PM,"[""9"", ""4"", ""2""]",9-4-2,2024-07-11,21:00,0,0,lottomatik,3DL7940212
6DL,6D Lotto,"[""7"", ""1"", ""7"", ""2"", ""2"", ""7""]",7-1-7-2-2-7,2024-07-11,21:00,0,0,lottomatik,6DL7940211
LOTTO42,Lotto 6/42,"[""41"", ""36"", ""08"", ""07"", ""11"", ""23""]",41-36-08-07-11-23,2024-07-11,21:00,0,0,lottomatik,LOTTO427939570
SL49,Superlotto 6/49,"[""28"", ""03"", ""19"", ""41"", ""02"", ""13""]",28-03-19-41-02-13,2024-07-11,21:00,0,0,lottomatik,SL497939571
2DL-2PM,2D Lotto 2PM,"[""07"", ""30""]",07-30,2024-07-12,14:00,0,0,lottomatik,2DL7947333
3DL-2PM,3D Lotto 2PM,"[""8"", ""8"", ""0""]",8-8-0,2024-07-12,14:00,0,0,lottomatik,3DL7947334
2DL-5PM,2D Lotto 5PM,"[""08"", ""19""]",08-19,2024-07-12,17:00,0,0,lottomatik,2DL7947335
3DL-5PM,3D Lotto 5PM,"[""6"", ""9"", ""2""]",6-9-2,2024-07-12,17:00,0,0,lottomatik,3DL7947336
2DL-9PM,2D Lotto 9PM,"[""16"", ""10""]",16-10,2024-07-12,21:00,0,0,lottomatik,2DL7947989
3DL-9PM,3D Lotto 9PM,"[""7"", ""5"", ""8""]",7-5-8,2024-07-12,21:00,0,0,lottomatik,3DL7947988
4DL,4D Lotto,"[""9"", ""6"", ""7"", ""5""]",9-6-7-5,2024-07-12,21:00,0,0,lottomatik,4DL7947987
ML45,Megalotto 6/45,"[""28"", ""35"", ""01"", ""27"", ""29"", ""17""]",28-35-01-27-29-17,2024-07-12,21:00,0,0,lottomatik,ML457947337
UL58,Ultra Lotto 6/58,"[""20"", ""55"", ""35"", ""51"", ""52"", ""38""]",20-55-35-51-52-38,2024-07-12,21:00,0,0,lottomatik,UL587947338
2DL-2PM,2D Lotto 2PM,"[""26"", ""25""]",26-25,2024-07-13,14:00,0,0,lottomatik,2DL7958484
3DL-2PM,3D Lotto 2PM,"[""1"", ""9"", ""4""]",1-9-4,2024-07-13,14:00,0,0,lottomatik,3DL7958485
2DL-5PM,2D Lotto 5PM,"[""12"", ""03""]",12-03,2024-07-13,17:00,0,0,lottomatik,2DL7958486
3DL-5PM,3D Lotto 5PM,"[""0"", ""8"", ""6""]",0-8-6,2024-07-13,17:00,0,0,lottomatik,3DL7958487
2DL-9PM,2D Lotto 9PM,"[""16"", ""07""]",16-07,2024-07-13,21:00,0,0,lottomatik,2DL7959149
3DL-9PM,3D Lotto 9PM,"[""4"", ""0"", ""9""]",4-0-9,2024-07-13,21:00,0,0,lottomatik,3DL7959148
6DL,6D Lotto,"[""2"", ""1"", ""2"", ""0"", ""7"", ""3""]",2-1-2-0-7-3,2024-07-13,21:00,0,0,lottomatik,6DL7959147
GL55,Grand Lotto 6/55,"[""45"", ""37"", ""23"", ""55"", ""32"", ""21""]",45-37-23-55-32-21,2024-07-13,21:00,0,0,lottomatik,GL557959146
LOTTO42,Lotto 6/42,"[""08"", ""20"", ""41"", ""30"", ""12"", ""23""]",08-20-41-30-12-23,2024-07-13,21:00,0,0,lottomatik,LOTTO427959145
2DL-2PM,2D Lotto 2PM,"[""30"", ""04""]",30-04,2024-07-14,14:00,0,0,lottomatik,2DL7968465
3DL-2PM,3D Lotto 2PM,"[""8"", ""9"", ""7""]",8-9-7,2024-07-14,14:00,0,0,lottomatik,3DL7968466
2DL-5PM,2D Lotto 5PM,"[""10"", ""18""]",10-18,2024-07-14,17:00,0,0,lottomatik,2DL7968467
3DL-5PM,3D Lotto 5PM,"[""8"", ""7"", ""2""]",8-7-2,2024-07-14,17:00,0,0,lottomatik,3DL7968468
2DL-9PM,2D Lotto 9PM,"[""03"", ""27""]",03-27,2024-07-14,21:00,0,0,lottomatik,2DL7969138
3DL-9PM,3D Lotto 9PM,"[""7"", ""3"", ""6""]",7-3-6,2024-07-14,21:00,0,0,lottomatik,3DL7969137
SL49,Superlotto 6/49,"[""27"", ""07"", ""46"", ""43"", ""05"", ""49""]",27-07-46-43-05-49,2024-07-14,21:00,0,0,lottomatik,SL497968470
UL58,Ultra Lotto 6/58,"[""19"", ""07"", ""58"", ""53"", ""44"", ""38""]",19-07-58-53-44-38,2024-07-14,21:00,0,0,lottomatik,UL587968469
2DL-2PM,2D Lotto 2PM,"[""16"", ""13""]",16-13,2024-07-15,14:00,0,0,lottomatik,2DL7978575
3DL-2PM,3D Lotto 2PM,"[""2"", ""6"", ""2""]",2-6-2,2024-07-15,14:00,0,0,lottomatik,3DL7978576
2DL-5PM,2D Lotto 5PM,"[""04"", ""28""]",04-28,2024-07-15,17:00,0,0,lottomatik,2DL7978577
3DL-5PM,3D Lotto 5PM,"[""3"", ""2"", ""6""]",3-2-6,2024-07-15,17:00,0,0,lottomatik,3DL7978578
2DL-9PM,2D Lotto 9PM,"[""10"", ""19""]",10-19,2024-07-15,21:00,0,0,lottomatik,2DL7979257
3DL-9PM,3D Lotto 9PM,"[""4"", ""7"", ""4""]",4-7-4,2024-07-15,21:00,0,0,lottomatik,3DL7979256
4DL,4D Lotto,"[""0"", ""8"", ""3"", ""5""]",0-8-3-5,2024-07-15,21:00,0,0,lottomatik,4DL7979255
GL55,Grand Lotto 6/55,"[""10"", ""35"", ""09"", ""08"", ""21"", ""28""]",10-35-09-08-21-28,2024-07-15,21:00,0,0,lottomatik,GL557978580
ML45,Megalotto 6/45,"[""38"", ""05"", ""14"", ""15"", ""22"", ""37""]",38-05-14-15-22-37,2024-07-15,21:00,0,0,lottomatik,ML457978579
2DL-2PM,2D Lotto 2PM,"[""21"", ""10""]",21-10,2024-07-16,14:00,0,0,lottomatik,2DL7990177
3DL-2PM,3D Lotto 2PM,"[""7"", ""8"", ""1""]",7-8-1,2024-07-16,14:00,0,0,lottomatik,3DL7990178
2DL-5PM,2D Lotto 5PM,"[""01"", ""20""]",01-20,2024-07-16,17:00,0,0,lottomatik,2DL7990179
3DL-5PM,3D Lotto 5PM,"[""8"", ""5"", ""6""]",8-5-6,2024-07-16,17:00,0,0,lottomatik,3DL7990180
2DL-9PM,2D Lotto 9PM,"[""26"", ""03""]",26-03,2024-07-16,21:00,0,0,lottomatik,2DL7991552
3DL-9PM,3D Lotto 9PM,"[""8"", ""5"", ""0""]",8-5-0,2024-07-16,21:00,0,0,lottomatik,3DL7991551
6DL,6D Lotto,"[""6"", ""6"", ""8"", ""3"", ""9"", ""6""]",6-6-8-3-9-6,2024-07-16,21:00,0,0,lottomatik,6DL7991550
LOTTO42,Lotto 6/42,"[""34"", ""19"", ""32"", ""17"", ""03"", ""06""]",34-19-32-17-03-06,2024-07-16,21:00,0,0,lottomatik,LOTTO427990864
SL49,Superlotto 6/49,"[""34"", ""46"", ""43"", ""28"", ""29"", ""35""]",34-46-43-28-29-35,2024-07-16,21:00,0,0,lottomatik,SL497991549
UL58,Ultra Lotto 6/58,"[""05"", ""28"", ""35"", ""42"", ""29"", ""07""]",05-28-35-42-29-07,2024-07-16,21:00,0,0,lottomatik,UL587990865
2DL-2PM,2D Lotto 2PM,"[""07"", ""20""]",07-20,2024-07-17,14:00,0,0,lottomatik,2DL8002641
3DL-2PM,3D Lotto 2PM,"[""4"", ""1"", ""5""]",4-1-5,2024-07-17,14:00,0,0,lottomatik,3DL8002642
2DL-5PM,2D Lotto 5PM,"[""01"", ""25""]",01-25,2024-07-17,17:00,0,0,lottomatik,2DL8002643
3DL-5PM,3D Lotto 5PM,"[""7"", ""7"", ""3""]",7-7-3,2024-07-17,17:00,0,0,lottomatik,3DL8002644
2DL-9PM,2D Lotto 9PM,"[""27"", ""13""]",27-13,2024-07-17,21:00,0,0,lottomatik,2DL8002649
3DL-9PM,3D Lotto 9PM,"[""4"", ""0"", ""4""]",4-0-4,2024-07-17,21:00,0,0,lottomatik,3DL8002648
4DL,4D Lotto,"[""1"", ""0"", ""5"", ""3""]",1-0-5-3,2024-07-17,21:00,0,0,lottomatik,4DL8002647
GL55,Grand Lotto 6/55,"[""25"", ""44"", ""43"", ""34"", ""40"", ""03""]",25-44-43-34-40-03,2024-07-17,21:00,0,0,lottomatik,GL558002646
ML45,Megalotto 6/45,"[""32"", ""04"", ""19"", ""12"", ""11"", ""17""]",32-04-19-12-11-17,2024-07-17,21:00,0,0,lottomatik,ML458002645
2DL-2PM,2D Lotto 2PM,"[""12"", ""25""]",12-25,2024-07-18,14:00,0,0,lottomatik,2DL8011767
3DL-2PM,3D Lotto 2PM,"[""0"", ""8"", ""2""]",0-8-2,2024-07-18,14:00,0,0,lottomatik,3DL8011768
2DL-5PM,2D Lotto 5PM,"[""21"", ""10""]",21-10,2024-07-18,17:00,0,0,lottomatik,2DL8011769
3DL-5PM,3D Lotto 5PM,"[""0"", ""2"", ""9""]",0-2-9,2024-07-18,17:00,0,0,lottomatik,3DL8011770
2DL-9PM,2D Lotto 9PM,"[""20"", ""07""]",20-07,2024-07-18,21:00,0,0,lottomatik,2DL8012477
3DL-9PM,3D Lotto 9PM,"[""6"", ""5"", ""0""]",6-5-0,2024-07-18,21:00,0,0,lottomatik,3DL8012476
6DL,6D Lotto,"[""8"", ""6"", ""8"", ""7"", ""2"", ""2""]",8-6-8-7-2-2,2024-07-18,21:00,0,0,lottomatik,6DL8012475
LOTTO42,Lotto 6/42,"[""27"", ""25"", ""11"", ""40"", ""18"", ""19""]",27-25-11-40-18-19,2024-07-18,21:00,0,0,lottomatik,LOTTO428011771
SL49,Superlotto 6/49,"[""41"", ""33"", ""31"", ""24"", ""37"", ""49""]",41-33-31-24-37-49,2024-07-18,21:00,0,0,lottomatik,SL498011772
2DL-2PM,2D Lotto 2PM,"[""23"", ""26""]",23-26,2024-07-19,14:00,0,0,lottomatik,2DL8023836
3DL-2PM,3D Lotto 2PM,"[""4"", ""4"", ""8""]",4-4-8,2024-07-19,14:00,0,0,lottomatik,3DL8023837
2DL-5PM,2D Lotto 5PM,"[""26"", ""15""]",26-15,2024-07-19,17:00,0,0,lottomatik,2DL8023838
3DL-5PM,3D Lotto 5PM,"[""0"", ""2"", ""9""]",0-2-9,2024-07-19,17:00,0,0,lottomatik,3DL8023839
2DL-9PM,2D Lotto 9PM,"[""22"", ""31""]",22-31,2024-07-19,21:00,0,0,lottomatik,2DL8024555
3DL-9PM,3D Lotto 9PM,"[""0"", ""7"", ""9""]",0-7-9,2024-07-19,21:00,0,0,lottomatik,3DL8024554
4DL,4D Lotto,"[""5"", ""2"", ""2"", ""8""]",5-2-2-8,2024-07-19,21:00,0,0,lottomatik,4DL8024553
ML45,Megalotto 6/45,"[""41"", ""30"", ""32"", ""20"", ""29"", ""01""]",41-30-32-20-29-01,2024-07-19,21:00,0,0,lottomatik,ML458023840
UL58,Ultra Lotto 6/58,"[""06"", ""32"", ""16"", ""47"", ""10"", ""05""]",06-32-16-47-10-05,2024-07-19,21:00,0,0,lottomatik,UL588023841
2DL-2PM,2D Lotto 2PM,"[""09"", ""18""]",09-18,2024-07-20,14:00,0,0,lottomatik,2DL8038227
3DL-2PM,3D Lotto 2PM,"[""2"", ""0"", ""7""]",2-0-7,2024-07-20,14:00,0,0,lottomatik,3DL8038228
2DL-5PM,2D Lotto 5PM,"[""05"", ""03""]",05-03,2024-07-20,17:00,0,0,lottomatik,2DL8038229
3DL-5PM,3D Lotto 5PM,"[""4"", ""0"", ""2""]",4-0-2,2024-07-20,17:00,0,0,lottomatik,3DL8038230
2DL-9PM,2D Lotto 9PM,"[""23"", ""13""]",23-13,2024-07-20,21:00,0,0,lottomatik,2DL8038955
3DL-9PM,3D Lotto 9PM,"[""9"", ""4"", ""6""]",9-4-6,2024-07-20,21:00,0,0,lottomatik,3DL8038954
6DL,6D Lotto,"[""1"", ""0"", ""3"", ""6"", ""4"", ""4""]",1-0-3-6-4-4,2024-07-20,21:00,0,0,lottomatik,6DL8038953
GL55,Grand Lotto 6/55,"[""33"", ""21"", ""40"", ""42"", ""52"", ""37""]",33-21-40-42-52-37,2024-07-20,21:00,0,0,lottomatik,GL558038952
LOTTO42,Lotto 6/42,"[""27"", ""23"", ""17"", ""41"", ""15"", ""29""]",27-23-17-41-15-29,2024-07-20,21:00,0,0,lottomatik,LOTTO428038951
2DL-2PM,2D Lotto 2PM,"[""14"", ""31""]",14-31,2024-07-21,14:00,0,0,lottomatik,2DL8044050
3DL-2PM,3D Lotto 2PM,"[""6"", ""2"", ""8""]",6-2-8,2024-07-21,14:00,0,0,lottomatik,3DL8044051
2DL-5PM,2D Lotto 5PM,"[""25"", ""12""]",25-12,2024-07-21,17:00,0,0,lottomatik,2DL8044052
3DL-5PM,3D Lotto 5PM,"[""4"", ""9"", ""9""]",4-9-9,2024-07-21,17:00,0,0,lottomatik,3DL8044053
2DL-9PM,2D Lotto 9PM,"[""27"", ""25""]",27-25,2024-07-21,21:00,0,0,lottomatik,2DL8044786
3DL-9PM,3D Lotto 9PM,"[""3"", ""2"", ""7""]",3-2-7,2024-07-21,21:00,0,0,lottomatik,3DL8044785
SL49,Superlotto 6/49,"[""07"", ""30"", ""33"", ""23"", ""12"", ""10""]",07-30-33-23-12-10,2024-07-21,21:00,0,0,lottomatik,SL498044783
UL58,Ultra Lotto 6/58,"[""38"", ""27"", ""49"", ""23"", ""32"", ""13""]",38-27-49-23-32-13,2024-07-21,21:00,0,0,lottomatik,UL588044784
2DL-2PM,2D Lotto 2PM,"[""01"", ""17""]",01-17,2024-07-22,14:00,0,0,lottomatik,2DL8058782
3DL-2PM,3D Lotto 2PM,"[""5"", ""5"", ""5""]",5-5-5,2024-07-22,14:00,0,0,lottomatik,3DL8058783
2DL-5PM,2D Lotto 5PM,"[""31"", ""25""]",31-25,2024-07-22,17:00,0,0,lottomatik,2DL8058784
3DL-5PM,3D Lotto 5PM,"[""8"", ""6"", ""3""]",8-6-3,2024-07-22,17:00,0,0,lottomatik,3DL8058785
2DL-9PM,2D Lotto 9PM,"[""30"", ""08""]",30-08,2024-07-22,21:00,0,0,lottomatik,2DL8059527
3DL-9PM,3D Lotto 9PM,"[""3"", ""1"", ""5""]",3-1-5,2024-07-22,21:00,0,0,lottomatik,3DL8059526
4DL,4D Lotto,"[""3"", ""6"", ""3"", ""8""]",3-6-3-8,2024-07-22,21:00,0,0,lottomatik,4DL8059525
GL55,Grand Lotto 6/55,"[""16"", ""27"", ""07"", ""25"", ""54"", ""30""]",16-27-07-25-54-30,2024-07-22,21:00,0,0,lottomatik,GL558059524
ML45,Megalotto 6/45,"[""30"", ""38"", ""34"", ""29"", ""15"", ""19""]",30-38-34-29-15-19,2024-07-22,21:00,0,0,lottomatik,ML458059523
2DL-2PM,2D Lotto 2PM,"[""09"", ""09""]",09-09,2024-07-23,14:00,0,0,lottomatik,2DL8070718
3DL-2PM,3D Lotto 2PM,"[""9"", ""4"", ""0""]",9-4-0,2024-07-23,14:00,0,0,lottomatik,3DL8070719
2DL-5PM,2D Lotto 5PM,"[""12"", ""18""]",12-18,2024-07-23,17:00,0,0,lottomatik,2DL8070720
3DL-5PM,3D Lotto 5PM,"[""6"", ""4"", ""6""]",6-4-6,2024-07-23,17:00,0,0,lottomatik,3DL8070721
2DL-9PM,2D Lotto 9PM,"[""12"", ""13""]",12-13,2024-07-23,21:00,0,0,lottomatik,2DL8071473
3DL-9PM,3D Lotto 9PM,"[""9"", ""0"", ""6""]",9-0-6,2024-07-23,21:00,0,0,lottomatik,3DL8071472
6DL,6D Lotto,"[""4"", ""8"", ""7"", ""7"", ""1"", ""4""]",4-8-7-7-1-4,2024-07-23,21:00,0,0,lottomatik,6DL8071471
LOTTO42,Lotto 6/42,"[""25"", ""07"", ""19"", ""13"", ""20"", ""41""]",25-07-19-13-20-41,2024-07-23,21:00,0,0,lottomatik,LOTTO428070722
SL49,Superlotto 6/49,"[""08"", ""43"", ""19"", ""21"", ""48"", ""39""]",08-43-19-21-48-39,2024-07-23,21:00,0,0,lottomatik,SL498070723
UL58,Ultra Lotto 6/58,"[""05"", ""01"", ""56"", ""33"", ""11"", ""09""]",05-01-56-33-11-09,2024-07-23,21:00,0,0,lottomatik,UL588071470
2DL-2PM,2D Lotto 2PM,"[""31"", ""06""]",31-06,2024-07-24,14:00,0,0,lottomatik,2DL8083560
3DL-2PM,3D Lotto 2PM,"[""1"", ""4"", ""2""]",1-4-2,2024-07-24,14:00,0,0,lottomatik,3DL8083561
2DL-5PM,2D Lotto 5PM,"[""16"", ""15""]",16-15,2024-07-24,17:00,0,0,lottomatik,2DL8083562
3DL-5PM,3D Lotto 5PM,"[""4"", ""5"", ""7""]",4-5-7,2024-07-24,17:00,0,0,lottomatik,3DL8083563
2DL-9PM,2D Lotto 9PM,"[""01"", ""07""]",01-07,2024-07-24,21:00,0,0,lottomatik,2DL8083568
3DL-9PM,3D Lotto 9PM,"[""6"", ""7"", ""9""]",6-7-9,2024-07-24,21:00,0,0,lottomatik,3DL8083567
4DL,4D Lotto,"[""2"", ""1"", ""4"", ""8""]",2-1-4-8,2024-07-24,21:00,0,0,lottomatik,4DL8083566
GL55,Grand Lotto 6/55,"[""02"", ""03"", ""04"", ""16"", ""44"", ""40""]",02-03-04-16-44-40,2024-07-24,21:00,0,0,lottomatik,GL558083565
ML45,Megalotto 6/45,"[""10"", ""33"", ""06"", ""12"", ""32"", ""24""]",10-33-06-12-32-24,2024-07-24,21:00,0,0,lottomatik,ML458083564
2DL-2PM,2D Lotto 2PM,"[""15"", ""05""]",15-05,2024-07-25,14:00,0,0,lottomatik,2DL8092740
3DL-2PM,3D Lotto 2PM,"[""1"", ""6"", ""0""]",1-6-0,2024-07-25,14:00,0,0,lottomatik,3DL8092741
2DL-5PM,2D Lotto 5PM,"[""01"", ""07""]",01-07,2024-07-25,17:00,0,0,lottomatik,2DL8092742
3DL-5PM,3D Lotto 5PM,"[""0"", ""6"", ""7""]",0-6-7,2024-07-25,17:00,0,0,lottomatik,3DL8092743
2DL-9PM,2D Lotto 9PM,"[""12"", ""29""]",12-29,2024-07-25,21:00,0,0,lottomatik,2DL8092748
3DL-9PM,3D Lotto 9PM,"[""0"", ""0"", ""4""]",0-0-4,2024-07-25,21:00,0,0,lottomatik,3DL8092747
6DL,6D Lotto,"[""0"", ""9"", ""3"", ""2"", ""6"", ""7""]",0-9-3-2-6-7,2024-07-25,21:00,0,0,lottomatik,6DL8092746
LOTTO42,Lotto 6/42,"[""33"", ""16"", ""31"", ""18"", ""29"", ""12""]",33-16-31-18-29-12,2024-07-25,21:00,0,0,lottomatik,LOTTO428092744
SL49,Superlotto 6/49,"[""23"", ""42"", ""43"", ""30"", ""18"", ""17""]",23-42-43-30-18-17,2024-07-25,21:00,0,0,lottomatik,SL498092745
2DL-2PM,2D Lotto 2PM,"[""05"", ""03""]",05-03,2024-07-26,14:00,0,0,lottomatik,2DL8107455
3DL-2PM,3D Lotto 2PM,"[""8"", ""5"", ""1""]",8-5-1,2024-07-26,14:00,0,0,lottomatik,3DL8107456
2DL-5PM,2D Lotto 5PM,"[""19"", ""19""]",19-19,2024-07-26,17:00,0,0,lottomatik,2DL8107457
3DL-5PM,3D Lotto 5PM,"[""5"", ""6"", ""9""]",5-6-9,2024-07-26,17:00,0,0,lottomatik,3DL8107458
2DL-9PM,2D Lotto 9PM,"[""01"", ""16""]",01-16,2024-07-26,21:00,0,0,lottomatik,2DL8108237
3DL-9PM,3D Lotto 9PM,"[""8"", ""9"", ""6""]",8-9-6,2024-07-26,21:00,0,0,lottomatik,3DL8108236
4DL,4D Lotto,"[""5"", ""1"", ""4"", ""6""]",5-1-4-6,2024-07-26,21:00,0,0,lottomatik,4DL8108235
ML45,Megalotto 6/45,"[""36"", ""06"", ""20"", ""34"", ""32"", ""23""]",36-06-20-34-32-23,2024-07-26,21:00,0,0,lottomatik,ML458108233
UL58,Ultra Lotto 6/58,"[""22"", ""11"", ""05"", ""14"", ""43"", ""12""]",22-11-05-14-43-12,2024-07-26,21:00,0,0,lottomatik,UL588108234
2DL-2PM,2D Lotto 2PM,"[""04"", ""23""]",04-23,2024-07-27,14:00,0,0,lottomatik,2DL8119200
3DL-2PM,3D Lotto 2PM,"[""4"", ""9"", ""7""]",4-9-7,2024-07-27,14:00,0,0,lottomatik,3DL8119201
2DL-5PM,2D Lotto 5PM,"[""18"", ""20""]",18-20,2024-07-27,17:00,0,0,lottomatik,2DL8119202
3DL-5PM,3D Lotto 5PM,"[""5"", ""7"", ""1""]",5-7-1,2024-07-27,17:00,0,0,lottomatik,3DL8119203
2DL-9PM,2D Lotto 9PM,"[""20"", ""16""]",20-16,2024-07-27,21:00,0,0,lottomatik,2DL8119991
3DL-9PM,3D Lotto 9PM,"[""8"", ""5"", ""9""]",8-5-9,2024-07-27,21:00,0,0,lottomatik,3DL8119990
6DL,6D Lotto,"[""4"", ""4"", ""1"", ""5"", ""8"", ""9""]",4-4-1-5-8-9,2024-07-27,21:00,0,0,lottomatik,6DL8119989
GL55,Grand Lotto 6/55,"[""39"", ""43"", ""41"", ""16"", ""25"", ""45""]",39-43-41-16-25-45,2024-07-27,21:00,0,0,lottomatik,GL558119205
LOTTO42,Lotto 6/42,"[""21"", ""35"", ""40"", ""08"", ""28"", ""42""]",21-35-40-08-28-42,2024-07-27,21:00,0,0,lottomatik,LOTTO428119204
2DL-2PM,2D Lotto 2PM,"[""30"", ""31""]",30-31,2024-07-28,14:00,0,0,lottomatik,2DL8135013
3DL-2PM,3D Lotto 2PM,"[""7"", ""9"", ""6""]",7-9-6,2024-07-28,14:00,0,0,lottomatik,3DL8135014
2DL-5PM,2D Lotto 5PM,"[""09"", ""16""]",09-16,2024-07-28,17:00,0,0,lottomatik,2DL8135015
3DL-5PM,3D Lotto 5PM,"[""6"", ""0"", ""3""]",6-0-3,2024-07-28,17:00,0,0,lottomatik,3DL8135016
2DL-9PM,2D Lotto 9PM,"[""30"", ""30""]",30-30,2024-07-28,21:00,0,0,lottomatik,2DL8135812
3DL-9PM,3D Lotto 9PM,"[""1"", ""2"", ""0""]",1-2-0,2024-07-28,21:00,0,0,lottomatik,3DL8135811
SL49,Superlotto 6/49,"[""13"", ""34"", ""32"", ""47"", ""46"", ""21""]",13-34-32-47-46-21,2024-07-28,21:00,0,0,lottomatik,SL498135809
UL58,Ultra Lotto 6/58,"[""04"", ""25"", ""46"", ""33"", ""49"", ""28""]",04-25-46-33-49-28,2024-07-28,21:00,0,0,lottomatik,UL588135810
2DL-2PM,2D Lotto 2PM,"[""22"", ""07""]",22-07,2024-07-29,14:00,0,0,lottomatik,2DL8143805
3DL-2PM,3D Lotto 2PM,"[""0"", ""4"", ""4""]",0-4-4,2024-07-29,14:00,0,0,lottomatik,3DL8143806
2DL-5PM,2D Lotto 5PM,"[""15"", ""13""]",15-13,2024-07-29,17:00,0,0,lottomatik,2DL8143807
3DL-5PM,3D Lotto 5PM,"[""9"", ""8"", ""6""]",9-8-6,2024-07-29,17:00,0,0,lottomatik,3DL8143808
2DL-9PM,2D Lotto 9PM,"[""03"", ""04""]",03-04,2024-07-29,21:00,0,0,lottomatik,2DL8145413
3DL-9PM,3D Lotto 9PM,"[""5"", ""7"", ""1""]",5-7-1,2024-07-29,21:00,0,0,lottomatik,3DL8145412
4DL,4D Lotto,"[""4"", ""0"", ""1"", ""6""]",4-0-1-6,2024-07-29,21:00,0,0,lottomatik,4DL8145411
GL55,Grand Lotto 6/55,"[""22"", ""05"", ""52"", ""46"", ""23"", ""35""]",22-05-52-46-23-35,2024-07-29,21:00,0,0,lottomatik,GL558144610
ML45,Megalotto 6/45,"[""24"", ""30"", ""09"", ""04"", ""42"", ""01""]",24-30-09-04-42-01,2024-07-29,21:00,0,0,lottomatik,ML458144609
2DL-2PM,2D Lotto 2PM,"[""27"", ""23""]",27-23,2024-07-30,14:00,0,0,lottomatik,2DL8159976
3DL-2PM,3D Lotto 2PM,"[""5"", ""6"", ""4""]",5-6-4,2024-07-30,14:00,0,0,lottomatik,3DL8159977
2DL-5PM,2D Lotto 5PM,"[""19"", ""06""]",19-06,2024-07-30,17:00,0,0,lottomatik,2DL8159978
3DL-5PM,3D Lotto 5PM,"[""6"", ""8"", ""1""]",6-8-1,2024-07-30,17:00,0,0,lottomatik,3DL8159979
2DL-9PM,2D Lotto 9PM,"[""17"", ""28""]",17-28,2024-07-30,21:00,0,0,lottomatik,2DL8160794
3DL-9PM,3D Lotto 9PM,"[""4"", ""3"", ""1""]",4-3-1,2024-07-30,21:00,0,0,lottomatik,3DL8160793
6DL,6D Lotto,"[""6"", ""5"", ""8"", ""8"", ""1"", ""2""]",6-5-8-8-1-2,2024-07-30,21:00,0,0,lottomatik,6DL8160792
LOTTO42,Lotto 6/42,"[""33"", ""38"", ""03"", ""34"", ""05"", ""42""]",33-38-03-34-05-42,2024-07-30,21:00,0,0,lottomatik,LOTTO428159980
SL49,Superlotto 6/49,"[""20"", ""35"", ""24"", ""09"", ""19"", ""28""]",20-35-24-09-19-28,2024-07-30,21:00,0,0,lottomatik,SL498159981
UL58,Ultra Lotto 6/58,"[""39"", ""31"", ""52"", ""56"", ""42"", ""01""]",39-31-52-56-42-01,2024-07-30,21:00,0,0,lottomatik,UL588160791
2DL-2PM,2D Lotto 2PM,"[""27"", ""12""]",27-12,2024-07-31,14:00,0,0,lottomatik,2DL8171422
3DL-2PM,3D Lotto 2PM,"[""6"", ""3"", ""1""]",6-3-1,2024-07-31,14:00,0,0,lottomatik,3DL8171423
2DL-5PM,2D Lotto 5PM,"[""28"", ""29""]",28-29,2024-07-31,17:00,0,0,lottomatik,2DL8171424
3DL-5PM,3D Lotto 5PM,"[""4"", ""2"", ""2""]",4-2-2,2024-07-31,17:00,0,0,lottomatik,3DL8171425
2DL-9PM,2D Lotto 9PM,"[""16"", ""06""]",16-06,2024-07-31,21:00,0,0,lottomatik,2DL8172249
3DL-9PM,3D Lotto 9PM,"[""4"", ""2"", ""2""]",4-2-2,2024-07-31,21:00,0,0,lottomatik,3DL8172248
4DL,4D Lotto,"[""8"", ""1"", ""5"", ""8""]",8-1-5-8,2024-07-31,21:00,0,0,lottomatik,4DL8172247
GL55,Grand Lotto 6/55,"[""32"", ""42"", ""36"", ""23"", ""48"", ""37""]",32-42-36-23-48-37,2024-07-31,21:00,0,0,lottomatik,GL558172246
ML45,Megalotto 6/45,"[""28"", ""31"", ""44"", ""01"", ""22"", ""20""]",28-31-44-01-22-20,2024-07-31,21:00,0,0,lottomatik,ML458172245
2DL-2PM,2D Lotto 2PM,"[""20"", ""21""]",20-21,2024-08-01,14:00,0,0,lottomatik,2DL8175562
3DL-2PM,3D Lotto 2PM,"[""3"", ""0"", ""7""]",3-0-7,2024-08-01,14:00,0,0,lottomatik,3DL8175563
2DL-5PM,2D Lotto 5PM,"[""05"", ""22""]",05-22,2024-08-01,17:00,0,0,lottomatik,2DL8175565
3DL-5PM,3D Lotto 5PM,"[""8"", ""9"", ""4""]",8-9-4,2024-08-01,17:00,0,0,lottomatik,3DL8175564
2DL-9PM,2D Lotto 9PM,"[""19"", ""02""]",19-02,2024-08-01,21:00,0,0,lottomatik,2DL8175570
3DL-9PM,3D Lotto 9PM,"[""3"", ""9"", ""0""]",3-9-0,2024-08-01,21:00,0,0,lottomatik,3DL8175569
6DL,6D Lotto,"[""5"", ""8"", ""5"", ""2"", ""6"", ""7""]",5-8-5-2-6-7,2024-08-01,21:00,0,0,lottomatik,6DL8175568
LOTTO42,Lotto 6/42,"[""03"", ""15"", ""11"", ""17"", ""19"", ""13""]",03-15-11-17-19-13,2024-08-01,21:00,0,0,lottomatik,LOTTO428175566
SL49,Superlotto 6/49,"[""31"", ""02"", ""27"", ""41"", ""17"", ""12""]",31-02-27-41-17-12,2024-08-01,21:00,0,0,lottomatik,SL498175567
2DL-2PM,2D Lotto 2PM,"[""02"", ""25""]",02-25,2024-08-02,14:00,0,0,lottomatik,2DL8188126
3DL-2PM,3D Lotto 2PM,"[""7"", ""7"", ""7""]",7-7-7,2024-08-02,14:00,0,0,lottomatik,3DL8188127
2DL-5PM,2D Lotto 5PM,"[""25"", ""27""]",25-27,2024-08-02,17:00,0,0,lottomatik,2DL8188128
3DL-5PM,3D Lotto 5PM,"[""3"", ""8"", ""7""]",3-8-7,2024-08-02,17:00,0,0,lottomatik,3DL8188129
2DL-9PM,2D Lotto 9PM,"[""08"", ""09""]",08-09,2024-08-02,21:00,0,0,lottomatik,2DL8189808
3DL-9PM,3D Lotto 9PM,"[""9"", ""7"", ""2""]",9-7-2,2024-08-02,21:00,0,0,lottomatik,3DL8189807
4DL,4D Lotto,"[""5"", ""9"", ""2"", ""5""]",5-9-2-5,2024-08-02,21:00,0,0,lottomatik,4DL8189806
ML45,Megalotto 6/45,"[""41"", ""03"", ""07"", ""34"", ""06"", ""37""]",41-03-07-34-06-37,2024-08-02,21:00,0,0,lottomatik,ML458188967
UL58,Ultra Lotto 6/58,"[""10"", ""41"", ""51"", ""09"", ""14"", ""38""]",10-41-51-09-14-38,2024-08-02,21:00,0,0,lottomatik,UL588188968
2DL-2PM,2D Lotto 2PM,"[""12"", ""29""]",12-29,2024-08-03,14:00,0,0,lottomatik,2DL8206711
3DL-2PM,3D Lotto 2PM,"[""2"", ""7"", ""3""]",2-7-3,2024-08-03,14:00,0,0,lottomatik,3DL8206712
2DL-5PM,2D Lotto 5PM,"[""26"", ""14""]",26-14,2024-08-03,17:00,0,0,lottomatik,2DL8206713
3DL-5PM,3D Lotto 5PM,"[""0"", ""8"", ""8""]",0-8-8,2024-08-03,17:00,0,0,lottomatik,3DL8206714
2DL-9PM,2D Lotto 9PM,"[""23"", ""23""]",23-23,2024-08-03,21:00,0,0,lottomatik,2DL8207565
3DL-9PM,3D Lotto 9PM,"[""9"", ""2"", ""4""]",9-2-4,2024-08-03,21:00,0,0,lottomatik,3DL8207564
6DL,6D Lotto,"[""2"", ""7"", ""5"", ""4"", ""6"", ""5""]",2-7-5-4-6-5,2024-08-03,21:00,0,0,lottomatik,6DL8207563
GL55,Grand Lotto 6/55,"[""28"", ""04"", ""49"", ""35"", ""30"", ""01""]",28-04-49-35-30-01,2024-08-03,21:00,0,0,lottomatik,GL558207562
LOTTO42,Lotto 6/42,"[""35"", ""32"", ""07"", ""05"", ""11"", ""23""]",35-32-07-05-11-23,2024-08-03,21:00,0,0,lottomatik,LOTTO428207561
2DL-2PM,2D Lotto 2PM,"[""21"", ""14""]",21-14,2024-08-04,14:00,0,0,lottomatik,2DL8218673
3DL-2PM,3D Lotto 2PM,"[""3"", ""3"", ""4""]",3-3-4,2024-08-04,14:00,0,0,lottomatik,3DL8218672
2DL-5PM,2D Lotto 5PM,"[""26"", ""15""]",26-15,2024-08-04,17:00,0,0,lottomatik,2DL8218675
3DL-5PM,3D Lotto 5PM,"[""5"", ""6"", ""1""]",5-6-1,2024-08-04,17:00,0,0,lottomatik,3DL8218674
2DL-9PM,2D Lotto 9PM,"[""18"", ""20""]",18-20,2024-08-04,21:00,0,0,lottomatik,2DL8218679
3DL-9PM,3D Lotto 9PM,"[""8"", ""8"", ""1""]",8-8-1,2024-08-04,21:00,0,0,lottomatik,3DL8218678
SL49,Superlotto 6/49,"[""40"", ""22"", ""45"", ""14"", ""08"", ""13""]",40-22-45-14-08-13,2024-08-04,21:00,0,0,lottomatik,SL498218676
UL58,Ultra Lotto 6/58,"[""54"", ""12"", ""56"", ""17"", ""03"", ""28""]",54-12-56-17-03-28,2024-08-04,21:00,0,0,lottomatik,UL588218677
2DL-2PM,2D Lotto 2PM,"[""05"", ""25""]",05-25,2024-08-05,14:00,0,0,lottomatik,2DL8229899
3DL-2PM,3D Lotto 2PM,"[""0"", ""7"", ""5""]",0-7-5,2024-08-05,14:00,0,0,lottomatik,3DL8229900
2DL-5PM,2D Lotto 5PM,"[""19"", ""09""]",19-09,2024-08-05,17:00,0,0,lottomatik,2DL8229901
3DL-5PM,3D Lotto 5PM,"[""7"", ""4"", ""0""]",7-4-0,2024-08-05,17:00,0,0,lottomatik,3DL8229902
2DL-9PM,2D Lotto 9PM,"[""25"", ""28""]",25-28,2024-08-05,21:00,0,0,lottomatik,2DL8229907
3DL-9PM,3D Lotto 9PM,"[""8"", ""2"", ""7""]",8-2-7,2024-08-05,21:00,0,0,lottomatik,3DL8229906
4DL,4D Lotto,"[""6"", ""9"", ""7"", ""6""]",6-9-7-6,2024-08-05,21:00,0,0,lottomatik,4DL8229905
GL55,Grand Lotto 6/55,"[""16"", ""20"", ""35"", ""39"", ""51"", ""53""]",16-20-35-39-51-53,2024-08-05,21:00,0,0,lottomatik,GL558229904
ML45,Megalotto 6/45,"[""01"", ""23"", ""20"", ""16"", ""27"", ""03""]",01-23-20-16-27-03,2024-08-05,21:00,0,0,lottomatik,ML458229903
2DL-2PM,2D Lotto 2PM,"[""01"", ""11""]",01-11,2024-08-06,14:00,0,0,lottomatik,2DL8242116
3DL-2PM,3D Lotto 2PM,"[""9"", ""7"", ""7""]",9-7-7,2024-08-06,14:00,0,0,lottomatik,3DL8242117
2DL-5PM,2D Lotto 5PM,"[""20"", ""01""]",20-01,2024-08-06,17:00,0,0,lottomatik,2DL8242118
3DL-5PM,3D Lotto 5PM,"[""4"", ""8"", ""3""]",4-8-3,2024-08-06,17:00,0,0,lottomatik,3DL8242119
2DL-9PM,2D Lotto 9PM,"[""15"", ""04""]",15-04,2024-08-06,21:00,0,0,lottomatik,2DL8242125
3DL-9PM,3D Lotto 9PM,"[""7"", ""3"", ""5""]",7-3-5,2024-08-06,21:00,0,0,lottomatik,3DL8242124
6DL,6D Lotto,"[""4"", ""6"", ""1"", ""4"", ""5"", ""8""]",4-6-1-4-5-8,2024-08-06,21:00,0,0,lottomatik,6DL8242123
LOTTO42,Lotto 6/42,"[""29"", ""11"", ""04"", ""31"", ""16"", ""14""]",29-11-04-31-16-14,2024-08-06,21:00,0,0,lottomatik,LOTTO428242120
SL49,Superlotto 6/49,"[""41"", ""49"", ""27"", ""28"", ""24"", ""03""]",41-49-27-28-24-03,2024-08-06,21:00,0,0,lottomatik,SL498242121
UL58,Ultra Lotto 6/58,"[""26"", ""49"", ""11"", ""37"", ""08"", ""50""]",26-49-11-37-08-50,2024-08-06,21:00,0,0,lottomatik,UL588242122
2DL-2PM,2D Lotto 2PM,"[""13"", ""28""]",13-28,2024-08-07,14:00,0,0,lottomatik,2DL8253573
3DL-2PM,3D Lotto 2PM,"[""7"", ""3"", ""8""]",7-3-8,2024-08-07,14:00,0,0,lottomatik,3DL8253572
2DL-5PM,2D Lotto 5PM,"[""01"", ""30""]",01-30,2024-08-07,17:00,0,0,lottomatik,2DL8253574
3DL-5PM,3D Lotto 5PM,"[""8"", ""6"", ""5""]",8-6-5,2024-08-07,17:00,0,0,lottomatik,3DL8253575
2DL-9PM,2D Lotto 9PM,"[""30"", ""20""]",30-20,2024-08-07,21:00,0,0,lottomatik,2DL8255344
3DL-9PM,3D Lotto 9PM,"[""4"", ""3"", ""5""]",4-3-5,2024-08-07,21:00,0,0,lottomatik,3DL8255343
4DL,4D Lotto,"[""8"", ""3"", ""2"", ""2""]",8-3-2-2,2024-08-07,21:00,0,0,lottomatik,4DL8255342
GL55,Grand Lotto 6/55,"[""47"", ""40"", ""24"", ""29"", ""16"", ""13""]",47-40-24-29-16-13,2024-08-07,21:00,0,0,lottomatik,GL558254459
ML45,Megalotto 6/45,"[""17"", ""44"", ""09"", ""27"", ""29"", ""15""]",17-44-09-27-29-15,2024-08-07,21:00,0,0,lottomatik,ML458254458
2DL-2PM,2D Lotto 2PM,"[""13"", ""02""]",13-02,2024-08-08,14:00,0,0,lottomatik,2DL8267801
3DL-2PM,3D Lotto 2PM,"[""2"", ""4"", ""8""]",2-4-8,2024-08-08,14:00,0,0,lottomatik,3DL8267802
2DL-5PM,2D Lotto 5PM,"[""16"", ""05""]",16-05,2024-08-08,17:00,0,0,lottomatik,2DL8267803
3DL-5PM,3D Lotto 5PM,"[""9"", ""5"", ""8""]",9-5-8,2024-08-08,17:00,0,0,lottomatik,3DL8267804
2DL-9PM,2D Lotto 9PM,"[""29"", ""18""]",29-18,2024-08-08,21:00,0,0,lottomatik,2DL8267809
3DL-9PM,3D Lotto 9PM,"[""5"", ""5"", ""6""]",5-5-6,2024-08-08,21:00,0,0,lottomatik,3DL8267808
6DL,6D Lotto,"[""3"", ""5"", ""0"", ""1"", ""8"", ""2""]",3-5-0-1-8-2,2024-08-08,21:00,0,0,lottomatik,6DL8267807
LOTTO42,Lotto 6/42,"[""12"", ""11"", ""08"", ""17"", ""37"", ""41""]",12-11-08-17-37-41,2024-08-08,21:00,0,0,lottomatik,LOTTO428267805
SL49,Superlotto 6/49,"[""19"", ""09"", ""26"", ""30"", ""41"", ""37""]",19-09-26-30-41-37,2024-08-08,21:00,0,0,lottomatik,SL498267806
2DL-2PM,2D Lotto 2PM,"[""01"", ""09""]",01-09,2024-08-09,14:00,0,0,lottomatik,2DL8281301
3DL-2PM,3D Lotto 2PM,"[""2"", ""7"", ""6""]",2-7-6,2024-08-09,14:00,0,0,lottomatik,3DL8281302
2DL-5PM,2D Lotto 5PM,"[""26"", ""08""]",26-08,2024-08-09,17:00,0,0,lottomatik,2DL8281303
3DL-5PM,3D Lotto 5PM,"[""1"", ""6"", ""6""]",1-6-6,2024-08-09,17:00,0,0,lottomatik,3DL8281304
2DL-9PM,2D Lotto 9PM,"[""27"", ""03""]",27-03,2024-08-09,21:00,0,0,lottomatik,2DL8281309
3DL-9PM,3D Lotto 9PM,"[""0"", ""9"", ""5""]",0-9-5,2024-08-09,21:00,0,0,lottomatik,3DL8281308
4DL,4D Lotto,"[""2"", ""0"", ""3"", ""3""]",2-0-3-3,2024-08-09,21:00,0,0,lottomatik,4DL8281307
ML45,Megalotto 6/45,"[""36"", ""14"", ""18"", ""03"", ""02"", ""11""]",36-14-18-03-02-11,2024-08-09,21:00,0,0,lottomatik,ML458281305
UL58,Ultra Lotto 6/58,"[""10"", ""40"", ""07"", ""19"", ""34"", ""47""]",10-40-07-19-34-47,2024-08-09,21:00,0,0,lottomatik,UL588281306
2DL-2PM,2D Lotto 2PM,"[""10"", ""13""]",10-13,2024-08-10,14:00,0,0,lottomatik,2DL8294927
3DL-2PM,3D Lotto 2PM,"[""0"", ""8"", ""7""]",0-8-7,2024-08-10,14:00,0,0,lottomatik,3DL8294928
2DL-5PM,2D Lotto 5PM,"[""15"", ""11""]",15-11,2024-08-10,17:00,0,0,lottomatik,2DL8294929
3DL-5PM,3D Lotto 5PM,"[""4"", ""0"", ""7""]",4-0-7,2024-08-10,17:00,0,0,lottomatik,3DL8294930
2DL-9PM,2D Lotto 9PM,"[""12"", ""17""]",12-17,2024-08-10,21:00,0,0,lottomatik,2DL8295844
3DL-9PM,3D Lotto 9PM,"[""9"", ""3"", ""0""]",9-3-0,2024-08-10,21:00,0,0,lottomatik,3DL8295843
6DL,6D Lotto,"[""1"", ""3"", ""4"", ""5"", ""4"", ""3""]",1-3-4-5-4-3,2024-08-10,21:00,0,0,lottomatik,6DL8295842
GL55,Grand Lotto 6/55,"[""35"", ""49"", ""52"", ""38"", ""55"", ""13""]",35-49-52-38-55-13,2024-08-10,21:00,0,0,lottomatik,GL558294932
LOTTO42,Lotto 6/42,"[""23"", ""31"", ""41"", ""08"", ""40"", ""06""]",23-31-41-08-40-06,2024-08-10,21:00,0,0,lottomatik,LOTTO428294931
2DL-2PM,2D Lotto 2PM,"[""21"", ""13""]",21-13,2024-08-11,14:00,0,0,lottomatik,2DL8306861
3DL-2PM,3D Lotto 2PM,"[""1"", ""5"", ""9""]",1-5-9,2024-08-11,14:00,0,0,lottomatik,3DL8306862
2DL-5PM,2D Lotto 5PM,"[""22"", ""09""]",22-09,2024-08-11,17:00,0,0,lottomatik,2DL8306863
3DL-5PM,3D Lotto 5PM,"[""5"", ""7"", ""4""]",5-7-4,2024-08-11,17:00,0,0,lottomatik,3DL8306864
2DL-9PM,2D Lotto 9PM,"[""28"", ""28""]",28-28,2024-08-11,21:00,0,0,lottomatik,2DL8307786
3DL-9PM,3D Lotto 9PM,"[""8"", ""3"", ""1""]",8-3-1,2024-08-11,21:00,0,0,lottomatik,3DL8307785
SL49,Superlotto 6/49,"[""04"", ""22"", ""30"", ""43"", ""42"", ""25""]",04-22-30-43-42-25,2024-08-11,21:00,0,0,lottomatik,SL498307783
UL58,Ultra Lotto 6/58,"[""49"", ""43"", ""30"", ""04"", ""25"", ""37""]",49-43-30-04-25-37,2024-08-11,21:00,0,0,lottomatik,UL588307784
2DL-2PM,2D Lotto 2PM,"[""07"", ""20""]",07-20,2024-08-12,14:00,0,0,lottomatik,2DL8317957
3DL-2PM,3D Lotto 2PM,"[""8"", ""0"", ""3""]",8-0-3,2024-08-12,14:00,0,0,lottomatik,3DL8317958
2DL-5PM,2D Lotto 5PM,"[""16"", ""17""]",16-17,2024-08-12,17:00,0,0,lottomatik,2DL8317959
3DL-5PM,3D Lotto 5PM,"[""3"", ""6"", ""7""]",3-6-7,2024-08-12,17:00,0,0,lottomatik,3DL8317960
2DL-9PM,2D Lotto 9PM,"[""27"", ""22""]",27-22,2024-08-12,21:00,0,0,lottomatik,2DL8318891
3DL-9PM,3D Lotto 9PM,"[""8"", ""4"", ""8""]",8-4-8,2024-08-12,21:00,0,0,lottomatik,3DL8318890
4DL,4D Lotto,"[""6"", ""2"", ""8"", ""4""]",6-2-8-4,2024-08-12,21:00,0,0,lottomatik,4DL8318889
GL55,Grand Lotto 6/55,"[""10"", ""53"", ""06"", ""34"", ""42"", ""08""]",10-53-06-34-42-08,2024-08-12,21:00,0,0,lottomatik,GL558318888
ML45,Megalotto 6/45,"[""06"", ""42"", ""09"", ""37"", ""33"", ""34""]",06-42-09-37-33-34,2024-08-12,21:00,0,0,lottomatik,ML458318887
2DL-2PM,2D Lotto 2PM,"[""24"", ""30""]",24-30,2024-08-13,14:00,0,0,lottomatik,2DL8333853
3DL-2PM,3D Lotto 2PM,"[""6"", ""1"", ""2""]",6-1-2,2024-08-13,14:00,0,0,lottomatik,3DL8333852
2DL-5PM,2D Lotto 5PM,"[""25"", ""15""]",25-15,2024-08-13,17:00,0,0,lottomatik,2DL8333854
3DL-5PM,3D Lotto 5PM,"[""9"", ""0"", ""9""]",9-0-9,2024-08-13,17:00,0,0,lottomatik,3DL8333855
2DL-9PM,2D Lotto 9PM,"[""24"", ""15""]",24-15,2024-08-13,21:00,0,0,lottomatik,2DL8336666
3DL-9PM,3D Lotto 9PM,"[""2"", ""3"", ""5""]",2-3-5,2024-08-13,21:00,0,0,lottomatik,3DL8335730
6DL,6D Lotto,"[""8"", ""1"", ""5"", ""6"", ""5"", ""7""]",8-1-5-6-5-7,2024-08-13,21:00,0,0,lottomatik,6DL8335729
LOTTO42,Lotto 6/42,"[""21"", ""03"", ""13"", ""32"", ""33"", ""19""]",21-03-13-32-33-19,2024-08-13,21:00,0,0,lottomatik,LOTTO428335727
SL49,Superlotto 6/49,"[""29"", ""39"", ""32"", ""21"", ""11"", ""03""]",29-39-32-21-11-03,2024-08-13,21:00,0,0,lottomatik,SL498334791
UL58,Ultra Lotto 6/58,"[""41"", ""56"", ""25"", ""01"", ""10"", ""24""]",41-56-25-01-10-24,2024-08-13,21:00,0,0,lottomatik,UL588335728
2DL-2PM,2D Lotto 2PM,"[""24"", ""12""]",24-12,2024-08-14,14:00,0,0,lottomatik,2DL8350832
3DL-2PM,3D Lotto 2PM,"[""3"", ""5"", ""6""]",3-5-6,2024-08-14,14:00,0,0,lottomatik,3DL8350833
2DL-5PM,2D Lotto 5PM,"[""11"", ""22""]",11-22,2024-08-14,17:00,0,0,lottomatik,2DL8350834
3DL-5PM,3D Lotto 5PM,"[""3"", ""5"", ""5""]",3-5-5,2024-08-14,17:00,0,0,lottomatik,3DL8350835
2DL-9PM,2D Lotto 9PM,"[""01"", ""25""]",01-25,2024-08-14,21:00,0,0,lottomatik,2DL8351785
3DL-9PM,3D Lotto 9PM,"[""9"", ""2"", ""2""]",9-2-2,2024-08-14,21:00,0,0,lottomatik,3DL8351784
4DL,4D Lotto,"[""0"", ""2"", ""8"", ""9""]",0-2-8-9,2024-08-14,21:00,0,0,lottomatik,4DL8351783
GL55,Grand Lotto 6/55,"[""05"", ""04"", ""26"", ""03"", ""20"", ""30""]",05-04-26-03-20-30,2024-08-14,21:00,0,0,lottomatik,GL558350837
ML45,Megalotto 6/45,"[""24"", ""25"", ""41"", ""19"", ""21"", ""42""]",24-25-41-19-21-42,2024-08-14,21:00,0,0,lottomatik,ML458350836
2DL-2PM,2D Lotto 2PM,"[""10"", ""29""]",10-29,2024-08-15,14:00,0,0,lottomatik,2DL8374673
3DL-2PM,3D Lotto 2PM,"[""5"", ""2"", ""5""]",5-2-5,2024-08-15,14:00,0,0,lottomatik,3DL8374674
2DL-5PM,2D Lotto 5PM,"[""28"", ""20""]",28-20,2024-08-15,17:00,0,0,lottomatik,2DL8374675
3DL-5PM,3D Lotto 5PM,"[""1"", ""3"", ""3""]",1-3-3,2024-08-15,17:00,0,0,lottomatik,3DL8374676
2DL-9PM,2D Lotto 9PM,"[""04"", ""22""]",04-22,2024-08-15,21:00,0,0,lottomatik,2DL8376589
3DL-9PM,3D Lotto 9PM,"[""3"", ""8"", ""8""]",3-8-8,2024-08-15,21:00,0,0,lottomatik,3DL8376588
6DL,6D Lotto,"[""9"", ""0"", ""8"", ""6"", ""6"", ""2""]",9-0-8-6-6-2,2024-08-15,21:00,0,0,lottomatik,6DL8376587
LOTTO42,Lotto 6/42,"[""21"", ""11"", ""30"", ""16"", ""19"", ""03""]",21-11-30-16-19-03,2024-08-15,21:00,0,0,lottomatik,LOTTO428375632
SL49,Superlotto 6/49,"[""05"", ""29"", ""39"", ""43"", ""27"", ""04""]",05-29-39-43-27-04,2024-08-15,21:00,0,0,lottomatik,SL498375631
2DL-2PM,2D Lotto 2PM,"[""04"", ""27""]",04-27,2024-08-16,14:00,0,0,lottomatik,2DL8391980
3DL-2PM,3D Lotto 2PM,"[""8"", ""9"", ""6""]",8-9-6,2024-08-16,14:00,0,0,lottomatik,3DL8391981
2DL-5PM,2D Lotto 5PM,"[""15"", ""11""]",15-11,2024-08-16,17:00,0,0,lottomatik,2DL8391982
3DL-5PM,3D Lotto 5PM,"[""7"", ""7"", ""3""]",7-7-3,2024-08-16,17:00,0,0,lottomatik,3DL8391983
2DL-9PM,2D Lotto 9PM,"[""22"", ""15""]",22-15,2024-08-16,21:00,0,0,lottomatik,2DL8391988
3DL-9PM,3D Lotto 9PM,"[""3"", ""3"", ""1""]",3-3-1,2024-08-16,21:00,0,0,lottomatik,3DL8391987
4DL,4D Lotto,"[""7"", ""0"", ""1"", ""2""]",7-0-1-2,2024-08-16,21:00,0,0,lottomatik,4DL8391986
ML45,Megalotto 6/45,"[""26"", ""05"", ""36"", ""21"", ""29"", ""45""]",26-05-36-21-29-45,2024-08-16,21:00,0,0,lottomatik,ML458391984
UL58,Ultra Lotto 6/58,"[""27"", ""51"", ""50"", ""04"", ""22"", ""41""]",27-51-50-04-22-41,2024-08-16,21:00,0,0,lottomatik,UL588391985
2DL-2PM,2D Lotto 2PM,"[""15"", ""27""]",15-27,2024-08-17,14:00,0,0,lottomatik,2DL8407541
3DL-2PM,3D Lotto 2PM,"[""3"", ""1"", ""4""]",3-1-4,2024-08-17,14:00,0,0,lottomatik,3DL8407542
2DL-5PM,2D Lotto 5PM,"[""19"", ""27""]",19-27,2024-08-17,17:00,0,0,lottomatik,2DL8407543
3DL-5PM,3D Lotto 5PM,"[""9"", ""9"", ""0""]",9-9-0,2024-08-17,17:00,0,0,lottomatik,3DL8407544
2DL-9PM,2D Lotto 9PM,"[""29"", ""31""]",29-31,2024-08-17,21:00,0,0,lottomatik,2DL8407549
3DL-9PM,3D Lotto 9PM,"[""2"", ""0"", ""1""]",2-0-1,2024-08-17,21:00,0,0,lottomatik,3DL8407548
6DL,6D Lotto,"[""3"", ""4"", ""7"", ""5"", ""4"", ""3""]",3-4-7-5-4-3,2024-08-17,21:00,0,0,lottomatik,6DL8407547
GL55,Grand Lotto 6/55,"[""25"", ""27"", ""28"", ""35"", ""29"", ""53""]",25-27-28-35-29-53,2024-08-17,21:00,0,0,lottomatik,GL558407546
LOTTO42,Lotto 6/42,"[""11"", ""41"", ""07"", ""06"", ""42"", ""24""]",11-41-07-06-42-24,2024-08-17,21:00,0,0,lottomatik,LOTTO428407545
2DL-2PM,2D Lotto 2PM,"[""26"", ""24""]",26-24,2024-08-18,14:00,0,0,lottomatik,2DL8423246
3DL-2PM,3D Lotto 2PM,"[""6"", ""1"", ""5""]",6-1-5,2024-08-18,14:00,0,0,lottomatik,3DL8423247
2DL-5PM,2D Lotto 5PM,"[""06"", ""03""]",06-03,2024-08-18,17:00,0,0,lottomatik,2DL8423248
3DL-5PM,3D Lotto 5PM,"[""7"", ""1"", ""6""]",7-1-6,2024-08-18,17:00,0,0,lottomatik,3DL8423249
2DL-9PM,2D Lotto 9PM,"[""25"", ""18""]",25-18,2024-08-18,21:00,0,0,lottomatik,2DL8424234
3DL-9PM,3D Lotto 9PM,"[""0"", ""2"", ""8""]",0-2-8,2024-08-18,21:00,0,0,lottomatik,3DL8424233
SL49,Superlotto 6/49,"[""19"", ""30"", ""01"", ""42"", ""39"", ""45""]",19-30-01-42-39-45,2024-08-18,21:00,0,0,lottomatik,SL498424231
UL58,Ultra Lotto 6/58,"[""32"", ""52"", ""29"", ""48"", ""31"", ""07""]",32-52-29-48-31-07,2024-08-18,21:00,0,0,lottomatik,UL588424232
2DL-2PM,2D Lotto 2PM,"[""05"", ""07""]",05-07,2024-08-19,14:00,0,0,lottomatik,2DL8440059
3DL-2PM,3D Lotto 2PM,"[""4"", ""7"", ""1""]",4-7-1,2024-08-19,14:00,0,0,lottomatik,3DL8440060
2DL-5PM,2D Lotto 5PM,"[""07"", ""25""]",07-25,2024-08-19,17:00,0,0,lottomatik,2DL8440061
3DL-5PM,3D Lotto 5PM,"[""6"", ""9"", ""6""]",6-9-6,2024-08-19,17:00,0,0,lottomatik,3DL8440062
2DL-9PM,2D Lotto 9PM,"[""03"", ""17""]",03-17,2024-08-19,21:00,0,0,lottomatik,2DL8440067
3DL-9PM,3D Lotto 9PM,"[""4"", ""0"", ""8""]",4-0-8,2024-08-19,21:00,0,0,lottomatik,3DL8440066
4DL,4D Lotto,"[""2"", ""0"", ""6"", ""4""]",2-0-6-4,2024-08-19,21:00,0,0,lottomatik,4DL8440065
GL55,Grand Lotto 6/55,"[""52"", ""36"", ""31"", ""21"", ""01"", ""53""]",52-36-31-21-01-53,2024-08-19,21:00,0,0,lottomatik,GL558440064
ML45,Megalotto 6/45,"[""38"", ""33"", ""22"", ""34"", ""05"", ""18""]",38-33-22-34-05-18,2024-08-19,21:00,0,0,lottomatik,ML458440063
2DL-2PM,2D Lotto 2PM,"[""01"", ""24""]",01-24,2024-08-20,14:00,0,0,lottomatik,2DL8454031
3DL-2PM,3D Lotto 2PM,"[""9"", ""6"", ""9""]",9-6-9,2024-08-20,14:00,0,0,lottomatik,3DL8454032
2DL-5PM,2D Lotto 5PM,"[""30"", ""26""]",30-26,2024-08-20,17:00,0,0,lottomatik,2DL8454034
3DL-5PM,3D Lotto 5PM,"[""4"", ""4"", ""4""]",4-4-4,2024-08-20,17:00,0,0,lottomatik,3DL8454033
2DL-9PM,2D Lotto 9PM,"[""06"", ""23""]",06-23,2024-08-20,21:00,0,0,lottomatik,2DL8455038
3DL-9PM,3D Lotto 9PM,"[""8"", ""9"", ""9""]",8-9-9,2024-08-20,21:00,0,0,lottomatik,3DL8455037
6DL,6D Lotto,"[""0"", ""8"", ""3"", ""1"", ""8"", ""4""]",0-8-3-1-8-4,2024-08-20,21:00,0,0,lottomatik,6DL8455036
LOTTO42,Lotto 6/42,"[""40"", ""24"", ""30"", ""03"", ""26"", ""41""]",40-24-30-03-26-41,2024-08-20,21:00,0,0,lottomatik,LOTTO428454035
SL49,Superlotto 6/49,"[""18"", ""15"", ""06"", ""04"", ""41"", ""17""]",18-15-06-04-41-17,2024-08-20,21:00,0,0,lottomatik,SL498454036
UL58,Ultra Lotto 6/58,"[""39"", ""46"", ""57"", ""37"", ""45"", ""50""]",39-46-57-37-45-50,2024-08-20,21:00,0,0,lottomatik,UL588455035
2DL-2PM,2D Lotto 2PM,"[""06"", ""02""]",06-02,2024-08-21,14:00,0,0,lottomatik,2DL8467115
3DL-2PM,3D Lotto 2PM,"[""8"", ""0"", ""9""]",8-0-9,2024-08-21,14:00,0,0,lottomatik,3DL8467116
2DL-5PM,2D Lotto 5PM,"[""13"", ""31""]",13-31,2024-08-21,17:00,0,0,lottomatik,2DL8467117
3DL-5PM,3D Lotto 5PM,"[""2"", ""9"", ""2""]",2-9-2,2024-08-21,17:00,0,0,lottomatik,3DL8467118
2DL-9PM,2D Lotto 9PM,"[""03"", ""04""]",03-04,2024-08-21,21:00,0,0,lottomatik,2DL8468131
3DL-9PM,3D Lotto 9PM,"[""7"", ""3"", ""9""]",7-3-9,2024-08-21,21:00,0,0,lottomatik,3DL8468130
4DL,4D Lotto,"[""3"", ""4"", ""7"", ""3""]",3-4-7-3,2024-08-21,21:00,0,0,lottomatik,4DL8468129
GL55,Grand Lotto 6/55,"[""11"", ""46"", ""43"", ""38"", ""18"", ""45""]",11-46-43-38-18-45,2024-08-21,21:00,0,0,lottomatik,GL558467120
ML45,Megalotto 6/45,"[""39"", ""21"", ""07"", ""06"", ""34"", ""33""]",39-21-07-06-34-33,2024-08-21,21:00,0,0,lottomatik,ML458467119
2DL-2PM,2D Lotto 2PM,"[""09"", ""22""]",09-22,2024-08-22,14:00,0,0,lottomatik,2DL8480327
3DL-2PM,3D Lotto 2PM,"[""1"", ""7"", ""7""]",1-7-7,2024-08-22,14:00,0,0,lottomatik,3DL8480328
2DL-5PM,2D Lotto 5PM,"[""08"", ""16""]",08-16,2024-08-22,17:00,0,0,lottomatik,2DL8480329
3DL-5PM,3D Lotto 5PM,"[""7"", ""4"", ""6""]",7-4-6,2024-08-22,17:00,0,0,lottomatik,3DL8480330
2DL-9PM,2D Lotto 9PM,"[""21"", ""31""]",21-31,2024-08-22,21:00,0,0,lottomatik,2DL8481352
3DL-9PM,3D Lotto 9PM,"[""7"", ""0"", ""2""]",7-0-2,2024-08-22,21:00,0,0,lottomatik,3DL8481351
6DL,6D Lotto,"[""9"", ""3"", ""3"", ""1"", ""9"", ""3""]",9-3-3-1-9-3,2024-08-22,21:00,0,0,lottomatik,6DL8481350
LOTTO42,Lotto 6/42,"[""06"", ""24"", ""25"", ""28"", ""02"", ""16""]",06-24-25-28-02-16,2024-08-22,21:00,0,0,lottomatik,LOTTO428480331
SL49,Superlotto 6/49,"[""14"", ""20"", ""36"", ""19"", ""09"", ""39""]",14-20-36-19-09-39,2024-08-22,21:00,0,0,lottomatik,SL498480332
2DL-2PM,2D Lotto 2PM,"[""19"", ""03""]",19-03,2024-08-23,14:00,0,0,lottomatik,2DL8492639
3DL-2PM,3D Lotto 2PM,"[""0"", ""1"", ""3""]",0-1-3,2024-08-23,14:00,0,0,lottomatik,3DL8492640
2DL-5PM,2D Lotto 5PM,"[""30"", ""06""]",30-06,2024-08-23,17:00,0,0,lottomatik,2DL8492641
3DL-5PM,3D Lotto 5PM,"[""7"", ""7"", ""3""]",7-7-3,2024-08-23,17:00,0,0,lottomatik,3DL8492642
2DL-9PM,2D Lotto 9PM,"[""28"", ""10""]",28-10,2024-08-23,21:00,0,0,lottomatik,2DL8493673
3DL-9PM,3D Lotto 9PM,"[""2"", ""3"", ""1""]",2-3-1,2024-08-23,21:00,0,0,lottomatik,3DL8493672
4DL,4D Lotto,"[""7"", ""5"", ""2"", ""2""]",7-5-2-2,2024-08-23,21:00,0,0,lottomatik,4DL8493671
ML45,Megalotto 6/45,"[""03"", ""43"", ""10"", ""30"", ""37"", ""24""]",03-43-10-30-37-24,2024-08-23,21:00,0,0,lottomatik,ML458492643
UL58,Ultra Lotto 6/58,"[""39"", ""46"", ""07"", ""23"", ""45"", ""44""]",39-46-07-23-45-44,2024-08-23,21:00,0,0,lottomatik,UL588492644
2DL-2PM,2D Lotto 2PM,"[""12"", ""28""]",12-28,2024-08-24,14:00,0,0,lottomatik,2DL8513339
3DL-2PM,3D Lotto 2PM,"[""2"", ""8"", ""1""]",2-8-1,2024-08-24,14:00,0,0,lottomatik,3DL8513340
2DL-5PM,2D Lotto 5PM,"[""16"", ""31""]",16-31,2024-08-24,17:00,0,0,lottomatik,2DL8513341
3DL-5PM,3D Lotto 5PM,"[""5"", ""0"", ""7""]",5-0-7,2024-08-24,17:00,0,0,lottomatik,3DL8513342
2DL-9PM,2D Lotto 9PM,"[""19"", ""12""]",19-12,2024-08-24,21:00,0,0,lottomatik,2DL8513347
3DL-9PM,3D Lotto 9PM,"[""5"", ""7"", ""9""]",5-7-9,2024-08-24,21:00,0,0,lottomatik,3DL8513346
6DL,6D Lotto,"[""9"", ""3"", ""4"", ""5"", ""5"", ""7""]",9-3-4-5-5-7,2024-08-24,21:00,0,0,lottomatik,6DL8513345
GL55,Grand Lotto 6/55,"[""44"", ""16"", ""40"", ""13"", ""42"", ""15""]",44-16-40-13-42-15,2024-08-24,21:00,0,0,lottomatik,GL558513344
LOTTO42,Lotto 6/42,"[""26"", ""40"", ""17"", ""32"", ""20"", ""19""]",26-40-17-32-20-19,2024-08-24,21:00,0,0,lottomatik,LOTTO428513343
2DL-2PM,2D Lotto 2PM,"[""25"", ""16""]",25-16,2024-08-25,14:00,0,0,lottomatik,2DL8527955
3DL-2PM,3D Lotto 2PM,"[""3"", ""0"", ""1""]",3-0-1,2024-08-25,14:00,0,0,lottomatik,3DL8527956
2DL-5PM,2D Lotto 5PM,"[""08"", ""01""]",08-01,2024-08-25,17:00,0,0,lottomatik,2DL8527957
3DL-5PM,3D Lotto 5PM,"[""1"", ""4"", ""0""]",1-4-0,2024-08-25,17:00,0,0,lottomatik,3DL8527958
2DL-9PM,2D Lotto 9PM,"[""09"", ""09""]",09-09,2024-08-25,21:00,0,0,lottomatik,2DL8527962
3DL-9PM,3D Lotto 9PM,"[""9"", ""7"", ""4""]",9-7-4,2024-08-25,21:00,0,0,lottomatik,3DL8527961
SL49,Superlotto 6/49,"[""31"", ""36"", ""20"", ""02"", ""41"", ""23""]",31-36-20-02-41-23,2024-08-25,21:00,0,0,lottomatik,SL498527959
UL58,Ultra Lotto 6/58,"[""09"", ""02"", ""51"", ""05"", ""06"", ""42""]",09-02-51-05-06-42,2024-08-25,21:00,0,0,lottomatik,UL588527960
2DL-2PM,2D Lotto 2PM,"[""26"", ""06""]",26-06,2024-08-26,14:00,0,0,lottomatik,2DL8543743
3DL-2PM,3D Lotto 2PM,"[""1"", ""8"", ""8""]",1-8-8,2024-08-26,14:00,0,0,lottomatik,3DL8543744
2DL-5PM,2D Lotto 5PM,"[""29"", ""26""]",29-26,2024-08-26,17:00,0,0,lottomatik,2DL8543745
3DL-5PM,3D Lotto 5PM,"[""2"", ""4"", ""0""]",2-4-0,2024-08-26,17:00,0,0,lottomatik,3DL8543746
2DL-9PM,2D Lotto 9PM,"[""08"", ""31""]",08-31,2024-08-26,21:00,0,0,lottomatik,2DL8545855
3DL-9PM,3D Lotto 9PM,"[""7"", ""4"", ""2""]",7-4-2,2024-08-26,21:00,0,0,lottomatik,3DL8545854
4DL,4D Lotto,"[""8"", ""3"", ""8"", ""3""]",8-3-8-3,2024-08-26,21:00,0,0,lottomatik,4DL8545853
GL55,Grand Lotto 6/55,"[""16"", ""45"", ""27"", ""39"", ""38"", ""09""]",16-45-27-39-38-09,2024-08-26,21:00,0,0,lottomatik,GL558544800
ML45,Megalotto 6/45,"[""02"", ""09"", ""40"", ""24"", ""04"", ""11""]",02-09-40-24-04-11,2024-08-26,21:00,0,0,lottomatik,ML458544799
2DL-2PM,2D Lotto 2PM,"[""11"", ""02""]",11-02,2024-08-27,14:00,0,0,lottomatik,2DL8560701
3DL-2PM,3D Lotto 2PM,"[""1"", ""1"", ""0""]",1-1-0,2024-08-27,14:00,0,0,lottomatik,3DL8560702
2DL-5PM,2D Lotto 5PM,"[""01"", ""12""]",01-12,2024-08-27,17:00,0,0,lottomatik,2DL8560703
3DL-5PM,3D Lotto 5PM,"[""5"", ""4"", ""3""]",5-4-3,2024-08-27,17:00,0,0,lottomatik,3DL8560704
2DL-9PM,2D Lotto 9PM,"[""01"", ""18""]",01-18,2024-08-27,21:00,0,0,lottomatik,2DL8561771
3DL-9PM,3D Lotto 9PM,"[""3"", ""7"", ""5""]",3-7-5,2024-08-27,21:00,0,0,lottomatik,3DL8561770
6DL,6D Lotto,"[""0"", ""1"", ""5"", ""4"", ""4"", ""8""]",0-1-5-4-4-8,2024-08-27,21:00,0,0,lottomatik,6DL8561769
LOTTO42,Lotto 6/42,"[""09"", ""03"", ""31"", ""12"", ""41"", ""23""]",09-03-31-12-41-23,2024-08-27,21:00,0,0,lottomatik,LOTTO428560705
SL49,Superlotto 6/49,"[""43"", ""42"", ""45"", ""33"", ""25"", ""46""]",43-42-45-33-25-46,2024-08-27,21:00,0,0,lottomatik,SL498560706
UL58,Ultra Lotto 6/58,"[""40"", ""53"", ""24"", ""45"", ""50"", ""10""]",40-53-24-45-50-10,2024-08-27,21:00,0,0,lottomatik,UL588561768
2DL-2PM,2D Lotto 2PM,"[""28"", ""10""]",28-10,2024-08-28,14:00,0,0,lottomatik,2DL8578908
3DL-2PM,3D Lotto 2PM,"[""5"", ""6"", ""0""]",5-6-0,2024-08-28,14:00,0,0,lottomatik,3DL8578909
2DL-5PM,2D Lotto 5PM,"[""11"", ""16""]",11-16,2024-08-28,17:00,0,0,lottomatik,2DL8578910
3DL-5PM,3D Lotto 5PM,"[""9"", ""6"", ""3""]",9-6-3,2024-08-28,17:00,0,0,lottomatik,3DL8578911
2DL-9PM,2D Lotto 9PM,"[""02"", ""16""]",02-16,2024-08-28,21:00,0,0,lottomatik,2DL8578916
3DL-9PM,3D Lotto 9PM,"[""9"", ""0"", ""1""]",9-0-1,2024-08-28,21:00,0,0,lottomatik,3DL8578915
4DL,4D Lotto,"[""1"", ""1"", ""5"", ""0""]",1-1-5-0,2024-08-28,21:00,0,0,lottomatik,4DL8578914
GL55,Grand Lotto 6/55,"[""33"", ""21"", ""37"", ""40"", ""49"", ""50""]",33-21-37-40-49-50,2024-08-28,21:00,0,0,lottomatik,GL558578913
ML45,Megalotto 6/45,"[""01"", ""12"", ""08"", ""45"", ""24"", ""38""]",01-12-08-45-24-38,2024-08-28,21:00,0,0,lottomatik,ML458578912
2DL-2PM,2D Lotto 2PM,"[""03"", ""18""]",03-18,2024-08-29,14:00,0,0,lottomatik,2DL8578917
3DL-2PM,3D Lotto 2PM,"[""2"", ""4"", ""2""]",2-4-2,2024-08-29,14:00,0,0,lottomatik,3DL8578918
2DL-5PM,2D Lotto 5PM,"[""05"", ""15""]",05-15,2024-08-29,17:00,0,0,lottomatik,2DL8578920
3DL-5PM,3D Lotto 5PM,"[""4"", ""4"", ""4""]",4-4-4,2024-08-29,17:00,0,0,lottomatik,3DL8578919
2DL-9PM,2D Lotto 9PM,"[""10"", ""25""]",10-25,2024-08-29,21:00,0,0,lottomatik,2DL8578925
3DL-9PM,3D Lotto 9PM,"[""7"", ""5"", ""7""]",7-5-7,2024-08-29,21:00,0,0,lottomatik,3DL8578924
6DL,6D Lotto,"[""7"", ""7"", ""4"", ""2"", ""5"", ""4""]",7-7-4-2-5-4,2024-08-29,21:00,0,0,lottomatik,6DL8578923
LOTTO42,Lotto 6/42,"[""28"", ""21"", ""36"", ""09"", ""04"", ""17""]",28-21-36-09-04-17,2024-08-29,21:00,0,0,lottomatik,LOTTO428578922
SL49,Superlotto 6/49,"[""03"", ""09"", ""10"", ""44"", ""01"", ""32""]",03-09-10-44-01-32,2024-08-29,21:00,0,0,lottomatik,SL498578921
2DL-2PM,2D Lotto 2PM,"[""14"", ""01""]",14-01,2024-08-30,14:00,0,0,lottomatik,2DL8581537
3DL-2PM,3D Lotto 2PM,"[""0"", ""1"", ""4""]",0-1-4,2024-08-30,14:00,0,0,lottomatik,3DL8581538
2DL-5PM,2D Lotto 5PM,"[""28"", ""09""]",28-09,2024-08-30,17:00,0,0,lottomatik,2DL8581539
3DL-5PM,3D Lotto 5PM,"[""7"", ""3"", ""7""]",7-3-7,2024-08-30,17:00,0,0,lottomatik,3DL8581540
2DL-9PM,2D Lotto 9PM,"[""04"", ""16""]",04-16,2024-08-30,21:00,0,0,lottomatik,2DL8581545
3DL-9PM,3D Lotto 9PM,"[""1"", ""2"", ""6""]",1-2-6,2024-08-30,21:00,0,0,lottomatik,3DL8581544
4DL,4D Lotto,"[""3"", ""8"", ""2"", ""0""]",3-8-2-0,2024-08-30,21:00,0,0,lottomatik,4DL8581543
ML45,Megalotto 6/45,"[""34"", ""23"", ""01"", ""32"", ""40"", ""04""]",34-23-01-32-40-04,2024-08-30,21:00,0,0,lottomatik,ML458581541
UL58,Ultra Lotto 6/58,"[""41"", ""44"", ""52"", ""08"", ""03"", ""40""]",41-44-52-08-03-40,2024-08-30,21:00,0,0,lottomatik,UL588581542
2DL-2PM,2D Lotto 2PM,"[""15"", ""29""]",15-29,2024-08-31,14:00,0,0,lottomatik,2DL8582888
3DL-2PM,3D Lotto 2PM,"[""8"", ""6"", ""2""]",8-6-2,2024-08-31,14:00,0,0,lottomatik,3DL8582889
2DL-5PM,2D Lotto 5PM,"[""25"", ""29""]",25-29,2024-08-31,17:00,0,0,lottomatik,2DL8582890
3DL-5PM,3D Lotto 5PM,"[""1"", ""6"", ""0""]",1-6-0,2024-08-31,17:00,0,0,lottomatik,3DL8582891
2DL-9PM,2D Lotto 9PM,"[""15"", ""29""]",15-29,2024-08-31,21:00,0,0,lottomatik,2DL8583166
3DL-9PM,3D Lotto 9PM,"[""9"", ""6"", ""8""]",9-6-8,2024-08-31,21:00,0,0,lottomatik,3DL8583165
6DL,6D Lotto,"[""3"", ""7"", ""2"", ""7"", ""4"", ""5""]",3-7-2-7-4-5,2024-08-31,21:00,0,0,lottomatik,6DL8583164
GL55,Grand Lotto 6/55,"[""03"", ""51"", ""01"", ""11"", ""16"", ""10""]",03-51-01-11-16-10,2024-08-31,21:00,0,0,lottomatik,GL558583163
LOTTO42,Lotto 6/42,"[""27"", ""22"", ""24"", ""08"", ""28"", ""09""]",27-22-24-08-28-09,2024-08-31,21:00,0,0,lottomatik,LOTTO428583162
2DL-2PM,2D Lotto 2PM,"[""02"", ""08""]",02-08,2024-09-01,14:00,0,0,lottomatik,2DL8584562
3DL-2PM,3D Lotto 2PM,"[""8"", ""4"", ""1""]",8-4-1,2024-09-01,14:00,0,0,lottomatik,3DL8584563
2DL-5PM,2D Lotto 5PM,"[""04"", ""11""]",04-11,2024-09-01,17:00,0,0,lottomatik,2DL8584564
3DL-5PM,3D Lotto 5PM,"[""0"", ""6"", ""6""]",0-6-6,2024-09-01,17:00,0,0,lottomatik,3DL8584565
2DL-9PM,2D Lotto 9PM,"[""28"", ""20""]",28-20,2024-09-01,21:00,0,0,lottomatik,2DL8584569
3DL-9PM,3D Lotto 9PM,"[""7"", ""5"", ""8""]",7-5-8,2024-09-01,21:00,0,0,lottomatik,3DL8584568
SL49,Superlotto 6/49,"[""20"", ""44"", ""28"", ""04"", ""16"", ""48""]",20-44-28-04-16-48,2024-09-01,21:00,0,0,lottomatik,SL498584566
UL58,Ultra Lotto 6/58,"[""06"", ""56"", ""41"", ""33"", ""35"", ""17""]",06-56-41-33-35-17,2024-09-01,21:00,0,0,lottomatik,UL588584567
2DL-2PM,2D Lotto 2PM,"[""17"", ""15""]",17-15,2024-09-02,14:00,0,0,lottomatik,2DL8588588
3DL-2PM,3D Lotto 2PM,"[""3"", ""0"", ""4""]",3-0-4,2024-09-02,14:00,0,0,lottomatik,3DL8588589
2DL-5PM,2D Lotto 5PM,"[""27"", ""02""]",27-02,2024-09-02,17:00,0,0,lottomatik,2DL8588590
3DL-5PM,3D Lotto 5PM,"[""7"", ""4"", ""9""]",7-4-9,2024-09-02,17:00,0,0,lottomatik,3DL8588591
2DL-9PM,2D Lotto 9PM,"[""21"", ""16""]",21-16,2024-09-02,21:00,0,0,lottomatik,2DL8588596
3DL-9PM,3D Lotto 9PM,"[""6"", ""7"", ""1""]",6-7-1,2024-09-02,21:00,0,0,lottomatik,3DL8588595
4DL,4D Lotto,"[""9"", ""8"", ""5"", ""8""]",9-8-5-8,2024-09-02,21:00,0,0,lottomatik,4DL8588594
GL55,Grand Lotto 6/55,"[""08"", ""50"", ""44"", ""40"", ""07"", ""13""]",08-50-44-40-07-13,2024-09-02,21:00,0,0,lottomatik,GL558588593
ML45,Megalotto 6/45,"[""30"", ""17"", ""36"", ""16"", ""25"", ""39""]",30-17-36-16-25-39,2024-09-02,21:00,0,0,lottomatik,ML458588592
2DL-2PM,2D Lotto 2PM,"[""26"", ""04""]",26-04,2024-09-03,14:00,0,0,lottomatik,2DL8592427
3DL-2PM,3D Lotto 2PM,"[""3"", ""8"", ""9""]",3-8-9,2024-09-03,14:00,0,0,lottomatik,3DL8592428
2DL-5PM,2D Lotto 5PM,"[""28"", ""14""]",28-14,2024-09-03,17:00,0,0,lottomatik,2DL8592429
3DL-5PM,3D Lotto 5PM,"[""0"", ""1"", ""9""]",0-1-9,2024-09-03,17:00,0,0,lottomatik,3DL8592430
2DL-9PM,2D Lotto 9PM,"[""22"", ""23""]",22-23,2024-09-03,21:00,0,0,lottomatik,2DL8592732
3DL-9PM,3D Lotto 9PM,"[""1"", ""9"", ""1""]",1-9-1,2024-09-03,21:00,0,0,lottomatik,3DL8592731
6DL,6D Lotto,"[""7"", ""0"", ""9"", ""7"", ""0"", ""5""]",7-0-9-7-0-5,2024-09-03,21:00,0,0,lottomatik,6DL8592730
LOTTO42,Lotto 6/42,"[""11"", ""27"", ""37"", ""20"", ""39"", ""19""]",11-27-37-20-39-19,2024-09-03,21:00,0,0,lottomatik,LOTTO428592727
SL49,Superlotto 6/49,"[""11"", ""13"", ""20"", ""44"", ""01"", ""18""]",11-13-20-44-01-18,2024-09-03,21:00,0,0,lottomatik,SL498592728
UL58,Ultra Lotto 6/58,"[""03"", ""15"", ""38"", ""34"", ""04"", ""10""]",03-15-38-34-04-10,2024-09-03,21:00,0,0,lottomatik,UL588592729
2DL-2PM,2D Lotto 2PM,"[""18"", ""04""]",18-04,2024-09-04,14:00,0,0,lottomatik,2DL8597619
3DL-2PM,3D Lotto 2PM,"[""2"", ""4"", ""2""]",2-4-2,2024-09-04,14:00,0,0,lottomatik,3DL8597620
2DL-5PM,2D Lotto 5PM,"[""21"", ""13""]",21-13,2024-09-04,17:00,0,0,lottomatik,2DL8597621
3DL-5PM,3D Lotto 5PM,"[""0"", ""8"", ""5""]",0-8-5,2024-09-04,17:00,0,0,lottomatik,3DL8597622
2DL-9PM,2D Lotto 9PM,"[""02"", ""22""]",02-22,2024-09-04,21:00,0,0,lottomatik,2DL8597627
3DL-9PM,3D Lotto 9PM,"[""0"", ""1"", ""7""]",0-1-7,2024-09-04,21:00,0,0,lottomatik,3DL8597626
4DL,4D Lotto,"[""0"", ""8"", ""0"", ""2""]",0-8-0-2,2024-09-04,21:00,0,0,lottomatik,4DL8597625
GL55,Grand Lotto 6/55,"[""32"", ""45"", ""07"", ""22"", ""17"", ""03""]",32-45-07-22-17-03,2024-09-04,21:00,0,0,lottomatik,GL558597624
ML45,Megalotto 6/45,"[""33"", ""42"", ""28"", ""16"", ""43"", ""20""]",33-42-28-16-43-20,2024-09-04,21:00,0,0,lottomatik,ML458597623
2DL-2PM,2D Lotto 2PM,"[""28"", ""18""]",28-18,2024-09-05,14:00,0,0,lottomatik,2DL8600779
3DL-2PM,3D Lotto 2PM,"[""4"", ""9"", ""4""]",4-9-4,2024-09-05,14:00,0,0,lottomatik,3DL8600780
2DL-5PM,2D Lotto 5PM,"[""19"", ""07""]",19-07,2024-09-05,17:00,0,0,lottomatik,2DL8600781
3DL-5PM,3D Lotto 5PM,"[""9"", ""3"", ""6""]",9-3-6,2024-09-05,17:00,0,0,lottomatik,3DL8600782
2DL-9PM,2D Lotto 9PM,"[""22"", ""29""]",22-29,2024-09-05,21:00,0,0,lottomatik,2DL8601102
3DL-9PM,3D Lotto 9PM,"[""7"", ""5"", ""1""]",7-5-1,2024-09-05,21:00,0,0,lottomatik,3DL8601101
6DL,6D Lotto,"[""6"", ""3"", ""5"", ""6"", ""8"", ""2""]",6-3-5-6-8-2,2024-09-05,21:00,0,0,lottomatik,6DL8601100
LOTTO42,Lotto 6/42,"[""13"", ""11"", ""30"", ""23"", ""21"", ""07""]",13-11-30-23-21-07,2024-09-05,21:00,0,0,lottomatik,LOTTO428601098
SL49,Superlotto 6/49,"[""28"", ""49"", ""44"", ""42"", ""09"", ""12""]",28-49-44-42-09-12,2024-09-05,21:00,0,0,lottomatik,SL498601099
2DL-2PM,2D Lotto 2PM,"[""22"", ""26""]",22-26,2024-09-06,14:00,0,0,lottomatik,2DL8606287
3DL-2PM,3D Lotto 2PM,"[""4"", ""9"", ""2""]",4-9-2,2024-09-06,14:00,0,0,lottomatik,3DL8606288
2DL-5PM,2D Lotto 5PM,"[""08"", ""03""]",08-03,2024-09-06,17:00,0,0,lottomatik,2DL8606289
3DL-5PM,3D Lotto 5PM,"[""5"", ""3"", ""4""]",5-3-4,2024-09-06,17:00,0,0,lottomatik,3DL8606290
2DL-9PM,2D Lotto 9PM,"[""12"", ""31""]",12-31,2024-09-06,21:00,0,0,lottomatik,2DL8606943
3DL-9PM,3D Lotto 9PM,"[""9"", ""1"", ""1""]",9-1-1,2024-09-06,21:00,0,0,lottomatik,3DL8606942
4DL,4D Lotto,"[""7"", ""4"", ""5"", ""0""]",7-4-5-0,2024-09-06,21:00,0,0,lottomatik,4DL8606941
ML45,Megalotto 6/45,"[""44"", ""04"", ""27"", ""25"", ""15"", ""38""]",44-04-27-25-15-38,2024-09-06,21:00,0,0,lottomatik,ML458606615
UL58,Ultra Lotto 6/58,"[""53"", ""45"", ""18"", ""41"", ""40"", ""13""]",53-45-18-41-40-13,2024-09-06,21:00,0,0,lottomatik,UL588606616
2DL-2PM,2D Lotto 2PM,"[""20"", ""03""]",20-03,2024-09-07,14:00,0,0,lottomatik,2DL8612263
3DL-2PM,3D Lotto 2PM,"[""7"", ""8"", ""4""]",7-8-4,2024-09-07,14:00,0,0,lottomatik,3DL8612264
2DL-5PM,2D Lotto 5PM,"[""29"", ""01""]",29-01,2024-09-07,17:00,0,0,lottomatik,2DL8612265
3DL-5PM,3D Lotto 5PM,"[""5"", ""3"", ""7""]",5-3-7,2024-09-07,17:00,0,0,lottomatik,3DL8612266
2DL-9PM,2D Lotto 9PM,"[""01"", ""19""]",01-19,2024-09-07,21:00,0,0,lottomatik,2DL8612271
3DL-9PM,3D Lotto 9PM,"[""6"", ""5"", ""5""]",6-5-5,2024-09-07,21:00,0,0,lottomatik,3DL8612270
6DL,6D Lotto,"[""1"", ""2"", ""9"", ""2"", ""5"", ""9""]",1-2-9-2-5-9,2024-09-07,21:00,0,0,lottomatik,6DL8612269
GL55,Grand Lotto 6/55,"[""31"", ""03"", ""17"", ""47"", ""24"", ""20""]",31-03-17-47-24-20,2024-09-07,21:00,0,0,lottomatik,GL558612268
LOTTO42,Lotto 6/42,"[""36"", ""29"", ""10"", ""40"", ""30"", ""05""]",36-29-10-40-30-05,2024-09-07,21:00,0,0,lottomatik,LOTTO428612267
2DL-2PM,2D Lotto 2PM,"[""18"", ""25""]",18-25,2024-09-08,14:00,0,0,lottomatik,2DL8616034
3DL-2PM,3D Lotto 2PM,"[""6"", ""4"", ""1""]",6-4-1,2024-09-08,14:00,0,0,lottomatik,3DL8616035
2DL-5PM,2D Lotto 5PM,"[""05"", ""01""]",05-01,2024-09-08,17:00,0,0,lottomatik,2DL8616036
3DL-5PM,3D Lotto 5PM,"[""5"", ""1"", ""0""]",5-1-0,2024-09-08,17:00,0,0,lottomatik,3DL8616037
2DL-9PM,2D Lotto 9PM,"[""03"", ""24""]",03-24,2024-09-08,21:00,0,0,lottomatik,2DL8616383
3DL-9PM,3D Lotto 9PM,"[""5"", ""4"", ""5""]",5-4-5,2024-09-08,21:00,0,0,lottomatik,3DL8616382
SL49,Superlotto 6/49,"[""07"", ""38"", ""43"", ""03"", ""49"", ""35""]",07-38-43-03-49-35,2024-09-08,21:00,0,0,lottomatik,SL498616380
UL58,Ultra Lotto 6/58,"[""24"", ""55"", ""30"", ""19"", ""40"", ""10""]",24-55-30-19-40-10,2024-09-08,21:00,0,0,lottomatik,UL588616381
2DL-2PM,2D Lotto 2PM,"[""03"", ""30""]",03-30,2024-09-09,14:00,0,0,lottomatik,2DL8620576
3DL-2PM,3D Lotto 2PM,"[""1"", ""8"", ""5""]",1-8-5,2024-09-09,14:00,0,0,lottomatik,3DL8620577
2DL-5PM,2D Lotto 5PM,"[""29"", ""24""]",29-24,2024-09-09,17:00,0,0,lottomatik,2DL8620578
3DL-5PM,3D Lotto 5PM,"[""5"", ""6"", ""6""]",5-6-6,2024-09-09,17:00,0,0,lottomatik,3DL8620579
2DL-9PM,2D Lotto 9PM,"[""01"", ""19""]",01-19,2024-09-09,21:00,0,0,lottomatik,2DL8620934
3DL-9PM,3D Lotto 9PM,"[""9"", ""3"", ""3""]",9-3-3,2024-09-09,21:00,0,0,lottomatik,3DL8620933
4DL,4D Lotto,"[""6"", ""6"", ""9"", ""3""]",6-6-9-3,2024-09-09,21:00,0,0,lottomatik,4DL8620932
GL55,Grand Lotto 6/55,"[""41"", ""34"", ""23"", ""09"", ""45"", ""27""]",41-34-23-09-45-27,2024-09-09,21:00,0,0,lottomatik,GL558620580
ML45,Megalotto 6/45,"[""33"", ""37"", ""09"", ""12"", ""25"", ""07""]",33-37-09-12-25-07,2024-09-09,21:00,0,0,lottomatik,ML458620931
2DL-2PM,2D Lotto 2PM,"[""18"", ""24""]",18-24,2024-09-10,14:00,0,0,lottomatik,2DL8624167
3DL-2PM,3D Lotto 2PM,"[""5"", ""1"", ""6""]",5-1-6,2024-09-10,14:00,0,0,lottomatik,3DL8624166
2DL-5PM,2D Lotto 5PM,"[""20"", ""11""]",20-11,2024-09-10,17:00,0,0,lottomatik,2DL8624168
3DL-5PM,3D Lotto 5PM,"[""4"", ""9"", ""0""]",4-9-0,2024-09-10,17:00,0,0,lottomatik,3DL8624169
2DL-9PM,2D Lotto 9PM,"[""15"", ""08""]",15-08,2024-09-10,21:00,0,0,lottomatik,2DL8624534
3DL-9PM,3D Lotto 9PM,"[""9"", ""4"", ""9""]",9-4-9,2024-09-10,21:00,0,0,lottomatik,3DL8624533
6DL,6D Lotto,"[""3"", ""3"", ""5"", ""9"", ""8"", ""0""]",3-3-5-9-8-0,2024-09-10,21:00,0,0,lottomatik,6DL8624532
LOTTO42,Lotto 6/42,"[""33"", ""32"", ""42"", ""26"", ""18"", ""14""]",33-32-42-26-18-14,2024-09-10,21:00,0,0,lottomatik,LOTTO428624170
SL49,Superlotto 6/49,"[""13"", ""02"", ""35"", ""19"", ""45"", ""17""]",13-02-35-19-45-17,2024-09-10,21:00,0,0,lottomatik,SL498624171
UL58,Ultra Lotto 6/58,"[""22"", ""33"", ""25"", ""17"", ""58"", ""42""]",22-33-25-17-58-42,2024-09-10,21:00,0,0,lottomatik,UL588624531
2DL-2PM,2D Lotto 2PM,"[""15"", ""29""]",15-29,2024-09-11,14:00,0,0,lottomatik,2DL8631895
3DL-2PM,3D Lotto 2PM,"[""4"", ""4"", ""6""]",4-4-6,2024-09-11,14:00,0,0,lottomatik,3DL8631896
2DL-5PM,2D Lotto 5PM,"[""19"", ""19""]",19-19,2024-09-11,17:00,0,0,lottomatik,2DL8631897
3DL-5PM,3D Lotto 5PM,"[""6"", ""1"", ""3""]",6-1-3,2024-09-11,17:00,0,0,lottomatik,3DL8631898
2DL-9PM,2D Lotto 9PM,"[""14"", ""16""]",14-16,2024-09-11,21:00,0,0,lottomatik,2DL8632272
3DL-9PM,3D Lotto 9PM,"[""6"", ""2"", ""9""]",6-2-9,2024-09-11,21:00,0,0,lottomatik,3DL8632271
4DL,4D Lotto,"[""5"", ""1"", ""6"", ""0""]",5-1-6-0,2024-09-11,21:00,0,0,lottomatik,4DL8632270
GL55,Grand Lotto 6/55,"[""15"", ""09"", ""30"", ""52"", ""49"", ""14""]",15-09-30-52-49-14,2024-09-11,21:00,0,0,lottomatik,GL558632268
ML45,Megalotto 6/45,"[""41"", ""14"", ""09"", ""23"", ""04"", ""13""]",41-14-09-23-04-13,2024-09-11,21:00,0,0,lottomatik,ML458632269
2DL-2PM,2D Lotto 2PM,"[""31"", ""28""]",31-28,2024-09-12,14:00,0,0,lottomatik,2DL8639068
3DL-2PM,3D Lotto 2PM,"[""5"", ""1"", ""3""]",5-1-3,2024-09-12,14:00,0,0,lottomatik,3DL8639069
2DL-5PM,2D Lotto 5PM,"[""30"", ""07""]",30-07,2024-09-12,17:00,0,0,lottomatik,2DL8639070
3DL-5PM,3D Lotto 5PM,"[""3"", ""5"", ""2""]",3-5-2,2024-09-12,17:00,0,0,lottomatik,3DL8639071
2DL-9PM,2D Lotto 9PM,"[""04"", ""05""]",04-05,2024-09-12,21:00,0,0,lottomatik,2DL8639454
3DL-9PM,3D Lotto 9PM,"[""0"", ""1"", ""4""]",0-1-4,2024-09-12,21:00,0,0,lottomatik,3DL8639453
6DL,6D Lotto,"[""2"", ""9"", ""3"", ""1"", ""0"", ""5""]",2-9-3-1-0-5,2024-09-12,21:00,0,0,lottomatik,6DL8639452
LOTTO42,Lotto 6/42,"[""07"", ""42"", ""38"", ""28"", ""17"", ""41""]",07-42-38-28-17-41,2024-09-12,21:00,0,0,lottomatik,LOTTO428639072
SL49,Superlotto 6/49,"[""12"", ""38"", ""44"", ""18"", ""05"", ""24""]",12-38-44-18-05-24,2024-09-12,21:00,0,0,lottomatik,SL498639451
2DL-2PM,2D Lotto 2PM,"[""16"", ""29""]",16-29,2024-09-13,14:00,0,0,lottomatik,2DL8642542
3DL-2PM,3D Lotto 2PM,"[""6"", ""6"", ""1""]",6-6-1,2024-09-13,14:00,0,0,lottomatik,3DL8642543
2DL-5PM,2D Lotto 5PM,"[""28"", ""19""]",28-19,2024-09-13,17:00,0,0,lottomatik,2DL8642544
3DL-5PM,3D Lotto 5PM,"[""8"", ""3"", ""2""]",8-3-2,2024-09-13,17:00,0,0,lottomatik,3DL8642545
2DL-9PM,2D Lotto 9PM,"[""21"", ""10""]",21-10,2024-09-13,21:00,0,0,lottomatik,2DL8643324
3DL-9PM,3D Lotto 9PM,"[""2"", ""6"", ""3""]",2-6-3,2024-09-13,21:00,0,0,lottomatik,3DL8643323
4DL,4D Lotto,"[""5"", ""1"", ""3"", ""8""]",5-1-3-8,2024-09-13,21:00,0,0,lottomatik,4DL8643322
ML45,Megalotto 6/45,"[""14"", ""18"", ""01"", ""32"", ""44"", ""15""]",14-18-01-32-44-15,2024-09-13,21:00,0,0,lottomatik,ML458642933
UL58,Ultra Lotto 6/58,"[""17"", ""30"", ""50"", ""45"", ""20"", ""15""]",17-30-50-45-20-15,2024-09-13,21:00,0,0,lottomatik,UL588642934
2DL-2PM,2D Lotto 2PM,"[""15"", ""26""]",15-26,2024-09-14,14:00,0,0,lottomatik,2DL8649256
3DL-2PM,3D Lotto 2PM,"[""1"", ""2"", ""9""]",1-2-9,2024-09-14,14:00,0,0,lottomatik,3DL8649257
2DL-5PM,2D Lotto 5PM,"[""26"", ""07""]",26-07,2024-09-14,17:00,0,0,lottomatik,2DL8649258
3DL-5PM,3D Lotto 5PM,"[""9"", ""9"", ""8""]",9-9-8,2024-09-14,17:00,0,0,lottomatik,3DL8649259
2DL-9PM,2D Lotto 9PM,"[""13"", ""28""]",13-28,2024-09-14,21:00,0,0,lottomatik,2DL8649660
3DL-9PM,3D Lotto 9PM,"[""7"", ""3"", ""2""]",7-3-2,2024-09-14,21:00,0,0,lottomatik,3DL8649659
6DL,6D Lotto,"[""8"", ""6"", ""7"", ""5"", ""2"", ""2""]",8-6-7-5-2-2,2024-09-14,21:00,0,0,lottomatik,6DL8649658
GL55,Grand Lotto 6/55,"[""21"", ""34"", ""26"", ""06"", ""44"", ""27""]",21-34-26-06-44-27,2024-09-14,21:00,0,0,lottomatik,GL558649657
LOTTO42,Lotto 6/42,"[""26"", ""15"", ""29"", ""09"", ""38"", ""25""]",26-15-29-09-38-25,2024-09-14,21:00,0,0,lottomatik,LOTTO428649656
2DL-2PM,2D Lotto 2PM,"[""20"", ""12""]",20-12,2024-09-15,14:00,0,0,lottomatik,2DL8657752
3DL-2PM,3D Lotto 2PM,"[""9"", ""3"", ""2""]",9-3-2,2024-09-15,14:00,0,0,lottomatik,3DL8657753
2DL-5PM,2D Lotto 5PM,"[""31"", ""23""]",31-23,2024-09-15,17:00,0,0,lottomatik,2DL8657754
3DL-5PM,3D Lotto 5PM,"[""7"", ""6"", ""7""]",7-6-7,2024-09-15,17:00,0,0,lottomatik,3DL8657755
2DL-9PM,2D Lotto 9PM,"[""19"", ""29""]",19-29,2024-09-15,21:00,0,0,lottomatik,2DL8657759
3DL-9PM,3D Lotto 9PM,"[""1"", ""1"", ""8""]",1-1-8,2024-09-15,21:00,0,0,lottomatik,3DL8657758
SL49,Superlotto 6/49,"[""32"", ""25"", ""15"", ""19"", ""21"", ""09""]",32-25-15-19-21-09,2024-09-15,21:00,0,0,lottomatik,SL498657756
UL58,Ultra Lotto 6/58,"[""31"", ""22"", ""19"", ""43"", ""37"", ""05""]",31-22-19-43-37-05,2024-09-15,21:00,0,0,lottomatik,UL588657757
2DL-2PM,2D Lotto 2PM,"[""09"", ""06""]",09-06,2024-09-16,14:00,0,0,lottomatik,2DL8663526
3DL-2PM,3D Lotto 2PM,"[""2"", ""2"", ""5""]",2-2-5,2024-09-16,14:00,0,0,lottomatik,3DL8663527
2DL-5PM,2D Lotto 5PM,"[""28"", ""27""]",28-27,2024-09-16,17:00,0,0,lottomatik,2DL8663528
3DL-5PM,3D Lotto 5PM,"[""3"", ""0"", ""8""]",3-0-8,2024-09-16,17:00,0,0,lottomatik,3DL8663529
2DL-9PM,2D Lotto 9PM,"[""09"", ""04""]",09-04,2024-09-16,21:00,0,0,lottomatik,2DL8663534
3DL-9PM,3D Lotto 9PM,"[""4"", ""4"", ""2""]",4-4-2,2024-09-16,21:00,0,0,lottomatik,3DL8663533
4DL,4D Lotto,"[""4"", ""7"", ""6"", ""2""]",4-7-6-2,2024-09-16,21:00,0,0,lottomatik,4DL8663532
GL55,Grand Lotto 6/55,"[""22"", ""09"", ""05"", ""21"", ""37"", ""30""]",22-09-05-21-37-30,2024-09-16,21:00,0,0,lottomatik,GL558663530
ML45,Megalotto 6/45,"[""25"", ""03"", ""39"", ""11"", ""44"", ""01""]",25-03-39-11-44-01,2024-09-16,21:00,0,0,lottomatik,ML458663531
2DL-2PM,2D Lotto 2PM,"[""07"", ""15""]",07-15,2024-09-17,14:00,0,0,lottomatik,2DL8669012
3DL-2PM,3D Lotto 2PM,"[""3"", ""1"", ""6""]",3-1-6,2024-09-17,14:00,0,0,lottomatik,3DL8669013
2DL-5PM,2D Lotto 5PM,"[""10"", ""16""]",10-16,2024-09-17,17:00,0,0,lottomatik,2DL8669014
3DL-5PM,3D Lotto 5PM,"[""1"", ""4"", ""8""]",1-4-8,2024-09-17,17:00,0,0,lottomatik,3DL8669015
2DL-9PM,2D Lotto 9PM,"[""22"", ""08""]",22-08,2024-09-17,21:00,0,0,lottomatik,2DL8669021
3DL-9PM,3D Lotto 9PM,"[""4"", ""0"", ""0""]",4-0-0,2024-09-17,21:00,0,0,lottomatik,3DL8669020
6DL,6D Lotto,"[""0"", ""9"", ""2"", ""3"", ""5"", ""1""]",0-9-2-3-5-1,2024-09-17,21:00,0,0,lottomatik,6DL8669019
LOTTO42,Lotto 6/42,"[""23"", ""42"", ""03"", ""16"", ""25"", ""40""]",23-42-03-16-25-40,2024-09-17,21:00,0,0,lottomatik,LOTTO428669016
SL49,Superlotto 6/49,"[""18"", ""26"", ""19"", ""45"", ""41"", ""32""]",18-26-19-45-41-32,2024-09-17,21:00,0,0,lottomatik,SL498669017
UL58,Ultra Lotto 6/58,"[""20"", ""42"", ""47"", ""41"", ""49"", ""27""]",20-42-47-41-49-27,2024-09-17,21:00,0,0,lottomatik,UL588669018
2DL-2PM,2D Lotto 2PM,"[""04"", ""31""]",04-31,2024-09-18,14:00,0,0,lottomatik,2DL8675070
3DL-2PM,3D Lotto 2PM,"[""4"", ""9"", ""5""]",4-9-5,2024-09-18,14:00,0,0,lottomatik,3DL8675071
2DL-5PM,2D Lotto 5PM,"[""14"", ""07""]",14-07,2024-09-18,17:00,0,0,lottomatik,2DL8675072
3DL-5PM,3D Lotto 5PM,"[""2"", ""9"", ""3""]",2-9-3,2024-09-18,17:00,0,0,lottomatik,3DL8675073
2DL-9PM,2D Lotto 9PM,"[""27"", ""07""]",27-07,2024-09-18,21:00,0,0,lottomatik,2DL8675510
3DL-9PM,3D Lotto 9PM,"[""0"", ""6"", ""4""]",0-6-4,2024-09-18,21:00,0,0,lottomatik,3DL8675509
4DL,4D Lotto,"[""1"", ""9"", ""2"", ""6""]",1-9-2-6,2024-09-18,21:00,0,0,lottomatik,4DL8675508
GL55,Grand Lotto 6/55,"[""02"", ""15"", ""45"", ""31"", ""19"", ""24""]",02-15-45-31-19-24,2024-09-18,21:00,0,0,lottomatik,GL558675506
ML45,Megalotto 6/45,"[""36"", ""04"", ""29"", ""25"", ""45"", ""28""]",36-04-29-25-45-28,2024-09-18,21:00,0,0,lottomatik,ML458675507
2DL-2PM,2D Lotto 2PM,"[""04"", ""09""]",04-09,2024-09-19,14:00,0,0,lottomatik,2DL8681235
3DL-2PM,3D Lotto 2PM,"[""1"", ""6"", ""2""]",1-6-2,2024-09-19,14:00,0,0,lottomatik,3DL8681236
2DL-5PM,2D Lotto 5PM,"[""28"", ""10""]",28-10,2024-09-19,17:00,0,0,lottomatik,2DL8681237
3DL-5PM,3D Lotto 5PM,"[""8"", ""2"", ""0""]",8-2-0,2024-09-19,17:00,0,0,lottomatik,3DL8681238
2DL-9PM,2D Lotto 9PM,"[""12"", ""21""]",12-21,2024-09-19,21:00,0,0,lottomatik,2DL8681684
3DL-9PM,3D Lotto 9PM,"[""2"", ""1"", ""3""]",2-1-3,2024-09-19,21:00,0,0,lottomatik,3DL8681683
6DL,6D Lotto,"[""7"", ""5"", ""9"", ""3"", ""0"", ""1""]",7-5-9-3-0-1,2024-09-19,21:00,0,0,lottomatik,6DL8681682
LOTTO42,Lotto 6/42,"[""05"", ""26"", ""02"", ""21"", ""08"", ""27""]",05-26-02-21-08-27,2024-09-19,21:00,0,0,lottomatik,LOTTO428681239
SL49,Superlotto 6/49,"[""32"", ""24"", ""38"", ""03"", ""05"", ""15""]",32-24-38-03-05-15,2024-09-19,21:00,0,0,lottomatik,SL498681240
2DL-2PM,2D Lotto 2PM,"[""12"", ""11""]",12-11,2024-09-20,14:00,0,0,lottomatik,2DL8688426
3DL-2PM,3D Lotto 2PM,"[""9"", ""2"", ""9""]",9-2-9,2024-09-20,14:00,0,0,lottomatik,3DL8688427
2DL-5PM,2D Lotto 5PM,"[""16"", ""01""]",16-01,2024-09-20,17:00,0,0,lottomatik,2DL8688428
3DL-5PM,3D Lotto 5PM,"[""1"", ""9"", ""8""]",1-9-8,2024-09-20,17:00,0,0,lottomatik,3DL8688429
2DL-9PM,2D Lotto 9PM,"[""26"", ""12""]",26-12,2024-09-20,21:00,0,0,lottomatik,2DL8688434
3DL-9PM,3D Lotto 9PM,"[""2"", ""7"", ""5""]",2-7-5,2024-09-20,21:00,0,0,lottomatik,3DL8688433
4DL,4D Lotto,"[""7"", ""3"", ""5"", ""2""]",7-3-5-2,2024-09-20,21:00,0,0,lottomatik,4DL8688432
ML45,Megalotto 6/45,"[""13"", ""34"", ""27"", ""42"", ""39"", ""23""]",13-34-27-42-39-23,2024-09-20,21:00,0,0,lottomatik,ML458688430
UL58,Ultra Lotto 6/58,"[""34"", ""01"", ""31"", ""26"", ""28"", ""55""]",34-01-31-26-28-55,2024-09-20,21:00,0,0,lottomatik,UL588688431
2DL-2PM,2D Lotto 2PM,"[""19"", ""18""]",19-18,2024-09-21,14:00,0,0,lottomatik,2DL8694393
3DL-2PM,3D Lotto 2PM,"[""6"", ""8"", ""4""]",6-8-4,2024-09-21,14:00,0,0,lottomatik,3DL8694394
2DL-5PM,2D Lotto 5PM,"[""30"", ""20""]",30-20,2024-09-21,17:00,0,0,lottomatik,2DL8694395
3DL-5PM,3D Lotto 5PM,"[""9"", ""0"", ""5""]",9-0-5,2024-09-21,17:00,0,0,lottomatik,3DL8694396
2DL-9PM,2D Lotto 9PM,"[""20"", ""17""]",20-17,2024-09-21,21:00,0,0,lottomatik,2DL8694860
3DL-9PM,3D Lotto 9PM,"[""9"", ""2"", ""4""]",9-2-4,2024-09-21,21:00,0,0,lottomatik,3DL8694859
6DL,6D Lotto,"[""6"", ""5"", ""4"", ""8"", ""7"", ""3""]",6-5-4-8-7-3,2024-09-21,21:00,0,0,lottomatik,6DL8694858
GL55,Grand Lotto 6/55,"[""06"", ""20"", ""05"", ""28"", ""29"", ""10""]",06-20-05-28-29-10,2024-09-21,21:00,0,0,lottomatik,GL558694857
LOTTO42,Lotto 6/42,"[""20"", ""10"", ""14"", ""23"", ""03"", ""38""]",20-10-14-23-03-38,2024-09-21,21:00,0,0,lottomatik,LOTTO428694856
2DL-2PM,2D Lotto 2PM,"[""12"", ""01""]",12-01,2024-09-22,14:00,0,0,lottomatik,2DL8701872
3DL-2PM,3D Lotto 2PM,"[""5"", ""0"", ""2""]",5-0-2,2024-09-22,14:00,0,0,lottomatik,3DL8701873
2DL-5PM,2D Lotto 5PM,"[""21"", ""09""]",21-09,2024-09-22,17:00,0,0,lottomatik,2DL8701874
3DL-5PM,3D Lotto 5PM,"[""4"", ""0"", ""2""]",4-0-2,2024-09-22,17:00,0,0,lottomatik,3DL8701875
2DL-9PM,2D Lotto 9PM,"[""31"", ""07""]",31-07,2024-09-22,21:00,0,0,lottomatik,2DL8702347
3DL-9PM,3D Lotto 9PM,"[""7"", ""5"", ""3""]",7-5-3,2024-09-22,21:00,0,0,lottomatik,3DL8702346
SL49,Superlotto 6/49,"[""06"", ""35"", ""10"", ""18"", ""47"", ""45""]",06-35-10-18-47-45,2024-09-22,21:00,0,0,lottomatik,SL498702344
UL58,Ultra Lotto 6/58,"[""24"", ""56"", ""08"", ""52"", ""04"", ""36""]",24-56-08-52-04-36,2024-09-22,21:00,0,0,lottomatik,UL588702345
2DL-2PM,2D Lotto 2PM,"[""01"", ""21""]",01-21,2024-09-23,14:00,0,0,lottomatik,2DL8711376
3DL-2PM,3D Lotto 2PM,"[""8"", ""7"", ""7""]",8-7-7,2024-09-23,14:00,0,0,lottomatik,3DL8711377
2DL-5PM,2D Lotto 5PM,"[""13"", ""26""]",13-26,2024-09-23,17:00,0,0,lottomatik,2DL8711378
3DL-5PM,3D Lotto 5PM,"[""3"", ""4"", ""2""]",3-4-2,2024-09-23,17:00,0,0,lottomatik,3DL8711379
2DL-9PM,2D Lotto 9PM,"[""04"", ""29""]",04-29,2024-09-23,21:00,0,0,lottomatik,2DL8712336
3DL-9PM,3D Lotto 9PM,"[""6"", ""1"", ""5""]",6-1-5,2024-09-23,21:00,0,0,lottomatik,3DL8712335
4DL,4D Lotto,"[""9"", ""5"", ""0"", ""2""]",9-5-0-2,2024-09-23,21:00,0,0,lottomatik,4DL8712334
GL55,Grand Lotto 6/55,"[""13"", ""10"", ""12"", ""52"", ""40"", ""33""]",13-10-12-52-40-33,2024-09-23,21:00,0,0,lottomatik,GL558711856
ML45,Megalotto 6/45,"[""18"", ""25"", ""38"", ""30"", ""03"", ""08""]",18-25-38-30-03-08,2024-09-23,21:00,0,0,lottomatik,ML458711857
2DL-2PM,2D Lotto 2PM,"[""26"", ""31""]",26-31,2024-09-24,14:00,0,0,lottomatik,2DL8722019
3DL-2PM,3D Lotto 2PM,"[""7"", ""6"", ""9""]",7-6-9,2024-09-24,14:00,0,0,lottomatik,3DL8722020
2DL-5PM,2D Lotto 5PM,"[""05"", ""03""]",05-03,2024-09-24,17:00,0,0,lottomatik,2DL8722021
3DL-5PM,3D Lotto 5PM,"[""3"", ""2"", ""8""]",3-2-8,2024-09-24,17:00,0,0,lottomatik,3DL8722022
2DL-9PM,2D Lotto 9PM,"[""24"", ""21""]",24-21,2024-09-24,21:00,0,0,lottomatik,2DL8722998
3DL-9PM,3D Lotto 9PM,"[""3"", ""4"", ""7""]",3-4-7,2024-09-24,21:00,0,0,lottomatik,3DL8722512
6DL,6D Lotto,"[""6"", ""6"", ""2"", ""4"", ""3"", ""8""]",6-6-2-4-3-8,2024-09-24,21:00,0,0,lottomatik,6DL8722511
LOTTO42,Lotto 6/42,"[""08"", ""16"", ""19"", ""34"", ""04"", ""38""]",08-16-19-34-04-38,2024-09-24,21:00,0,0,lottomatik,LOTTO428722023
SL49,Superlotto 6/49,"[""39"", ""46"", ""19"", ""36"", ""09"", ""49""]",39-46-19-36-09-49,2024-09-24,21:00,0,0,lottomatik,SL498722024
UL58,Ultra Lotto 6/58,"[""24"", ""22"", ""32"", ""45"", ""48"", ""43""]",24-22-32-45-48-43,2024-09-24,21:00,0,0,lottomatik,UL588722510
2DL-2PM,2D Lotto 2PM,"[""15"", ""04""]",15-04,2024-09-25,14:00,0,0,lottomatik,2DL8729919
3DL-2PM,3D Lotto 2PM,"[""1"", ""2"", ""2""]",1-2-2,2024-09-25,14:00,0,0,lottomatik,3DL8729920
2DL-5PM,2D Lotto 5PM,"[""24"", ""11""]",24-11,2024-09-25,17:00,0,0,lottomatik,2DL8729921
3DL-5PM,3D Lotto 5PM,"[""4"", ""1"", ""5""]",4-1-5,2024-09-25,17:00,0,0,lottomatik,3DL8729922
2DL-9PM,2D Lotto 9PM,"[""05"", ""02""]",05-02,2024-09-25,21:00,0,0,lottomatik,2DL8730917
3DL-9PM,3D Lotto 9PM,"[""2"", ""2"", ""3""]",2-2-3,2024-09-25,21:00,0,0,lottomatik,3DL8730916
4DL,4D Lotto,"[""4"", ""4"", ""5"", ""1""]",4-4-5-1,2024-09-25,21:00,0,0,lottomatik,4DL8730915
GL55,Grand Lotto 6/55,"[""30"", ""34"", ""27"", ""39"", ""02"", ""38""]",30-34-27-39-02-38,2024-09-25,21:00,0,0,lottomatik,GL558730418
ML45,Megalotto 6/45,"[""31"", ""30"", ""41"", ""25"", ""39"", ""10""]",31-30-41-25-39-10,2024-09-25,21:00,0,0,lottomatik,ML458730419
2DL-2PM,2D Lotto 2PM,"[""01"", ""18""]",01-18,2024-09-26,14:00,0,0,lottomatik,2DL8735949
3DL-2PM,3D Lotto 2PM,"[""1"", ""3"", ""9""]",1-3-9,2024-09-26,14:00,0,0,lottomatik,3DL8735950
2DL-5PM,2D Lotto 5PM,"[""09"", ""25""]",09-25,2024-09-26,17:00,0,0,lottomatik,2DL8735951
3DL-5PM,3D Lotto 5PM,"[""1"", ""3"", ""0""]",1-3-0,2024-09-26,17:00,0,0,lottomatik,3DL8735952
2DL-9PM,2D Lotto 9PM,"[""30"", ""03""]",30-03,2024-09-26,21:00,0,0,lottomatik,2DL8735957
3DL-9PM,3D Lotto 9PM,"[""2"", ""2"", ""9""]",2-2-9,2024-09-26,21:00,0,0,lottomatik,3DL8735956
6DL,6D Lotto,"[""4"", ""3"", ""0"", ""4"", ""6"", ""1""]",4-3-0-4-6-1,2024-09-26,21:00,0,0,lottomatik,6DL8735955
LOTTO42,Lotto 6/42,"[""34"", ""11"", ""32"", ""41"", ""13"", ""39""]",34-11-32-41-13-39,2024-09-26,21:00,0,0,lottomatik,LOTTO428735953
SL49,Superlotto 6/49,"[""20"", ""30"", ""06"", ""46"", ""25"", ""39""]",20-30-06-46-25-39,2024-09-26,21:00,0,0,lottomatik,SL498735954
2DL-2PM,2D Lotto 2PM,"[""17"", ""20""]",17-20,2024-09-27,14:00,0,0,lottomatik,2DL8743635
3DL-2PM,3D Lotto 2PM,"[""4"", ""5"", ""7""]",4-5-7,2024-09-27,14:00,0,0,lottomatik,3DL8743636
2DL-5PM,2D Lotto 5PM,"[""15"", ""19""]",15-19,2024-09-27,17:00,0,0,lottomatik,2DL8743637
3DL-5PM,3D Lotto 5PM,"[""7"", ""0"", ""3""]",7-0-3,2024-09-27,17:00,0,0,lottomatik,3DL8743638
2DL-9PM,2D Lotto 9PM,"[""09"", ""17""]",09-17,2024-09-27,21:00,0,0,lottomatik,2DL8744669
3DL-9PM,3D Lotto 9PM,"[""7"", ""0"", ""3""]",7-0-3,2024-09-27,21:00,0,0,lottomatik,3DL8744668
4DL,4D Lotto,"[""6"", ""8"", ""5"", ""2""]",6-8-5-2,2024-09-27,21:00,0,0,lottomatik,4DL8744667
ML45,Megalotto 6/45,"[""12"", ""13"", ""37"", ""39"", ""25"", ""21""]",12-13-37-39-25-21,2024-09-27,21:00,0,0,lottomatik,ML458744152
UL58,Ultra Lotto 6/58,"[""11"", ""08"", ""29"", ""58"", ""30"", ""53""]",11-08-29-58-30-53,2024-09-27,21:00,0,0,lottomatik,UL588744153
2DL-2PM,2D Lotto 2PM,"[""02"", ""08""]",02-08,2024-09-28,14:00,0,0,lottomatik,2DL8753535
3DL-2PM,3D Lotto 2PM,"[""3"", ""2"", ""2""]",3-2-2,2024-09-28,14:00,0,0,lottomatik,3DL8753536
2DL-5PM,2D Lotto 5PM,"[""29"", ""29""]",29-29,2024-09-28,17:00,0,0,lottomatik,2DL8753537
3DL-5PM,3D Lotto 5PM,"[""5"", ""5"", ""6""]",5-5-6,2024-09-28,17:00,0,0,lottomatik,3DL8753538
2DL-9PM,2D Lotto 9PM,"[""07"", ""12""]",07-12,2024-09-28,21:00,0,0,lottomatik,2DL8754065
3DL-9PM,3D Lotto 9PM,"[""2"", ""4"", ""0""]",2-4-0,2024-09-28,21:00,0,0,lottomatik,3DL8754064
6DL,6D Lotto,"[""7"", ""1"", ""6"", ""7"", ""6"", ""2""]",7-1-6-7-6-2,2024-09-28,21:00,0,0,lottomatik,6DL8754063
GL55,Grand Lotto 6/55,"[""46"", ""45"", ""12"", ""22"", ""41"", ""13""]",46-45-12-22-41-13,2024-09-28,21:00,0,0,lottomatik,GL558753540
LOTTO42,Lotto 6/42,"[""12"", ""33"", ""42"", ""30"", ""18"", ""37""]",12-33-42-30-18-37,2024-09-28,21:00,0,0,lottomatik,LOTTO428753539
2DL-2PM,2D Lotto 2PM,"[""05"", ""26""]",05-26,2024-09-29,14:00,0,0,lottomatik,2DL8762562
3DL-2PM,3D Lotto 2PM,"[""3"", ""1"", ""1""]",3-1-1,2024-09-29,14:00,0,0,lottomatik,3DL8762563
2DL-5PM,2D Lotto 5PM,"[""11"", ""30""]",11-30,2024-09-29,17:00,0,0,lottomatik,2DL8762564
3DL-5PM,3D Lotto 5PM,"[""0"", ""8"", ""6""]",0-8-6,2024-09-29,17:00,0,0,lottomatik,3DL8762565
2DL-9PM,2D Lotto 9PM,"[""14"", ""20""]",14-20,2024-09-29,21:00,0,0,lottomatik,2DL8763100
3DL-9PM,3D Lotto 9PM,"[""7"", ""5"", ""1""]",7-5-1,2024-09-29,21:00,0,0,lottomatik,3DL8763099
SL49,Superlotto 6/49,"[""21"", ""39"", ""15"", ""45"", ""26"", ""03""]",21-39-15-45-26-03,2024-09-29,21:00,0,0,lottomatik,SL498763097
UL58,Ultra Lotto 6/58,"[""20"", ""40"", ""26"", ""46"", ""38"", ""01""]",20-40-26-46-38-01,2024-09-29,21:00,0,0,lottomatik,UL588763098
2DL-2PM,2D Lotto 2PM,"[""05"", ""15""]",05-15,2024-09-30,14:00,0,0,lottomatik,2DL8771178
3DL-2PM,3D Lotto 2PM,"[""3"", ""7"", ""1""]",3-7-1,2024-09-30,14:00,0,0,lottomatik,3DL8771179
2DL-5PM,2D Lotto 5PM,"[""09"", ""25""]",09-25,2024-09-30,17:00,0,0,lottomatik,2DL8771180
3DL-5PM,3D Lotto 5PM,"[""7"", ""7"", ""2""]",7-7-2,2024-09-30,17:00,0,0,lottomatik,3DL8771181
2DL-9PM,2D Lotto 9PM,"[""10"", ""10""]",10-10,2024-09-30,21:00,0,0,lottomatik,2DL8771725
3DL-9PM,3D Lotto 9PM,"[""3"", ""0"", ""1""]",3-0-1,2024-09-30,21:00,0,0,lottomatik,3DL8771724
4DL,4D Lotto,"[""5"", ""0"", ""3"", ""9""]",5-0-3-9,2024-09-30,21:00,0,0,lottomatik,4DL8771723
GL55,Grand Lotto 6/55,"[""28"", ""42"", ""04"", ""55"", ""45"", ""39""]",28-42-04-55-45-39,2024-09-30,21:00,0,0,lottomatik,GL558771182
ML45,Megalotto 6/45,"[""24"", ""07"", ""41"", ""42"", ""35"", ""22""]",24-07-41-42-35-22,2024-09-30,21:00,0,0,lottomatik,ML458771183
2DL-2PM,2D Lotto 2PM,"[""14"", ""06""]",14-06,2024-10-01,14:00,0,0,lottomatik,2DL8773370
3DL-2PM,3D Lotto 2PM,"[""9"", ""3"", ""4""]",9-3-4,2024-10-01,14:00,0,0,lottomatik,3DL8773371
2DL-5PM,2D Lotto 5PM,"[""18"", ""12""]",18-12,2024-10-01,17:00,0,0,lottomatik,2DL8773372
3DL-5PM,3D Lotto 5PM,"[""8"", ""3"", ""1""]",8-3-1,2024-10-01,17:00,0,0,lottomatik,3DL8773373
2DL-9PM,2D Lotto 9PM,"[""05"", ""26""]",05-26,2024-10-01,21:00,0,0,lottomatik,2DL8773379
3DL-9PM,3D Lotto 9PM,"[""8"", ""2"", ""0""]",8-2-0,2024-10-01,21:00,0,0,lottomatik,3DL8773378
6DL,6D Lotto,"[""8"", ""7"", ""8"", ""6"", ""1"", ""4""]",8-7-8-6-1-4,2024-10-01,21:00,0,0,lottomatik,6DL8773377
UL58,Ultra Lotto 6/58,"[""30"", ""39"", ""13"", ""40"", ""14"", ""22""]",30-39-13-40-14-22,2024-10-01,21:00,0,0,lottomatik,UL588773376
2DL-2PM,2D Lotto 2PM,"[""28"", ""12""]",28-12,2024-10-02,14:00,0,0,lottomatik,2DL8782308
3DL-2PM,3D Lotto 2PM,"[""8"", ""1"", ""2""]",8-1-2,2024-10-02,14:00,0,0,lottomatik,3DL8782309
2DL-5PM,2D Lotto 5PM,"[""17"", ""24""]",17-24,2024-10-02,17:00,0,0,lottomatik,2DL8782310
3DL-5PM,3D Lotto 5PM,"[""7"", ""7"", ""8""]",7-7-8,2024-10-02,17:00,0,0,lottomatik,3DL8782311
2DL-9PM,2D Lotto 9PM,"[""06"", ""09""]",06-09,2024-10-02,21:00,0,0,lottomatik,2DL8782874
3DL-9PM,3D Lotto 9PM,"[""2"", ""6"", ""6""]",2-6-6,2024-10-02,21:00,0,0,lottomatik,3DL8782873
4DL,4D Lotto,"[""8"", ""4"", ""0"", ""3""]",8-4-0-3,2024-10-02,21:00,0,0,lottomatik,4DL8782872
GL55,Grand Lotto 6/55,"[""55"", ""09"", ""02"", ""21"", ""26"", ""08""]",55-09-02-21-26-08,2024-10-02,21:00,0,0,lottomatik,GL558782870
ML45,Megalotto 6/45,"[""36"", ""45"", ""35"", ""20"", ""12"", ""03""]",36-45-35-20-12-03,2024-10-02,21:00,0,0,lottomatik,ML458782871
2DL-2PM,2D Lotto 2PM,"[""11"", ""26""]",11-26,2024-10-03,14:00,0,0,lottomatik,2DL8800434
3DL-2PM,3D Lotto 2PM,"[""5"", ""2"", ""7""]",5-2-7,2024-10-03,14:00,0,0,lottomatik,3DL8800435
2DL-5PM,2D Lotto 5PM,"[""13"", ""27""]",13-27,2024-10-03,17:00,0,0,lottomatik,2DL8800436
3DL-5PM,3D Lotto 5PM,"[""0"", ""5"", ""6""]",0-5-6,2024-10-03,17:00,0,0,lottomatik,3DL8800437
2DL-9PM,2D Lotto 9PM,"[""11"", ""28""]",11-28,2024-10-03,21:00,0,0,lottomatik,2DL8801576
3DL-9PM,3D Lotto 9PM,"[""3"", ""0"", ""8""]",3-0-8,2024-10-03,21:00,0,0,lottomatik,3DL8801575
6DL,6D Lotto,"[""9"", ""4"", ""2"", ""1"", ""6"", ""7""]",9-4-2-1-6-7,2024-10-03,21:00,0,0,lottomatik,6DL8801574
LOTTO42,Lotto 6/42,"[""28"", ""19"", ""35"", ""41"", ""25"", ""03""]",28-19-35-41-25-03,2024-10-03,21:00,0,0,lottomatik,LOTTO428801006
SL49,Superlotto 6/49,"[""16"", ""41"", ""26"", ""27"", ""44"", ""21""]",16-41-26-27-44-21,2024-10-03,21:00,0,0,lottomatik,SL498801005
2DL-2PM,2D Lotto 2PM,"[""11"", ""18""]",11-18,2024-10-04,14:00,0,0,lottomatik,2DL8818848
3DL-2PM,3D Lotto 2PM,"[""6"", ""0"", ""8""]",6-0-8,2024-10-04,14:00,0,0,lottomatik,3DL8818849
2DL-5PM,2D Lotto 5PM,"[""14"", ""05""]",14-05,2024-10-04,17:00,0,0,lottomatik,2DL8818851
3DL-5PM,3D Lotto 5PM,"[""6"", ""6"", ""9""]",6-6-9,2024-10-04,17:00,0,0,lottomatik,3DL8818850
2DL-9PM,2D Lotto 9PM,"[""14"", ""16""]",14-16,2024-10-04,21:00,0,0,lottomatik,2DL8820008
3DL-9PM,3D Lotto 9PM,"[""8"", ""3"", ""2""]",8-3-2,2024-10-04,21:00,0,0,lottomatik,3DL8820007
4DL,4D Lotto,"[""9"", ""0"", ""3"", ""0""]",9-0-3-0,2024-10-04,21:00,0,0,lottomatik,4DL8820006
ML45,Megalotto 6/45,"[""41"", ""44"", ""23"", ""03"", ""17"", ""05""]",41-44-23-03-17-05,2024-10-04,21:00,0,0,lottomatik,ML458819428
UL58,Ultra Lotto 6/58,"[""46"", ""19"", ""11"", ""40"", ""41"", ""16""]",46-19-11-40-41-16,2024-10-04,21:00,0,0,lottomatik,UL588819429
2DL-2PM,2D Lotto 2PM,"[""19"", ""02""]",19-02,2024-10-05,14:00,0,0,lottomatik,2DL8837541
3DL-2PM,3D Lotto 2PM,"[""7"", ""0"", ""0""]",7-0-0,2024-10-05,14:00,0,0,lottomatik,3DL8837542
2DL-5PM,2D Lotto 5PM,"[""26"", ""19""]",26-19,2024-10-05,17:00,0,0,lottomatik,2DL8837543
3DL-5PM,3D Lotto 5PM,"[""7"", ""2"", ""8""]",7-2-8,2024-10-05,17:00,0,0,lottomatik,3DL8837544
2DL-9PM,2D Lotto 9PM,"[""10"", ""10""]",10-10,2024-10-05,21:00,0,0,lottomatik,2DL8838134
3DL-9PM,3D Lotto 9PM,"[""2"", ""8"", ""3""]",2-8-3,2024-10-05,21:00,0,0,lottomatik,3DL8838133
6DL,6D Lotto,"[""9"", ""2"", ""9"", ""8"", ""5"", ""8""]",9-2-9-8-5-8,2024-10-05,21:00,0,0,lottomatik,6DL8838132
GL55,Grand Lotto 6/55,"[""10"", ""28"", ""03"", ""53"", ""41"", ""20""]",10-28-03-53-41-20,2024-10-05,21:00,0,0,lottomatik,GL558838131
LOTTO42,Lotto 6/42,"[""20"", ""39"", ""22"", ""07"", ""09"", ""01""]",20-39-22-07-09-01,2024-10-05,21:00,0,0,lottomatik,LOTTO428838130
2DL-2PM,2D Lotto 2PM,"[""27"", ""28""]",27-28,2024-10-06,14:00,0,0,lottomatik,2DL8854164
3DL-2PM,3D Lotto 2PM,"[""5"", ""0"", ""2""]",5-0-2,2024-10-06,14:00,0,0,lottomatik,3DL8854165
2DL-5PM,2D Lotto 5PM,"[""25"", ""25""]",25-25,2024-10-06,17:00,0,0,lottomatik,2DL8854166
3DL-5PM,3D Lotto 5PM,"[""1"", ""8"", ""0""]",1-8-0,2024-10-06,17:00,0,0,lottomatik,3DL8854167
2DL-9PM,2D Lotto 9PM,"[""12"", ""01""]",12-01,2024-10-06,21:00,0,0,lottomatik,2DL8855359
3DL-9PM,3D Lotto 9PM,"[""2"", ""5"", ""1""]",2-5-1,2024-10-06,21:00,0,0,lottomatik,3DL8855358
SL49,Superlotto 6/49,"[""23"", ""36"", ""01"", ""06"", ""09"", ""42""]",23-36-01-06-09-42,2024-10-06,21:00,0,0,lottomatik,SL498854762
UL58,Ultra Lotto 6/58,"[""16"", ""13"", ""53"", ""09"", ""41"", ""49""]",16-13-53-09-41-49,2024-10-06,21:00,0,0,lottomatik,UL588854763
2DL-2PM,2D Lotto 2PM,"[""02"", ""04""]",02-04,2024-10-07,14:00,0,0,lottomatik,2DL8874014
3DL-2PM,3D Lotto 2PM,"[""1"", ""4"", ""6""]",1-4-6,2024-10-07,14:00,0,0,lottomatik,3DL8874015
2DL-5PM,2D Lotto 5PM,"[""07"", ""25""]",07-25,2024-10-07,17:00,0,0,lottomatik,2DL8874016
3DL-5PM,3D Lotto 5PM,"[""3"", ""8"", ""8""]",3-8-8,2024-10-07,17:00,0,0,lottomatik,3DL8874017
2DL-9PM,2D Lotto 9PM,"[""17"", ""08""]",17-08,2024-10-07,21:00,0,0,lottomatik,2DL8875226
3DL-9PM,3D Lotto 9PM,"[""2"", ""6"", ""7""]",2-6-7,2024-10-07,21:00,0,0,lottomatik,3DL8875225
4DL,4D Lotto,"[""5"", ""7"", ""2"", ""2""]",5-7-2-2,2024-10-07,21:00,0,0,lottomatik,4DL8875224
GL55,Grand Lotto 6/55,"[""54"", ""12"", ""33"", ""31"", ""02"", ""10""]",54-12-33-31-02-10,2024-10-07,21:00,0,0,lottomatik,GL558874621
ML45,Megalotto 6/45,"[""40"", ""36"", ""28"", ""06"", ""03"", ""17""]",40-36-28-06-03-17,2024-10-07,21:00,0,0,lottomatik,ML458874620
2DL-2PM,2D Lotto 2PM,"[""17"", ""20""]",17-20,2024-10-08,14:00,0,0,lottomatik,2DL8891095
3DL-2PM,3D Lotto 2PM,"[""6"", ""2"", ""7""]",6-2-7,2024-10-08,14:00,0,0,lottomatik,3DL8891096
2DL-5PM,2D Lotto 5PM,"[""22"", ""18""]",22-18,2024-10-08,17:00,0,0,lottomatik,2DL8891097
3DL-5PM,3D Lotto 5PM,"[""7"", ""1"", ""1""]",7-1-1,2024-10-08,17:00,0,0,lottomatik,3DL8891098
2DL-9PM,2D Lotto 9PM,"[""04"", ""13""]",04-13,2024-10-08,21:00,0,0,lottomatik,2DL8891715
3DL-9PM,3D Lotto 9PM,"[""6"", ""6"", ""6""]",6-6-6,2024-10-08,21:00,0,0,lottomatik,3DL8891714
6DL,6D Lotto,"[""7"", ""9"", ""6"", ""4"", ""0"", ""1""]",7-9-6-4-0-1,2024-10-08,21:00,0,0,lottomatik,6DL8891713
LOTTO42,Lotto 6/42,"[""38"", ""18"", ""17"", ""41"", ""40"", ""08""]",38-18-17-41-40-08,2024-10-08,21:00,0,0,lottomatik,LOTTO428891100
SL49,Superlotto 6/49,"[""21"", ""08"", ""12"", ""14"", ""36"", ""03""]",21-08-12-14-36-03,2024-10-08,21:00,0,0,lottomatik,SL498891099
UL58,Ultra Lotto 6/58,"[""18"", ""37"", ""17"", ""40"", ""34"", ""57""]",18-37-17-40-34-57,2024-10-08,21:00,0,0,lottomatik,UL588891712
2DL-2PM,2D Lotto 2PM,"[""14"", ""17""]",14-17,2024-10-09,14:00,0,0,lottomatik,2DL8907221
3DL-2PM,3D Lotto 2PM,"[""3"", ""4"", ""8""]",3-4-8,2024-10-09,14:00,0,0,lottomatik,3DL8907222
2DL-5PM,2D Lotto 5PM,"[""19"", ""24""]",19-24,2024-10-09,17:00,0,0,lottomatik,2DL8907223
3DL-5PM,3D Lotto 5PM,"[""2"", ""0"", ""9""]",2-0-9,2024-10-09,17:00,0,0,lottomatik,3DL8907224
2DL-9PM,2D Lotto 9PM,"[""05"", ""09""]",05-09,2024-10-09,21:00,0,0,lottomatik,2DL8907850
3DL-9PM,3D Lotto 9PM,"[""7"", ""3"", ""4""]",7-3-4,2024-10-09,21:00,0,0,lottomatik,3DL8907849
4DL,4D Lotto,"[""3"", ""7"", ""7"", ""1""]",3-7-7-1,2024-10-09,21:00,0,0,lottomatik,4DL8907848
GL55,Grand Lotto 6/55,"[""04"", ""34"", ""48"", ""09"", ""19"", ""41""]",04-34-48-09-19-41,2024-10-09,21:00,0,0,lottomatik,GL558907226
ML45,Megalotto 6/45,"[""24"", ""36"", ""32"", ""31"", ""37"", ""38""]",24-36-32-31-37-38,2024-10-09,21:00,0,0,lottomatik,ML458907225
2DL-2PM,2D Lotto 2PM,"[""23"", ""25""]",23-25,2024-10-10,14:00,0,0,lottomatik,2DL8924852
3DL-2PM,3D Lotto 2PM,"[""9"", ""7"", ""2""]",9-7-2,2024-10-10,14:00,0,0,lottomatik,3DL8924853
2DL-5PM,2D Lotto 5PM,"[""19"", ""14""]",19-14,2024-10-10,17:00,0,0,lottomatik,2DL8924854
3DL-5PM,3D Lotto 5PM,"[""8"", ""3"", ""4""]",8-3-4,2024-10-10,17:00,0,0,lottomatik,3DL8924855
2DL-9PM,2D Lotto 9PM,"[""19"", ""18""]",19-18,2024-10-10,21:00,0,0,lottomatik,2DL8925490
3DL-9PM,3D Lotto 9PM,"[""3"", ""1"", ""0""]",3-1-0,2024-10-10,21:00,0,0,lottomatik,3DL8925489
6DL,6D Lotto,"[""0"", ""7"", ""9"", ""8"", ""9"", ""6""]",0-7-9-8-9-6,2024-10-10,21:00,0,0,lottomatik,6DL8925488
LOTTO42,Lotto 6/42,"[""25"", ""02"", ""42"", ""05"", ""38"", ""06""]",25-02-42-05-38-06,2024-10-10,21:00,0,0,lottomatik,LOTTO428925487
SL49,Superlotto 6/49,"[""41"", ""43"", ""05"", ""16"", ""31"", ""45""]",41-43-05-16-31-45,2024-10-10,21:00,0,0,lottomatik,SL498925486
2DL-2PM,2D Lotto 2PM,"[""08"", ""26""]",08-26,2024-10-11,14:00,0,0,lottomatik,2DL8944013
3DL-2PM,3D Lotto 2PM,"[""9"", ""7"", ""5""]",9-7-5,2024-10-11,14:00,0,0,lottomatik,3DL8944014
2DL-5PM,2D Lotto 5PM,"[""27"", ""25""]",27-25,2024-10-11,17:00,0,0,lottomatik,2DL8944015
3DL-5PM,3D Lotto 5PM,"[""0"", ""0"", ""6""]",0-0-6,2024-10-11,17:00,0,0,lottomatik,3DL8944016
2DL-9PM,2D Lotto 9PM,"[""05"", ""11""]",05-11,2024-10-11,21:00,0,0,lottomatik,2DL8945299
3DL-9PM,3D Lotto 9PM,"[""5"", ""3"", ""3""]",5-3-3,2024-10-11,21:00,0,0,lottomatik,3DL8945298
4DL,4D Lotto,"[""1"", ""6"", ""3"", ""7""]",1-6-3-7,2024-10-11,21:00,0,0,lottomatik,4DL8945297
ML45,Megalotto 6/45,"[""03"", ""12"", ""09"", ""22"", ""02"", ""38""]",03-12-09-22-02-38,2024-10-11,21:00,0,0,lottomatik,ML458944656
UL58,Ultra Lotto 6/58,"[""04"", ""17"", ""39"", ""14"", ""38"", ""10""]",04-17-39-14-38-10,2024-10-11,21:00,0,0,lottomatik,UL588944657
2DL-2PM,2D Lotto 2PM,"[""08"", ""01""]",08-01,2024-10-12,14:00,0,0,lottomatik,2DL8964722
3DL-2PM,3D Lotto 2PM,"[""4"", ""1"", ""7""]",4-1-7,2024-10-12,14:00,0,0,lottomatik,3DL8964723
2DL-5PM,2D Lotto 5PM,"[""19"", ""03""]",19-03,2024-10-12,17:00,0,0,lottomatik,2DL8964724
3DL-5PM,3D Lotto 5PM,"[""7"", ""7"", ""4""]",7-7-4,2024-10-12,17:00,0,0,lottomatik,3DL8964725
2DL-9PM,2D Lotto 9PM,"[""24"", ""13""]",24-13,2024-10-12,21:00,0,0,lottomatik,2DL8965378
3DL-9PM,3D Lotto 9PM,"[""6"", ""7"", ""1""]",6-7-1,2024-10-12,21:00,0,0,lottomatik,3DL8965377
6DL,6D Lotto,"[""4"", ""3"", ""0"", ""4"", ""6"", ""7""]",4-3-0-4-6-7,2024-10-12,21:00,0,0,lottomatik,6DL8965376
GL55,Grand Lotto 6/55,"[""05"", ""43"", ""40"", ""25"", ""27"", ""36""]",05-43-40-25-27-36,2024-10-12,21:00,0,0,lottomatik,GL558965375
LOTTO42,Lotto 6/42,"[""28"", ""36"", ""12"", ""14"", ""21"", ""22""]",28-36-12-14-21-22,2024-10-12,21:00,0,0,lottomatik,LOTTO428965374
2DL-2PM,2D Lotto 2PM,"[""09"", ""02""]",09-02,2024-10-13,14:00,0,0,lottomatik,2DL8981786
3DL-2PM,3D Lotto 2PM,"[""7"", ""3"", ""8""]",7-3-8,2024-10-13,14:00,0,0,lottomatik,3DL8981787
2DL-5PM,2D Lotto 5PM,"[""27"", ""28""]",27-28,2024-10-13,17:00,0,0,lottomatik,2DL8981788
3DL-5PM,3D Lotto 5PM,"[""4"", ""5"", ""0""]",4-5-0,2024-10-13,17:00,0,0,lottomatik,3DL8981789
2DL-9PM,2D Lotto 9PM,"[""05"", ""24""]",05-24,2024-10-13,21:00,0,0,lottomatik,2DL8983107
3DL-9PM,3D Lotto 9PM,"[""4"", ""4"", ""3""]",4-4-3,2024-10-13,21:00,0,0,lottomatik,3DL8983106
SL49,Superlotto 6/49,"[""44"", ""15"", ""38"", ""19"", ""41"", ""48""]",44-15-38-19-41-48,2024-10-13,21:00,0,0,lottomatik,SL498982447
UL58,Ultra Lotto 6/58,"[""57"", ""39"", ""49"", ""31"", ""19"", ""14""]",57-39-49-31-19-14,2024-10-13,21:00,0,0,lottomatik,UL588982448
2DL-2PM,2D Lotto 2PM,"[""16"", ""06""]",16-06,2024-10-14,14:00,0,0,lottomatik,2DL9001720
3DL-2PM,3D Lotto 2PM,"[""2"", ""7"", ""8""]",2-7-8,2024-10-14,14:00,0,0,lottomatik,3DL9001721
2DL-5PM,2D Lotto 5PM,"[""19"", ""24""]",19-24,2024-10-14,17:00,0,0,lottomatik,2DL9001722
3DL-5PM,3D Lotto 5PM,"[""2"", ""7"", ""1""]",2-7-1,2024-10-14,17:00,0,0,lottomatik,3DL9001723
2DL-9PM,2D Lotto 9PM,"[""30"", ""24""]",30-24,2024-10-14,21:00,0,0,lottomatik,2DL9003058
3DL-9PM,3D Lotto 9PM,"[""1"", ""5"", ""9""]",1-5-9,2024-10-14,21:00,0,0,lottomatik,3DL9003057
4DL,4D Lotto,"[""6"", ""8"", ""5"", ""9""]",6-8-5-9,2024-10-14,21:00,0,0,lottomatik,4DL9003056
GL55,Grand Lotto 6/55,"[""17"", ""52"", ""06"", ""01"", ""43"", ""05""]",17-52-06-01-43-05,2024-10-14,21:00,0,0,lottomatik,GL559002390
ML45,Megalotto 6/45,"[""20"", ""37"", ""28"", ""23"", ""09"", ""03""]",20-37-28-23-09-03,2024-10-14,21:00,0,0,lottomatik,ML459002389
2DL-2PM,2D Lotto 2PM,"[""09"", ""14""]",09-14,2024-10-15,14:00,0,0,lottomatik,2DL9021239
3DL-2PM,3D Lotto 2PM,"[""0"", ""0"", ""4""]",0-0-4,2024-10-15,14:00,0,0,lottomatik,3DL9021240
2DL-5PM,2D Lotto 5PM,"[""29"", ""09""]",29-09,2024-10-15,17:00,0,0,lottomatik,2DL9021241
3DL-5PM,3D Lotto 5PM,"[""8"", ""3"", ""8""]",8-3-8,2024-10-15,17:00,0,0,lottomatik,3DL9021242
2DL-9PM,2D Lotto 9PM,"[""23"", ""09""]",23-09,2024-10-15,21:00,0,0,lottomatik,2DL9022596
3DL-9PM,3D Lotto 9PM,"[""7"", ""0"", ""1""]",7-0-1,2024-10-15,21:00,0,0,lottomatik,3DL9022595
6DL,6D Lotto,"[""2"", ""1"", ""7"", ""0"", ""0"", ""7""]",2-1-7-0-0-7,2024-10-15,21:00,0,0,lottomatik,6DL9022594
LOTTO42,Lotto 6/42,"[""14"", ""06"", ""24"", ""23"", ""18"", ""20""]",14-06-24-23-18-20,2024-10-15,21:00,0,0,lottomatik,LOTTO429022592
SL49,Superlotto 6/49,"[""20"", ""35"", ""08"", ""22"", ""32"", ""14""]",20-35-08-22-32-14,2024-10-15,21:00,0,0,lottomatik,SL499021917
UL58,Ultra Lotto 6/58,"[""01"", ""22"", ""20"", ""17"", ""30"", ""44""]",01-22-20-17-30-44,2024-10-15,21:00,0,0,lottomatik,UL589022593
2DL-2PM,2D Lotto 2PM,"[""30"", ""01""]",30-01,2024-10-16,14:00,0,0,lottomatik,2DL9044465
3DL-2PM,3D Lotto 2PM,"[""9"", ""7"", ""3""]",9-7-3,2024-10-16,14:00,0,0,lottomatik,3DL9044466
2DL-5PM,2D Lotto 5PM,"[""10"", ""11""]",10-11,2024-10-16,17:00,0,0,lottomatik,2DL9044467
3DL-5PM,3D Lotto 5PM,"[""8"", ""2"", ""1""]",8-2-1,2024-10-16,17:00,0,0,lottomatik,3DL9044468
2DL-9PM,2D Lotto 9PM,"[""03"", ""25""]",03-25,2024-10-16,21:00,0,0,lottomatik,2DL9045841
3DL-9PM,3D Lotto 9PM,"[""7"", ""3"", ""9""]",7-3-9,2024-10-16,21:00,0,0,lottomatik,3DL9045840
4DL,4D Lotto,"[""3"", ""1"", ""2"", ""1""]",3-1-2-1,2024-10-16,21:00,0,0,lottomatik,4DL9045839
GL55,Grand Lotto 6/55,"[""35"", ""45"", ""26"", ""17"", ""07"", ""51""]",35-45-26-17-07-51,2024-10-16,21:00,0,0,lottomatik,GL559045838
ML45,Megalotto 6/45,"[""34"", ""07"", ""13"", ""22"", ""21"", ""09""]",34-07-13-22-21-09,2024-10-16,21:00,0,0,lottomatik,ML459045153
2DL-2PM,2D Lotto 2PM,"[""17"", ""23""]",17-23,2024-10-17,14:00,0,0,lottomatik,2DL9063167
3DL-2PM,3D Lotto 2PM,"[""0"", ""7"", ""7""]",0-7-7,2024-10-17,14:00,0,0,lottomatik,3DL9063168
2DL-5PM,2D Lotto 5PM,"[""15"", ""27""]",15-27,2024-10-17,17:00,0,0,lottomatik,2DL9063169
3DL-5PM,3D Lotto 5PM,"[""4"", ""4"", ""6""]",4-4-6,2024-10-17,17:00,0,0,lottomatik,3DL9063170
2DL-9PM,2D Lotto 9PM,"[""31"", ""30""]",31-30,2024-10-17,21:00,0,0,lottomatik,2DL9064561
3DL-9PM,3D Lotto 9PM,"[""0"", ""3"", ""2""]",0-3-2,2024-10-17,21:00,0,0,lottomatik,3DL9064560
6DL,6D Lotto,"[""9"", ""3"", ""3"", ""2"", ""3"", ""4""]",9-3-3-2-3-4,2024-10-17,21:00,0,0,lottomatik,6DL9064559
LOTTO42,Lotto 6/42,"[""20"", ""04"", ""30"", ""01"", ""09"", ""07""]",20-04-30-01-09-07,2024-10-17,21:00,0,0,lottomatik,LOTTO429063865
SL49,Superlotto 6/49,"[""04"", ""45"", ""13"", ""41"", ""37"", ""40""]",04-45-13-41-37-40,2024-10-17,21:00,0,0,lottomatik,SL499063864
2DL-2PM,2D Lotto 2PM,"[""10"", ""19""]",10-19,2024-10-18,14:00,0,0,lottomatik,2DL9086315
3DL-2PM,3D Lotto 2PM,"[""5"", ""9"", ""8""]",5-9-8,2024-10-18,14:00,0,0,lottomatik,3DL9086316
2DL-5PM,2D Lotto 5PM,"[""05"", ""22""]",05-22,2024-10-18,17:00,0,0,lottomatik,2DL9086317
3DL-5PM,3D Lotto 5PM,"[""1"", ""0"", ""9""]",1-0-9,2024-10-18,17:00,0,0,lottomatik,3DL9086318
2DL-9PM,2D Lotto 9PM,"[""09"", ""19""]",09-19,2024-10-18,21:00,0,0,lottomatik,2DL9087025
3DL-9PM,3D Lotto 9PM,"[""8"", ""1"", ""2""]",8-1-2,2024-10-18,21:00,0,0,lottomatik,3DL9087024
4DL,4D Lotto,"[""0"", ""4"", ""6"", ""3""]",0-4-6-3,2024-10-18,21:00,0,0,lottomatik,4DL9087023
ML45,Megalotto 6/45,"[""18"", ""07"", ""29"", ""03"", ""40"", ""04""]",18-07-29-03-40-04,2024-10-18,21:00,0,0,lottomatik,ML459086319
UL58,Ultra Lotto 6/58,"[""30"", ""25"", ""47"", ""09"", ""53"", ""40""]",30-25-47-09-53-40,2024-10-18,21:00,0,0,lottomatik,UL589086320
2DL-2PM,2D Lotto 2PM,"[""22"", ""20""]",22-20,2024-10-19,14:00,0,0,lottomatik,2DL9110471
3DL-2PM,3D Lotto 2PM,"[""9"", ""9"", ""8""]",9-9-8,2024-10-19,14:00,0,0,lottomatik,3DL9110472
2DL-5PM,2D Lotto 5PM,"[""09"", ""29""]",09-29,2024-10-19,17:00,0,0,lottomatik,2DL9110473
3DL-5PM,3D Lotto 5PM,"[""2"", ""9"", ""0""]",2-9-0,2024-10-19,17:00,0,0,lottomatik,3DL9110474
2DL-9PM,2D Lotto 9PM,"[""15"", ""22""]",15-22,2024-10-19,21:00,0,0,lottomatik,2DL9111901
3DL-9PM,3D Lotto 9PM,"[""0"", ""9"", ""3""]",0-9-3,2024-10-19,21:00,0,0,lottomatik,3DL9111900
6DL,6D Lotto,"[""8"", ""0"", ""0"", ""6"", ""1"", ""3""]",8-0-0-6-1-3,2024-10-19,21:00,0,0,lottomatik,6DL9111899
GL55,Grand Lotto 6/55,"[""55"", ""46"", ""20"", ""44"", ""23"", ""42""]",55-46-20-44-23-42,2024-10-19,21:00,0,0,lottomatik,GL559111187
LOTTO42,Lotto 6/42,"[""04"", ""19"", ""29"", ""11"", ""10"", ""03""]",04-19-29-11-10-03,2024-10-19,21:00,0,0,lottomatik,LOTTO429111186
2DL-2PM,2D Lotto 2PM,"[""01"", ""27""]",01-27,2024-10-20,14:00,0,0,lottomatik,2DL9132755
3DL-2PM,3D Lotto 2PM,"[""6"", ""6"", ""4""]",6-6-4,2024-10-20,14:00,0,0,lottomatik,3DL9132756
2DL-5PM,2D Lotto 5PM,"[""07"", ""05""]",07-05,2024-10-20,17:00,0,0,lottomatik,2DL9132757
3DL-5PM,3D Lotto 5PM,"[""5"", ""7"", ""9""]",5-7-9,2024-10-20,17:00,0,0,lottomatik,3DL9132758
2DL-9PM,2D Lotto 9PM,"[""12"", ""30""]",12-30,2024-10-20,21:00,0,0,lottomatik,2DL9134202
3DL-9PM,3D Lotto 9PM,"[""3"", ""4"", ""9""]",3-4-9,2024-10-20,21:00,0,0,lottomatik,3DL9134201
SL49,Superlotto 6/49,"[""20"", ""32"", ""29"", ""31"", ""01"", ""22""]",20-32-29-31-01-22,2024-10-20,21:00,0,0,lottomatik,SL499133479
UL58,Ultra Lotto 6/58,"[""42"", ""13"", ""38"", ""56"", ""28"", ""26""]",42-13-38-56-28-26,2024-10-20,21:00,0,0,lottomatik,UL589133480
2DL-2PM,2D Lotto 2PM,"[""03"", ""01""]",03-01,2024-10-21,14:00,0,0,lottomatik,2DL9154571
3DL-2PM,3D Lotto 2PM,"[""9"", ""9"", ""6""]",9-9-6,2024-10-21,14:00,0,0,lottomatik,3DL9154572
2DL-5PM,2D Lotto 5PM,"[""18"", ""02""]",18-02,2024-10-21,17:00,0,0,lottomatik,2DL9154573
3DL-5PM,3D Lotto 5PM,"[""6"", ""8"", ""7""]",6-8-7,2024-10-21,17:00,0,0,lottomatik,3DL9154574
2DL-9PM,2D Lotto 9PM,"[""22"", ""26""]",22-26,2024-10-21,21:00,0,0,lottomatik,2DL9156035
3DL-9PM,3D Lotto 9PM,"[""6"", ""5"", ""3""]",6-5-3,2024-10-21,21:00,0,0,lottomatik,3DL9156034
4DL,4D Lotto,"[""4"", ""1"", ""4"", ""2""]",4-1-4-2,2024-10-21,21:00,0,0,lottomatik,4DL9156033
GL55,Grand Lotto 6/55,"[""49"", ""39"", ""26"", ""10"", ""36"", ""53""]",49-39-26-10-36-53,2024-10-21,21:00,0,0,lottomatik,GL559155304
ML45,Megalotto 6/45,"[""06"", ""34"", ""11"", ""35"", ""13"", ""31""]",06-34-11-35-13-31,2024-10-21,21:00,0,0,lottomatik,ML459155303
2DL-2PM,2D Lotto 2PM,"[""06"", ""10""]",06-10,2024-10-22,14:00,0,0,lottomatik,2DL9178874
3DL-2PM,3D Lotto 2PM,"[""8"", ""7"", ""4""]",8-7-4,2024-10-22,14:00,0,0,lottomatik,3DL9178875
2DL-5PM,2D Lotto 5PM,"[""14"", ""20""]",14-20,2024-10-22,17:00,0,0,lottomatik,2DL9178876
3DL-5PM,3D Lotto 5PM,"[""6"", ""7"", ""0""]",6-7-0,2024-10-22,17:00,0,0,lottomatik,3DL9178877
2DL-9PM,2D Lotto 9PM,"[""08"", ""13""]",08-13,2024-10-22,21:00,0,0,lottomatik,2DL9179620
3DL-9PM,3D Lotto 9PM,"[""2"", ""2"", ""9""]",2-2-9,2024-10-22,21:00,0,0,lottomatik,3DL9179619
6DL,6D Lotto,"[""0"", ""0"", ""2"", ""1"", ""5"", ""1""]",0-0-2-1-5-1,2024-10-22,21:00,0,0,lottomatik,6DL9179618
LOTTO42,Lotto 6/42,"[""29"", ""04"", ""11"", ""09"", ""10"", ""25""]",29-04-11-09-10-25,2024-10-22,21:00,0,0,lottomatik,LOTTO429178878
SL49,Superlotto 6/49,"[""24"", ""04"", ""03"", ""14"", ""17"", ""28""]",24-04-03-14-17-28,2024-10-22,21:00,0,0,lottomatik,SL499179616
UL58,Ultra Lotto 6/58,"[""57"", ""26"", ""13"", ""02"", ""15"", ""46""]",57-26-13-02-15-46,2024-10-22,21:00,0,0,lottomatik,UL589179617
2DL-2PM,2D Lotto 2PM,"[""06"", ""13""]",06-13,2024-10-23,14:00,0,0,lottomatik,2DL9200507
3DL-2PM,3D Lotto 2PM,"[""8"", ""2"", ""6""]",8-2-6,2024-10-23,14:00,0,0,lottomatik,3DL9200508
2DL-5PM,2D Lotto 5PM,"[""24"", ""18""]",24-18,2024-10-23,17:00,0,0,lottomatik,2DL9200509
3DL-5PM,3D Lotto 5PM,"[""3"", ""4"", ""2""]",3-4-2,2024-10-23,17:00,0,0,lottomatik,3DL9200510
2DL-9PM,2D Lotto 9PM,"[""21"", ""01""]",21-01,2024-10-23,21:00,0,0,lottomatik,2DL9202009
3DL-9PM,3D Lotto 9PM,"[""8"", ""0"", ""4""]",8-0-4,2024-10-23,21:00,0,0,lottomatik,3DL9202008
4DL,4D Lotto,"[""4"", ""9"", ""8"", ""8""]",4-9-8-8,2024-10-23,21:00,0,0,lottomatik,4DL9202007
GL55,Grand Lotto 6/55,"[""39"", ""05"", ""20"", ""11"", ""47"", ""01""]",39-05-20-11-47-01,2024-10-23,21:00,0,0,lottomatik,GL559202006
ML45,Megalotto 6/45,"[""07"", ""38"", ""34"", ""43"", ""36"", ""22""]",07-38-34-43-36-22,2024-10-23,21:00,0,0,lottomatik,ML459201258
2DL-2PM,2D Lotto 2PM,"[""31"", ""04""]",31-04,2024-10-24,14:00,0,0,lottomatik,2DL9223160
3DL-2PM,3D Lotto 2PM,"[""9"", ""5"", ""4""]",9-5-4,2024-10-24,14:00,0,0,lottomatik,3DL9223161
2DL-5PM,2D Lotto 5PM,"[""02"", ""14""]",02-14,2024-10-24,17:00,0,0,lottomatik,2DL9223162
3DL-5PM,3D Lotto 5PM,"[""0"", ""3"", ""6""]",0-3-6,2024-10-24,17:00,0,0,lottomatik,3DL9223163
2DL-9PM,2D Lotto 9PM,"[""12"", ""17""]",12-17,2024-10-24,21:00,0,0,lottomatik,2DL9223924
3DL-9PM,3D Lotto 9PM,"[""8"", ""7"", ""4""]",8-7-4,2024-10-24,21:00,0,0,lottomatik,3DL9223923
6DL,6D Lotto,"[""1"", ""1"", ""3"", ""8"", ""5"", ""2""]",1-1-3-8-5-2,2024-10-24,21:00,0,0,lottomatik,6DL9223922
LOTTO42,Lotto 6/42,"[""33"", ""06"", ""18"", ""02"", ""25"", ""31""]",33-06-18-02-25-31,2024-10-24,21:00,0,0,lottomatik,LOTTO429223164
SL49,Superlotto 6/49,"[""49"", ""45"", ""24"", ""18"", ""02"", ""13""]",49-45-24-18-02-13,2024-10-24,21:00,0,0,lottomatik,SL499223921
2DL-2PM,2D Lotto 2PM,"[""26"", ""03""]",26-03,2024-10-25,14:00,0,0,lottomatik,2DL9244571
3DL-2PM,3D Lotto 2PM,"[""7"", ""6"", ""9""]",7-6-9,2024-10-25,14:00,0,0,lottomatik,3DL9244572
2DL-5PM,2D Lotto 5PM,"[""05"", ""03""]",05-03,2024-10-25,17:00,0,0,lottomatik,2DL9244573
3DL-5PM,3D Lotto 5PM,"[""0"", ""4"", ""2""]",0-4-2,2024-10-25,17:00,0,0,lottomatik,3DL9244574
2DL-9PM,2D Lotto 9PM,"[""21"", ""09""]",21-09,2024-10-25,21:00,0,0,lottomatik,2DL9245344
3DL-9PM,3D Lotto 9PM,"[""6"", ""3"", ""2""]",6-3-2,2024-10-25,21:00,0,0,lottomatik,3DL9245343
4DL,4D Lotto,"[""9"", ""2"", ""8"", ""0""]",9-2-8-0,2024-10-25,21:00,0,0,lottomatik,4DL9245342
ML45,Megalotto 6/45,"[""32"", ""19"", ""02"", ""04"", ""22"", ""14""]",32-19-02-04-22-14,2024-10-25,21:00,0,0,lottomatik,ML459245340
UL58,Ultra Lotto 6/58,"[""15"", ""05"", ""13"", ""37"", ""56"", ""57""]",15-05-13-37-56-57,2024-10-25,21:00,0,0,lottomatik,UL589245341
2DL-2PM,2D Lotto 2PM,"[""21"", ""21""]",21-21,2024-10-26,14:00,0,0,lottomatik,2DL9268547
3DL-2PM,3D Lotto 2PM,"[""6"", ""6"", ""5""]",6-6-5,2024-10-26,14:00,0,0,lottomatik,3DL9268548
2DL-5PM,2D Lotto 5PM,"[""11"", ""24""]",11-24,2024-10-26,17:00,0,0,lottomatik,2DL9268549
3DL-5PM,3D Lotto 5PM,"[""4"", ""9"", ""2""]",4-9-2,2024-10-26,17:00,0,0,lottomatik,3DL9268550
2DL-9PM,2D Lotto 9PM,"[""09"", ""15""]",09-15,2024-10-26,21:00,0,0,lottomatik,2DL9269329
3DL-9PM,3D Lotto 9PM,"[""4"", ""4"", ""7""]",4-4-7,2024-10-26,21:00,0,0,lottomatik,3DL9269328
6DL,6D Lotto,"[""4"", ""4"", ""3"", ""8"", ""7"", ""6""]",4-4-3-8-7-6,2024-10-26,21:00,0,0,lottomatik,6DL9269327
GL55,Grand Lotto 6/55,"[""20"", ""51"", ""17"", ""31"", ""45"", ""50""]",20-51-17-31-45-50,2024-10-26,21:00,0,0,lottomatik,GL559268552
LOTTO42,Lotto 6/42,"[""31"", ""33"", ""01"", ""40"", ""14"", ""22""]",31-33-01-40-14-22,2024-10-26,21:00,0,0,lottomatik,LOTTO429268551
2DL-2PM,2D Lotto 2PM,"[""28"", ""19""]",28-19,2024-10-27,14:00,0,0,lottomatik,2DL9291236
3DL-2PM,3D Lotto 2PM,"[""3"", ""1"", ""2""]",3-1-2,2024-10-27,14:00,0,0,lottomatik,3DL9291237
2DL-5PM,2D Lotto 5PM,"[""12"", ""07""]",12-07,2024-10-27,17:00,0,0,lottomatik,2DL9291238
3DL-5PM,3D Lotto 5PM,"[""8"", ""7"", ""6""]",8-7-6,2024-10-27,17:00,0,0,lottomatik,3DL9291239
2DL-9PM,2D Lotto 9PM,"[""27"", ""15""]",27-15,2024-10-27,21:00,0,0,lottomatik,2DL9292809
3DL-9PM,3D Lotto 9PM,"[""4"", ""7"", ""0""]",4-7-0,2024-10-27,21:00,0,0,lottomatik,3DL9292808
SL49,Superlotto 6/49,"[""31"", ""42"", ""14"", ""28"", ""37"", ""44""]",31-42-14-28-37-44,2024-10-27,21:00,0,0,lottomatik,SL499292023
UL58,Ultra Lotto 6/58,"[""07"", ""24"", ""13"", ""16"", ""10"", ""02""]",07-24-13-16-10-02,2024-10-27,21:00,0,0,lottomatik,UL589292807
2DL-2PM,2D Lotto 2PM,"[""16"", ""25""]",16-25,2024-10-28,14:00,0,0,lottomatik,2DL9312577
3DL-2PM,3D Lotto 2PM,"[""0"", ""3"", ""0""]",0-3-0,2024-10-28,14:00,0,0,lottomatik,3DL9312578
2DL-5PM,2D Lotto 5PM,"[""18"", ""10""]",18-10,2024-10-28,17:00,0,0,lottomatik,2DL9312579
3DL-5PM,3D Lotto 5PM,"[""1"", ""4"", ""1""]",1-4-1,2024-10-28,17:00,0,0,lottomatik,3DL9312580
2DL-9PM,2D Lotto 9PM,"[""20"", ""16""]",20-16,2024-10-28,21:00,0,0,lottomatik,2DL9314167
3DL-9PM,3D Lotto 9PM,"[""4"", ""9"", ""5""]",4-9-5,2024-10-28,21:00,0,0,lottomatik,3DL9314166
4DL,4D Lotto,"[""4"", ""4"", ""9"", ""8""]",4-4-9-8,2024-10-28,21:00,0,0,lottomatik,4DL9314165
GL55,Grand Lotto 6/55,"[""12"", ""06"", ""48"", ""35"", ""14"", ""39""]",12-06-48-35-14-39,2024-10-28,21:00,0,0,lottomatik,GL559313373
ML45,Megalotto 6/45,"[""18"", ""13"", ""05"", ""25"", ""30"", ""08""]",18-13-05-25-30-08,2024-10-28,21:00,0,0,lottomatik,ML459313372
2DL-2PM,2D Lotto 2PM,"[""04"", ""16""]",04-16,2024-10-29,14:00,0,0,lottomatik,2DL9336550
3DL-2PM,3D Lotto 2PM,"[""8"", ""5"", ""5""]",8-5-5,2024-10-29,14:00,0,0,lottomatik,3DL9336551
2DL-5PM,2D Lotto 5PM,"[""01"", ""23""]",01-23,2024-10-29,17:00,0,0,lottomatik,2DL9336552
3DL-5PM,3D Lotto 5PM,"[""5"", ""0"", ""6""]",5-0-6,2024-10-29,17:00,0,0,lottomatik,3DL9336553
2DL-9PM,2D Lotto 9PM,"[""24"", ""21""]",24-21,2024-10-29,21:00,0,0,lottomatik,2DL9338159
3DL-9PM,3D Lotto 9PM,"[""6"", ""6"", ""8""]",6-6-8,2024-10-29,21:00,0,0,lottomatik,3DL9338158
6DL,6D Lotto,"[""2"", ""6"", ""6"", ""4"", ""4"", ""6""]",2-6-6-4-4-6,2024-10-29,21:00,0,0,lottomatik,6DL9338157
LOTTO42,Lotto 6/42,"[""18"", ""35"", ""23"", ""24"", ""37"", ""40""]",18-35-23-24-37-40,2024-10-29,21:00,0,0,lottomatik,LOTTO429337354
SL49,Superlotto 6/49,"[""34"", ""43"", ""39"", ""27"", ""37"", ""03""]",34-43-39-27-37-03,2024-10-29,21:00,0,0,lottomatik,SL499338155
UL58,Ultra Lotto 6/58,"[""30"", ""38"", ""08"", ""19"", ""57"", ""09""]",30-38-08-19-57-09,2024-10-29,21:00,0,0,lottomatik,UL589338156
2DL-2PM,2D Lotto 2PM,"[""06"", ""10""]",06-10,2024-10-30,14:00,0,0,lottomatik,2DL9362440
3DL-2PM,3D Lotto 2PM,"[""2"", ""8"", ""2""]",2-8-2,2024-10-30,14:00,0,0,lottomatik,3DL9362441
2DL-5PM,2D Lotto 5PM,"[""13"", ""11""]",13-11,2024-10-30,17:00,0,0,lottomatik,2DL9362442
3DL-5PM,3D Lotto 5PM,"[""1"", ""8"", ""6""]",1-8-6,2024-10-30,17:00,0,0,lottomatik,3DL9362443
2DL-9PM,2D Lotto 9PM,"[""18"", ""18""]",18-18,2024-10-30,21:00,0,0,lottomatik,2DL9364068
3DL-9PM,3D Lotto 9PM,"[""3"", ""0"", ""8""]",3-0-8,2024-10-30,21:00,0,0,lottomatik,3DL9364067
4DL,4D Lotto,"[""3"", ""3"", ""1"", ""8""]",3-3-1-8,2024-10-30,21:00,0,0,lottomatik,4DL9364066
GL55,Grand Lotto 6/55,"[""53"", ""16"", ""47"", ""21"", ""07"", ""40""]",53-16-47-21-07-40,2024-10-30,21:00,0,0,lottomatik,GL559363255
ML45,Megalotto 6/45,"[""37"", ""45"", ""15"", ""27"", ""24"", ""42""]",37-45-15-27-24-42,2024-10-30,21:00,0,0,lottomatik,ML459363254
2DL-2PM,2D Lotto 2PM,"[""20"", ""13""]",20-13,2024-10-31,14:00,0,0,lottomatik,2DL9387802
3DL-2PM,3D Lotto 2PM,"[""1"", ""2"", ""4""]",1-2-4,2024-10-31,14:00,0,0,lottomatik,3DL9387803
2DL-5PM,2D Lotto 5PM,"[""02"", ""24""]",02-24,2024-10-31,17:00,0,0,lottomatik,2DL9387804
3DL-5PM,3D Lotto 5PM,"[""3"", ""6"", ""6""]",3-6-6,2024-10-31,17:00,0,0,lottomatik,3DL9387805
2DL-9PM,2D Lotto 9PM,"[""16"", ""17""]",16-17,2024-10-31,21:00,0,0,lottomatik,2DL9389448
3DL-9PM,3D Lotto 9PM,"[""9"", ""7"", ""4""]",9-7-4,2024-10-31,21:00,0,0,lottomatik,3DL9389447
6DL,6D Lotto,"[""9"", ""2"", ""3"", ""0"", ""0"", ""8""]",9-2-3-0-0-8,2024-10-31,21:00,0,0,lottomatik,6DL9389446
LOTTO42,Lotto 6/42,"[""25"", ""35"", ""23"", ""40"", ""39"", ""24""]",25-35-23-40-39-24,2024-10-31,21:00,0,0,lottomatik,LOTTO429389445
SL49,Superlotto 6/49,"[""27"", ""42"", ""19"", ""43"", ""11"", ""05""]",27-42-19-43-11-05,2024-10-31,21:00,0,0,lottomatik,SL499388625
2DL-2PM,2D Lotto 2PM,"[""30"", ""29""]",30-29,2024-11-01,14:00,0,0,lottomatik,2DL9395236
3DL-2PM,3D Lotto 2PM,"[""2"", ""6"", ""3""]",2-6-3,2024-11-01,14:00,0,0,lottomatik,3DL9395237
2DL-5PM,2D Lotto 5PM,"[""11"", ""24""]",11-24,2024-11-01,17:00,0,0,lottomatik,2DL9395238
3DL-5PM,3D Lotto 5PM,"[""6"", ""8"", ""8""]",6-8-8,2024-11-01,17:00,0,0,lottomatik,3DL9395239
2DL-9PM,2D Lotto 9PM,"[""11"", ""22""]",11-22,2024-11-01,21:00,0,0,lottomatik,2DL9395244
3DL-9PM,3D Lotto 9PM,"[""7"", ""8"", ""6""]",7-8-6,2024-11-01,21:00,0,0,lottomatik,3DL9395243
4DL,4D Lotto,"[""9"", ""5"", ""2"", ""8""]",9-5-2-8,2024-11-01,21:00,0,0,lottomatik,4DL9395242
ML45,Megalotto 6/45,"[""42"", ""05"", ""09"", ""36"", ""24"", ""23""]",42-05-09-36-24-23,2024-11-01,21:00,0,0,lottomatik,ML459395241
UL58,Ultra Lotto 6/58,"[""27"", ""05"", ""22"", ""02"", ""45"", ""26""]",27-05-22-02-45-26,2024-11-01,21:00,0,0,lottomatik,UL589395240
2DL-2PM,2D Lotto 2PM,"[""07"", ""16""]",07-16,2024-11-02,14:00,0,0,lottomatik,2DL9418681
3DL-2PM,3D Lotto 2PM,"[""0"", ""7"", ""7""]",0-7-7,2024-11-02,14:00,0,0,lottomatik,3DL9418682
2DL-5PM,2D Lotto 5PM,"[""24"", ""28""]",24-28,2024-11-02,17:00,0,0,lottomatik,2DL9418683
3DL-5PM,3D Lotto 5PM,"[""5"", ""5"", ""6""]",5-5-6,2024-11-02,17:00,0,0,lottomatik,3DL9418684
2DL-9PM,2D Lotto 9PM,"[""28"", ""06""]",28-06,2024-11-02,21:00,0,0,lottomatik,2DL9420363
3DL-9PM,3D Lotto 9PM,"[""2"", ""1"", ""9""]",2-1-9,2024-11-02,21:00,0,0,lottomatik,3DL9420362
6DL,6D Lotto,"[""2"", ""7"", ""9"", ""5"", ""3"", ""3""]",2-7-9-5-3-3,2024-11-02,21:00,0,0,lottomatik,6DL9420361
GL55,Grand Lotto 6/55,"[""26"", ""48"", ""12"", ""50"", ""52"", ""10""]",26-48-12-50-52-10,2024-11-02,21:00,0,0,lottomatik,GL559419522
LOTTO42,Lotto 6/42,"[""22"", ""15"", ""14"", ""10"", ""02"", ""21""]",22-15-14-10-02-21,2024-11-02,21:00,0,0,lottomatik,LOTTO429419523
2DL-2PM,2D Lotto 2PM,"[""09"", ""11""]",09-11,2024-11-03,14:00,0,0,lottomatik,2DL9444034
3DL-2PM,3D Lotto 2PM,"[""5"", ""2"", ""7""]",5-2-7,2024-11-03,14:00,0,0,lottomatik,3DL9444035
2DL-5PM,2D Lotto 5PM,"[""13"", ""05""]",13-05,2024-11-03,17:00,0,0,lottomatik,2DL9444036
3DL-5PM,3D Lotto 5PM,"[""5"", ""4"", ""2""]",5-4-2,2024-11-03,17:00,0,0,lottomatik,3DL9444037
2DL-9PM,2D Lotto 9PM,"[""25"", ""14""]",25-14,2024-11-03,21:00,0,0,lottomatik,2DL9445733
3DL-9PM,3D Lotto 9PM,"[""9"", ""3"", ""0""]",9-3-0,2024-11-03,21:00,0,0,lottomatik,3DL9445732
SL49,Superlotto 6/49,"[""41"", ""06"", ""20"", ""48"", ""12"", ""08""]",41-06-20-48-12-08,2024-11-03,21:00,0,0,lottomatik,SL499444885
UL58,Ultra Lotto 6/58,"[""57"", ""58"", ""15"", ""24"", ""53"", ""36""]",57-58-15-24-53-36,2024-11-03,21:00,0,0,lottomatik,UL589444884
2DL-2PM,2D Lotto 2PM,"[""10"", ""20""]",10-20,2024-11-04,14:00,0,0,lottomatik,2DL9471338
3DL-2PM,3D Lotto 2PM,"[""6"", ""5"", ""3""]",6-5-3,2024-11-04,14:00,0,0,lottomatik,3DL9471339
2DL-5PM,2D Lotto 5PM,"[""31"", ""05""]",31-05,2024-11-04,17:00,0,0,lottomatik,2DL9471340
3DL-5PM,3D Lotto 5PM,"[""5"", ""2"", ""4""]",5-2-4,2024-11-04,17:00,0,0,lottomatik,3DL9471341
2DL-9PM,2D Lotto 9PM,"[""28"", ""30""]",28-30,2024-11-04,21:00,0,0,lottomatik,2DL9473054
3DL-9PM,3D Lotto 9PM,"[""1"", ""6"", ""5""]",1-6-5,2024-11-04,21:00,0,0,lottomatik,3DL9473053
4DL,4D Lotto,"[""0"", ""4"", ""2"", ""1""]",0-4-2-1,2024-11-04,21:00,0,0,lottomatik,4DL9473052
GL55,Grand Lotto 6/55,"[""26"", ""14"", ""30"", ""54"", ""40"", ""23""]",26-14-30-54-40-23,2024-11-04,21:00,0,0,lottomatik,GL559472196
ML45,Megalotto 6/45,"[""38"", ""35"", ""25"", ""13"", ""23"", ""31""]",38-35-25-13-23-31,2024-11-04,21:00,0,0,lottomatik,ML459472197
2DL-2PM,2D Lotto 2PM,"[""14"", ""20""]",14-20,2024-11-05,14:00,0,0,lottomatik,2DL9496347
3DL-2PM,3D Lotto 2PM,"[""1"", ""4"", ""6""]",1-4-6,2024-11-05,14:00,0,0,lottomatik,3DL9496348
2DL-5PM,2D Lotto 5PM,"[""24"", ""02""]",24-02,2024-11-05,17:00,0,0,lottomatik,2DL9496349
3DL-5PM,3D Lotto 5PM,"[""5"", ""1"", ""8""]",5-1-8,2024-11-05,17:00,0,0,lottomatik,3DL9496350
2DL-9PM,2D Lotto 9PM,"[""25"", ""11""]",25-11,2024-11-05,21:00,0,0,lottomatik,2DL9498082
3DL-9PM,3D Lotto 9PM,"[""7"", ""2"", ""1""]",7-2-1,2024-11-05,21:00,0,0,lottomatik,3DL9498081
6DL,6D Lotto,"[""8"", ""6"", ""4"", ""1"", ""1"", ""5""]",8-6-4-1-1-5,2024-11-05,21:00,0,0,lottomatik,6DL9498080
LOTTO42,Lotto 6/42,"[""22"", ""24"", ""10"", ""34"", ""02"", ""35""]",22-24-10-34-02-35,2024-11-05,21:00,0,0,lottomatik,LOTTO429498079
SL49,Superlotto 6/49,"[""33"", ""25"", ""19"", ""24"", ""38"", ""35""]",33-25-19-24-38-35,2024-11-05,21:00,0,0,lottomatik,SL499497215
UL58,Ultra Lotto 6/58,"[""42"", ""58"", ""37"", ""51"", ""02"", ""38""]",42-58-37-51-02-38,2024-11-05,21:00,0,0,lottomatik,UL589497214
2DL-2PM,2D Lotto 2PM,"[""15"", ""16""]",15-16,2024-11-06,14:00,0,0,lottomatik,2DL9524263
3DL-2PM,3D Lotto 2PM,"[""9"", ""6"", ""8""]",9-6-8,2024-11-06,14:00,0,0,lottomatik,3DL9524264
2DL-5PM,2D Lotto 5PM,"[""28"", ""15""]",28-15,2024-11-06,17:00,0,0,lottomatik,2DL9524265
3DL-5PM,3D Lotto 5PM,"[""2"", ""7"", ""5""]",2-7-5,2024-11-06,17:00,0,0,lottomatik,3DL9524266
2DL-9PM,2D Lotto 9PM,"[""23"", ""15""]",23-15,2024-11-06,21:00,0,0,lottomatik,2DL9526017
3DL-9PM,3D Lotto 9PM,"[""2"", ""6"", ""6""]",2-6-6,2024-11-06,21:00,0,0,lottomatik,3DL9526016
4DL,4D Lotto,"[""9"", ""9"", ""6"", ""8""]",9-9-6-8,2024-11-06,21:00,0,0,lottomatik,4DL9526015
GL55,Grand Lotto 6/55,"[""04"", ""02"", ""35"", ""23"", ""42"", ""03""]",04-02-35-23-42-03,2024-11-06,21:00,0,0,lottomatik,GL559525140
ML45,Megalotto 6/45,"[""31"", ""39"", ""40"", ""27"", ""41"", ""06""]",31-39-40-27-41-06,2024-11-06,21:00,0,0,lottomatik,ML459525141
2DL-2PM,2D Lotto 2PM,"[""15"", ""23""]",15-23,2024-11-07,14:00,0,0,lottomatik,2DL9550696
3DL-2PM,3D Lotto 2PM,"[""7"", ""4"", ""2""]",7-4-2,2024-11-07,14:00,0,0,lottomatik,3DL9550697
2DL-5PM,2D Lotto 5PM,"[""11"", ""29""]",11-29,2024-11-07,17:00,0,0,lottomatik,2DL9550698
3DL-5PM,3D Lotto 5PM,"[""7"", ""6"", ""1""]",7-6-1,2024-11-07,17:00,0,0,lottomatik,3DL9550699
2DL-9PM,2D Lotto 9PM,"[""09"", ""25""]",09-25,2024-11-07,21:00,0,0,lottomatik,2DL9551586
3DL-9PM,3D Lotto 9PM,"[""9"", ""0"", ""4""]",9-0-4,2024-11-07,21:00,0,0,lottomatik,3DL9551585
6DL,6D Lotto,"[""6"", ""6"", ""5"", ""5"", ""2"", ""1""]",6-6-5-5-2-1,2024-11-07,21:00,0,0,lottomatik,6DL9551584
LOTTO42,Lotto 6/42,"[""40"", ""02"", ""33"", ""21"", ""14"", ""36""]",40-02-33-21-14-36,2024-11-07,21:00,0,0,lottomatik,LOTTO429550700
SL49,Superlotto 6/49,"[""49"", ""07"", ""32"", ""26"", ""40"", ""48""]",49-07-32-26-40-48,2024-11-07,21:00,0,0,lottomatik,SL499550701
2DL-2PM,2D Lotto 2PM,"[""06"", ""31""]",06-31,2024-11-08,14:00,0,0,lottomatik,2DL9579190
3DL-2PM,3D Lotto 2PM,"[""4"", ""6"", ""5""]",4-6-5,2024-11-08,14:00,0,0,lottomatik,3DL9579191
2DL-5PM,2D Lotto 5PM,"[""23"", ""21""]",23-21,2024-11-08,17:00,0,0,lottomatik,2DL9579192
3DL-5PM,3D Lotto 5PM,"[""9"", ""5"", ""4""]",9-5-4,2024-11-08,17:00,0,0,lottomatik,3DL9579193
2DL-9PM,2D Lotto 9PM,"[""24"", ""22""]",24-22,2024-11-08,21:00,0,0,lottomatik,2DL9580980
3DL-9PM,3D Lotto 9PM,"[""8"", ""9"", ""4""]",8-9-4,2024-11-08,21:00,0,0,lottomatik,3DL9580979
4DL,4D Lotto,"[""4"", ""6"", ""7"", ""5""]",4-6-7-5,2024-11-08,21:00,0,0,lottomatik,4DL9580978
ML45,Megalotto 6/45,"[""33"", ""09"", ""43"", ""06"", ""45"", ""26""]",33-09-43-06-45-26,2024-11-08,21:00,0,0,lottomatik,ML459580086
UL58,Ultra Lotto 6/58,"[""37"", ""36"", ""40"", ""25"", ""08"", ""32""]",37-36-40-25-08-32,2024-11-08,21:00,0,0,lottomatik,UL589580085
2DL-2PM,2D Lotto 2PM,"[""14"", ""15""]",14-15,2024-11-09,14:00,4000,0,lottomatik,2DLS0000001
3DL-2PM,3D Lotto 2PM,"[""7"", ""7"", ""1""]",7-7-1,2024-11-09,14:00,4500,0,lottomatik,3DLS0000001
2DL-5PM,2D Lotto 5PM,"[""25"", ""05""]",25-05,2024-11-09,17:00,4000,0,lottomatik,2DLS0000002
3DL-5PM,3D Lotto 5PM,"[""0"", ""2"", ""6""]",0-2-6,2024-11-09,17:00,4500,0,lottomatik,3DLS0000002
2DL-9PM,2D Lotto 9PM,"[""08"", ""16""]",08-16,2024-11-09,21:00,0,0,lottomatik,2DL2DLS0000003
3DL-9PM,3D Lotto 9PM,"[""6"", ""5"", ""2""]",6-5-2,2024-11-09,21:00,0,0,lottomatik,3DL3DLS0000003
6DL,6D Lotto,"[""1"", ""8"", ""3"", ""0"", ""1"", ""7""]",1-8-3-0-1-7,2024-11-09,21:00,0,0,lottomatik,6DL6DLS0000001
GL55,Grand Lotto 6/55,"[""52"", ""29"", ""40"", ""42"", ""16"", ""55""]",52-29-40-42-16-55,2024-11-09,21:00,0,0,lottomatik,GL55GL55S0000001
LOTTO42,Lotto 6/42,"[""37"", ""06"", ""07"", ""18"", ""09"", ""27""]",37-06-07-18-09-27,2024-11-09,21:00,0,0,lottomatik,LOTTO42LOTTO42S0000001
2DL-2PM,2D Lotto 2PM,"[""01"", ""22""]",01-22,2024-11-10,14:00,4000,0,lottomatik,2DLS0000004
3DL-2PM,3D Lotto 2PM,"[""5"", ""5"", ""7""]",5-5-7,2024-11-10,14:00,4500,0,lottomatik,3DLS0000004
2DL-5PM,2D Lotto 5PM,"[""09"", ""07""]",09-07,2024-11-10,17:00,4000,0,lottomatik,2DLS0000005
3DL-5PM,3D Lotto 5PM,"[""4"", ""6"", ""4""]",4-6-4,2024-11-10,17:00,4500,0,lottomatik,3DLS0000005
2DL-2PM,2D Lotto 2PM,"[""09"", ""16""]",09-16,2024-11-11,14:00,4000,0,lottomatik,2DLS0000007
3DL-2PM,3D Lotto 2PM,"[""2"", ""6"", ""0""]",2-6-0,2024-11-11,14:00,4500,0,lottomatik,3DLS0000007
2DL-5PM,2D Lotto 5PM,"[""15"", ""19""]",15-19,2024-11-11,17:00,4000,0,lottomatik,2DLS0000008
3DL-5PM,3D Lotto 5PM,"[""1"", ""9"", ""7""]",1-9-7,2024-11-11,17:00,4500,0,lottomatik,3DLS0000008
2DL-2PM,2D Lotto 2PM,"[""26"", ""29""]",26-29,2024-11-12,14:00,4000,0,lottomatik,2DLS0000010
3DL-2PM,3D Lotto 2PM,"[""7"", ""8"", ""9""]",7-8-9,2024-11-12,14:00,4500,0,lottomatik,3DLS0000010
2DL-5PM,2D Lotto 5PM,"[""17"", ""09""]",17-09,2024-11-12,17:00,4000,0,lottomatik,2DLS0000011
3DL-5PM,3D Lotto 5PM,"[""0"", ""9"", ""9""]",0-9-9,2024-11-12,17:00,4500,0,lottomatik,3DLS0000011
2DL-2PM,2D Lotto 2PM,"[""09"", ""06""]",09-06,2024-11-13,14:00,4000,0,lottomatik,2DLS0000013
3DL-2PM,3D Lotto 2PM,"[""2"", ""2"", ""6""]",2-2-6,2024-11-13,14:00,4500,0,lottomatik,3DLS0000013
2DL-5PM,2D Lotto 5PM,"[""07"", ""22""]",07-22,2024-11-13,17:00,4000,0,lottomatik,2DLS0000014
3DL-5PM,3D Lotto 5PM,"[""9"", ""5"", ""0""]",9-5-0,2024-11-13,17:00,4500,0,lottomatik,3DLS0000014
2DL-2PM,2D Lotto 2PM,"[""06"", ""15""]",06-15,2024-11-14,14:00,4000,0,lottomatik,2DLS0000016
3DL-2PM,3D Lotto 2PM,"[""8"", ""1"", ""7""]",8-1-7,2024-11-14,14:00,4500,0,lottomatik,3DLS0000016
2DL-5PM,2D Lotto 5PM,"[""07"", ""29""]",07-29,2024-11-14,17:00,4000,0,lottomatik,2DLS0000017
3DL-5PM,3D Lotto 5PM,"[""1"", ""0"", ""4""]",1-0-4,2024-11-14,17:00,4500,0,lottomatik,3DLS0000017
2DL-2PM,2D Lotto 2PM,"[""21"", ""20""]",21-20,2024-11-15,14:00,4000,0,lottomatik,2DLS0000019
3DL-2PM,3D Lotto 2PM,"[""9"", ""2"", ""1""]",9-2-1,2024-11-15,14:00,4500,0,lottomatik,3DLS0000019
2DL-5PM,2D Lotto 5PM,"[""10"", ""15""]",10-15,2024-11-15,17:00,4000,0,lottomatik,2DLS0000020
3DL-5PM,3D Lotto 5PM,"[""1"", ""8"", ""3""]",1-8-3,2024-11-15,17:00,4500,0,lottomatik,3DLS0000020
2DL-2PM,2D Lotto 2PM,"[""27"", ""30""]",27-30,2024-11-16,14:00,4000,0,lottomatik,2DLS0000022
3DL-2PM,3D Lotto 2PM,"[""2"", ""7"", ""8""]",2-7-8,2024-11-16,14:00,4500,0,lottomatik,3DLS0000022
2DL-5PM,2D Lotto 5PM,"[""23"", ""20""]",23-20,2024-11-16,17:00,4000,0,lottomatik,2DLS0000023
3DL-5PM,3D Lotto 5PM,"[""5"", ""6"", ""2""]",5-6-2,2024-11-16,17:00,4500,0,lottomatik,3DLS0000023
2DL-2PM,2D Lotto 2PM,"[""18"", ""31""]",18-31,2024-11-17,14:00,4000,0,lottomatik,2DLS0000025
3DL-2PM,3D Lotto 2PM,"[""7"", ""0"", ""1""]",7-0-1,2024-11-17,14:00,4500,0,lottomatik,3DLS0000025
2DL-5PM,2D Lotto 5PM,"[""12"", ""28""]",12-28,2024-11-17,17:00,4000,0,lottomatik,2DLS0000026
3DL-5PM,3D Lotto 5PM,"[""3"", ""3"", ""5""]",3-3-5,2024-11-17,17:00,4500,0,lottomatik,3DLS0000026
2DL-2PM,2D Lotto 2PM,"[""11"", ""20""]",11-20,2024-11-18,14:00,4000,0,lottomatik,2DLS0000028
3DL-2PM,3D Lotto 2PM,"[""0"", ""5"", ""2""]",0-5-2,2024-11-18,14:00,4500,0,lottomatik,3DLS0000028
2DL-5PM,2D Lotto 5PM,"[""12"", ""15""]",12-15,2024-11-18,17:00,4000,0,lottomatik,2DLS0000029
3DL-5PM,3D Lotto 5PM,"[""8"", ""9"", ""6""]",8-9-6,2024-11-18,17:00,4500,0,lottomatik,3DLS0000029
2DL-2PM,2D Lotto 2PM,"[""06"", ""31""]",06-31,2024-11-19,14:00,4000,0,lottomatik,2DLS0000031
3DL-2PM,3D Lotto 2PM,"[""0"", ""6"", ""8""]",0-6-8,2024-11-19,14:00,4500,1,lottomatik,3DLS0000031
2DL-5PM,2D Lotto 5PM,"[""22"", ""12""]",22-12,2024-11-19,17:00,4000,0,lottomatik,2DLS0000032
3DL-5PM,3D Lotto 5PM,"[""7"", ""8"", ""5""]",7-8-5,2024-11-19,17:00,4500,0,lottomatik,3DLS0000032
2DL-2PM,2D Lotto 2PM,"[""30"", ""08""]",30-08,2024-11-20,14:00,4000,0,lottomatik,2DLS0000034
3DL-2PM,3D Lotto 2PM,"[""7"", ""9"", ""2""]",7-9-2,2024-11-20,14:00,4500,0,lottomatik,3DLS0000034
2DL-5PM,2D Lotto 5PM,"[""31"", ""01""]",31-01,2024-11-20,17:00,4000,0,lottomatik,2DLS0000035
3DL-5PM,3D Lotto 5PM,"[""0"", ""7"", ""7""]",0-7-7,2024-11-20,17:00,4500,0,lottomatik,3DLS0000035
2DL-2PM,2D Lotto 2PM,"[""31"", ""24""]",31-24,2024-11-21,14:00,4000,0,lottomatik,2DLS0000037
3DL-2PM,3D Lotto 2PM,"[""3"", ""6"", ""6""]",3-6-6,2024-11-21,14:00,4500,0,lottomatik,3DLS0000037
2DL-5PM,2D Lotto 5PM,"[""21"", ""04""]",21-04,2024-11-21,17:00,4000,0,lottomatik,2DLS0000038
3DL-5PM,3D Lotto 5PM,"[""3"", ""9"", ""5""]",3-9-5,2024-11-21,17:00,4500,0,lottomatik,3DLS0000038
2DL-2PM,2D Lotto 2PM,"[""21"", ""15""]",21-15,2024-11-22,14:00,4000,0,lottomatik,2DLS0000040
3DL-2PM,3D Lotto 2PM,"[""6"", ""9"", ""6""]",6-9-6,2024-11-22,14:00,4500,0,lottomatik,3DLS0000040
2DL-5PM,2D Lotto 5PM,"[""12"", ""06""]",12-06,2024-11-22,17:00,4000,0,lottomatik,2DLS0000041
3DL-5PM,3D Lotto 5PM,"[""6"", ""1"", ""4""]",6-1-4,2024-11-22,17:00,4500,0,lottomatik,3DLS0000041
2DL-2PM,2D Lotto 2PM,"[""03"", ""30""]",03-30,2024-11-23,14:00,4000,0,lottomatik,2DLS0000043
3DL-2PM,3D Lotto 2PM,"[""8"", ""7"", ""5""]",8-7-5,2024-11-23,14:00,4500,0,lottomatik,3DLS0000043
2DL-5PM,2D Lotto 5PM,"[""29"", ""06""]",29-06,2024-11-23,17:00,4000,0,lottomatik,2DLS0000044
3DL-5PM,3D Lotto 5PM,"[""4"", ""6"", ""0""]",4-6-0,2024-11-23,17:00,4500,0,lottomatik,3DLS0000044
2DL-2PM,2D Lotto 2PM,"[""08"", ""25""]",08-25,2024-11-24,14:00,4000,0,lottomatik,2DLS0000046
3DL-2PM,3D Lotto 2PM,"[""8"", ""4"", ""0""]",8-4-0,2024-11-24,14:00,4500,0,lottomatik,3DLS0000046
2DL-5PM,2D Lotto 5PM,"[""10"", ""09""]",10-09,2024-11-24,17:00,4000,0,lottomatik,2DLS0000047
3DL-5PM,3D Lotto 5PM,"[""9"", ""1"", ""6""]",9-1-6,2024-11-24,17:00,4500,0,lottomatik,3DLS0000047
2DL-2PM,2D Lotto 2PM,"[""02"", ""07""]",02-07,2024-11-25,14:00,4000,0,lottomatik,2DLS0000049
3DL-2PM,3D Lotto 2PM,"[""4"", ""2"", ""7""]",4-2-7,2024-11-25,14:00,4500,0,lottomatik,3DLS0000049
2DL-5PM,2D Lotto 5PM,"[""15"", ""05""]",15-05,2024-11-25,17:00,4000,0,lottomatik,2DLS0000050
3DL-5PM,3D Lotto 5PM,"[""7"", ""9"", ""0""]",7-9-0,2024-11-25,17:00,4500,0,lottomatik,3DLS0000050
3DL-9PM,3D Lotto 9PM,"[""3"", ""4"", ""4""]",3-4-4,2024-11-25,21:00,4500,0,lottomatik,3DLS0000051
2DL-2PM,2D Lotto 2PM,"[""06"", ""28""]",06-28,2024-11-26,14:00,4000,0,lottomatik,2DLS0000052
3DL-2PM,3D Lotto 2PM,"[""3"", ""0"", ""5""]",3-0-5,2024-11-26,14:00,4500,0,lottomatik,3DLS0000052
2DL-5PM,2D Lotto 5PM,"[""21"", ""12""]",21-12,2024-11-26,17:00,4000,3,lottomatik,2DLS0000053
3DL-5PM,3D Lotto 5PM,"[""9"", ""1"", ""0""]",9-1-0,2024-11-26,17:00,4500,0,lottomatik,3DLS0000053
2DL-9PM,2D Lotto 9PM,"[""16"", ""07""]",16-07,2024-11-26,21:00,4000,0,lottomatik,2DLS0000054
3DL-9PM,3D Lotto 9PM,"[""9"", ""1"", ""7""]",9-1-7,2024-11-26,21:00,4500,0,lottomatik,3DLS0000054
6DL,6D Lotto,"[""6"", ""4"", ""1"", ""0"", ""3"", ""7""]",6-4-1-0-3-7,2024-11-26,21:00,537488,1,lottomatik,6DLS0000008
LOTTO42,Lotto 6/42,"[""19"", ""06"", ""28"", ""31"", ""32"", ""20""]",19-06-28-31-32-20,2024-11-26,21:00,16687823.8,1,lottomatik,LOTTO42S0000008
SL49,Superlotto 6/49,"[""30"", ""31"", ""29"", ""43"", ""33"", ""09""]",30-31-29-43-33-09,2024-11-26,21:00,0,0,lottomatik,SL49S0000008
UL58,Ultra Lotto 6/58,"[""05"", ""51"", ""29"", ""07"", ""52"", ""44""]",05-51-29-07-52-44,2024-11-26,21:00,0,0,lottomatik,UL58S0000008
2DL-2PM,2D Lotto 2PM,"[""13"", ""21""]",13-21,2024-11-27,14:00,4000,0,lottomatik,2DLS0000055
3DL-2PM,3D Lotto 2PM,"[""6"", ""4"", ""9""]",6-4-9,2024-11-27,14:00,4500,0,lottomatik,3DLS0000055
2DL-5PM,2D Lotto 5PM,"[""21"", ""16""]",21-16,2024-11-27,17:00,4000,1,lottomatik,2DLS0000056
3DL-5PM,3D Lotto 5PM,"[""0"", ""5"", ""1""]",0-5-1,2024-11-27,17:00,4500,0,lottomatik,3DLS0000056
2DL-9PM,2D Lotto 9PM,"[""16"", ""31""]",16-31,2024-11-27,21:00,4000,0,lottomatik,2DLS0000057
3DL-9PM,3D Lotto 9PM,"[""4"", ""7"", ""8""]",4-7-8,2024-11-27,21:00,4500,0,lottomatik,3DLS0000057
4DL,4D Lotto,"[""4"", ""2"", ""7"", ""1""]",4-2-7-1,2024-11-27,21:00,839475,75,lottomatik,4DLS0000008
GL55,Grand Lotto 6/55,"[""25"", ""17"", ""41"", ""34"", ""08"", ""18""]",25-17-41-34-08-18,2024-11-27,21:00,0,0,lottomatik,GL55S0000009
ML45,Megalotto 6/45,"[""02"", ""33"", ""21"", ""04"", ""12"", ""43""]",02-33-21-04-12-43,2024-11-27,21:00,0,0,lottomatik,ML45S0000008
2DL-2PM,2D Lotto 2PM,"[""02"", ""07""]",02-07,2024-11-28,14:00,4000,0,lottomatik,2DLS0000058
3DL-2PM,3D Lotto 2PM,"[""4"", ""5"", ""0""]",4-5-0,2024-11-28,14:00,4500,0,lottomatik,3DLS0000058
2DL-5PM,2D Lotto 5PM,"[""22"", ""23""]",22-23,2024-11-28,17:00,4000,0,lottomatik,2DLS0000059
3DL-5PM,3D Lotto 5PM,"[""6"", ""0"", ""6""]",6-0-6,2024-11-28,17:00,4500,0,lottomatik,3DLS0000059
2DL-9PM,2D Lotto 9PM,"[""28"", ""08""]",28-08,2024-11-28,21:00,4000,0,lottomatik,2DLS0000060
3DL-9PM,3D Lotto 9PM,"[""5"", ""8"", ""3""]",5-8-3,2024-11-28,21:00,4500,0,lottomatik,3DLS0000060
6DL,6D Lotto,"[""4"", ""5"", ""1"", ""7"", ""4"", ""1""]",4-5-1-7-4-1,2024-11-28,21:00,150000,0,lottomatik,6DLS0000009
LOTTO42,Lotto 6/42,"[""39"", ""26"", ""15"", ""24"", ""21"", ""08""]",39-26-15-24-21-08,2024-11-28,21:00,5940000,0,lottomatik,LOTTO42S0000009
SL49,Superlotto 6/49,"[""36"", ""40"", ""30"", ""13"", ""49"", ""44""]",36-40-30-13-49-44,2024-11-28,21:00,0,0,lottomatik,SL49S0000009
2DL-2PM,2D Lotto 2PM,"[""15"", ""18""]",15-18,2024-11-29,14:00,4000,0,lottomatik,2DLS0000061
3DL-2PM,3D Lotto 2PM,"[""6"", ""9"", ""3""]",6-9-3,2024-11-29,14:00,4500,0,lottomatik,3DLS0000061
2DL-5PM,2D Lotto 5PM,"[""30"", ""01""]",30-01,2024-11-29,17:00,4000,0,lottomatik,2DLS0000062
3DL-5PM,3D Lotto 5PM,"[""2"", ""0"", ""9""]",2-0-9,2024-11-29,17:00,4500,0,lottomatik,3DLS0000062
2DL-9PM,2D Lotto 9PM,"[""01"", ""09""]",01-09,2024-11-29,21:00,4000,0,lottomatik,2DLS0000063
3DL-9PM,3D Lotto 9PM,"[""6"", ""7"", ""4""]",6-7-4,2024-11-29,21:00,4500,0,lottomatik,3DLS0000063
4DL,4D Lotto,"[""3"", ""3"", ""0"", ""4""]",3-3-0-4,2024-11-29,21:00,890445,15,lottomatik,4DLS0000009
ML45,Megalotto 6/45,"[""03"", ""04"", ""37"", ""23"", ""18"", ""10""]",03-04-37-23-18-10,2024-11-29,21:00,30899853,1,lottomatik,ML45S0000009
UL58,Ultra Lotto 6/58,"[""16"", ""32"", ""12"", ""55"", ""23"", ""05""]",16-32-12-55-23-05,2024-11-29,21:00,0,0,lottomatik,UL58S0000009
2DL-2PM,2D Lotto 2PM,"[""12"", ""25""]",12-25,2024-11-30,14:00,4000,0,lottomatik,2DLS0000064
3DL-2PM,3D Lotto 2PM,"[""3"", ""8"", ""3""]",3-8-3,2024-11-30,14:00,4500,0,lottomatik,3DLS0000064
2DL-5PM,2D Lotto 5PM,"[""03"", ""13""]",03-13,2024-11-30,17:00,4000,0,lottomatik,2DLS0000065
3DL-5PM,3D Lotto 5PM,"[""3"", ""8"", ""9""]",3-8-9,2024-11-30,17:00,4500,0,lottomatik,3DLS0000065
2DL-9PM,2D Lotto 9PM,"[""06"", ""16""]",06-16,2024-11-30,21:00,4000,0,lottomatik,2DLS0000066
3DL-9PM,3D Lotto 9PM,"[""4"", ""8"", ""6""]",4-8-6,2024-11-30,21:00,4500,0,lottomatik,3DLS0000066
6DL,6D Lotto,"[""8"", ""1"", ""8"", ""5"", ""2"", ""9""]",8-1-8-5-2-9,2024-11-30,21:00,0,0,lottomatik,6DLS0000010
GL55,Grand Lotto 6/55,"[""01"", ""53"", ""08"", ""50"", ""38"", ""40""]",01-53-08-50-38-40,2024-11-30,21:00,0,0,lottomatik,GL55S0000010
LOTTO42,Lotto 6/42,"[""33"", ""03"", ""35"", ""24"", ""39"", ""01""]",33-03-35-24-39-01,2024-11-30,21:00,0,0,lottomatik,LOTTO42S0000010
2DL-2PM,2D Lotto 2PM,"[""03"", ""30""]",03-30,2024-12-01,14:00,4000,1,lottomatik,2DLS0000067
3DL-2PM,3D Lotto 2PM,"[""2"", ""9"", ""7""]",2-9-7,2024-12-01,14:00,4500,0,lottomatik,3DLS0000067
2DL-5PM,2D Lotto 5PM,"[""23"", ""05""]",23-05,2024-12-01,17:00,4000,0,lottomatik,2DLS0000068
3DL-5PM,3D Lotto 5PM,"[""5"", ""4"", ""4""]",5-4-4,2024-12-01,17:00,4500,0,lottomatik,3DLS0000068
2DL-9PM,2D Lotto 9PM,"[""19"", ""16""]",19-16,2024-12-01,21:00,4000,0,lottomatik,2DLS0000069
3DL-9PM,3D Lotto 9PM,"[""6"", ""1"", ""6""]",6-1-6,2024-12-01,21:00,4500,0,lottomatik,3DLS0000069
SL49,Superlotto 6/49,"[""18"", ""13"", ""08"", ""17"", ""05"", ""11""]",18-13-08-17-05-11,2024-12-01,21:00,0,0,lottomatik,SL49S0000010
UL58,Ultra Lotto 6/58,"[""45"", ""37"", ""56"", ""07"", ""35"", ""24""]",45-37-56-07-35-24,2024-12-01,21:00,0,0,lottomatik,UL58S0000010
2DL-2PM,2D Lotto 2PM,"[""10"", ""05""]",10-05,2024-12-02,14:00,4000,0,lottomatik,2DLS0000070
3DL-2PM,3D Lotto 2PM,"[""9"", ""0"", ""7""]",9-0-7,2024-12-02,14:00,4500,0,lottomatik,3DLS0000070
2DL-5PM,2D Lotto 5PM,"[""30"", ""31""]",30-31,2024-12-02,17:00,4000,0,lottomatik,2DLS0000071
3DL-5PM,3D Lotto 5PM,"[""3"", ""1"", ""9""]",3-1-9,2024-12-02,17:00,4500,0,lottomatik,3DLS0000071
2DL-9PM,2D Lotto 9PM,"[""29"", ""11""]",29-11,2024-12-02,21:00,4000,0,lottomatik,2DLS0000072
3DL-9PM,3D Lotto 9PM,"[""1"", ""7"", ""2""]",1-7-2,2024-12-02,21:00,4500,0,lottomatik,3DLS0000072
4DL,4D Lotto,"[""1"", ""3"", ""7"", ""8""]",1-3-7-8,2024-12-02,21:00,998244,26,lottomatik,4DLS0000010
GL55,Grand Lotto 6/55,"[""16"", ""09"", ""41"", ""18"", ""20"", ""05""]",16-09-41-18-20-05,2024-12-02,21:00,0,0,lottomatik,GL55S0000011
ML45,Megalotto 6/45,"[""29"", ""45"", ""28"", ""17"", ""34"", ""41""]",29-45-28-17-34-41,2024-12-02,21:00,8910000,0,lottomatik,ML45S0000010
2DL-2PM,2D Lotto 2PM,"[""28"", ""02""]",28-02,2024-12-03,14:00,4000,0,lottomatik,2DLS0000073
3DL-2PM,3D Lotto 2PM,"[""1"", ""7"", ""9""]",1-7-9,2024-12-03,14:00,4500,0,lottomatik,3DLS0000073
2DL-5PM,2D Lotto 5PM,"[""15"", ""02""]",15-02,2024-12-03,17:00,4000,0,lottomatik,2DLS0000074
3DL-5PM,3D Lotto 5PM,"[""0"", ""6"", ""9""]",0-6-9,2024-12-03,17:00,4500,0,lottomatik,3DLS0000074
2DL-9PM,2D Lotto 9PM,"[""09"", ""27""]",09-27,2024-12-03,21:00,4000,0,lottomatik,2DLS0000075
3DL-9PM,3D Lotto 9PM,"[""0"", ""4"", ""7""]",0-4-7,2024-12-03,21:00,4500,0,lottomatik,3DLS0000075
6DL,6D Lotto,"[""7"", ""2"", ""0"", ""9"", ""3"", ""4""]",7-2-0-9-3-4,2024-12-03,21:00,0,0,lottomatik,6DLS0000011
LOTTO42,Lotto 6/42,"[""27"", ""38"", ""26"", ""04"", ""39"", ""19""]",27-38-26-04-39-19,2024-12-03,21:00,0,0,lottomatik,LOTTO42S0000011
SL49,Superlotto 6/49,"[""02"", ""39"", ""48"", ""35"", ""05"", ""46""]",02-39-48-35-05-46,2024-12-03,21:00,0,0,lottomatik,SL49S0000011
UL58,Ultra Lotto 6/58,"[""12"", ""06"", ""45"", ""07"", ""51"", ""01""]",12-06-45-07-51-01,2024-12-03,21:00,0,0,lottomatik,UL58S0000011
2DL-2PM,2D Lotto 2PM,"[""11"", ""01""]",11-01,2024-12-04,14:00,4000,0,lottomatik,2DLS0000076
3DL-2PM,3D Lotto 2PM,"[""4"", ""3"", ""9""]",4-3-9,2024-12-04,14:00,4500,0,lottomatik,3DLS0000076
2DL-5PM,2D Lotto 5PM,"[""28"", ""07""]",28-07,2024-12-04,17:00,4000,0,lottomatik,2DLS0000077
3DL-5PM,3D Lotto 5PM,"[""4"", ""1"", ""2""]",4-1-2,2024-12-04,17:00,4500,0,lottomatik,3DLS0000077
2DL-9PM,2D Lotto 9PM,"[""12"", ""09""]",12-09,2024-12-04,21:00,4000,2,lottomatik,2DLS0000078
3DL-9PM,3D Lotto 9PM,"[""9"", ""6"", ""5""]",9-6-5,2024-12-04,21:00,4500,0,lottomatik,3DLS0000078
4DL,4D Lotto,"[""1"", ""0"", ""4"", ""6""]",1-0-4-6,2024-12-04,21:00,933664,32,lottomatik,4DLS0000011
GL55,Grand Lotto 6/55,"[""09"", ""18"", ""02"", ""01"", ""37"", ""32""]",09-18-02-01-37-32,2024-12-04,21:00,0,0,lottomatik,GL55S0000012
ML45,Megalotto 6/45,"[""35"", ""42"", ""05"", ""09"", ""10"", ""31""]",35-42-05-09-10-31,2024-12-04,21:00,0,0,lottomatik,ML45S0000011
2DL-2PM,2D Lotto 2PM,"[""19"", ""25""]",19-25,2024-12-05,14:00,4000,0,lottomatik,2DLS0000079
3DL-2PM,3D Lotto 2PM,"[""4"", ""3"", ""1""]",4-3-1,2024-12-05,14:00,4500,0,lottomatik,3DLS0000079
2DL-5PM,2D Lotto 5PM,"[""27"", ""24""]",27-24,2024-12-05,17:00,4000,0,lottomatik,2DLS0000080
3DL-5PM,3D Lotto 5PM,"[""0"", ""8"", ""8""]",0-8-8,2024-12-05,17:00,4500,0,lottomatik,3DLS0000080
2DL-9PM,2D Lotto 9PM,"[""21"", ""26""]",21-26,2024-12-05,21:00,4000,0,lottomatik,2DLS0000081
3DL-9PM,3D Lotto 9PM,"[""5"", ""7"", ""4""]",5-7-4,2024-12-05,21:00,4500,0,lottomatik,3DLS0000081
6DL,6D Lotto,"[""9"", ""1"", ""8"", ""5"", ""3"", ""3""]",9-1-8-5-3-3,2024-12-05,21:00,0,0,lottomatik,6DLS0000012
LOTTO42,Lotto 6/42,"[""17"", ""21"", ""13"", ""35"", ""41"", ""26""]",17-21-13-35-41-26,2024-12-05,21:00,0,0,lottomatik,LOTTO42S0000012
SL49,Superlotto 6/49,"[""31"", ""11"", ""47"", ""24"", ""21"", ""23""]",31-11-47-24-21-23,2024-12-05,21:00,0,0,lottomatik,SL49S0000012
2DL-2PM,2D Lotto 2PM,"[""09"", ""20""]",09-20,2024-12-06,14:00,4000,0,lottomatik,2DLS0000082
3DL-2PM,3D Lotto 2PM,"[""5"", ""1"", ""4""]",5-1-4,2024-12-06,14:00,4500,0,lottomatik,3DLS0000082
2DL-5PM,2D Lotto 5PM,"[""08"", ""24""]",08-24,2024-12-06,17:00,4000,0,lottomatik,2DLS0000083
3DL-5PM,3D Lotto 5PM,"[""6"", ""2"", ""3""]",6-2-3,2024-12-06,17:00,4500,0,lottomatik,3DLS0000083
2DL-9PM,2D Lotto 9PM,"[""26"", ""24""]",26-24,2024-12-06,21:00,4000,0,lottomatik,2DLS0000084
3DL-9PM,3D Lotto 9PM,"[""0"", ""5"", ""0""]",0-5-0,2024-12-06,21:00,4500,0,lottomatik,3DLS0000084
4DL,4D Lotto,"[""0"", ""0"", ""2"", ""8""]",0-0-2-8,2024-12-06,21:00,155432,8,lottomatik,4DLS0000012
ML45,Megalotto 6/45,"[""13"", ""40"", ""09"", ""30"", ""14"", ""01""]",13-40-09-30-14-01,2024-12-06,21:00,0,0,lottomatik,ML45S0000012
UL58,Ultra Lotto 6/58,"[""18"", ""47"", ""03"", ""05"", ""39"", ""44""]",18-47-03-05-39-44,2024-12-06,21:00,0,0,lottomatik,UL58S0000012
2DL-2PM,2D Lotto 2PM,"[""25"", ""24""]",25-24,2024-12-07,14:00,4000,0,lottomatik,2DLS0000085
3DL-2PM,3D Lotto 2PM,"[""6"", ""1"", ""9""]",6-1-9,2024-12-07,14:00,4500,0,lottomatik,3DLS0000085
2DL-5PM,2D Lotto 5PM,"[""22"", ""08""]",22-08,2024-12-07,17:00,4000,0,lottomatik,2DLS0000086
3DL-5PM,3D Lotto 5PM,"[""7"", ""3"", ""6""]",7-3-6,2024-12-07,17:00,4500,0,lottomatik,3DLS0000086
2DL-9PM,2D Lotto 9PM,"[""07"", ""17""]",07-17,2024-12-07,21:00,4000,0,lottomatik,2DLS0000087
3DL-9PM,3D Lotto 9PM,"[""1"", ""9"", ""7""]",1-9-7,2024-12-07,21:00,4500,0,lottomatik,3DLS0000087
6DL,6D Lotto,"[""1"", ""8"", ""5"", ""0"", ""0"", ""4""]",1-8-5-0-0-4,2024-12-07,21:00,0,0,lottomatik,6DLS0000013
GL55,Grand Lotto 6/55,"[""33"", ""41"", ""20"", ""43"", ""15"", ""18""]",33-41-20-43-15-18,2024-12-07,21:00,0,0,lottomatik,GL55S0000013
LOTTO42,Lotto 6/42,"[""28"", ""29"", ""06"", ""05"", ""37"", ""13""]",28-29-06-05-37-13,2024-12-07,21:00,0,0,lottomatik,LOTTO42S0000013
2DL-2PM,2D Lotto 2PM,"[""20"", ""16""]",20-16,2024-12-08,14:00,4000,0,lottomatik,2DLS0000088
3DL-2PM,3D Lotto 2PM,"[""0"", ""4"", ""0""]",0-4-0,2024-12-08,14:00,4500,0,lottomatik,3DLS0000088
2DL-5PM,2D Lotto 5PM,"[""29"", ""08""]",29-08,2024-12-08,17:00,4000,0,lottomatik,2DLS0000089
3DL-5PM,3D Lotto 5PM,"[""7"", ""3"", ""1""]",7-3-1,2024-12-08,17:00,4500,0,lottomatik,3DLS0000089
2DL-9PM,2D Lotto 9PM,"[""15"", ""13""]",15-13,2024-12-08,21:00,4000,0,lottomatik,2DLS0000090
3DL-9PM,3D Lotto 9PM,"[""3"", ""6"", ""4""]",3-6-4,2024-12-08,21:00,4500,0,lottomatik,3DLS0000090
SL49,Superlotto 6/49,"[""32"", ""44"", ""36"", ""39"", ""38"", ""20""]",32-44-36-39-38-20,2024-12-08,21:00,0,0,lottomatik,SL49S0000013
UL58,Ultra Lotto 6/58,"[""44"", ""05"", ""30"", ""50"", ""29"", ""57""]",44-05-30-50-29-57,2024-12-08,21:00,0,0,lottomatik,UL58S0000013
2DL-2PM,2D Lotto 2PM,"[""24"", ""25""]",24-25,2024-12-09,14:00,4000,0,lottomatik,2DLS0000091
3DL-2PM,3D Lotto 2PM,"[""7"", ""5"", ""2""]",7-5-2,2024-12-09,14:00,4500,0,lottomatik,3DLS0000091
2DL-5PM,2D Lotto 5PM,"[""19"", ""19""]",19-19,2024-12-09,17:00,4000,2,lottomatik,2DLS0000092
3DL-5PM,3D Lotto 5PM,"[""9"", ""8"", ""7""]",9-8-7,2024-12-09,17:00,4500,0,lottomatik,3DLS0000092
2DL-9PM,2D Lotto 9PM,"[""30"", ""21""]",30-21,2024-12-09,21:00,4000,0,lottomatik,2DLS0000093
3DL-9PM,3D Lotto 9PM,"[""3"", ""9"", ""1""]",3-9-1,2024-12-09,21:00,4500,0,lottomatik,3DLS0000093
4DL,4D Lotto,"[""4"", ""1"", ""0"", ""3""]",4-1-0-3,2024-12-09,21:00,788820,30,lottomatik,4DLS0000013
GL55,Grand Lotto 6/55,"[""42"", ""11"", ""47"", ""12"", ""30"", ""54""]",42-11-47-12-30-54,2024-12-09,21:00,38954485,0,lottomatik,GL55S0000014
ML45,Megalotto 6/45,"[""33"", ""29"", ""11"", ""36"", ""19"", ""12""]",33-29-11-36-19-12,2024-12-09,21:00,10656606,0,lottomatik,ML45S0000013
2DL-2PM,2D Lotto 2PM,"[""06"", ""24""]",06-24,2024-12-10,14:00,4000,0,lottomatik,2DLS0000094
3DL-2PM,3D Lotto 2PM,"[""2"", ""2"", ""9""]",2-2-9,2024-12-10,14:00,4500,0,lottomatik,3DLS0000094
2DL-5PM,2D Lotto 5PM,"[""22"", ""04""]",22-04,2024-12-10,17:00,4000,0,lottomatik,2DLS0000095
3DL-5PM,3D Lotto 5PM,"[""0"", ""2"", ""3""]",0-2-3,2024-12-10,17:00,4500,0,lottomatik,3DLS0000095
2DL-9PM,2D Lotto 9PM,"[""09"", ""09""]",09-09,2024-12-10,21:00,4000,0,lottomatik,2DLS0000096
3DL-9PM,3D Lotto 9PM,"[""9"", ""9"", ""8""]",9-9-8,2024-12-10,21:00,4500,0,lottomatik,3DLS0000096
6DL,6D Lotto,"[""3"", ""8"", ""3"", ""1"", ""8"", ""3""]",3-8-3-1-8-3,2024-12-10,21:00,0,0,lottomatik,6DLS0000014
LOTTO42,Lotto 6/42,"[""10"", ""05"", ""33"", ""04"", ""24"", ""29""]",10-05-33-04-24-29,2024-12-10,21:00,16730482,0,lottomatik,LOTTO42S0000014
SL49,Superlotto 6/49,"[""45"", ""32"", ""07"", ""42"", ""36"", ""05""]",45-32-07-42-36-05,2024-12-10,21:00,37003288,0,lottomatik,SL49S0000014
UL58,Ultra Lotto 6/58,"[""28"", ""09"", ""51"", ""46"", ""43"", ""18""]",28-09-51-46-43-18,2024-12-10,21:00,197188438,0,lottomatik,UL58S0000014
2DL-2PM,2D Lotto 2PM,"[""04"", ""14""]",04-14,2024-12-11,14:00,4000,0,lottomatik,2DLS0000097
3DL-2PM,3D Lotto 2PM,"[""4"", ""6"", ""7""]",4-6-7,2024-12-11,14:00,4500,0,lottomatik,3DLS0000097
2DL-5PM,2D Lotto 5PM,"[""01"", ""30""]",01-30,2024-12-11,17:00,4000,0,lottomatik,2DLS0000098
3DL-5PM,3D Lotto 5PM,"[""5"", ""1"", ""7""]",5-1-7,2024-12-11,17:00,4500,0,lottomatik,3DLS0000098
2DL-9PM,2D Lotto 9PM,"[""01"", ""18""]",01-18,2024-12-11,21:00,4000,0,lottomatik,2DLS0000099
3DL-9PM,3D Lotto 9PM,"[""4"", ""2"", ""5""]",4-2-5,2024-12-11,21:00,4500,0,lottomatik,3DLS0000099
4DL,4D Lotto,"[""3"", ""1"", ""0"", ""5""]",3-1-0-5,2024-12-11,21:00,842680,40,lottomatik,4DLS0000014
GL55,Grand Lotto 6/55,"[""01"", ""16"", ""08"", ""41"", ""42"", ""17""]",01-16-08-41-42-17,2024-12-11,21:00,0,0,lottomatik,GL55S0000015
ML45,Megalotto 6/45,"[""03"", ""35"", ""44"", ""27"", ""43"", ""30""]",03-35-44-27-43-30,2024-12-11,21:00,0,0,lottomatik,ML45S0000014
2DL-2PM,2D Lotto 2PM,"[""26"", ""19""]",26-19,2024-12-12,14:00,4000,0,lottomatik,2DLS0000100
3DL-2PM,3D Lotto 2PM,"[""0"", ""6"", ""4""]",0-6-4,2024-12-12,14:00,4500,0,lottomatik,3DLS0000100
2DL-5PM,2D Lotto 5PM,"[""23"", ""21""]",23-21,2024-12-12,17:00,4000,0,lottomatik,2DLS0000101
3DL-5PM,3D Lotto 5PM,"[""4"", ""0"", ""3""]",4-0-3,2024-12-12,17:00,4500,0,lottomatik,3DLS0000101
2DL-9PM,2D Lotto 9PM,"[""23"", ""06""]",23-06,2024-12-12,21:00,4000,0,lottomatik,2DLS0000102
3DL-9PM,3D Lotto 9PM,"[""0"", ""5"", ""3""]",0-5-3,2024-12-12,21:00,4500,0,lottomatik,3DLS0000102
6DL,6D Lotto,"[""8"", ""3"", ""5"", ""0"", ""8"", ""2""]",8-3-5-0-8-2,2024-12-12,21:00,2480542,0,lottomatik,6DLS0000015
LOTTO42,Lotto 6/42,"[""31"", ""24"", ""33"", ""18"", ""36"", ""40""]",31-24-33-18-36-40,2024-12-12,21:00,20261390,0,lottomatik,LOTTO42S0000015
SL49,Superlotto 6/49,"[""04"", ""33"", ""34"", ""25"", ""10"", ""43""]",04-33-34-25-10-43,2024-12-12,21:00,40475634,0,lottomatik,SL49S0000015
2DL-2PM,2D Lotto 2PM,"[""14"", ""17""]",14-17,2024-12-13,14:00,4000,0,lottomatik,2DLS0000103
3DL-2PM,3D Lotto 2PM,"[""0"", ""0"", ""1""]",0-0-1,2024-12-13,14:00,4500,0,lottomatik,3DLS0000103
2DL-5PM,2D Lotto 5PM,"[""22"", ""17""]",22-17,2024-12-13,17:00,4000,0,lottomatik,2DLS0000104
3DL-5PM,3D Lotto 5PM,"[""7"", ""3"", ""7""]",7-3-7,2024-12-13,17:00,4500,0,lottomatik,3DLS0000104
2DL-9PM,2D Lotto 9PM,"[""13"", ""24""]",13-24,2024-12-13,21:00,4000,0,lottomatik,2DLS0000105
3DL-9PM,3D Lotto 9PM,"[""2"", ""3"", ""0""]",2-3-0,2024-12-13,21:00,4500,0,lottomatik,3DLS0000105
4DL,4D Lotto,"[""8"", ""2"", ""0"", ""7""]",8-2-0-7,2024-12-13,21:00,902832,24,lottomatik,4DLS0000015
ML45,Megalotto 6/45,"[""28"", ""30"", ""23"", ""17"", ""02"", ""13""]",28-30-23-17-02-13,2024-12-13,21:00,18118177,0,lottomatik,ML45S0000015
UL58,Ultra Lotto 6/58,"[""56"", ""52"", ""58"", ""36"", ""45"", ""44""]",56-52-58-36-45-44,2024-12-13,21:00,204948537,0,lottomatik,UL58S0000015
2DL-2PM,2D Lotto 2PM,"[""30"", ""09""]",30-09,2024-12-14,14:00,4000,0,lottomatik,2DLS0000106
3DL-2PM,3D Lotto 2PM,"[""4"", ""4"", ""0""]",4-4-0,2024-12-14,14:00,4500,0,lottomatik,3DLS0000106
2DL-5PM,2D Lotto 5PM,"[""29"", ""26""]",29-26,2024-12-14,17:00,4000,0,lottomatik,2DLS0000107
3DL-5PM,3D Lotto 5PM,"[""3"", ""3"", ""9""]",3-3-9,2024-12-14,17:00,4500,0,lottomatik,3DLS0000107
2DL-9PM,2D Lotto 9PM,"[""20"", ""17""]",20-17,2024-12-14,21:00,4000,0,lottomatik,2DLS0000108
3DL-9PM,3D Lotto 9PM,"[""9"", ""8"", ""0""]",9-8-0,2024-12-14,21:00,4500,0,lottomatik,3DLS0000108
6DL,6D Lotto,"[""6"", ""1"", ""0"", ""1"", ""3"", ""5""]",6-1-0-1-3-5,2024-12-14,21:00,3789542,1,lottomatik,6DLS0000016
GL55,Grand Lotto 6/55,"[""49"", ""10"", ""42"", ""34"", ""35"", ""27""]",49-10-42-34-35-27,2024-12-14,21:00,47103149,0,lottomatik,GL55S0000016
LOTTO42,Lotto 6/42,"[""33"", ""25"", ""19"", ""05"", ""24"", ""22""]",33-25-19-05-24-22,2024-12-14,21:00,28581049.4,1,lottomatik,LOTTO42S0000016
2DL-2PM,2D Lotto 2PM,"[""10"", ""06""]",10-06,2024-12-15,14:00,4000,3,lottomatik,2DLS0000109
3DL-2PM,3D Lotto 2PM,"[""7"", ""3"", ""0""]",7-3-0,2024-12-15,14:00,4500,0,lottomatik,3DLS0000109
2DL-5PM,2D Lotto 5PM,"[""12"", ""13""]",12-13,2024-12-15,17:00,4000,0,lottomatik,2DLS0000110
3DL-5PM,3D Lotto 5PM,"[""9"", ""1"", ""1""]",9-1-1,2024-12-15,17:00,4500,0,lottomatik,3DLS0000110
2DL-9PM,2D Lotto 9PM,"[""25"", ""28""]",25-28,2024-12-15,21:00,4000,0,lottomatik,2DLS0000111
3DL-9PM,3D Lotto 9PM,"[""4"", ""8"", ""8""]",4-8-8,2024-12-15,21:00,4500,0,lottomatik,3DLS0000111
SL49,Superlotto 6/49,"[""45"", ""20"", ""39"", ""12"", ""11"", ""29""]",45-20-39-12-11-29,2024-12-15,21:00,0,0,lottomatik,SL49S0000016
UL58,Ultra Lotto 6/58,"[""31"", ""25"", ""13"", ""05"", ""26"", ""10""]",31-25-13-05-26-10,2024-12-15,21:00,0,0,lottomatik,UL58S0000016
2DL-2PM,2D Lotto 2PM,"[""23"", ""21""]",23-21,2024-12-16,14:00,4000,0,lottomatik,2DLS0000112
3DL-2PM,3D Lotto 2PM,"[""5"", ""9"", ""9""]",5-9-9,2024-12-16,14:00,4500,0,lottomatik,3DLS0000112
2DL-5PM,2D Lotto 5PM,"[""23"", ""08""]",23-08,2024-12-16,17:00,4000,0,lottomatik,2DLS0000113
3DL-5PM,3D Lotto 5PM,"[""1"", ""9"", ""8""]",1-9-8,2024-12-16,17:00,4500,0,lottomatik,3DLS0000113
2DL-9PM,2D Lotto 9PM,"[""30"", ""12""]",30-12,2024-12-16,21:00,4000,0,lottomatik,2DLS0000114
3DL-9PM,3D Lotto 9PM,"[""8"", ""3"", ""9""]",8-3-9,2024-12-16,21:00,4500,0,lottomatik,3DLS0000114
4DL,4D Lotto,"[""7"", ""4"", ""3"", ""4""]",7-4-3-4,2024-12-16,21:00,999466,26,lottomatik,4DLS0000016
GL55,Grand Lotto 6/55,"[""21"", ""40"", ""15"", ""55"", ""10"", ""54""]",21-40-15-55-10-54,2024-12-16,21:00,55648009,1,lottomatik,GL55S0000017
ML45,Megalotto 6/45,"[""44"", ""22"", ""03"", ""26"", ""08"", ""39""]",44-22-03-26-08-39,2024-12-16,21:00,0,0,lottomatik,ML45S0000016
2DL-2PM,2D Lotto 2PM,"[""20"", ""28""]",20-28,2024-12-17,14:00,4000,0,lottomatik,2DLS0000115
3DL-2PM,3D Lotto 2PM,"[""0"", ""0"", ""8""]",0-0-8,2024-12-17,14:00,4500,0,lottomatik,3DLS0000115
2DL-5PM,2D Lotto 5PM,"[""28"", ""08""]",28-08,2024-12-17,17:00,4000,0,lottomatik,2DLS0000116
3DL-5PM,3D Lotto 5PM,"[""9"", ""3"", ""3""]",9-3-3,2024-12-17,17:00,4500,0,lottomatik,3DLS0000116
2DL-9PM,2D Lotto 9PM,"[""07"", ""19""]",07-19,2024-12-17,21:00,4000,0,lottomatik,2DLS0000117
3DL-9PM,3D Lotto 9PM,"[""7"", ""3"", ""7""]",7-3-7,2024-12-17,21:00,4500,0,lottomatik,3DLS0000117
6DL,6D Lotto,"[""4"", ""7"", ""1"", ""9"", ""9"", ""1""]",4-7-1-9-9-1,2024-12-17,21:00,150000,0,lottomatik,6DLS0000017
LOTTO42,Lotto 6/42,"[""37"", ""33"", ""20"", ""14"", ""41"", ""21""]",37-33-20-14-41-21,2024-12-17,21:00,5940000,0,lottomatik,LOTTO42S0000017
SL49,Superlotto 6/49,"[""28"", ""22"", ""04"", ""09"", ""26"", ""19""]",28-22-04-09-26-19,2024-12-17,21:00,53531785.8,2,lottomatik,SL49S0000017
UL58,Ultra Lotto 6/58,"[""04"", ""32"", ""55"", ""28"", ""05"", ""34""]",04-32-55-28-05-34,2024-12-17,21:00,0,0,lottomatik,UL58S0000017
2DL-2PM,2D Lotto 2PM,"[""19"", ""22""]",19-22,2024-12-18,14:00,4000,0,lottomatik,2DLS0000118
3DL-2PM,3D Lotto 2PM,"[""7"", ""7"", ""6""]",7-7-6,2024-12-18,14:00,4500,0,lottomatik,3DLS0000118
2DL-5PM,2D Lotto 5PM,"[""18"", ""19""]",18-19,2024-12-18,17:00,4000,0,lottomatik,2DLS0000119
3DL-5PM,3D Lotto 5PM,"[""4"", ""0"", ""5""]",4-0-5,2024-12-18,17:00,4500,0,lottomatik,3DLS0000119
2DL-9PM,2D Lotto 9PM,"[""29"", ""16""]",29-16,2024-12-18,21:00,4000,0,lottomatik,2DLS0000120
3DL-9PM,3D Lotto 9PM,"[""2"", ""1"", ""4""]",2-1-4,2024-12-18,21:00,4500,0,lottomatik,3DLS0000120
4DL,4D Lotto,"[""9"", ""2"", ""0"", ""0""]",9-2-0-0,2024-12-18,21:00,900936,8,lottomatik,4DLS0000017
GL55,Grand Lotto 6/55,"[""42"", ""55"", ""39"", ""31"", ""07"", ""48""]",42-55-39-31-07-48,2024-12-18,21:00,29700000,0,lottomatik,GL55S0000018
ML45,Megalotto 6/45,"[""45"", ""02"", ""21"", ""41"", ""03"", ""34""]",45-02-21-41-03-34,2024-12-18,21:00,0,0,lottomatik,ML45S0000017
2DL-2PM,2D Lotto 2PM,"[""07"", ""07""]",07-07,2024-12-19,14:00,4000,0,lottomatik,2DLS0000121
3DL-2PM,3D Lotto 2PM,"[""0"", ""8"", ""5""]",0-8-5,2024-12-19,14:00,4500,0,lottomatik,3DLS0000121
2DL-5PM,2D Lotto 5PM,"[""31"", ""17""]",31-17,2024-12-19,17:00,4000,0,lottomatik,2DLS0000122
3DL-5PM,3D Lotto 5PM,"[""8"", ""8"", ""0""]",8-8-0,2024-12-19,17:00,4500,0,lottomatik,3DLS0000122
2DL-9PM,2D Lotto 9PM,"[""16"", ""20""]",16-20,2024-12-19,21:00,4000,0,lottomatik,2DLS0000123
3DL-9PM,3D Lotto 9PM,"[""3"", ""2"", ""3""]",3-2-3,2024-12-19,21:00,4500,0,lottomatik,3DLS0000123
6DL,6D Lotto,"[""4"", ""9"", ""2"", ""9"", ""8"", ""7""]",4-9-2-9-8-7,2024-12-19,21:00,0,0,lottomatik,6DLS0000018
LOTTO42,Lotto 6/42,"[""33"", ""04"", ""31"", ""38"", ""39"", ""16""]",33-04-31-38-39-16,2024-12-19,21:00,5940000,0,lottomatik,LOTTO42S0000018
SL49,Superlotto 6/49,"[""08"", ""41"", ""14"", ""36"", ""28"", ""09""]",08-41-14-36-28-09,2024-12-19,21:00,53531785,0,lottomatik,SL49S0000018
2DL-2PM,2D Lotto 2PM,"[""18"", ""12""]",18-12,2024-12-20,14:00,4000,0,lottomatik,2DLS0000124
3DL-2PM,3D Lotto 2PM,"[""7"", ""4"", ""8""]",7-4-8,2024-12-20,14:00,4500,0,lottomatik,3DLS0000124
2DL-5PM,2D Lotto 5PM,"[""18"", ""18""]",18-18,2024-12-20,17:00,4000,0,lottomatik,2DLS0000125
3DL-5PM,3D Lotto 5PM,"[""7"", ""3"", ""0""]",7-3-0,2024-12-20,17:00,4500,0,lottomatik,3DLS0000125
2DL-9PM,2D Lotto 9PM,"[""28"", ""19""]",28-19,2024-12-20,21:00,4000,0,lottomatik,2DLS0000126
3DL-9PM,3D Lotto 9PM,"[""1"", ""6"", ""5""]",1-6-5,2024-12-20,21:00,4500,0,lottomatik,3DLS0000126
4DL,4D Lotto,"[""4"", ""3"", ""6"", ""5""]",4-3-6-5,2024-12-20,21:00,991666,26,lottomatik,4DLS0000018
ML45,Megalotto 6/45,"[""15"", ""36"", ""22"", ""09"", ""37"", ""18""]",15-36-22-09-37-18,2024-12-20,21:00,35434065.8,0,lottomatik,ML45S0000018
UL58,Ultra Lotto 6/58,"[""10"", ""37"", ""17"", ""28"", ""35"", ""32""]",10-37-17-28-35-32,2024-12-20,21:00,241473228,0,lottomatik,UL58S0000018
2DL-2PM,2D Lotto 2PM,"[""08"", ""13""]",08-13,2024-12-21,14:00,4000,0,lottomatik,2DLS0000127
3DL-2PM,3D Lotto 2PM,"[""3"", ""6"", ""7""]",3-6-7,2024-12-21,14:00,4500,0,lottomatik,3DLS0000127
2DL-5PM,2D Lotto 5PM,"[""29"", ""18""]",29-18,2024-12-21,17:00,4000,0,lottomatik,2DLS0000128
3DL-5PM,3D Lotto 5PM,"[""6"", ""4"", ""0""]",6-4-0,2024-12-21,17:00,4500,0,lottomatik,3DLS0000128
2DL-9PM,2D Lotto 9PM,"[""31"", ""14""]",31-14,2024-12-21,21:00,4000,0,lottomatik,2DLS0000129
3DL-9PM,3D Lotto 9PM,"[""6"", ""4"", ""6""]",6-4-6,2024-12-21,21:00,4500,0,lottomatik,3DLS0000129
6DL,6D Lotto,"[""0"", ""2"", ""9"", ""6"", ""1"", ""8""]",0-2-9-6-1-8,2024-12-21,21:00,1169832,0,lottomatik,6DLS0000019
GL55,Grand Lotto 6/55,"[""25"", ""48"", ""26"", ""08"", ""46"", ""53""]",25-48-26-08-46-53,2024-12-21,21:00,29700000,0,lottomatik,GL55S0000019
LOTTO42,Lotto 6/42,"[""42"", ""27"", ""12"", ""08"", ""38"", ""18""]",42-27-12-08-38-18,2024-12-21,21:00,9805761.2,0,lottomatik,LOTTO42S0000019
2DL-2PM,2D Lotto 2PM,"[""01"", ""02""]",01-02,2024-12-22,14:00,4000,0,lottomatik,2DLS0000130
3DL-2PM,3D Lotto 2PM,"[""9"", ""6"", ""4""]",9-6-4,2024-12-22,14:00,4500,0,lottomatik,3DLS0000130
2DL-5PM,2D Lotto 5PM,"[""27"", ""25""]",27-25,2024-12-22,17:00,4000,0,lottomatik,2DLS0000131
3DL-5PM,3D Lotto 5PM,"[""3"", ""0"", ""9""]",3-0-9,2024-12-22,17:00,4500,0,lottomatik,3DLS0000131
2DL-9PM,2D Lotto 9PM,"[""09"", ""12""]",09-12,2024-12-22,21:00,4000,0,lottomatik,2DLS0000132
3DL-9PM,3D Lotto 9PM,"[""7"", ""2"", ""0""]",7-2-0,2024-12-22,21:00,4500,0,lottomatik,3DLS0000132
SL49,Superlotto 6/49,"[""21"", ""10"", ""13"", ""31"", ""07"", ""18""]",21-10-13-31-07-18,2024-12-22,21:00,15840000,1,lottomatik,SL49S0000019
UL58,Ultra Lotto 6/58,"[""42"", ""20"", ""04"", ""48"", ""06"", ""49""]",42-20-04-48-06-49,2024-12-22,21:00,251299365.2,0,lottomatik,UL58S0000019
2DL-2PM,2D Lotto 2PM,"[""25"", ""25""]",25-25,2024-12-23,14:00,4000,0,lottomatik,2DLS0000133
3DL-2PM,3D Lotto 2PM,"[""3"", ""1"", ""0""]",3-1-0,2024-12-23,14:00,4500,0,lottomatik,3DLS0000133
2DL-5PM,2D Lotto 5PM,"[""12"", ""17""]",12-17,2024-12-23,17:00,4000,0,lottomatik,2DLS0000134
3DL-5PM,3D Lotto 5PM,"[""3"", ""0"", ""1""]",3-0-1,2024-12-23,17:00,4500,0,lottomatik,3DLS0000134
2DL-9PM,2D Lotto 9PM,"[""13"", ""18""]",13-18,2024-12-23,21:00,4000,0,lottomatik,2DLS0000135
3DL-9PM,3D Lotto 9PM,"[""3"", ""3"", ""4""]",3-3-4,2024-12-23,21:00,4500,0,lottomatik,3DLS0000135
4DL,4D Lotto,"[""6"", ""9"", ""8"", ""5""]",6-9-8-5,2024-12-23,21:00,1015440,20,lottomatik,4DLS0000019
GL55,Grand Lotto 6/55,"[""24"", ""14"", ""22"", ""41"", ""10"", ""52""]",24-14-22-41-10-52,2024-12-23,21:00,29700000,0,lottomatik,GL55S0000020
ML45,Megalotto 6/45,"[""07"", ""41"", ""35"", ""25"", ""03"", ""01""]",07-41-35-25-03-01,2024-12-23,21:00,41069178.4,0,lottomatik,ML45S0000019
2DL-2PM,2D Lotto 2PM,"[""30"", ""25""]",30-25,2024-12-24,14:00,4000,3,lottomatik,2DLS0000136
3DL-2PM,3D Lotto 2PM,"[""6"", ""0"", ""9""]",6-0-9,2024-12-24,14:00,4500,0,lottomatik,3DLS0000136
2DL-5PM,2D Lotto 5PM,"[""06"", ""23""]",06-23,2024-12-24,17:00,4000,0,lottomatik,2DLS0000137
3DL-5PM,3D Lotto 5PM,"[""4"", ""3"", ""1""]",4-3-1,2024-12-24,17:00,4500,0,lottomatik,3DLS0000137
2DL-9PM,2D Lotto 9PM,"[""22"", ""15""]",22-15,2024-12-24,21:00,4000,0,lottomatik,2DLS0000138
3DL-9PM,3D Lotto 9PM,"[""8"", ""5"", ""0""]",8-5-0,2024-12-24,21:00,4500,2,lottomatik,3DLS0000138
6DL,6D Lotto,"[""6"", ""0"", ""7"", ""0"", ""8"", ""4""]",6-0-7-0-8-4,2024-12-24,21:00,1582482.24,0,lottomatik,6DLS0000020
LOTTO42,Lotto 6/42,"[""29"", ""32"", ""31"", ""07"", ""16"", ""19""]",29-32-31-07-16-19,2024-12-24,21:00,12799653.4,0,lottomatik,LOTTO42S0000020
SL49,Superlotto 6/49,"[""45"", ""44"", ""41"", ""12"", ""16"", ""02""]",45-44-41-12-16-02,2024-12-24,21:00,15840000,0,lottomatik,SL49S0000020
UL58,Ultra Lotto 6/58,"[""38"", ""13"", ""14"", ""06"", ""17"", ""51""]",38-13-14-06-17-51,2024-12-24,21:00,259406932.8,0,lottomatik,UL58S0000020
2DL-2PM,2D Lotto 2PM,"[""31"", ""08""]",31-08,2024-12-25,14:00,4000,0,lottomatik,2DLS0000139
3DL-2PM,3D Lotto 2PM,"[""8"", ""9"", ""3""]",8-9-3,2024-12-25,14:00,4500,0,lottomatik,3DLS0000139
2DL-5PM,2D Lotto 5PM,"[""26"", ""29""]",26-29,2024-12-25,17:00,4000,0,lottomatik,2DLS0000140
3DL-5PM,3D Lotto 5PM,"[""6"", ""2"", ""2""]",6-2-2,2024-12-25,17:00,4500,0,lottomatik,3DLS0000140
2DL-9PM,2D Lotto 9PM,"[""06"", ""12""]",06-12,2024-12-25,21:00,4000,2,lottomatik,2DLS0000141
3DL-9PM,3D Lotto 9PM,"[""6"", ""5"", ""6""]",6-5-6,2024-12-25,21:00,4500,0,lottomatik,3DLS0000141
4DL,4D Lotto,"[""3"", ""5"", ""7"", ""7""]",3-5-7-7,2024-12-25,21:00,400056,8,lottomatik,4DLS0000020
GL55,Grand Lotto 6/55,"[""33"", ""47"", ""38"", ""15"", ""16"", ""03""]",33-47-38-15-16-03,2024-12-25,21:00,202500000,0,lottomatik,GL55S0000021
ML45,Megalotto 6/45,"[""27"", ""28"", ""38"", ""24"", ""12"", ""33""]",27-28-38-24-12-33,2024-12-25,21:00,42977881.6,0,lottomatik,ML45S0000020
2DL-2PM,2D Lotto 2PM,"[""08"", ""02""]",08-02,2024-12-26,14:00,4000,1,lottomatik,2DLS0000142
3DL-2PM,3D Lotto 2PM,"[""7"", ""2"", ""6""]",7-2-6,2024-12-26,14:00,4500,0,lottomatik,3DLS0000142
2DL-5PM,2D Lotto 5PM,"[""01"", ""21""]",01-21,2024-12-26,17:00,4000,0,lottomatik,2DLS0000143
3DL-5PM,3D Lotto 5PM,"[""0"", ""0"", ""5""]",0-0-5,2024-12-26,17:00,4500,0,lottomatik,3DLS0000143
2DL-9PM,2D Lotto 9PM,"[""13"", ""20""]",13-20,2024-12-26,21:00,4000,0,lottomatik,2DLS0000144
3DL-9PM,3D Lotto 9PM,"[""2"", ""4"", ""8""]",2-4-8,2024-12-26,21:00,4500,0,lottomatik,3DLS0000144
6DL,6D Lotto,"[""7"", ""3"", ""9"", ""0"", ""4"", ""7""]",7-3-9-0-4-7,2024-12-26,21:00,2415256,2,lottomatik,6DLS0000021
LOTTO42,Lotto 6/42,"[""05"", ""12"", ""23"", ""19"", ""34"", ""25""]",05-12-23-19-34-25,2024-12-26,21:00,16891422.8,0,lottomatik,LOTTO42S0000021
SL49,Superlotto 6/49,"[""46"", ""33"", ""45"", ""23"", ""31"", ""01""]",46-33-45-23-31-01,2024-12-26,21:00,15840000,0,lottomatik,SL49S0000021
2DL-2PM,2D Lotto 2PM,"[""26"", ""16""]",26-16,2024-12-27,14:00,4000,0,lottomatik,2DLS0000145
3DL-2PM,3D Lotto 2PM,"[""2"", ""9"", ""2""]",2-9-2,2024-12-27,14:00,4500,0,lottomatik,3DLS0000145
2DL-5PM,2D Lotto 5PM,"[""11"", ""20""]",11-20,2024-12-27,17:00,4000,0,lottomatik,2DLS0000146
3DL-5PM,3D Lotto 5PM,"[""8"", ""5"", ""9""]",8-5-9,2024-12-27,17:00,4500,0,lottomatik,3DLS0000146
2DL-9PM,2D Lotto 9PM,"[""28"", ""16""]",28-16,2024-12-27,21:00,4000,0,lottomatik,2DLS0000147
3DL-9PM,3D Lotto 9PM,"[""4"", ""6"", ""3""]",4-6-3,2024-12-27,21:00,4500,0,lottomatik,3DLS0000147
4DL,4D Lotto,"[""7"", ""9"", ""9"", ""6""]",7-9-9-6,2024-12-27,21:00,1085016,12,lottomatik,4DLS0000021
ML45,Megalotto 6/45,"[""35"", ""27"", ""06"", ""40"", ""07"", ""02""]",35-27-06-40-07-02,2024-12-27,21:00,48552861.2,0,lottomatik,ML45S0000021
UL58,Ultra Lotto 6/58,"[""55"", ""21"", ""02"", ""19"", ""28"", ""15""]",55-21-02-19-28-15,2024-12-27,21:00,270763112.8,0,lottomatik,UL58S0000021
2DL-2PM,2D Lotto 2PM,"[""23"", ""10""]",23-10,2024-12-28,14:00,4000,0,lottomatik,2DLS0000148
3DL-2PM,3D Lotto 2PM,"[""6"", ""8"", ""7""]",6-8-7,2024-12-28,14:00,4500,0,lottomatik,3DLS0000148
2DL-5PM,2D Lotto 5PM,"[""24"", ""11""]",24-11,2024-12-28,17:00,4000,0,lottomatik,2DLS0000149
3DL-5PM,3D Lotto 5PM,"[""7"", ""0"", ""7""]",7-0-7,2024-12-28,17:00,4500,0,lottomatik,3DLS0000149
2DL-9PM,2D Lotto 9PM,"[""30"", ""25""]",30-25,2024-12-28,21:00,4000,0,lottomatik,2DLS0000150
3DL-9PM,3D Lotto 9PM,"[""0"", ""2"", ""4""]",0-2-4,2024-12-28,21:00,4500,0,lottomatik,3DLS0000150
6DL,6D Lotto,"[""9"", ""0"", ""5"", ""3"", ""8"", ""7""]",9-0-5-3-8-7,2024-12-28,21:00,278027.56,0,lottomatik,6DLS0000022
GL55,Grand Lotto 6/55,"[""45"", ""46"", ""33"", ""23"", ""03"", ""48""]",45-46-33-23-03-48,2024-12-28,21:00,202500000,1,lottomatik,GL55S0000022
LOTTO42,Lotto 6/42,"[""13"", ""15"", ""41"", ""16"", ""12"", ""23""]",13-15-41-16-12-23,2024-12-28,21:00,21394368.4,0,lottomatik,LOTTO42S0000022
2DL-2PM,2D Lotto 2PM,"[""12"", ""21""]",12-21,2024-12-29,14:00,4000,0,lottomatik,2DLS0000151
3DL-2PM,3D Lotto 2PM,"[""8"", ""8"", ""7""]",8-8-7,2024-12-29,14:00,4500,0,lottomatik,3DLS0000151
2DL-5PM,2D Lotto 5PM,"[""05"", ""27""]",05-27,2024-12-29,17:00,4000,0,lottomatik,2DLS0000152
3DL-5PM,3D Lotto 5PM,"[""9"", ""5"", ""6""]",9-5-6,2024-12-29,17:00,4500,0,lottomatik,3DLS0000152
2DL-9PM,2D Lotto 9PM,"[""17"", ""06""]",17-06,2024-12-29,21:00,4000,0,lottomatik,2DLS0000153
3DL-9PM,3D Lotto 9PM,"[""7"", ""4"", ""8""]",7-4-8,2024-12-29,21:00,4500,0,lottomatik,3DLS0000153
SL49,Superlotto 6/49,"[""41"", ""12"", ""13"", ""48"", ""19"", ""01""]",41-12-13-48-19-01,2024-12-29,21:00,15840000,0,lottomatik,SL49S0000022
UL58,Ultra Lotto 6/58,"[""37"", ""45"", ""05"", ""03"", ""30"", ""56""]",37-45-05-03-30-56,2024-12-29,21:00,281445485.6,0,lottomatik,UL58S0000022
2DL-2PM,2D Lotto 2PM,"[""03"", ""09""]",03-09,2024-12-30,14:00,4000,0,lottomatik,2DLS0000154
3DL-2PM,3D Lotto 2PM,"[""0"", ""8"", ""6""]",0-8-6,2024-12-30,14:00,4500,0,lottomatik,3DLS0000154
2DL-5PM,2D Lotto 5PM,"[""03"", ""15""]",03-15,2024-12-30,17:00,4000,0,lottomatik,2DLS0000155
3DL-5PM,3D Lotto 5PM,"[""5"", ""2"", ""8""]",5-2-8,2024-12-30,17:00,4500,0,lottomatik,3DLS0000155
2DL-9PM,2D Lotto 9PM,"[""10"", ""26""]",10-26,2024-12-30,21:00,4000,0,lottomatik,2DLS0000156
3DL-9PM,3D Lotto 9PM,"[""0"", ""4"", ""0""]",0-4-0,2024-12-30,21:00,4500,0,lottomatik,3DLS0000156
4DL,4D Lotto,"[""6"", ""0"", ""1"", ""2""]",6-0-1-2,2024-12-30,21:00,310000,31,lottomatik,4DLS0000022
GL55,Grand Lotto 6/55,"[""45"", ""26"", ""17"", ""52"", ""20"", ""54""]",45-26-17-52-20-54,2024-12-30,21:00,29700000,0,lottomatik,GL55S0000023
ML45,Megalotto 6/45,"[""08"", ""06"", ""41"", ""30"", ""14"", ""13""]",08-06-41-30-14-13,2024-12-30,21:00,54801835,0,lottomatik,ML45S0000022
2DL-2PM,2D Lotto 2PM,"[""15"", ""16""]",15-16,2024-12-31,14:00,4000,0,lottomatik,2DLS0000157
3DL-2PM,3D Lotto 2PM,"[""0"", ""5"", ""8""]",0-5-8,2024-12-31,14:00,4500,0,lottomatik,3DLS0000157
2DL-5PM,2D Lotto 5PM,"[""18"", ""09""]",18-09,2024-12-31,17:00,4000,1,lottomatik,2DLS0000158
3DL-5PM,3D Lotto 5PM,"[""9"", ""2"", ""2""]",9-2-2,2024-12-31,17:00,4500,0,lottomatik,3DLS0000158
2DL-9PM,2D Lotto 9PM,"[""30"", ""13""]",30-13,2024-12-31,21:00,4000,0,lottomatik,2DLS0000159
3DL-9PM,3D Lotto 9PM,"[""5"", ""8"", ""7""]",5-8-7,2024-12-31,21:00,4500,0,lottomatik,3DLS0000159
6DL,6D Lotto,"[""5"", ""8"", ""9"", ""9"", ""6"", ""4""]",5-8-9-9-6-4,2024-12-31,21:00,851373.6,0,lottomatik,6DLS0000023
LOTTO42,Lotto 6/42,"[""27"", ""26"", ""09"", ""41"", ""19"", ""20""]",27-26-09-41-19-20,2024-12-31,21:00,25351115,2,lottomatik,LOTTO42S0000023
SL49,Superlotto 6/49,"[""40"", ""35"", ""20"", ""34"", ""24"", ""33""]",40-35-20-34-24-33,2024-12-31,21:00,15840000,0,lottomatik,SL49S0000023
UL58,Ultra Lotto 6/58,"[""11"", ""40"", ""20"", ""12"", ""19"", ""01""]",11-40-20-12-19-01,2024-12-31,21:00,290664568,0,lottomatik,UL58S0000023
2DL-2PM,2D Lotto 2PM,"[""30"", ""26""]",30-26,2025-01-01,14:00,4000,0,lottomatik,2DLS0000160
3DL-2PM,3D Lotto 2PM,"[""5"", ""7"", ""8""]",5-7-8,2025-01-01,14:00,4500,0,lottomatik,3DLS0000160
2DL-5PM,2D Lotto 5PM,"[""23"", ""29""]",23-29,2025-01-01,17:00,4000,0,lottomatik,2DLS0000161
3DL-5PM,3D Lotto 5PM,"[""3"", ""4"", ""2""]",3-4-2,2025-01-01,17:00,4500,0,lottomatik,3DLS0000161
2DL-9PM,2D Lotto 9PM,"[""31"", ""19""]",31-19,2025-01-01,21:00,4000,0,lottomatik,2DLS0000162
3DL-9PM,3D Lotto 9PM,"[""6"", ""4"", ""5""]",6-4-5,2025-01-01,21:00,4500,0,lottomatik,3DLS0000162
4DL,4D Lotto,"[""9"", ""1"", ""6"", ""5""]",9-1-6-5,2025-01-01,21:00,394688,28,lottomatik,4DLS0000023
GL55,Grand Lotto 6/55,"[""45"", ""44"", ""50"", ""38"", ""55"", ""42""]",45-44-50-38-55-42,2025-01-01,21:00,29700000,0,lottomatik,GL55S0000024
ML45,Megalotto 6/45,"[""06"", ""41"", ""29"", ""12"", ""02"", ""15""]",06-41-29-12-02-15,2025-01-01,21:00,57030072.2,1,lottomatik,ML45S0000023
2DL-2PM,2D Lotto 2PM,"[""01"", ""02""]",01-02,2025-01-02,14:00,4000,0,lottomatik,2DLS0000163
3DL-2PM,3D Lotto 2PM,"[""2"", ""6"", ""7""]",2-6-7,2025-01-02,14:00,4500,0,lottomatik,3DLS0000163
2DL-5PM,2D Lotto 5PM,"[""29"", ""08""]",29-08,2025-01-02,17:00,4000,0,lottomatik,2DLS0000164
3DL-5PM,3D Lotto 5PM,"[""6"", ""3"", ""9""]",6-3-9,2025-01-02,17:00,4500,0,lottomatik,3DLS0000164
2DL-9PM,2D Lotto 9PM,"[""08"", ""01""]",08-01,2025-01-02,21:00,4000,2,lottomatik,2DLS0000165
3DL-9PM,3D Lotto 9PM,"[""2"", ""9"", ""2""]",2-9-2,2025-01-02,21:00,4500,0,lottomatik,3DLS0000165
6DL,6D Lotto,"[""6"", ""2"", ""6"", ""7"", ""6"", ""4""]",6-2-6-7-6-4,2025-01-02,21:00,1450774,2,lottomatik,6DLS0000024
LOTTO42,Lotto 6/42,"[""37"", ""41"", ""05"", ""33"", ""42"", ""40""]",37-41-05-33-42-40,2025-01-02,21:00,5940000,0,lottomatik,LOTTO42S0000024
SL49,Superlotto 6/49,"[""19"", ""48"", ""15"", ""11"", ""07"", ""24""]",19-48-15-11-07-24,2025-01-02,21:00,18445722,1,lottomatik,SL49S0000024
2DL-2PM,2D Lotto 2PM,"[""05"", ""31""]",05-31,2025-01-03,14:00,4000,0,lottomatik,2DLS0000166
3DL-2PM,3D Lotto 2PM,"[""8"", ""3"", ""5""]",8-3-5,2025-01-03,14:00,4500,0,lottomatik,3DLS0000166
2DL-5PM,2D Lotto 5PM,"[""10"", ""28""]",10-28,2025-01-03,17:00,4000,0,lottomatik,2DLS0000167
3DL-5PM,3D Lotto 5PM,"[""3"", ""5"", ""9""]",3-5-9,2025-01-03,17:00,4500,0,lottomatik,3DLS0000167
2DL-9PM,2D Lotto 9PM,"[""07"", ""23""]",07-23,2025-01-03,21:00,4000,0,lottomatik,2DLS0000168
3DL-9PM,3D Lotto 9PM,"[""5"", ""9"", ""3""]",5-9-3,2025-01-03,21:00,4500,0,lottomatik,3DLS0000168
4DL,4D Lotto,"[""3"", ""7"", ""1"", ""9""]",3-7-1-9,2025-01-03,21:00,598502,34,lottomatik,4DLS0000024
ML45,Megalotto 6/45,"[""14"", ""25"", ""22"", ""34"", ""31"", ""27""]",14-25-22-34-31-27,2025-01-03,21:00,8910000,0,lottomatik,ML45S0000024
UL58,Ultra Lotto 6/58,"[""03"", ""15"", ""36"", ""22"", ""58"", ""46""]",03-15-36-22-58-46,2025-01-03,21:00,302581488.4,0,lottomatik,UL58S0000024
2DL-2PM,2D Lotto 2PM,"[""03"", ""15""]",03-15,2025-01-04,14:00,4000,0,lottomatik,2DLS0000169
3DL-2PM,3D Lotto 2PM,"[""7"", ""5"", ""9""]",7-5-9,2025-01-04,14:00,4500,0,lottomatik,3DLS0000169
2DL-5PM,2D Lotto 5PM,"[""05"", ""05""]",05-05,2025-01-04,17:00,4000,0,lottomatik,2DLS0000170
3DL-5PM,3D Lotto 5PM,"[""9"", ""1"", ""1""]",9-1-1,2025-01-04,17:00,4500,0,lottomatik,3DLS0000170
2DL-9PM,2D Lotto 9PM,"[""30"", ""29""]",30-29,2025-01-04,21:00,4000,0,lottomatik,2DLS0000171
3DL-9PM,3D Lotto 9PM,"[""5"", ""5"", ""1""]",5-5-1,2025-01-04,21:00,4500,0,lottomatik,3DLS0000171
6DL,6D Lotto,"[""4"", ""7"", ""1"", ""6"", ""5"", ""1""]",4-7-1-6-5-1,2025-01-04,21:00,530076.32,0,lottomatik,6DLS0000025
GL55,Grand Lotto 6/55,"[""49"", ""35"", ""01"", ""20"", ""43"", ""31""]",49-35-01-20-43-31,2025-01-04,21:00,29700000,0,lottomatik,GL55S0000025
LOTTO42,Lotto 6/42,"[""24"", ""41"", ""02"", ""36"", ""06"", ""05""]",24-41-02-36-06-05,2025-01-04,21:00,7329497.4,0,lottomatik,LOTTO42S0000025
2DL-2PM,2D Lotto 2PM,"[""17"", ""30""]",17-30,2025-01-05,14:00,4000,0,lottomatik,2DLS0000172
3DL-2PM,3D Lotto 2PM,"[""0"", ""1"", ""2""]",0-1-2,2025-01-05,14:00,4500,0,lottomatik,3DLS0000172
2DL-5PM,2D Lotto 5PM,"[""27"", ""23""]",27-23,2025-01-05,17:00,4000,0,lottomatik,2DLS0000173
3DL-5PM,3D Lotto 5PM,"[""4"", ""1"", ""3""]",4-1-3,2025-01-05,17:00,4500,1,lottomatik,3DLS0000173
2DL-9PM,2D Lotto 9PM,"[""26"", ""14""]",26-14,2025-01-05,21:00,4000,0,lottomatik,2DLS0000174
3DL-9PM,3D Lotto 9PM,"[""2"", ""0"", ""8""]",2-0-8,2025-01-05,21:00,4500,0,lottomatik,3DLS0000174
SL49,Superlotto 6/49,"[""12"", ""35"", ""16"", ""07"", ""45"", ""42""]",12-35-16-07-45-42,2025-01-05,21:00,15840000,0,lottomatik,SL49S0000025
UL58,Ultra Lotto 6/58,"[""36"", ""46"", ""16"", ""19"", ""23"", ""27""]",36-46-16-19-23-27,2025-01-05,21:00,314591292.8,1,lottomatik,UL58S0000025
2DL-2PM,2D Lotto 2PM,"[""28"", ""22""]",28-22,2025-01-06,14:00,4000,0,lottomatik,2DLS0000175
3DL-2PM,3D Lotto 2PM,"[""9"", ""5"", ""0""]",9-5-0,2025-01-06,14:00,4500,0,lottomatik,3DLS0000175
2DL-5PM,2D Lotto 5PM,"[""13"", ""03""]",13-03,2025-01-06,17:00,4000,0,lottomatik,2DLS0000176
3DL-5PM,3D Lotto 5PM,"[""9"", ""3"", ""0""]",9-3-0,2025-01-06,17:00,4500,0,lottomatik,3DLS0000176
2DL-9PM,2D Lotto 9PM,"[""16"", ""02""]",16-02,2025-01-06,21:00,4000,0,lottomatik,2DLS0000177
3DL-9PM,3D Lotto 9PM,"[""6"", ""8"", ""1""]",6-8-1,2025-01-06,21:00,4500,0,lottomatik,3DLS0000177
4DL,4D Lotto,"[""0"", ""5"", ""6"", ""5""]",0-5-6-5,2025-01-06,21:00,852816,16,lottomatik,4DLS0000025
GL55,Grand Lotto 6/55,"[""38"", ""27"", ""21"", ""23"", ""11"", ""10""]",38-27-21-23-11-10,2025-01-06,21:00,29700000,0,lottomatik,GL55S0000026
ML45,Megalotto 6/45,"[""37"", ""23"", ""05"", ""06"", ""34"", ""43""]",37-23-05-06-34-43,2025-01-06,21:00,8910000,0,lottomatik,ML45S0000025
2DL-2PM,2D Lotto 2PM,"[""30"", ""23""]",30-23,2025-01-07,14:00,4000,0,lottomatik,2DLS0000178
3DL-2PM,3D Lotto 2PM,"[""0"", ""4"", ""7""]",0-4-7,2025-01-07,14:00,4500,0,lottomatik,3DLS0000178
2DL-5PM,2D Lotto 5PM,"[""27"", ""15""]",27-15,2025-01-07,17:00,4000,0,lottomatik,2DLS0000179
3DL-5PM,3D Lotto 5PM,"[""6"", ""6"", ""5""]",6-6-5,2025-01-07,17:00,4500,0,lottomatik,3DLS0000179
2DL-9PM,2D Lotto 9PM,"[""03"", ""30""]",03-30,2025-01-07,21:00,4000,0,lottomatik,2DLS0000180
3DL-9PM,3D Lotto 9PM,"[""5"", ""1"", ""9""]",5-1-9,2025-01-07,21:00,4500,0,lottomatik,3DLS0000180
6DL,6D Lotto,"[""2"", ""7"", ""0"", ""4"", ""6"", ""8""]",2-7-0-4-6-8,2025-01-07,21:00,899244.28,0,lottomatik,6DLS0000026
LOTTO42,Lotto 6/42,"[""25"", ""37"", ""09"", ""41"", ""20"", ""34""]",25-37-09-41-20-34,2025-01-07,21:00,10862997.4,0,lottomatik,LOTTO42S0000026
SL49,Superlotto 6/49,"[""31"", ""24"", ""03"", ""19"", ""45"", ""09""]",31-24-03-19-45-09,2025-01-07,21:00,15840000,0,lottomatik,SL49S0000026
UL58,Ultra Lotto 6/58,"[""41"", ""31"", ""25"", ""12"", ""40"", ""33""]",41-31-25-12-40-33,2025-01-07,21:00,49500000,0,lottomatik,UL58S0000026
2DL-2PM,2D Lotto 2PM,"[""05"", ""27""]",05-27,2025-01-08,14:00,4000,0,lottomatik,2DLS0000181
3DL-2PM,3D Lotto 2PM,"[""0"", ""2"", ""2""]",0-2-2,2025-01-08,14:00,4500,0,lottomatik,3DLS0000181
2DL-5PM,2D Lotto 5PM,"[""14"", ""31""]",14-31,2025-01-08,17:00,4000,0,lottomatik,2DLS0000182
3DL-5PM,3D Lotto 5PM,"[""0"", ""6"", ""1""]",0-6-1,2025-01-08,17:00,4500,0,lottomatik,3DLS0000182
2DL-9PM,2D Lotto 9PM,"[""17"", ""12""]",17-12,2025-01-08,21:00,4000,0,lottomatik,2DLS0000183
3DL-9PM,3D Lotto 9PM,"[""0"", ""1"", ""4""]",0-1-4,2025-01-08,21:00,4500,0,lottomatik,3DLS0000183
4DL,4D Lotto,"[""5"", ""7"", ""4"", ""6""]",5-7-4-6,2025-01-08,21:00,981940,29,lottomatik,4DLS0000026
GL55,Grand Lotto 6/55,"[""13"", ""21"", ""24"", ""31"", ""09"", ""03""]",13-21-24-31-09-03,2025-01-08,21:00,29700000,1,lottomatik,GL55S0000027
ML45,Megalotto 6/45,"[""08"", ""44"", ""45"", ""16"", ""32"", ""37""]",08-44-45-16-32-37,2025-01-08,21:00,12004714.2,0,lottomatik,ML45S0000026
2DL-2PM,2D Lotto 2PM,"[""10"", ""23""]",10-23,2025-01-09,14:00,4000,0,lottomatik,2DLS0000184
3DL-2PM,3D Lotto 2PM,"[""8"", ""4"", ""1""]",8-4-1,2025-01-09,14:00,4500,0,lottomatik,3DLS0000184
2DL-5PM,2D Lotto 5PM,"[""28"", ""07""]",28-07,2025-01-09,17:00,4000,0,lottomatik,2DLS0000185
3DL-5PM,3D Lotto 5PM,"[""3"", ""9"", ""5""]",3-9-5,2025-01-09,17:00,4500,0,lottomatik,3DLS0000185
2DL-9PM,2D Lotto 9PM,"[""20"", ""07""]",20-07,2025-01-09,21:00,4000,0,lottomatik,2DLS0000186
3DL-9PM,3D Lotto 9PM,"[""9"", ""7"", ""1""]",9-7-1,2025-01-09,21:00,4500,0,lottomatik,3DLS0000186
6DL,6D Lotto,"[""3"", ""1"", ""1"", ""9"", ""9"", ""4""]",3-1-1-9-9-4,2025-01-09,21:00,949242,3,lottomatik,6DLS0000027
LOTTO42,Lotto 6/42,"[""25"", ""04"", ""16"", ""32"", ""22"", ""34""]",25-04-16-32-22-34,2025-01-09,21:00,15000326.4,0,lottomatik,LOTTO42S0000027
SL49,Superlotto 6/49,"[""22"", ""44"", ""20"", ""08"", ""04"", ""05""]",22-44-20-08-04-05,2025-01-09,21:00,15840000,0,lottomatik,SL49S0000027
2DL-2PM,2D Lotto 2PM,"[""01"", ""17""]",01-17,2025-01-10,14:00,4000,0,lottomatik,2DLS0000187
3DL-2PM,3D Lotto 2PM,"[""7"", ""4"", ""9""]",7-4-9,2025-01-10,14:00,4500,0,lottomatik,3DLS0000187
2DL-5PM,2D Lotto 5PM,"[""09"", ""13""]",09-13,2025-01-10,17:00,4000,0,lottomatik,2DLS0000188
3DL-5PM,3D Lotto 5PM,"[""3"", ""5"", ""6""]",3-5-6,2025-01-10,17:00,4500,0,lottomatik,3DLS0000188
2DL-9PM,2D Lotto 9PM,"[""11"", ""23""]",11-23,2025-01-10,21:00,4000,0,lottomatik,2DLS0000189
3DL-9PM,3D Lotto 9PM,"[""2"", ""0"", ""6""]",2-0-6,2025-01-10,21:00,4500,0,lottomatik,3DLS0000189
4DL,4D Lotto,"[""8"", ""8"", ""5"", ""5""]",8-8-5-5,2025-01-10,21:00,883932,21,lottomatik,4DLS0000027
ML45,Megalotto 6/45,"[""12"", ""33"", ""32"", ""17"", ""08"", ""11""]",12-33-32-17-08-11,2025-01-10,21:00,16186700,1,lottomatik,ML45S0000027
UL58,Ultra Lotto 6/58,"[""43"", ""35"", ""45"", ""14"", ""25"", ""23""]",43-35-45-14-25-23,2025-01-10,21:00,49500000,0,lottomatik,UL58S0000027
2DL-2PM,2D Lotto 2PM,"[""02"", ""15""]",02-15,2025-01-11,14:00,4000,0,lottomatik,2DLS0000190
3DL-2PM,3D Lotto 2PM,"[""4"", ""6"", ""9""]",4-6-9,2025-01-11,14:00,4500,0,lottomatik,3DLS0000190
2DL-5PM,2D Lotto 5PM,"[""23"", ""01""]",23-01,2025-01-11,17:00,4000,0,lottomatik,2DLS0000191
3DL-5PM,3D Lotto 5PM,"[""3"", ""9"", ""1""]",3-9-1,2025-01-11,17:00,4500,0,lottomatik,3DLS0000191
2DL-9PM,2D Lotto 9PM,"[""28"", ""23""]",28-23,2025-01-11,21:00,4000,0,lottomatik,2DLS0000192
3DL-9PM,3D Lotto 9PM,"[""4"", ""7"", ""9""]",4-7-9,2025-01-11,21:00,4500,0,lottomatik,3DLS0000192
6DL,6D Lotto,"[""4"", ""7"", ""9"", ""3"", ""9"", ""5""]",4-7-9-3-9-5,2025-01-11,21:00,542624.92,0,lottomatik,6DLS0000028
GL55,Grand Lotto 6/55,"[""18"", ""25"", ""22"", ""06"", ""28"", ""44""]",18-25-22-06-28-44,2025-01-11,21:00,29700000,0,lottomatik,GL55S0000028
LOTTO42,Lotto 6/42,"[""09"", ""38"", ""23"", ""12"", ""32"", ""29""]",09-38-23-12-32-29,2025-01-11,21:00,19489253.8,1,lottomatik,LOTTO42S0000028
2DL-2PM,2D Lotto 2PM,"[""03"", ""13""]",03-13,2025-01-12,14:00,4000,0,lottomatik,2DLS0000193
3DL-2PM,3D Lotto 2PM,"[""4"", ""5"", ""5""]",4-5-5,2025-01-12,14:00,4500,0,lottomatik,3DLS0000193
2DL-5PM,2D Lotto 5PM,"[""06"", ""07""]",06-07,2025-01-12,17:00,4000,0,lottomatik,2DLS0000194
3DL-5PM,3D Lotto 5PM,"[""2"", ""5"", ""2""]",2-5-2,2025-01-12,17:00,4500,0,lottomatik,3DLS0000194
2DL-9PM,2D Lotto 9PM,"[""29"", ""29""]",29-29,2025-01-12,21:00,4000,2,lottomatik,2DLS0000195
3DL-9PM,3D Lotto 9PM,"[""4"", ""5"", ""2""]",4-5-2,2025-01-12,21:00,4500,0,lottomatik,3DLS0000195
SL49,Superlotto 6/49,"[""36"", ""09"", ""03"", ""48"", ""25"", ""12""]",36-09-03-48-25-12,2025-01-12,21:00,16079282,0,lottomatik,SL49S0000028
UL58,Ultra Lotto 6/58,"[""19"", ""54"", ""48"", ""55"", ""41"", ""35""]",19-54-48-55-41-35,2025-01-12,21:00,49500000,0,lottomatik,UL58S0000028
2DL-2PM,2D Lotto 2PM,"[""13"", ""19""]",13-19,2025-01-13,14:00,4000,0,lottomatik,2DLS0000196
3DL-2PM,3D Lotto 2PM,"[""7"", ""7"", ""6""]",7-7-6,2025-01-13,14:00,4500,0,lottomatik,3DLS0000196
2DL-5PM,2D Lotto 5PM,"[""06"", ""28""]",06-28,2025-01-13,17:00,4000,0,lottomatik,2DLS0000197
3DL-5PM,3D Lotto 5PM,"[""0"", ""8"", ""6""]",0-8-6,2025-01-13,17:00,4500,0,lottomatik,3DLS0000197
2DL-9PM,2D Lotto 9PM,"[""19"", ""23""]",19-23,2025-01-13,21:00,4000,0,lottomatik,2DLS0000198
3DL-9PM,3D Lotto 9PM,"[""4"", ""1"", ""8""]",4-1-8,2025-01-13,21:00,4500,0,lottomatik,3DLS0000198
4DL,4D Lotto,"[""2"", ""4"", ""7"", ""1""]",2-4-7-1,2025-01-13,21:00,968160,60,lottomatik,4DLS0000028
GL55,Grand Lotto 6/55,"[""09"", ""14"", ""45"", ""05"", ""03"", ""15""]",09-14-45-05-03-15,2025-01-13,21:00,29700000,0,lottomatik,GL55S0000029
ML45,Megalotto 6/45,"[""39"", ""40"", ""24"", ""05"", ""04"", ""36""]",39-40-24-05-04-36,2025-01-13,21:00,8910000,0,lottomatik,ML45S0000028
2DL-2PM,2D Lotto 2PM,"[""25"", ""09""]",25-09,2025-01-14,14:00,4000,1,lottomatik,2DLS0000199
3DL-2PM,3D Lotto 2PM,"[""8"", ""5"", ""5""]",8-5-5,2025-01-14,14:00,4500,0,lottomatik,3DLS0000199
2DL-5PM,2D Lotto 5PM,"[""08"", ""02""]",08-02,2025-01-14,17:00,4000,0,lottomatik,2DLS0000200
3DL-5PM,3D Lotto 5PM,"[""3"", ""0"", ""0""]",3-0-0,2025-01-14,17:00,4500,0,lottomatik,3DLS0000200
2DL-9PM,2D Lotto 9PM,"[""13"", ""03""]",13-03,2025-01-14,21:00,4000,2,lottomatik,2DLS0000201
3DL-9PM,3D Lotto 9PM,"[""6"", ""3"", ""6""]",6-3-6,2025-01-14,21:00,4500,2,lottomatik,3DLS0000201
6DL,6D Lotto,"[""4"", ""1"", ""4"", ""2"", ""6"", ""2""]",4-1-4-2-6-2,2025-01-14,21:00,806875.24,1,lottomatik,6DLS0000029
LOTTO42,Lotto 6/42,"[""16"", ""12"", ""31"", ""34"", ""03"", ""37""]",16-12-31-34-03-37,2025-01-14,21:00,5940000,0,lottomatik,LOTTO42S0000029
SL49,Superlotto 6/49,"[""05"", ""20"", ""26"", ""40"", ""10"", ""36""]",05-20-26-40-10-36,2025-01-14,21:00,19578081.6,0,lottomatik,SL49S0000029
UL58,Ultra Lotto 6/58,"[""55"", ""04"", ""13"", ""19"", ""15"", ""48""]",55-04-13-19-15-48,2025-01-14,21:00,49500000,0,lottomatik,UL58S0000029
2DL-2PM,2D Lotto 2PM,"[""18"", ""01""]",18-01,2025-01-15,14:00,4000,0,lottomatik,2DLS0000202
3DL-2PM,3D Lotto 2PM,"[""2"", ""3"", ""5""]",2-3-5,2025-01-15,14:00,4500,0,lottomatik,3DLS0000202
2DL-5PM,2D Lotto 5PM,"[""06"", ""04""]",06-04,2025-01-15,17:00,4000,0,lottomatik,2DLS0000203
3DL-5PM,3D Lotto 5PM,"[""9"", ""8"", ""9""]",9-8-9,2025-01-15,17:00,4500,0,lottomatik,3DLS0000203
2DL-9PM,2D Lotto 9PM,"[""25"", ""26""]",25-26,2025-01-15,21:00,4000,0,lottomatik,2DLS0000204
3DL-9PM,3D Lotto 9PM,"[""9"", ""5"", ""9""]",9-5-9,2025-01-15,21:00,4500,0,lottomatik,3DLS0000204
4DL,4D Lotto,"[""4"", ""4"", ""5"", ""2""]",4-4-5-2,2025-01-15,21:00,881258,14,lottomatik,4DLS0000029
GL55,Grand Lotto 6/55,"[""20"", ""32"", ""21"", ""31"", ""13"", ""50""]",20-32-21-31-13-50,2025-01-15,21:00,29700000,0,lottomatik,GL55S0000030
ML45,Megalotto 6/45,"[""01"", ""21"", ""03"", ""28"", ""02"", ""24""]",01-21-03-28-02-24,2025-01-15,21:00,8910000,1,lottomatik,ML45S0000029
2DL-2PM,2D Lotto 2PM,"[""31"", ""14""]",31-14,2025-01-16,14:00,4000,0,lottomatik,2DLS0000205
3DL-2PM,3D Lotto 2PM,"[""4"", ""8"", ""6""]",4-8-6,2025-01-16,14:00,4500,0,lottomatik,3DLS0000205
2DL-5PM,2D Lotto 5PM,"[""27"", ""25""]",27-25,2025-01-16,17:00,4000,0,lottomatik,2DLS0000206
3DL-5PM,3D Lotto 5PM,"[""5"", ""3"", ""1""]",5-3-1,2025-01-16,17:00,4500,0,lottomatik,3DLS0000206
2DL-9PM,2D Lotto 9PM,"[""05"", ""29""]",05-29,2025-01-16,21:00,4000,1,lottomatik,2DLS0000207
3DL-9PM,3D Lotto 9PM,"[""7"", ""0"", ""1""]",7-0-1,2025-01-16,21:00,4500,0,lottomatik,3DLS0000207
6DL,6D Lotto,"[""9"", ""4"", ""0"", ""3"", ""7"", ""3""]",9-4-0-3-7-3,2025-01-16,21:00,600272.44,0,lottomatik,6DLS0000030
LOTTO42,Lotto 6/42,"[""32"", ""25"", ""38"", ""42"", ""40"", ""34""]",32-25-38-42-40-34,2025-01-16,21:00,6615575.8,0,lottomatik,LOTTO42S0000030
SL49,Superlotto 6/49,"[""33"", ""38"", ""16"", ""31"", ""07"", ""02""]",33-38-16-31-07-02,2025-01-16,21:00,24405640.6,0,lottomatik,SL49S0000030
2DL-2PM,2D Lotto 2PM,"[""31"", ""20""]",31-20,2025-01-17,14:00,4000,0,lottomatik,2DLS0000208
3DL-2PM,3D Lotto 2PM,"[""4"", ""4"", ""3""]",4-4-3,2025-01-17,14:00,4500,0,lottomatik,3DLS0000208
2DL-5PM,2D Lotto 5PM,"[""25"", ""06""]",25-06,2025-01-17,17:00,4000,3,lottomatik,2DLS0000209
3DL-5PM,3D Lotto 5PM,"[""2"", ""4"", ""2""]",2-4-2,2025-01-17,17:00,4500,0,lottomatik,3DLS0000209
2DL-9PM,2D Lotto 9PM,"[""10"", ""01""]",10-01,2025-01-17,21:00,4000,0,lottomatik,2DLS0000210
3DL-9PM,3D Lotto 9PM,"[""6"", ""2"", ""7""]",6-2-7,2025-01-17,21:00,4500,0,lottomatik,3DLS0000210
4DL,4D Lotto,"[""4"", ""6"", ""5"", ""2""]",4-6-5-2,2025-01-17,21:00,892896,32,lottomatik,4DLS0000030
ML45,Megalotto 6/45,"[""06"", ""03"", ""15"", ""32"", ""14"", ""07""]",06-03-15-32-14-07,2025-01-17,21:00,8910000,0,lottomatik,ML45S0000030
UL58,Ultra Lotto 6/58,"[""45"", ""23"", ""39"", ""53"", ""35"", ""05""]",45-23-39-53-35-05,2025-01-17,21:00,49500000,0,lottomatik,UL58S0000030
2DL-2PM,2D Lotto 2PM,"[""08"", ""28""]",08-28,2025-01-18,14:00,4000,1,lottomatik,2DLS0000211
3DL-2PM,3D Lotto 2PM,"[""3"", ""2"", ""3""]",3-2-3,2025-01-18,14:00,4500,0,lottomatik,3DLS0000211
2DL-5PM,2D Lotto 5PM,"[""15"", ""21""]",15-21,2025-01-18,17:00,4000,0,lottomatik,2DLS0000212
3DL-5PM,3D Lotto 5PM,"[""7"", ""8"", ""1""]",7-8-1,2025-01-18,17:00,4500,0,lottomatik,3DLS0000212
2DL-9PM,2D Lotto 9PM,"[""02"", ""24""]",02-24,2025-01-18,21:00,4000,0,lottomatik,2DLS0000213
3DL-9PM,3D Lotto 9PM,"[""7"", ""9"", ""3""]",7-9-3,2025-01-18,21:00,4500,0,lottomatik,3DLS0000213
6DL,6D Lotto,"[""4"", ""1"", ""9"", ""7"", ""2"", ""4""]",4-1-9-7-2-4,2025-01-18,21:00,1111429.24,0,lottomatik,6DLS0000031
GL55,Grand Lotto 6/55,"[""13"", ""34"", ""51"", ""04"", ""22"", ""07""]",13-34-51-04-22-07,2025-01-18,21:00,29700000,0,lottomatik,GL55S0000031
LOTTO42,Lotto 6/42,"[""09"", ""13"", ""40"", ""42"", ""14"", ""33""]",09-13-40-42-14-33,2025-01-18,21:00,10387166,1,lottomatik,LOTTO42S0000031
2DL-2PM,2D Lotto 2PM,"[""22"", ""21""]",22-21,2025-01-19,14:00,4000,0,lottomatik,2DLS0000214
3DL-2PM,3D Lotto 2PM,"[""5"", ""2"", ""6""]",5-2-6,2025-01-19,14:00,4500,0,lottomatik,3DLS0000214
2DL-5PM,2D Lotto 5PM,"[""16"", ""06""]",16-06,2025-01-19,17:00,4000,0,lottomatik,2DLS0000215
3DL-5PM,3D Lotto 5PM,"[""4"", ""2"", ""2""]",4-2-2,2025-01-19,17:00,4500,0,lottomatik,3DLS0000215
2DL-9PM,2D Lotto 9PM,"[""30"", ""27""]",30-27,2025-01-19,21:00,4000,0,lottomatik,2DLS0000216
3DL-9PM,3D Lotto 9PM,"[""0"", ""5"", ""9""]",0-5-9,2025-01-19,21:00,4500,0,lottomatik,3DLS0000216
SL49,Superlotto 6/49,"[""22"", ""31"", ""04"", ""37"", ""20"", ""30""]",22-31-04-37-20-30,2025-01-19,21:00,28841246.6,0,lottomatik,SL49S0000031
UL58,Ultra Lotto 6/58,"[""52"", ""25"", ""05"", ""36"", ""31"", ""30""]",52-25-05-36-31-30,2025-01-19,21:00,49500000,0,lottomatik,UL58S0000031
2DL-2PM,2D Lotto 2PM,"[""25"", ""15""]",25-15,2025-01-20,14:00,4000,0,lottomatik,2DLS0000217
3DL-2PM,3D Lotto 2PM,"[""8"", ""9"", ""0""]",8-9-0,2025-01-20,14:00,4500,0,lottomatik,3DLS0000217
2DL-5PM,2D Lotto 5PM,"[""20"", ""06""]",20-06,2025-01-20,17:00,4000,3,lottomatik,2DLS0000218
3DL-5PM,3D Lotto 5PM,"[""1"", ""5"", ""4""]",1-5-4,2025-01-20,17:00,4500,0,lottomatik,3DLS0000218
2DL-9PM,2D Lotto 9PM,"[""29"", ""19""]",29-19,2025-01-20,21:00,4000,0,lottomatik,2DLS0000219
3DL-9PM,3D Lotto 9PM,"[""2"", ""2"", ""1""]",2-2-1,2025-01-20,21:00,4500,0,lottomatik,3DLS0000219
4DL,4D Lotto,"[""8"", ""3"", ""1"", ""7""]",8-3-1-7,2025-01-20,21:00,569052,27,lottomatik,4DLS0000031
GL55,Grand Lotto 6/55,"[""47"", ""21"", ""32"", ""40"", ""28"", ""02""]",47-21-32-40-28-02,2025-01-20,21:00,29700000,0,lottomatik,GL55S0000032
ML45,Megalotto 6/45,"[""33"", ""18"", ""03"", ""19"", ""34"", ""45""]",33-18-03-19-34-45,2025-01-20,21:00,8910000,0,lottomatik,ML45S0000031
2DL-2PM,2D Lotto 2PM,"[""18"", ""25""]",18-25,2025-01-21,14:00,4000,0,lottomatik,2DLS0000220
3DL-2PM,3D Lotto 2PM,"[""8"", ""7"", ""3""]",8-7-3,2025-01-21,14:00,4500,0,lottomatik,3DLS0000220
2DL-5PM,2D Lotto 5PM,"[""10"", ""27""]",10-27,2025-01-21,17:00,4000,0,lottomatik,2DLS0000221
3DL-5PM,3D Lotto 5PM,"[""4"", ""0"", ""3""]",4-0-3,2025-01-21,17:00,4500,1,lottomatik,3DLS0000221
2DL-9PM,2D Lotto 9PM,"[""27"", ""07""]",27-07,2025-01-21,21:00,4000,4,lottomatik,2DLS0000222
3DL-9PM,3D Lotto 9PM,"[""7"", ""1"", ""4""]",7-1-4,2025-01-21,21:00,4500,1,lottomatik,3DLS0000222
6DL,6D Lotto,"[""9"", ""0"", ""0"", ""2"", ""4"", ""0""]",9-0-0-2-4-0,2025-01-21,21:00,1740076.48,0,lottomatik,6DLS0000032
LOTTO42,Lotto 6/42,"[""29"", ""19"", ""35"", ""30"", ""12"", ""15""]",29-19-35-30-12-15,2025-01-21,21:00,5940000,0,lottomatik,LOTTO42S0000032
SL49,Superlotto 6/49,"[""29"", ""47"", ""44"", ""19"", ""40"", ""32""]",29-47-44-19-40-32,2025-01-21,21:00,32733816,0,lottomatik,SL49S0000032
UL58,Ultra Lotto 6/58,"[""43"", ""09"", ""22"", ""39"", ""52"", ""45""]",43-09-22-39-52-45,2025-01-21,21:00,49500000,0,lottomatik,UL58S0000032
2DL-2PM,2D Lotto 2PM,"[""05"", ""15""]",05-15,2025-01-22,14:00,4000,0,lottomatik,2DLS0000223
3DL-2PM,3D Lotto 2PM,"[""3"", ""2"", ""2""]",3-2-2,2025-01-22,14:00,4500,0,lottomatik,3DLS0000223
2DL-5PM,2D Lotto 5PM,"[""23"", ""07""]",23-07,2025-01-22,17:00,4000,2,lottomatik,2DLS0000224
3DL-5PM,3D Lotto 5PM,"[""7"", ""0"", ""5""]",7-0-5,2025-01-22,17:00,4500,0,lottomatik,3DLS0000224
2DL-9PM,2D Lotto 9PM,"[""24"", ""24""]",24-24,2025-01-22,21:00,4000,1,lottomatik,2DLS0000225
3DL-9PM,3D Lotto 9PM,"[""6"", ""5"", ""4""]",6-5-4,2025-01-22,21:00,4500,0,lottomatik,3DLS0000225
4DL,4D Lotto,"[""8"", ""4"", ""0"", ""2""]",8-4-0-2,2025-01-22,21:00,895027,29,lottomatik,4DLS0000032
GL55,Grand Lotto 6/55,"[""22"", ""52"", ""33"", ""49"", ""02"", ""34""]",22-52-33-49-02-34,2025-01-22,21:00,29700000,0,lottomatik,GL55S0000033
ML45,Megalotto 6/45,"[""27"", ""45"", ""42"", ""32"", ""17"", ""39""]",27-45-42-32-17-39,2025-01-22,21:00,11163509.6,0,lottomatik,ML45S0000032
2DL-2PM,2D Lotto 2PM,"[""30"", ""25""]",30-25,2025-01-23,14:00,4000,0,lottomatik,2DLS0000226
3DL-2PM,3D Lotto 2PM,"[""4"", ""2"", ""7""]",4-2-7,2025-01-23,14:00,4500,0,lottomatik,3DLS0000226
2DL-5PM,2D Lotto 5PM,"[""20"", ""04""]",20-04,2025-01-23,17:00,4000,2,lottomatik,2DLS0000227
3DL-5PM,3D Lotto 5PM,"[""2"", ""0"", ""1""]",2-0-1,2025-01-23,17:00,4500,0,lottomatik,3DLS0000227
2DL-9PM,2D Lotto 9PM,"[""03"", ""16""]",03-16,2025-01-23,21:00,4000,0,lottomatik,2DLS0000228
3DL-9PM,3D Lotto 9PM,"[""3"", ""0"", ""7""]",3-0-7,2025-01-23,21:00,4500,3,lottomatik,3DLS0000228
6DL,6D Lotto,"[""9"", ""7"", ""1"", ""8"", ""6"", ""4""]",9-7-1-8-6-4,2025-01-23,21:00,2186836.64,0,lottomatik,6DLS0000033
LOTTO42,Lotto 6/42,"[""20"", ""27"", ""40"", ""16"", ""19"", ""12""]",20-27-40-16-19-12,2025-01-23,21:00,6217911.4,0,lottomatik,LOTTO42S0000033
SL49,Superlotto 6/49,"[""02"", ""31"", ""39"", ""16"", ""09"", ""12""]",02-31-39-16-09-12,2025-01-23,21:00,37685725.8,0,lottomatik,SL49S0000033
2DL-2PM,2D Lotto 2PM,"[""20"", ""05""]",20-05,2025-01-24,14:00,4000,0,lottomatik,2DLS0000229
3DL-2PM,3D Lotto 2PM,"[""0"", ""0"", ""7""]",0-0-7,2025-01-24,14:00,4500,0,lottomatik,3DLS0000229
2DL-5PM,2D Lotto 5PM,"[""09"", ""07""]",09-07,2025-01-24,17:00,4000,0,lottomatik,2DLS0000230
3DL-5PM,3D Lotto 5PM,"[""4"", ""9"", ""5""]",4-9-5,2025-01-24,17:00,4500,1,lottomatik,3DLS0000230
2DL-9PM,2D Lotto 9PM,"[""18"", ""05""]",18-05,2025-01-24,21:00,4000,0,lottomatik,2DLS0000231
3DL-9PM,3D Lotto 9PM,"[""8"", ""4"", ""2""]",8-4-2,2025-01-24,21:00,4500,0,lottomatik,3DLS0000231
4DL,4D Lotto,"[""5"", ""0"", ""0"", ""7""]",5-0-0-7,2025-01-24,21:00,862675,11,lottomatik,4DLS0000033
ML45,Megalotto 6/45,"[""35"", ""08"", ""29"", ""26"", ""15"", ""21""]",35-08-29-26-15-21,2025-01-24,21:00,15038223.4,0,lottomatik,ML45S0000033
UL58,Ultra Lotto 6/58,"[""17"", ""11"", ""52"", ""25"", ""38"", ""47""]",17-11-52-25-38-47,2025-01-24,21:00,49500000,0,lottomatik,UL58S0000033
2DL-2PM,2D Lotto 2PM,"[""11"", ""12""]",11-12,2025-01-25,14:00,4000,0,lottomatik,2DLS0000232
3DL-2PM,3D Lotto 2PM,"[""6"", ""7"", ""3""]",6-7-3,2025-01-25,14:00,4500,0,lottomatik,3DLS0000232
2DL-5PM,2D Lotto 5PM,"[""19"", ""07""]",19-07,2025-01-25,17:00,4000,2,lottomatik,2DLS0000233
3DL-5PM,3D Lotto 5PM,"[""1"", ""6"", ""3""]",1-6-3,2025-01-25,17:00,4500,0,lottomatik,3DLS0000233
2DL-9PM,2D Lotto 9PM,"[""15"", ""29""]",15-29,2025-01-25,21:00,4000,2,lottomatik,2DLS0000234
3DL-9PM,3D Lotto 9PM,"[""3"", ""2"", ""0""]",3-2-0,2025-01-25,21:00,4500,0,lottomatik,3DLS0000234
6DL,6D Lotto,"[""7"", ""9"", ""4"", ""9"", ""4"", ""4""]",7-9-4-9-4-4,2025-01-25,21:00,2741280.76,0,lottomatik,6DLS0000034
GL55,Grand Lotto 6/55,"[""45"", ""22"", ""23"", ""32"", ""03"", ""30""]",45-22-23-32-03-30,2025-01-25,21:00,29700000,0,lottomatik,GL55S0000034
LOTTO42,Lotto 6/42,"[""10"", ""12"", ""26"", ""15"", ""27"", ""11""]",10-12-26-15-27-11,2025-01-25,21:00,9796810.2,0,lottomatik,LOTTO42S0000034
2DL-2PM,2D Lotto 2PM,"[""11"", ""11""]",11-11,2025-01-26,14:00,4000,0,lottomatik,2DLS0000235
3DL-2PM,3D Lotto 2PM,"[""9"", ""6"", ""4""]",9-6-4,2025-01-26,14:00,4500,0,lottomatik,3DLS0000235
2DL-5PM,2D Lotto 5PM,"[""20"", ""03""]",20-03,2025-01-26,17:00,4000,2,lottomatik,2DLS0000236
3DL-5PM,3D Lotto 5PM,"[""2"", ""8"", ""1""]",2-8-1,2025-01-26,17:00,4500,0,lottomatik,3DLS0000236
2DL-9PM,2D Lotto 9PM,"[""06"", ""09""]",06-09,2025-01-26,21:00,4000,0,lottomatik,2DLS0000237
3DL-9PM,3D Lotto 9PM,"[""5"", ""4"", ""6""]",5-4-6,2025-01-26,21:00,4500,0,lottomatik,3DLS0000237
SL49,Superlotto 6/49,"[""30"", ""02"", ""21"", ""44"", ""05"", ""32""]",30-02-21-44-05-32,2025-01-26,21:00,42614160,0,lottomatik,SL49S0000034
UL58,Ultra Lotto 6/58,"[""54"", ""33"", ""42"", ""27"", ""36"", ""26""]",54-33-42-27-36-26,2025-01-26,21:00,49500000,0,lottomatik,UL58S0000034
2DL-2PM,2D Lotto 2PM,"[""01"", ""13""]",01-13,2025-01-27,14:00,4000,0,lottomatik,2DLS0000238
3DL-2PM,3D Lotto 2PM,"[""0"", ""6"", ""4""]",0-6-4,2025-01-27,14:00,4500,1,lottomatik,3DLS0000238
2DL-5PM,2D Lotto 5PM,"[""27"", ""03""]",27-03,2025-01-27,17:00,4000,1,lottomatik,2DLS0000239
3DL-5PM,3D Lotto 5PM,"[""0"", ""8"", ""7""]",0-8-7,2025-01-27,17:00,4500,0,lottomatik,3DLS0000239
2DL-9PM,2D Lotto 9PM,"[""02"", ""03""]",02-03,2025-01-27,21:00,4000,1,lottomatik,2DLS0000240
3DL-9PM,3D Lotto 9PM,"[""9"", ""8"", ""6""]",9-8-6,2025-01-27,21:00,4500,0,lottomatik,3DLS0000240
4DL,4D Lotto,"[""5"", ""6"", ""2"", ""1""]",5-6-2-1,2025-01-27,21:00,643860,35,lottomatik,4DLS0000034
GL55,Grand Lotto 6/55,"[""20"", ""48"", ""47"", ""10"", ""26"", ""55""]",20-48-47-10-26-55,2025-01-27,21:00,33497906.4,0,lottomatik,GL55S0000035
ML45,Megalotto 6/45,"[""43"", ""27"", ""44"", ""45"", ""35"", ""39""]",43-27-44-45-35-39,2025-01-27,21:00,19139171.6,0,lottomatik,ML45S0000034
2DL-2PM,2D Lotto 2PM,"[""24"", ""07""]",24-07,2025-01-28,14:00,4000,0,lottomatik,2DLS0000241
3DL-2PM,3D Lotto 2PM,"[""4"", ""9"", ""4""]",4-9-4,2025-01-28,14:00,4500,0,lottomatik,3DLS0000241
2DL-5PM,2D Lotto 5PM,"[""01"", ""31""]",01-31,2025-01-28,17:00,4000,1,lottomatik,2DLS0000242
3DL-5PM,3D Lotto 5PM,"[""1"", ""9"", ""4""]",1-9-4,2025-01-28,17:00,4500,0,lottomatik,3DLS0000242
2DL-9PM,2D Lotto 9PM,"[""18"", ""25""]",18-25,2025-01-28,21:00,4000,0,lottomatik,2DLS0000243
3DL-9PM,3D Lotto 9PM,"[""4"", ""2"", ""6""]",4-2-6,2025-01-28,21:00,4500,2,lottomatik,3DLS0000243
6DL,6D Lotto,"[""3"", ""0"", ""0"", ""2"", ""6"", ""2""]",3-0-0-2-6-2,2025-01-28,21:00,3150678.4,0,lottomatik,6DLS0000035
LOTTO42,Lotto 6/42,"[""10"", ""22"", ""31"", ""28"", ""11"", ""14""]",10-22-31-28-11-14,2025-01-28,21:00,13131506.6,1,lottomatik,LOTTO42S0000035
SL49,Superlotto 6/49,"[""41"", ""40"", ""16"", ""34"", ""20"", ""28""]",41-40-16-34-20-28,2025-01-28,21:00,46892645,0,lottomatik,SL49S0000035
UL58,Ultra Lotto 6/58,"[""54"", ""36"", ""51"", ""56"", ""21"", ""26""]",54-36-51-56-21-26,2025-01-28,21:00,49500000,0,lottomatik,UL58S0000035
2DL-2PM,2D Lotto 2PM,"[""01"", ""23""]",01-23,2025-01-29,14:00,4000,0,lottomatik,2DLS0000244
3DL-2PM,3D Lotto 2PM,"[""4"", ""0"", ""1""]",4-0-1,2025-01-29,14:00,4500,0,lottomatik,3DLS0000244
2DL-5PM,2D Lotto 5PM,"[""12"", ""07""]",12-07,2025-01-29,17:00,4000,2,lottomatik,2DLS0000245
3DL-5PM,3D Lotto 5PM,"[""1"", ""4"", ""9""]",1-4-9,2025-01-29,17:00,4500,1,lottomatik,3DLS0000245
2DL-9PM,2D Lotto 9PM,"[""09"", ""14""]",09-14,2025-01-29,21:00,4000,2,lottomatik,2DLS0000246
3DL-9PM,3D Lotto 9PM,"[""9"", ""8"", ""5""]",9-8-5,2025-01-29,21:00,4500,3,lottomatik,3DLS0000246
4DL,4D Lotto,"[""5"", ""9"", ""2"", ""3""]",5-9-2-3,2025-01-29,21:00,552692,14,lottomatik,4DLS0000035
GL55,Grand Lotto 6/55,"[""48"", ""29"", ""27"", ""43"", ""17"", ""30""]",48-29-27-43-17-30,2025-01-29,21:00,37358785.8,0,lottomatik,GL55S0000036
ML45,Megalotto 6/45,"[""32"", ""24"", ""35"", ""03"", ""39"", ""45""]",32-24-35-03-39-45,2025-01-29,21:00,23213925.6,0,lottomatik,ML45S0000035
2DL-2PM,2D Lotto 2PM,"[""22"", ""18""]",22-18,2025-01-30,14:00,4000,1,lottomatik,2DLS0000247
3DL-2PM,3D Lotto 2PM,"[""3"", ""4"", ""1""]",3-4-1,2025-01-30,14:00,4500,0,lottomatik,3DLS0000247
2DL-5PM,2D Lotto 5PM,"[""14"", ""03""]",14-03,2025-01-30,17:00,4000,0,lottomatik,2DLS0000248
3DL-5PM,3D Lotto 5PM,"[""9"", ""0"", ""4""]",9-0-4,2025-01-30,17:00,4500,2,lottomatik,3DLS0000248
2DL-9PM,2D Lotto 9PM,"[""03"", ""22""]",03-22,2025-01-30,21:00,4000,0,lottomatik,2DLS0000249
3DL-9PM,3D Lotto 9PM,"[""8"", ""4"", ""5""]",8-4-5,2025-01-30,21:00,4500,0,lottomatik,3DLS0000249
6DL,6D Lotto,"[""5"", ""8"", ""6"", ""5"", ""4"", ""2""]",5-8-6-5-4-2,2025-01-30,21:00,3915295.16,0,lottomatik,6DLS0000036
LOTTO42,Lotto 6/42,"[""42"", ""04"", ""22"", ""28"", ""31"", ""12""]",42-04-22-28-31-12,2025-01-30,21:00,5940000,0,lottomatik,LOTTO42S0000036
SL49,Superlotto 6/49,"[""28"", ""26"", ""22"", ""37"", ""43"", ""34""]",28-26-22-37-43-34,2025-01-30,21:00,52176830.8,0,lottomatik,SL49S0000036
2DL-2PM,2D Lotto 2PM,"[""09"", ""16""]",09-16,2025-01-31,14:00,4000,0,lottomatik,2DLS0000250
3DL-2PM,3D Lotto 2PM,"[""3"", ""2"", ""1""]",3-2-1,2025-01-31,14:00,4500,0,lottomatik,3DLS0000250
2DL-5PM,2D Lotto 5PM,"[""10"", ""31""]",10-31,2025-01-31,17:00,4000,0,lottomatik,2DLS0000251
3DL-5PM,3D Lotto 5PM,"[""6"", ""5"", ""5""]",6-5-5,2025-01-31,17:00,4500,0,lottomatik,3DLS0000251
2DL-9PM,2D Lotto 9PM,"[""05"", ""22""]",05-22,2025-01-31,21:00,4000,0,lottomatik,2DLS0000252
3DL-9PM,3D Lotto 9PM,"[""4"", ""1"", ""2""]",4-1-2,2025-01-31,21:00,4500,1,lottomatik,3DLS0000252
4DL,4D Lotto,"[""0"", ""2"", ""3"", ""6""]",0-2-3-6,2025-01-31,21:00,1032936,24,lottomatik,4DLS0000036
ML45,Megalotto 6/45,"[""15"", ""01"", ""08"", ""33"", ""11"", ""09""]",15-01-08-33-11-09,2025-01-31,21:00,27638097.6,0,lottomatik,ML45S0000036
UL58,Ultra Lotto 6/58,"[""12"", ""15"", ""58"", ""16"", ""18"", ""41""]",12-15-58-16-18-41,2025-01-31,21:00,54094786.6,0,lottomatik,UL58S0000036
2DL-2PM,2D Lotto 2PM,"[""19"", ""25""]",19-25,2025-02-01,14:00,4000,0,lottomatik,2DLS0000253
3DL-2PM,3D Lotto 2PM,"[""7"", ""6"", ""6""]",7-6-6,2025-02-01,14:00,4500,0,lottomatik,3DLS0000253
2DL-5PM,2D Lotto 5PM,"[""06"", ""09""]",06-09,2025-02-01,17:00,4000,0,lottomatik,2DLS0000254
3DL-5PM,3D Lotto 5PM,"[""1"", ""4"", ""5""]",1-4-5,2025-02-01,17:00,4500,0,lottomatik,3DLS0000254
2DL-9PM,2D Lotto 9PM,"[""17"", ""08""]",17-08,2025-02-01,21:00,4000,0,lottomatik,2DLS0000255
3DL-9PM,3D Lotto 9PM,"[""2"", ""2"", ""3""]",2-2-3,2025-02-01,21:00,4500,0,lottomatik,3DLS0000255
6DL,6D Lotto,"[""1"", ""1"", ""6"", ""2"", ""9"", ""0""]",1-1-6-2-9-0,2025-02-01,21:00,4253092.32,1,lottomatik,6DLS0000037
GL55,Grand Lotto 6/55,"[""51"", ""21"", ""01"", ""16"", ""33"", ""38""]",51-21-01-16-33-38,2025-02-01,21:00,41856704.8,0,lottomatik,GL55S0000037
LOTTO42,Lotto 6/42,"[""08"", ""29"", ""18"", ""15"", ""38"", ""27""]",08-29-18-15-38-27,2025-02-01,21:00,6618790,0,lottomatik,LOTTO42S0000037
2DL-2PM,2D Lotto 2PM,"[""23"", ""11""]",23-11,2025-02-02,14:00,4000,1,lottomatik,2DLS0000256
3DL-2PM,3D Lotto 2PM,"[""4"", ""8"", ""4""]",4-8-4,2025-02-02,14:00,4500,0,lottomatik,3DLS0000256
2DL-5PM,2D Lotto 5PM,"[""14"", ""21""]",14-21,2025-02-02,17:00,4000,0,lottomatik,2DLS0000257
3DL-5PM,3D Lotto 5PM,"[""2"", ""4"", ""0""]",2-4-0,2025-02-02,17:00,4500,6,lottomatik,3DLS0000257
2DL-9PM,2D Lotto 9PM,"[""09"", ""04""]",09-04,2025-02-02,21:00,4000,0,lottomatik,2DLS0000258
3DL-9PM,3D Lotto 9PM,"[""8"", ""9"", ""8""]",8-9-8,2025-02-02,21:00,4500,0,lottomatik,3DLS0000258
SL49,Superlotto 6/49,"[""12"", ""11"", ""16"", ""49"", ""28"", ""33""]",12-11-16-49-28-33,2025-02-02,21:00,57755477.2,0,lottomatik,SL49S0000037
UL58,Ultra Lotto 6/58,"[""12"", ""54"", ""30"", ""19"", ""25"", ""48""]",12-54-30-19-25-48,2025-02-02,21:00,58827171,0,lottomatik,UL58S0000037
2DL-2PM,2D Lotto 2PM,"[""06"", ""10""]",06-10,2025-02-03,14:00,4000,5,lottomatik,2DLS0000259
3DL-2PM,3D Lotto 2PM,"[""2"", ""8"", ""2""]",2-8-2,2025-02-03,14:00,4500,0,lottomatik,3DLS0000259
2DL-5PM,2D Lotto 5PM,"[""02"", ""17""]",02-17,2025-02-03,17:00,4000,1,lottomatik,2DLS0000260
3DL-5PM,3D Lotto 5PM,"[""8"", ""7"", ""8""]",8-7-8,2025-02-03,17:00,4500,0,lottomatik,3DLS0000260
2DL-9PM,2D Lotto 9PM,"[""06"", ""07""]",06-07,2025-02-03,21:00,4000,0,lottomatik,2DLS0000261
3DL-9PM,3D Lotto 9PM,"[""1"", ""7"", ""5""]",1-7-5,2025-02-03,21:00,4500,3,lottomatik,3DLS0000261
4DL,4D Lotto,"[""1"", ""9"", ""7"", ""1""]",1-9-7-1,2025-02-03,21:00,2230000,223,lottomatik,4DLS0000037
GL55,Grand Lotto 6/55,"[""35"", ""48"", ""01"", ""18"", ""02"", ""19""]",35-48-01-18-02-19,2025-02-03,21:00,45903454.2,0,lottomatik,GL55S0000038
ML45,Megalotto 6/45,"[""31"", ""04"", ""17"", ""07"", ""19"", ""27""]",31-04-17-07-19-27,2025-02-03,21:00,32244545.6,1,lottomatik,ML45S0000037
2DL-2PM,2D Lotto 2PM,"[""17"", ""07""]",17-07,2025-02-04,14:00,4000,0,lottomatik,2DLS0000262
3DL-2PM,3D Lotto 2PM,"[""1"", ""8"", ""8""]",1-8-8,2025-02-04,14:00,4500,0,lottomatik,3DLS0000262
2DL-5PM,2D Lotto 5PM,"[""14"", ""01""]",14-01,2025-02-04,17:00,4000,0,lottomatik,2DLS0000263
3DL-5PM,3D Lotto 5PM,"[""0"", ""7"", ""0""]",0-7-0,2025-02-04,17:00,4500,0,lottomatik,3DLS0000263
2DL-9PM,2D Lotto 9PM,"[""10"", ""18""]",10-18,2025-02-04,21:00,4000,0,lottomatik,2DLS0000264
3DL-9PM,3D Lotto 9PM,"[""8"", ""4"", ""1""]",8-4-1,2025-02-04,21:00,4500,12,lottomatik,3DLS0000264
6DL,6D Lotto,"[""0"", ""3"", ""1"", ""8"", ""5"", ""2""]",0-3-1-8-5-2,2025-02-04,21:00,300000,2,lottomatik,6DLS0000038
LOTTO42,Lotto 6/42,"[""33"", ""19"", ""29"", ""21"", ""04"", ""22""]",33-19-29-21-04-22,2025-02-04,21:00,9723773.4,0,lottomatik,LOTTO42S0000038
SL49,Superlotto 6/49,"[""29"", ""28"", ""02"", ""47"", ""42"", ""43""]",29-28-02-47-42-43,2025-02-04,21:00,62582774.2,0,lottomatik,SL49S0000038
UL58,Ultra Lotto 6/58,"[""06"", ""34"", ""32"", ""48"", ""14"", ""23""]",06-34-32-48-14-23,2025-02-04,21:00,63053353.2,0,lottomatik,UL58S0000038
2DL-2PM,2D Lotto 2PM,"[""28"", ""18""]",28-18,2025-02-05,14:00,4000,0,lottomatik,2DLS0000265
3DL-2PM,3D Lotto 2PM,"[""8"", ""7"", ""2""]",8-7-2,2025-02-05,14:00,4500,4,lottomatik,3DLS0000265
2DL-5PM,2D Lotto 5PM,"[""17"", ""08""]",17-08,2025-02-05,17:00,4000,0,lottomatik,2DLS0000266
3DL-5PM,3D Lotto 5PM,"[""2"", ""5"", ""7""]",2-5-7,2025-02-05,17:00,4500,2,lottomatik,3DLS0000266
2DL-9PM,2D Lotto 9PM,"[""03"", ""16""]",03-16,2025-02-05,21:00,4000,1,lottomatik,2DLS0000267
3DL-9PM,3D Lotto 9PM,"[""7"", ""7"", ""9""]",7-7-9,2025-02-05,21:00,4500,0,lottomatik,3DLS0000267
4DL,4D Lotto,"[""7"", ""3"", ""2"", ""4""]",7-3-2-4,2025-02-05,21:00,573716,11,lottomatik,4DLS0000038
GL55,Grand Lotto 6/55,"[""24"", ""33"", ""14"", ""43"", ""06"", ""39""]",24-33-14-43-06-39,2025-02-05,21:00,50296058.4,0,lottomatik,GL55S0000039
ML45,Megalotto 6/45,"[""07"", ""20"", ""40"", ""13"", ""11"", ""08""]",07-20-40-13-11-08,2025-02-05,21:00,8910000,2,lottomatik,ML45S0000038
2DL-2PM,2D Lotto 2PM,"[""21"", ""29""]",21-29,2025-02-06,14:00,4000,4,lottomatik,2DLS0000268
3DL-2PM,3D Lotto 2PM,"[""3"", ""1"", ""8""]",3-1-8,2025-02-06,14:00,4500,1,lottomatik,3DLS0000268
2DL-5PM,2D Lotto 5PM,"[""07"", ""01""]",07-01,2025-02-06,17:00,4000,2,lottomatik,2DLS0000269
3DL-5PM,3D Lotto 5PM,"[""2"", ""5"", ""8""]",2-5-8,2025-02-06,17:00,4500,9,lottomatik,3DLS0000269
2DL-9PM,2D Lotto 9PM,"[""31"", ""01""]",31-01,2025-02-06,21:00,4000,0,lottomatik,2DLS0000270
3DL-9PM,3D Lotto 9PM,"[""3"", ""3"", ""3""]",3-3-3,2025-02-06,21:00,4500,2,lottomatik,3DLS0000270
6DL,6D Lotto,"[""1"", ""0"", ""4"", ""0"", ""3"", ""6""]",1-0-4-0-3-6,2025-02-06,21:00,214340.28,0,lottomatik,6DLS0000039
LOTTO42,Lotto 6/42,"[""36"", ""06"", ""13"", ""12"", ""23"", ""37""]",36-06-13-12-23-37,2025-02-06,21:00,13140942,0,lottomatik,LOTTO42S0000039
SL49,Superlotto 6/49,"[""39"", ""13"", ""30"", ""14"", ""35"", ""06""]",39-13-30-14-35-06,2025-02-06,21:00,68140582,0,lottomatik,SL49S0000039
2DL-2PM,2D Lotto 2PM,"[""20"", ""31""]",20-31,2025-02-07,14:00,4000,0,lottomatik,2DLS0000271
3DL-2PM,3D Lotto 2PM,"[""3"", ""4"", ""4""]",3-4-4,2025-02-07,14:00,4500,0,lottomatik,3DLS0000271
2DL-5PM,2D Lotto 5PM,"[""07"", ""06""]",07-06,2025-02-07,17:00,4000,0,lottomatik,2DLS0000272
3DL-5PM,3D Lotto 5PM,"[""5"", ""2"", ""9""]",5-2-9,2025-02-07,17:00,4500,0,lottomatik,3DLS0000272
2DL-9PM,2D Lotto 9PM,"[""25"", ""23""]",25-23,2025-02-07,21:00,4000,0,lottomatik,2DLS0000273
3DL-9PM,3D Lotto 9PM,"[""7"", ""7"", ""0""]",7-7-0,2025-02-07,21:00,4500,0,lottomatik,3DLS0000273
4DL,4D Lotto,"[""1"", ""7"", ""8"", ""9""]",1-7-8-9,2025-02-07,21:00,905632,28,lottomatik,4DLS0000039
ML45,Megalotto 6/45,"[""36"", ""34"", ""43"", ""28"", ""07"", ""29""]",36-34-43-28-07-29,2025-02-07,21:00,8910000,0,lottomatik,ML45S0000039
UL58,Ultra Lotto 6/58,"[""54"", ""47"", ""48"", ""13"", ""08"", ""02""]",54-47-48-13-08-02,2025-02-07,21:00,68510537,0,lottomatik,UL58S0000039
2DL-2PM,2D Lotto 2PM,"[""08"", ""11""]",08-11,2025-02-08,14:00,4000,3,lottomatik,2DLS0000274
3DL-2PM,3D Lotto 2PM,"[""1"", ""4"", ""6""]",1-4-6,2025-02-08,14:00,4500,0,lottomatik,3DLS0000274
2DL-5PM,2D Lotto 5PM,"[""09"", ""16""]",09-16,2025-02-08,17:00,4000,0,lottomatik,2DLS0000275
3DL-5PM,3D Lotto 5PM,"[""5"", ""6"", ""9""]",5-6-9,2025-02-08,17:00,4500,0,lottomatik,3DLS0000275
2DL-9PM,2D Lotto 9PM,"[""31"", ""28""]",31-28,2025-02-08,21:00,4000,0,lottomatik,2DLS0000276
3DL-9PM,3D Lotto 9PM,"[""6"", ""2"", ""5""]",6-2-5,2025-02-08,21:00,4500,0,lottomatik,3DLS0000276
6DL,6D Lotto,"[""2"", ""0"", ""5"", ""1"", ""3"", ""9""]",2-0-5-1-3-9,2025-02-08,21:00,696436.44,0,lottomatik,6DLS0000040
GL55,Grand Lotto 6/55,"[""49"", ""07"", ""37"", ""36"", ""31"", ""20""]",49-07-37-36-31-20,2025-02-08,21:00,54741316.8,0,lottomatik,GL55S0000040
LOTTO42,Lotto 6/42,"[""28"", ""34"", ""42"", ""05"", ""17"", ""41""]",28-34-42-05-17-41,2025-02-08,21:00,17006843.6,0,lottomatik,LOTTO42S0000040
2DL-2PM,2D Lotto 2PM,"[""19"", ""05""]",19-05,2025-02-09,14:00,4000,0,lottomatik,2DLS0000277
3DL-2PM,3D Lotto 2PM,"[""4"", ""6"", ""3""]",4-6-3,2025-02-09,14:00,4500,1,lottomatik,3DLS0000277
2DL-5PM,2D Lotto 5PM,"[""23"", ""21""]",23-21,2025-02-09,17:00,4000,0,lottomatik,2DLS0000278
3DL-5PM,3D Lotto 5PM,"[""8"", ""8"", ""1""]",8-8-1,2025-02-09,17:00,4500,0,lottomatik,3DLS0000278
2DL-9PM,2D Lotto 9PM,"[""12"", ""29""]",12-29,2025-02-09,21:00,4000,1,lottomatik,2DLS0000279
3DL-9PM,3D Lotto 9PM,"[""6"", ""1"", ""6""]",6-1-6,2025-02-09,21:00,4500,0,lottomatik,3DLS0000279
SL49,Superlotto 6/49,"[""11"", ""02"", ""08"", ""39"", ""16"", ""17""]",11-02-08-39-16-17,2025-02-09,21:00,73995464.4,0,lottomatik,SL49S0000040
UL58,Ultra Lotto 6/58,"[""06"", ""13"", ""26"", ""49"", ""43"", ""41""]",06-13-26-49-43-41,2025-02-09,21:00,73250949.6,0,lottomatik,UL58S0000040
2DL-2PM,2D Lotto 2PM,"[""02"", ""27""]",02-27,2025-02-10,14:00,4000,0,lottomatik,2DLS0000280
3DL-2PM,3D Lotto 2PM,"[""8"", ""0"", ""7""]",8-0-7,2025-02-10,14:00,4500,2,lottomatik,3DLS0000280
2DL-5PM,2D Lotto 5PM,"[""19"", ""12""]",19-12,2025-02-10,17:00,4000,0,lottomatik,2DLS0000281
3DL-5PM,3D Lotto 5PM,"[""6"", ""8"", ""0""]",6-8-0,2025-02-10,17:00,4500,1,lottomatik,3DLS0000281
2DL-9PM,2D Lotto 9PM,"[""19"", ""04""]",19-04,2025-02-10,21:00,4000,2,lottomatik,2DLS0000282
3DL-9PM,3D Lotto 9PM,"[""0"", ""2"", ""7""]",0-2-7,2025-02-10,21:00,4500,5,lottomatik,3DLS0000282
4DL,4D Lotto,"[""6"", ""9"", ""2"", ""3""]",6-9-2-3,2025-02-10,21:00,661842,18,lottomatik,4DLS0000040
GL55,Grand Lotto 6/55,"[""53"", ""24"", ""31"", ""50"", ""06"", ""22""]",53-24-31-50-06-22,2025-02-10,21:00,59066846.8,0,lottomatik,GL55S0000041
ML45,Megalotto 6/45,"[""39"", ""10"", ""38"", ""16"", ""15"", ""24""]",39-10-38-16-15-24,2025-02-10,21:00,8910000,0,lottomatik,ML45S0000040
2DL-2PM,2D Lotto 2PM,"[""07"", ""29""]",07-29,2025-02-11,14:00,4000,5,lottomatik,2DLS0000283
3DL-2PM,3D Lotto 2PM,"[""0"", ""7"", ""4""]",0-7-4,2025-02-11,14:00,4500,3,lottomatik,3DLS0000283
2DL-5PM,2D Lotto 5PM,"[""20"", ""01""]",20-01,2025-02-11,17:00,4000,0,lottomatik,2DLS0000284
3DL-5PM,3D Lotto 5PM,"[""2"", ""6"", ""0""]",2-6-0,2025-02-11,17:00,4500,0,lottomatik,3DLS0000284
2DL-9PM,2D Lotto 9PM,"[""31"", ""21""]",31-21,2025-02-11,21:00,4000,1,lottomatik,2DLS0000285
3DL-9PM,3D Lotto 9PM,"[""9"", ""4"", ""5""]",9-4-5,2025-02-11,21:00,4500,0,lottomatik,3DLS0000285
6DL,6D Lotto,"[""4"", ""7"", ""1"", ""4"", ""2"", ""4""]",4-7-1-4-2-4,2025-02-11,21:00,746436,1,lottomatik,6DLS0000041
LOTTO42,Lotto 6/42,"[""36"", ""09"", ""13"", ""17"", ""19"", ""24""]",36-09-13-17-19-24,2025-02-11,21:00,20503257,0,lottomatik,LOTTO42S0000041
SL49,Superlotto 6/49,"[""10"", ""46"", ""23"", ""01"", ""48"", ""38""]",10-46-23-01-48-38,2025-02-11,21:00,78958642,0,lottomatik,SL49S0000041
UL58,Ultra Lotto 6/58,"[""43"", ""55"", ""21"", ""25"", ""29"", ""35""]",43-55-21-25-29-35,2025-02-11,21:00,77392652.2,0,lottomatik,UL58S0000041
2DL-2PM,2D Lotto 2PM,"[""24"", ""22""]",24-22,2025-02-12,14:00,4000,2,lottomatik,2DLS0000286
3DL-2PM,3D Lotto 2PM,"[""4"", ""4"", ""7""]",4-4-7,2025-02-12,14:00,4500,0,lottomatik,3DLS0000286
2DL-5PM,2D Lotto 5PM,"[""11"", ""30""]",11-30,2025-02-12,17:00,4000,1,lottomatik,2DLS0000287
3DL-5PM,3D Lotto 5PM,"[""2"", ""6"", ""5""]",2-6-5,2025-02-12,17:00,4500,2,lottomatik,3DLS0000287
2DL-9PM,2D Lotto 9PM,"[""21"", ""08""]",21-08,2025-02-12,21:00,4000,0,lottomatik,2DLS0000288
3DL-9PM,3D Lotto 9PM,"[""2"", ""5"", ""8""]",2-5-8,2025-02-12,21:00,4500,0,lottomatik,3DLS0000288
4DL,4D Lotto,"[""4"", ""3"", ""3"", ""5""]",4-3-3-5,2025-02-12,21:00,963792,12,lottomatik,4DLS0000041
GL55,Grand Lotto 6/55,"[""07"", ""54"", ""47"", ""32"", ""43"", ""09""]",07-54-47-32-43-09,2025-02-12,21:00,63459624,0,lottomatik,GL55S0000042
ML45,Megalotto 6/45,"[""13"", ""30"", ""35"", ""12"", ""41"", ""05""]",13-30-35-12-41-05,2025-02-12,21:00,10260101,1,lottomatik,ML45S0000041
2DL-2PM,2D Lotto 2PM,"[""10"", ""05""]",10-05,2025-02-13,14:00,4000,2,lottomatik,2DLS0000289
3DL-2PM,3D Lotto 2PM,"[""3"", ""5"", ""2""]",3-5-2,2025-02-13,14:00,4500,0,lottomatik,3DLS0000289
2DL-5PM,2D Lotto 5PM,"[""26"", ""27""]",26-27,2025-02-13,17:00,4000,0,lottomatik,2DLS0000290
3DL-5PM,3D Lotto 5PM,"[""6"", ""7"", ""9""]",6-7-9,2025-02-13,17:00,4500,2,lottomatik,3DLS0000290
2DL-9PM,2D Lotto 9PM,"[""31"", ""04""]",31-04,2025-02-13,21:00,4000,0,lottomatik,2DLS0000291
3DL-9PM,3D Lotto 9PM,"[""8"", ""1"", ""3""]",8-1-3,2025-02-13,21:00,4500,2,lottomatik,3DLS0000291
6DL,6D Lotto,"[""1"", ""0"", ""1"", ""7"", ""5"", ""6""]",1-0-1-7-5-6,2025-02-13,21:00,300000,2,lottomatik,6DLS0000042
LOTTO42,Lotto 6/42,"[""37"", ""05"", ""25"", ""31"", ""18"", ""02""]",37-05-25-31-18-02,2025-02-13,21:00,24427207,0,lottomatik,LOTTO42S0000042
SL49,Superlotto 6/49,"[""46"", ""13"", ""45"", ""35"", ""26"", ""02""]",46-13-45-35-26-02,2025-02-13,21:00,84693264.2,0,lottomatik,SL49S0000042
2DL-2PM,2D Lotto 2PM,"[""29"", ""04""]",29-04,2025-02-14,14:00,4000,0,lottomatik,2DLS0000292
3DL-2PM,3D Lotto 2PM,"[""7"", ""1"", ""0""]",7-1-0,2025-02-14,14:00,4500,0,lottomatik,3DLS0000292
2DL-5PM,2D Lotto 5PM,"[""12"", ""22""]",12-22,2025-02-14,17:00,4000,1,lottomatik,2DLS0000293
3DL-5PM,3D Lotto 5PM,"[""3"", ""6"", ""0""]",3-6-0,2025-02-14,17:00,4500,0,lottomatik,3DLS0000293
2DL-9PM,2D Lotto 9PM,"[""01"", ""04""]",01-04,2025-02-14,21:00,4000,7,lottomatik,2DLS0000294
3DL-9PM,3D Lotto 9PM,"[""7"", ""5"", ""8""]",7-5-8,2025-02-14,21:00,4500,5,lottomatik,3DLS0000294
4DL,4D Lotto,"[""1"", ""0"", ""3"", ""1""]",1-0-3-1,2025-02-14,21:00,1800000,180,lottomatik,4DLS0000042
ML45,Megalotto 6/45,"[""11"", ""06"", ""32"", ""15"", ""21"", ""10""]",11-06-32-15-21-10,2025-02-14,21:00,8910000,0,lottomatik,ML45S0000042
UL58,Ultra Lotto 6/58,"[""51"", ""38"", ""33"", ""21"", ""16"", ""45""]",51-38-33-21-16-45,2025-02-14,21:00,82863060.4,0,lottomatik,UL58S0000042
2DL-2PM,2D Lotto 2PM,"[""03"", ""07""]",03-07,2025-02-15,14:00,4000,0,lottomatik,2DLS0000295
3DL-2PM,3D Lotto 2PM,"[""2"", ""8"", ""6""]",2-8-6,2025-02-15,14:00,4500,0,lottomatik,3DLS0000295
2DL-5PM,2D Lotto 5PM,"[""21"", ""29""]",21-29,2025-02-15,17:00,4000,0,lottomatik,2DLS0000296
3DL-5PM,3D Lotto 5PM,"[""6"", ""1"", ""0""]",6-1-0,2025-02-15,17:00,4500,0,lottomatik,3DLS0000296
2DL-9PM,2D Lotto 9PM,"[""06"", ""26""]",06-26,2025-02-15,21:00,4000,0,lottomatik,2DLS0000297
3DL-9PM,3D Lotto 9PM,"[""1"", ""9"", ""3""]",1-9-3,2025-02-15,21:00,4500,1,lottomatik,3DLS0000297
6DL,6D Lotto,"[""9"", ""5"", ""7"", ""7"", ""3"", ""4""]",9-5-7-7-3-4,2025-02-15,21:00,661448.68,0,lottomatik,6DLS0000043
GL55,Grand Lotto 6/55,"[""53"", ""46"", ""32"", ""29"", ""44"", ""10""]",53-46-32-29-44-10,2025-02-15,21:00,67957926.2,0,lottomatik,GL55S0000043
LOTTO42,Lotto 6/42,"[""08"", ""14"", ""32"", ""33"", ""02"", ""12""]",08-14-32-33-02-12,2025-02-15,21:00,28763896.8,0,lottomatik,LOTTO42S0000043
2DL-2PM,2D Lotto 2PM,"[""26"", ""29""]",26-29,2025-02-16,14:00,4000,0,lottomatik,2DLS0000298
3DL-2PM,3D Lotto 2PM,"[""8"", ""9"", ""3""]",8-9-3,2025-02-16,14:00,4500,1,lottomatik,3DLS0000298
2DL-5PM,2D Lotto 5PM,"[""05"", ""25""]",05-25,2025-02-16,17:00,4000,0,lottomatik,2DLS0000299
3DL-5PM,3D Lotto 5PM,"[""2"", ""6"", ""3""]",2-6-3,2025-02-16,17:00,4500,0,lottomatik,3DLS0000299
2DL-9PM,2D Lotto 9PM,"[""25"", ""10""]",25-10,2025-02-16,21:00,4000,0,lottomatik,2DLS0000300
3DL-9PM,3D Lotto 9PM,"[""8"", ""0"", ""1""]",8-0-1,2025-02-16,21:00,4500,0,lottomatik,3DLS0000300
SL49,Superlotto 6/49,"[""48"", ""37"", ""05"", ""21"", ""24"", ""28""]",48-37-05-21-24-28,2025-02-16,21:00,90976680.8,0,lottomatik,SL49S0000043
UL58,Ultra Lotto 6/58,"[""35"", ""03"", ""53"", ""45"", ""42"", ""13""]",35-03-53-45-42-13,2025-02-16,21:00,87701012.8,0,lottomatik,UL58S0000043
2DL-2PM,2D Lotto 2PM,"[""01"", ""01""]",01-01,2025-02-17,14:00,4000,1,lottomatik,2DLS0000301
3DL-2PM,3D Lotto 2PM,"[""1"", ""6"", ""2""]",1-6-2,2025-02-17,14:00,4500,0,lottomatik,3DLS0000301
2DL-5PM,2D Lotto 5PM,"[""24"", ""12""]",24-12,2025-02-17,17:00,4000,0,lottomatik,2DLS0000302
3DL-5PM,3D Lotto 5PM,"[""2"", ""5"", ""6""]",2-5-6,2025-02-17,17:00,4500,0,lottomatik,3DLS0000302
2DL-9PM,2D Lotto 9PM,"[""25"", ""20""]",25-20,2025-02-17,21:00,4000,2,lottomatik,2DLS0000303
3DL-9PM,3D Lotto 9PM,"[""5"", ""5"", ""5""]",5-5-5,2025-02-17,21:00,4500,1,lottomatik,3DLS0000303
4DL,4D Lotto,"[""7"", ""6"", ""1"", ""7""]",7-6-1-7,2025-02-17,21:00,317520,30,lottomatik,4DLS0000043
GL55,Grand Lotto 6/55,"[""11"", ""41"", ""54"", ""49"", ""10"", ""45""]",11-41-54-49-10-45,2025-02-17,21:00,72550865.8,0,lottomatik,GL55S0000044
ML45,Megalotto 6/45,"[""34"", ""36"", ""27"", ""26"", ""16"", ""04""]",34-36-27-26-16-04,2025-02-17,21:00,8910000,0,lottomatik,ML45S0000043
2DL-2PM,2D Lotto 2PM,"[""24"", ""25""]",24-25,2025-02-18,14:00,4000,0,lottomatik,2DLS0000304
3DL-2PM,3D Lotto 2PM,"[""7"", ""5"", ""9""]",7-5-9,2025-02-18,14:00,4500,1,lottomatik,3DLS0000304
2DL-5PM,2D Lotto 5PM,"[""08"", ""22""]",08-22,2025-02-18,17:00,4000,0,lottomatik,2DLS0000305
3DL-5PM,3D Lotto 5PM,"[""8"", ""9"", ""9""]",8-9-9,2025-02-18,17:00,4500,0,lottomatik,3DLS0000305
2DL-9PM,2D Lotto 9PM,"[""18"", ""03""]",18-03,2025-02-18,21:00,4000,2,lottomatik,2DLS0000306
3DL-9PM,3D Lotto 9PM,"[""2"", ""5"", ""8""]",2-5-8,2025-02-18,21:00,4500,0,lottomatik,3DLS0000306
6DL,6D Lotto,"[""5"", ""6"", ""4"", ""1"", ""0"", ""2""]",5-6-4-1-0-2,2025-02-18,21:00,1187196.28,0,lottomatik,6DLS0000044
LOTTO42,Lotto 6/42,"[""18"", ""31"", ""09"", ""27"", ""19"", ""01""]",18-31-09-27-19-01,2025-02-18,21:00,32748016,0,lottomatik,LOTTO42S0000044
SL49,Superlotto 6/49,"[""20"", ""30"", ""21"", ""33"", ""48"", ""13""]",20-30-21-33-48-13,2025-02-18,21:00,96379318.8,0,lottomatik,SL49S0000044
UL58,Ultra Lotto 6/58,"[""09"", ""14"", ""07"", ""13"", ""47"", ""32""]",09-14-07-13-47-32,2025-02-18,21:00,91945668.4,0,lottomatik,UL58S0000044
2DL-2PM,2D Lotto 2PM,"[""22"", ""04""]",22-04,2025-02-19,14:00,4000,3,lottomatik,2DLS0000307
3DL-2PM,3D Lotto 2PM,"[""9"", ""7"", ""5""]",9-7-5,2025-02-19,14:00,4500,0,lottomatik,3DLS0000307
2DL-5PM,2D Lotto 5PM,"[""05"", ""19""]",05-19,2025-02-19,17:00,4000,1,lottomatik,2DLS0000308
3DL-5PM,3D Lotto 5PM,"[""0"", ""7"", ""7""]",0-7-7,2025-02-19,17:00,4500,0,lottomatik,3DLS0000308
2DL-9PM,2D Lotto 9PM,"[""03"", ""11""]",03-11,2025-02-19,21:00,4000,1,lottomatik,2DLS0000309
3DL-9PM,3D Lotto 9PM,"[""4"", ""2"", ""5""]",4-2-5,2025-02-19,21:00,4500,0,lottomatik,3DLS0000309
4DL,4D Lotto,"[""5"", ""1"", ""9"", ""6""]",5-1-9-6,2025-02-19,21:00,952096,8,lottomatik,4DLS0000044
GL55,Grand Lotto 6/55,"[""15"", ""21"", ""37"", ""55"", ""49"", ""22""]",15-21-37-55-49-22,2025-02-19,21:00,77205840.8,0,lottomatik,GL55S0000045
ML45,Megalotto 6/45,"[""35"", ""06"", ""18"", ""24"", ""10"", ""21""]",35-06-18-24-10-21,2025-02-19,21:00,10063924.6,0,lottomatik,ML45S0000044
2DL-2PM,2D Lotto 2PM,"[""20"", ""24""]",20-24,2025-02-20,14:00,4000,7,lottomatik,2DLS0000310
3DL-2PM,3D Lotto 2PM,"[""5"", ""7"", ""0""]",5-7-0,2025-02-20,14:00,4500,1,lottomatik,3DLS0000310
2DL-5PM,2D Lotto 5PM,"[""10"", ""24""]",10-24,2025-02-20,17:00,4000,3,lottomatik,2DLS0000311
3DL-5PM,3D Lotto 5PM,"[""2"", ""4"", ""7""]",2-4-7,2025-02-20,17:00,4500,9,lottomatik,3DLS0000311
2DL-9PM,2D Lotto 9PM,"[""07"", ""07""]",07-07,2025-02-20,21:00,4000,3,lottomatik,2DLS0000312
3DL-9PM,3D Lotto 9PM,"[""7"", ""5"", ""2""]",7-5-2,2025-02-20,21:00,4500,2,lottomatik,3DLS0000312
6DL,6D Lotto,"[""9"", ""9"", ""9"", ""0"", ""9"", ""8""]",9-9-9-0-9-8,2025-02-20,21:00,1945056,1,lottomatik,6DLS0000045
LOTTO42,Lotto 6/42,"[""26"", ""29"", ""01"", ""11"", ""31"", ""36""]",26-29-01-11-31-36,2025-02-20,21:00,37004141.8,0,lottomatik,LOTTO42S0000045
SL49,Superlotto 6/49,"[""46"", ""02"", ""23"", ""24"", ""03"", ""36""]",46-02-23-24-03-36,2025-02-20,21:00,102517620.8,0,lottomatik,SL49S0000045
2DL-2PM,2D Lotto 2PM,"[""28"", ""04""]",28-04,2025-02-21,14:00,4000,0,lottomatik,2DLS0000313
3DL-2PM,3D Lotto 2PM,"[""1"", ""3"", ""9""]",1-3-9,2025-02-21,14:00,4500,0,lottomatik,3DLS0000313
2DL-5PM,2D Lotto 5PM,"[""20"", ""12""]",20-12,2025-02-21,17:00,4000,0,lottomatik,2DLS0000314
3DL-5PM,3D Lotto 5PM,"[""4"", ""0"", ""0""]",4-0-0,2025-02-21,17:00,4500,0,lottomatik,3DLS0000314
2DL-9PM,2D Lotto 9PM,"[""07"", ""02""]",07-02,2025-02-21,21:00,4000,0,lottomatik,2DLS0000315
3DL-9PM,3D Lotto 9PM,"[""2"", ""4"", ""7""]",2-4-7,2025-02-21,21:00,4500,7,lottomatik,3DLS0000315
4DL,4D Lotto,"[""0"", ""6"", ""9"", ""3""]",0-6-9-3,2025-02-21,21:00,1128537,9,lottomatik,4DLS0000045
ML45,Megalotto 6/45,"[""36"", ""08"", ""11"", ""43"", ""25"", ""14""]",36-08-11-43-25-14,2025-02-21,21:00,13567830,0,lottomatik,ML45S0000045
UL58,Ultra Lotto 6/58,"[""12"", ""55"", ""36"", ""10"", ""14"", ""40""]",12-55-36-10-14-40,2025-02-21,21:00,97588745.2,0,lottomatik,UL58S0000045
2DL-2PM,2D Lotto 2PM,"[""20"", ""25""]",20-25,2025-02-22,14:00,4000,2,lottomatik,2DLS0000316
3DL-2PM,3D Lotto 2PM,"[""8"", ""8"", ""2""]",8-8-2,2025-02-22,14:00,4500,0,lottomatik,3DLS0000316
2DL-5PM,2D Lotto 5PM,"[""11"", ""06""]",11-06,2025-02-22,17:00,4000,3,lottomatik,2DLS0000317
3DL-5PM,3D Lotto 5PM,"[""5"", ""9"", ""9""]",5-9-9,2025-02-22,17:00,4500,1,lottomatik,3DLS0000317
2DL-9PM,2D Lotto 9PM,"[""25"", ""14""]",25-14,2025-02-22,21:00,4000,0,lottomatik,2DLS0000318
3DL-9PM,3D Lotto 9PM,"[""9"", ""9"", ""8""]",9-9-8,2025-02-22,21:00,4500,0,lottomatik,3DLS0000318
6DL,6D Lotto,"[""1"", ""9"", ""6"", ""1"", ""7"", ""6""]",1-9-6-1-7-6,2025-02-22,21:00,150000,0,lottomatik,6DLS0000046
GL55,Grand Lotto 6/55,"[""04"", ""33"", ""45"", ""23"", ""47"", ""31""]",04-33-45-23-47-31,2025-02-22,21:00,81787952,0,lottomatik,GL55S0000046
LOTTO42,Lotto 6/42,"[""41"", ""35"", ""03"", ""20"", ""27"", ""09""]",41-35-03-20-27-09,2025-02-22,21:00,41681828.4,0,lottomatik,LOTTO42S0000046
2DL-2PM,2D Lotto 2PM,"[""25"", ""21""]",25-21,2025-02-23,14:00,4000,5,lottomatik,2DLS0000319
3DL-2PM,3D Lotto 2PM,"[""6"", ""9"", ""5""]",6-9-5,2025-02-23,14:00,4500,0,lottomatik,3DLS0000319
2DL-5PM,2D Lotto 5PM,"[""17"", ""21""]",17-21,2025-02-23,17:00,4000,0,lottomatik,2DLS0000320
3DL-5PM,3D Lotto 5PM,"[""5"", ""7"", ""6""]",5-7-6,2025-02-23,17:00,4500,0,lottomatik,3DLS0000320
2DL-9PM,2D Lotto 9PM,"[""26"", ""01""]",26-01,2025-02-23,21:00,4000,0,lottomatik,2DLS0000321
3DL-9PM,3D Lotto 9PM,"[""8"", ""9"", ""9""]",8-9-9,2025-02-23,21:00,4500,0,lottomatik,3DLS0000321
SL49,Superlotto 6/49,"[""40"", ""34"", ""32"", ""26"", ""21"", ""12""]",40-34-32-26-21-12,2025-02-23,21:00,109545674.8,1,lottomatik,SL49S0000046
UL58,Ultra Lotto 6/58,"[""54"", ""36"", ""22"", ""04"", ""31"", ""45""]",54-36-22-04-31-45,2025-02-23,21:00,102591752,0,lottomatik,UL58S0000046
2DL-2PM,2D Lotto 2PM,"[""09"", ""26""]",09-26,2025-02-24,14:00,4000,1,lottomatik,2DLS0000322
3DL-2PM,3D Lotto 2PM,"[""6"", ""3"", ""3""]",6-3-3,2025-02-24,14:00,4500,0,lottomatik,3DLS0000322
2DL-5PM,2D Lotto 5PM,"[""31"", ""29""]",31-29,2025-02-24,17:00,4000,0,lottomatik,2DLS0000323
3DL-5PM,3D Lotto 5PM,"[""4"", ""8"", ""1""]",4-8-1,2025-02-24,17:00,4500,0,lottomatik,3DLS0000323
2DL-9PM,2D Lotto 9PM,"[""29"", ""17""]",29-17,2025-02-24,21:00,4000,0,lottomatik,2DLS0000324
3DL-9PM,3D Lotto 9PM,"[""1"", ""2"", ""6""]",1-2-6,2025-02-24,21:00,4500,5,lottomatik,3DLS0000324
4DL,4D Lotto,"[""1"", ""1"", ""4"", ""6""]",1-1-4-6,2025-02-24,21:00,959115,43,lottomatik,4DLS0000046
GL55,Grand Lotto 6/55,"[""28"", ""06"", ""11"", ""43"", ""53"", ""13""]",28-06-11-43-53-13,2025-02-24,21:00,86411519,0,lottomatik,GL55S0000047
ML45,Megalotto 6/45,"[""06"", ""07"", ""45"", ""34"", ""21"", ""20""]",06-07-45-34-21-20,2025-02-24,21:00,17226904.2,0,lottomatik,ML45S0000046
2DL-2PM,2D Lotto 2PM,"[""02"", ""02""]",02-02,2025-02-25,14:00,4000,0,lottomatik,2DLS0000325
3DL-2PM,3D Lotto 2PM,"[""1"", ""0"", ""4""]",1-0-4,2025-02-25,14:00,4500,0,lottomatik,3DLS0000325
2DL-5PM,2D Lotto 5PM,"[""29"", ""11""]",29-11,2025-02-25,17:00,4000,0,lottomatik,2DLS0000326
3DL-5PM,3D Lotto 5PM,"[""0"", ""3"", ""7""]",0-3-7,2025-02-25,17:00,4500,0,lottomatik,3DLS0000326
2DL-9PM,2D Lotto 9PM,"[""12"", ""07""]",12-07,2025-02-25,21:00,4000,0,lottomatik,2DLS0000327
3DL-9PM,3D Lotto 9PM,"[""5"", ""7"", ""5""]",5-7-5,2025-02-25,21:00,4500,0,lottomatik,3DLS0000327
6DL,6D Lotto,"[""5"", ""6"", ""0"", ""4"", ""3"", ""4""]",5-6-0-4-3-4,2025-02-25,21:00,778402,0,lottomatik,6DLS0000047
LOTTO42,Lotto 6/42,"[""34"", ""22"", ""29"", ""35"", ""31"", ""17""]",34-22-29-35-31-17,2025-02-25,21:00,46479400.8,0,lottomatik,LOTTO42S0000047
SL49,Superlotto 6/49,"[""15"", ""03"", ""48"", ""49"", ""41"", ""31""]",15-03-48-49-41-31,2025-02-25,21:00,15840000,0,lottomatik,SL49S0000047
UL58,Ultra Lotto 6/58,"[""42"", ""10"", ""37"", ""03"", ""15"", ""43""]",42-10-37-03-15-43,2025-02-25,21:00,107895063.2,0,lottomatik,UL58S0000047
2DL-2PM,2D Lotto 2PM,"[""25"", ""18""]",25-18,2025-02-26,14:00,4000,4,lottomatik,2DLS0000328
3DL-2PM,3D Lotto 2PM,"[""0"", ""8"", ""1""]",0-8-1,2025-02-26,14:00,4500,0,lottomatik,3DLS0000328
2DL-5PM,2D Lotto 5PM,"[""27"", ""17""]",27-17,2025-02-26,17:00,4000,1,lottomatik,2DLS0000329
3DL-5PM,3D Lotto 5PM,"[""3"", ""6"", ""1""]",3-6-1,2025-02-26,17:00,4500,1,lottomatik,3DLS0000329
2DL-9PM,2D Lotto 9PM,"[""14"", ""24""]",14-24,2025-02-26,21:00,4000,0,lottomatik,2DLS0000330
3DL-9PM,3D Lotto 9PM,"[""8"", ""8"", ""5""]",8-8-5,2025-02-26,21:00,4500,0,lottomatik,3DLS0000330
4DL,4D Lotto,"[""2"", ""5"", ""1"", ""7""]",2-5-1-7,2025-02-26,21:00,970000,97,lottomatik,4DLS0000047
GL55,Grand Lotto 6/55,"[""14"", ""51"", ""28"", ""34"", ""53"", ""22""]",14-51-28-34-53-22,2025-02-26,21:00,91223540.2,0,lottomatik,GL55S0000048
ML45,Megalotto 6/45,"[""09"", ""35"", ""25"", ""16"", ""17"", ""08""]",09-35-25-16-17-08,2025-02-26,21:00,20949798.8,0,lottomatik,ML45S0000047
2DL-2PM,2D Lotto 2PM,"[""22"", ""09""]",22-09,2025-02-27,14:00,4000,0,lottomatik,2DLS0000331
3DL-2PM,3D Lotto 2PM,"[""3"", ""7"", ""2""]",3-7-2,2025-02-27,14:00,4500,0,lottomatik,3DLS0000331
2DL-5PM,2D Lotto 5PM,"[""26"", ""15""]",26-15,2025-02-27,17:00,4000,0,lottomatik,2DLS0000332
3DL-5PM,3D Lotto 5PM,"[""9"", ""6"", ""8""]",9-6-8,2025-02-27,17:00,4500,0,lottomatik,3DLS0000332
2DL-9PM,2D Lotto 9PM,"[""28"", ""19""]",28-19,2025-02-27,21:00,4000,2,lottomatik,2DLS0000333
3DL-9PM,3D Lotto 9PM,"[""8"", ""2"", ""8""]",8-2-8,2025-02-27,21:00,4500,3,lottomatik,3DLS0000333
6DL,6D Lotto,"[""1"", ""7"", ""0"", ""0"", ""3"", ""9""]",1-7-0-0-3-9,2025-02-27,21:00,1250869.92,0,lottomatik,6DLS0000048
LOTTO42,Lotto 6/42,"[""12"", ""36"", ""26"", ""25"", ""37"", ""10""]",12-36-26-25-37-10,2025-02-27,21:00,52280573.2,0,lottomatik,LOTTO42S0000048
SL49,Superlotto 6/49,"[""27"", ""42"", ""37"", ""33"", ""09"", ""13""]",27-42-37-33-09-13,2025-02-27,21:00,15840000,0,lottomatik,SL49S0000048
2DL-2PM,2D Lotto 2PM,"[""19"", ""09""]",19-09,2025-02-28,14:00,4000,1,lottomatik,2DLS0000334
3DL-2PM,3D Lotto 2PM,"[""3"", ""9"", ""0""]",3-9-0,2025-02-28,14:00,4500,2,lottomatik,3DLS0000334
2DL-5PM,2D Lotto 5PM,"[""29"", ""09""]",29-09,2025-02-28,17:00,4000,0,lottomatik,2DLS0000335
3DL-5PM,3D Lotto 5PM,"[""3"", ""5"", ""3""]",3-5-3,2025-02-28,17:00,4500,0,lottomatik,3DLS0000335
2DL-9PM,2D Lotto 9PM,"[""29"", ""08""]",29-08,2025-02-28,21:00,4000,6,lottomatik,2DLS0000336
3DL-9PM,3D Lotto 9PM,"[""6"", ""1"", ""7""]",6-1-7,2025-02-28,21:00,4500,1,lottomatik,3DLS0000336
4DL,4D Lotto,"[""2"", ""3"", ""1"", ""7""]",2-3-1-7,2025-02-28,21:00,480000,48,lottomatik,4DLS0000048
ML45,Megalotto 6/45,"[""02"", ""17"", ""01"", ""04"", ""39"", ""09""]",02-17-01-04-39-09,2025-02-28,21:00,24976503.4,0,lottomatik,ML45S0000048
UL58,Ultra Lotto 6/58,"[""46"", ""24"", ""28"", ""27"", ""56"", ""13""]",46-24-28-27-56-13,2025-02-28,21:00,114555462,0,lottomatik,UL58S0000048
2DL-2PM,2D Lotto 2PM,"[""09"", ""05""]",09-05,2025-03-01,14:00,4000,0,lottomatik,2DLS0000337
3DL-2PM,3D Lotto 2PM,"[""6"", ""2"", ""9""]",6-2-9,2025-03-01,14:00,4500,0,lottomatik,3DLS0000337
2DL-5PM,2D Lotto 5PM,"[""07"", ""06""]",07-06,2025-03-01,17:00,4000,0,lottomatik,2DLS0000338
3DL-5PM,3D Lotto 5PM,"[""8"", ""1"", ""0""]",8-1-0,2025-03-01,17:00,4500,0,lottomatik,3DLS0000338
2DL-9PM,2D Lotto 9PM,"[""26"", ""28""]",26-28,2025-03-01,21:00,4000,2,lottomatik,2DLS0000339
3DL-9PM,3D Lotto 9PM,"[""2"", ""7"", ""5""]",2-7-5,2025-03-01,21:00,4500,2,lottomatik,3DLS0000339
6DL,6D Lotto,"[""8"", ""8"", ""7"", ""5"", ""4"", ""1""]",8-8-7-5-4-1,2025-03-01,21:00,1813655.68,0,lottomatik,6DLS0000049
GL55,Grand Lotto 6/55,"[""04"", ""51"", ""41"", ""44"", ""43"", ""31""]",04-51-41-44-43-31,2025-03-01,21:00,96228170.2,0,lottomatik,GL55S0000049
LOTTO42,Lotto 6/42,"[""33"", ""22"", ""31"", ""04"", ""36"", ""07""]",33-22-31-04-36-07,2025-03-01,21:00,57844701.4,0,lottomatik,LOTTO42S0000049
2DL-2PM,2D Lotto 2PM,"[""03"", ""07""]",03-07,2025-03-02,14:00,4000,2,lottomatik,2DLS0000340
3DL-2PM,3D Lotto 2PM,"[""2"", ""1"", ""1""]",2-1-1,2025-03-02,14:00,4500,4,lottomatik,3DLS0000340
2DL-5PM,2D Lotto 5PM,"[""25"", ""13""]",25-13,2025-03-02,17:00,4000,0,lottomatik,2DLS0000341
3DL-5PM,3D Lotto 5PM,"[""7"", ""3"", ""4""]",7-3-4,2025-03-02,17:00,4500,0,lottomatik,3DLS0000341
2DL-9PM,2D Lotto 9PM,"[""03"", ""05""]",03-05,2025-03-02,21:00,4000,6,lottomatik,2DLS0000342
3DL-9PM,3D Lotto 9PM,"[""6"", ""9"", ""2""]",6-9-2,2025-03-02,21:00,4500,2,lottomatik,3DLS0000342
SL49,Superlotto 6/49,"[""26"", ""06"", ""24"", ""08"", ""37"", ""25""]",26-06-24-08-37-25,2025-03-02,21:00,15840000,0,lottomatik,SL49S0000049
UL58,Ultra Lotto 6/58,"[""02"", ""29"", ""45"", ""11"", ""36"", ""24""]",02-29-45-11-36-24,2025-03-02,21:00,121106705.6,0,lottomatik,UL58S0000049
2DL-2PM,2D Lotto 2PM,"[""23"", ""06""]",23-06,2025-03-03,14:00,4000,2,lottomatik,2DLS0000343
3DL-2PM,3D Lotto 2PM,"[""8"", ""5"", ""2""]",8-5-2,2025-03-03,14:00,4500,10,lottomatik,3DLS0000343
2DL-5PM,2D Lotto 5PM,"[""07"", ""27""]",07-27,2025-03-03,17:00,4000,2,lottomatik,2DLS0000344
3DL-5PM,3D Lotto 5PM,"[""5"", ""1"", ""1""]",5-1-1,2025-03-03,17:00,4500,0,lottomatik,3DLS0000344
2DL-9PM,2D Lotto 9PM,"[""16"", ""06""]",16-06,2025-03-03,21:00,4000,2,lottomatik,2DLS0000345
3DL-9PM,3D Lotto 9PM,"[""7"", ""4"", ""8""]",7-4-8,2025-03-03,21:00,4500,0,lottomatik,3DLS0000345
4DL,4D Lotto,"[""5"", ""6"", ""3"", ""6""]",5-6-3-6,2025-03-03,21:00,982960,11,lottomatik,4DLS0000049
GL55,Grand Lotto 6/55,"[""02"", ""28"", ""04"", ""46"", ""11"", ""49""]",02-28-04-46-11-49,2025-03-03,21:00,101470284.4,0,lottomatik,GL55S0000050
ML45,Megalotto 6/45,"[""11"", ""22"", ""14"", ""04"", ""40"", ""17""]",11-22-14-04-40-17,2025-03-03,21:00,29092478.6,0,lottomatik,ML45S0000049
2DL-2PM,2D Lotto 2PM,"[""09"", ""03""]",09-03,2025-03-04,14:00,4000,19,lottomatik,2DLS0000346
3DL-2PM,3D Lotto 2PM,"[""6"", ""3"", ""6""]",6-3-6,2025-03-04,14:00,4500,4,lottomatik,3DLS0000346
2DL-5PM,2D Lotto 5PM,"[""01"", ""04""]",01-04,2025-03-04,17:00,4000,2,lottomatik,2DLS0000347
3DL-5PM,3D Lotto 5PM,"[""7"", ""7"", ""3""]",7-7-3,2025-03-04,17:00,4500,0,lottomatik,3DLS0000347
2DL-9PM,2D Lotto 9PM,"[""08"", ""24""]",08-24,2025-03-04,21:00,4000,2,lottomatik,2DLS0000348
3DL-9PM,3D Lotto 9PM,"[""9"", ""8"", ""8""]",9-8-8,2025-03-04,21:00,4500,1,lottomatik,3DLS0000348
6DL,6D Lotto,"[""5"", ""2"", ""6"", ""8"", ""9"", ""8""]",5-2-6-8-9-8,2025-03-04,21:00,2543102.04,0,lottomatik,6DLS0000050
LOTTO42,Lotto 6/42,"[""12"", ""35"", ""41"", ""25"", ""16"", ""40""]",12-35-41-25-16-40,2025-03-04,21:00,63341802.8,0,lottomatik,LOTTO42S0000050
SL49,Superlotto 6/49,"[""25"", ""38"", ""02"", ""03"", ""41"", ""07""]",25-38-02-03-41-07,2025-03-04,21:00,15840000,0,lottomatik,SL49S0000050
UL58,Ultra Lotto 6/58,"[""55"", ""34"", ""16"", ""14"", ""01"", ""04""]",55-34-16-14-01-04,2025-03-04,21:00,126896986.8,0,lottomatik,UL58S0000050
2DL-2PM,2D Lotto 2PM,"[""17"", ""21""]",17-21,2025-03-05,14:00,4000,0,lottomatik,2DLS0000349
3DL-2PM,3D Lotto 2PM,"[""2"", ""2"", ""9""]",2-2-9,2025-03-05,14:00,4500,3,lottomatik,3DLS0000349
2DL-5PM,2D Lotto 5PM,"[""24"", ""13""]",24-13,2025-03-05,17:00,4000,0,lottomatik,2DLS0000350
3DL-5PM,3D Lotto 5PM,"[""8"", ""5"", ""3""]",8-5-3,2025-03-05,17:00,4500,0,lottomatik,3DLS0000350
2DL-9PM,2D Lotto 9PM,"[""19"", ""03""]",19-03,2025-03-05,21:00,4000,22,lottomatik,2DLS0000351
3DL-9PM,3D Lotto 9PM,"[""8"", ""6"", ""9""]",8-6-9,2025-03-05,21:00,4500,0,lottomatik,3DLS0000351
4DL,4D Lotto,"[""1"", ""4"", ""9"", ""4""]",1-4-9-4,2025-03-05,21:00,1048591,19,lottomatik,4DLS0000050
GL55,Grand Lotto 6/55,"[""13"", ""49"", ""48"", ""30"", ""17"", ""03""]",13-49-48-30-17-03,2025-03-05,21:00,106752480,0,lottomatik,GL55S0000051
ML45,Megalotto 6/45,"[""02"", ""41"", ""11"", ""24"", ""03"", ""36""]",02-41-11-24-03-36,2025-03-05,21:00,32987800.8,0,lottomatik,ML45S0000050
2DL-2PM,2D Lotto 2PM,"[""07"", ""11""]",07-11,2025-03-06,14:00,4000,0,lottomatik,2DLS0000352
3DL-2PM,3D Lotto 2PM,"[""7"", ""4"", ""4""]",7-4-4,2025-03-06,14:00,4500,2,lottomatik,3DLS0000352
2DL-5PM,2D Lotto 5PM,"[""26"", ""15""]",26-15,2025-03-06,17:00,4000,0,lottomatik,2DLS0000353
3DL-5PM,3D Lotto 5PM,"[""2"", ""2"", ""1""]",2-2-1,2025-03-06,17:00,4500,0,lottomatik,3DLS0000353
2DL-9PM,2D Lotto 9PM,"[""30"", ""01""]",30-01,2025-03-06,21:00,4000,5,lottomatik,2DLS0000354
3DL-9PM,3D Lotto 9PM,"[""9"", ""1"", ""6""]",9-1-6,2025-03-06,21:00,4500,0,lottomatik,3DLS0000354
6DL,6D Lotto,"[""9"", ""7"", ""3"", ""0"", ""6"", ""6""]",9-7-3-0-6-6,2025-03-06,21:00,2785478.68,0,lottomatik,6DLS0000051
LOTTO42,Lotto 6/42,"[""35"", ""42"", ""07"", ""34"", ""03"", ""41""]",35-42-07-34-03-41,2025-03-06,21:00,69536644.8,0,lottomatik,LOTTO42S0000051
SL49,Superlotto 6/49,"[""11"", ""31"", ""20"", ""39"", ""18"", ""16""]",11-31-20-39-18-16,2025-03-06,21:00,15978767,0,lottomatik,SL49S0000051
2DL-2PM,2D Lotto 2PM,"[""19"", ""02""]",19-02,2025-03-07,14:00,4000,1,lottomatik,2DLS0000355
3DL-2PM,3D Lotto 2PM,"[""0"", ""2"", ""1""]",0-2-1,2025-03-07,14:00,4500,1,lottomatik,3DLS0000355
2DL-5PM,2D Lotto 5PM,"[""16"", ""30""]",16-30,2025-03-07,17:00,4000,0,lottomatik,2DLS0000356
3DL-5PM,3D Lotto 5PM,"[""3"", ""8"", ""0""]",3-8-0,2025-03-07,17:00,4500,4,lottomatik,3DLS0000356
2DL-9PM,2D Lotto 9PM,"[""18"", ""11""]",18-11,2025-03-07,21:00,4000,2,lottomatik,2DLS0000357
3DL-9PM,3D Lotto 9PM,"[""9"", ""7"", ""6""]",9-7-6,2025-03-07,21:00,4500,1,lottomatik,3DLS0000357
4DL,4D Lotto,"[""7"", ""8"", ""1"", ""0""]",7-8-1-0,2025-03-07,21:00,448672,28,lottomatik,4DLS0000051
ML45,Megalotto 6/45,"[""21"", ""30"", ""15"", ""11"", ""41"", ""02""]",21-30-15-11-41-02,2025-03-07,21:00,37101441.6,1,lottomatik,ML45S0000051
UL58,Ultra Lotto 6/58,"[""01"", ""29"", ""12"", ""44"", ""30"", ""11""]",01-29-12-44-30-11,2025-03-07,21:00,133632410,0,lottomatik,UL58S0000051
2DL-2PM,2D Lotto 2PM,"[""18"", ""05""]",18-05,2025-03-08,14:00,4000,3,lottomatik,2DLS0000358
3DL-2PM,3D Lotto 2PM,"[""9"", ""8"", ""8""]",9-8-8,2025-03-08,14:00,4500,0,lottomatik,3DLS0000358
2DL-5PM,2D Lotto 5PM,"[""04"", ""04""]",04-04,2025-03-08,17:00,4000,1,lottomatik,2DLS0000359
3DL-5PM,3D Lotto 5PM,"[""4"", ""0"", ""8""]",4-0-8,2025-03-08,17:00,4500,1,lottomatik,3DLS0000359
2DL-9PM,2D Lotto 9PM,"[""30"", ""31""]",30-31,2025-03-08,21:00,4000,1,lottomatik,2DLS0000360
3DL-9PM,3D Lotto 9PM,"[""4"", ""3"", ""4""]",4-3-4,2025-03-08,21:00,4500,2,lottomatik,3DLS0000360
6DL,6D Lotto,"[""1"", ""4"", ""5"", ""3"", ""3"", ""3""]",1-4-5-3-3-3,2025-03-08,21:00,3347040.84,0,lottomatik,6DLS0000052
GL55,Grand Lotto 6/55,"[""41"", ""30"", ""23"", ""33"", ""55"", ""42""]",41-30-23-33-55-42,2025-03-08,21:00,112135272.8,0,lottomatik,GL55S0000052
LOTTO42,Lotto 6/42,"[""30"", ""10"", ""22"", ""35"", ""01"", ""40""]",30-10-22-35-01-40,2025-03-08,21:00,75293682.4,0,lottomatik,LOTTO42S0000052
2DL-2PM,2D Lotto 2PM,"[""22"", ""29""]",22-29,2025-03-09,14:00,4000,0,lottomatik,2DLS0000361
3DL-2PM,3D Lotto 2PM,"[""9"", ""4"", ""0""]",9-4-0,2025-03-09,14:00,4500,1,lottomatik,3DLS0000361
2DL-5PM,2D Lotto 5PM,"[""03"", ""31""]",03-31,2025-03-09,17:00,4000,4,lottomatik,2DLS0000362
3DL-5PM,3D Lotto 5PM,"[""3"", ""3"", ""4""]",3-3-4,2025-03-09,17:00,4500,0,lottomatik,3DLS0000362
2DL-9PM,2D Lotto 9PM,"[""26"", ""31""]",26-31,2025-03-09,21:00,4000,1,lottomatik,2DLS0000363
3DL-9PM,3D Lotto 9PM,"[""6"", ""9"", ""0""]",6-9-0,2025-03-09,21:00,4500,1,lottomatik,3DLS0000363
SL49,Superlotto 6/49,"[""42"", ""21"", ""07"", ""41"", ""08"", ""04""]",42-21-07-41-08-04,2025-03-09,21:00,19640464,0,lottomatik,SL49S0000052
UL58,Ultra Lotto 6/58,"[""04"", ""03"", ""36"", ""23"", ""46"", ""15""]",04-03-36-23-46-15,2025-03-09,21:00,140360634.8,0,lottomatik,UL58S0000052
2DL-2PM,2D Lotto 2PM,"[""29"", ""31""]",29-31,2025-03-10,14:00,4000,2,lottomatik,2DLS0000364
3DL-2PM,3D Lotto 2PM,"[""1"", ""7"", ""4""]",1-7-4,2025-03-10,14:00,4500,9,lottomatik,3DLS0000364
2DL-5PM,2D Lotto 5PM,"[""21"", ""30""]",21-30,2025-03-10,17:00,4000,0,lottomatik,2DLS0000365
3DL-5PM,3D Lotto 5PM,"[""7"", ""6"", ""2""]",7-6-2,2025-03-10,17:00,4500,0,lottomatik,3DLS0000365
2DL-9PM,2D Lotto 9PM,"[""28"", ""03""]",28-03,2025-03-10,21:00,4000,1,lottomatik,2DLS0000366
3DL-9PM,3D Lotto 9PM,"[""5"", ""7"", ""0""]",5-7-0,2025-03-10,21:00,4500,1,lottomatik,3DLS0000366
4DL,4D Lotto,"[""1"", ""9"", ""4"", ""8""]",1-9-4-8,2025-03-10,21:00,1440000,144,lottomatik,4DLS0000052
GL55,Grand Lotto 6/55,"[""20"", ""13"", ""09"", ""34"", ""01"", ""08""]",20-13-09-34-01-08,2025-03-10,21:00,117917202.8,0,lottomatik,GL55S0000053
ML45,Megalotto 6/45,"[""22"", ""30"", ""10"", ""18"", ""33"", ""04""]",22-30-10-18-33-04,2025-03-10,21:00,8910000,0,lottomatik,ML45S0000052
2DL-2PM,2D Lotto 2PM,"[""26"", ""23""]",26-23,2025-03-11,14:00,4000,1,lottomatik,2DLS0000367
3DL-2PM,3D Lotto 2PM,"[""0"", ""5"", ""7""]",0-5-7,2025-03-11,14:00,4500,0,lottomatik,3DLS0000367
2DL-5PM,2D Lotto 5PM,"[""25"", ""17""]",25-17,2025-03-11,17:00,4000,0,lottomatik,2DLS0000368
3DL-5PM,3D Lotto 5PM,"[""4"", ""3"", ""6""]",4-3-6,2025-03-11,17:00,4500,0,lottomatik,3DLS0000368
2DL-9PM,2D Lotto 9PM,"[""22"", ""15""]",22-15,2025-03-11,21:00,4000,2,lottomatik,2DLS0000369
3DL-9PM,3D Lotto 9PM,"[""9"", ""3"", ""4""]",9-3-4,2025-03-11,21:00,4500,4,lottomatik,3DLS0000369
6DL,6D Lotto,"[""8"", ""0"", ""2"", ""3"", ""9"", ""4""]",8-0-2-3-9-4,2025-03-11,21:00,3953197.76,0,lottomatik,6DLS0000053
LOTTO42,Lotto 6/42,"[""13"", ""06"", ""09"", ""21"", ""35"", ""08""]",13-06-09-21-35-08,2025-03-11,21:00,81270210.2,0,lottomatik,LOTTO42S0000053
SL49,Superlotto 6/49,"[""41"", ""36"", ""25"", ""47"", ""23"", ""33""]",41-36-25-47-23-33,2025-03-11,21:00,22413109.8,0,lottomatik,SL49S0000053
UL58,Ultra Lotto 6/58,"[""45"", ""21"", ""25"", ""35"", ""11"", ""37""]",45-21-25-35-11-37,2025-03-11,21:00,146169189.2,0,lottomatik,UL58S0000053
2DL-2PM,2D Lotto 2PM,"[""07"", ""07""]",07-07,2025-03-12,14:00,4000,1,lottomatik,2DLS0000370
3DL-2PM,3D Lotto 2PM,"[""8"", ""5"", ""3""]",8-5-3,2025-03-12,14:00,4500,12,lottomatik,3DLS0000370
2DL-5PM,2D Lotto 5PM,"[""26"", ""18""]",26-18,2025-03-12,17:00,4000,2,lottomatik,2DLS0000371
3DL-5PM,3D Lotto 5PM,"[""7"", ""6"", ""1""]",7-6-1,2025-03-12,17:00,4500,0,lottomatik,3DLS0000371
2DL-9PM,2D Lotto 9PM,"[""12"", ""21""]",12-21,2025-03-12,21:00,4000,5,lottomatik,2DLS0000372
3DL-9PM,3D Lotto 9PM,"[""8"", ""2"", ""1""]",8-2-1,2025-03-12,21:00,4500,4,lottomatik,3DLS0000372
4DL,4D Lotto,"[""8"", ""4"", ""1"", ""7""]",8-4-1-7,2025-03-12,21:00,317412,18,lottomatik,4DLS0000053
GL55,Grand Lotto 6/55,"[""07"", ""09"", ""17"", ""13"", ""24"", ""35""]",07-09-17-13-24-35,2025-03-12,21:00,123558896,0,lottomatik,GL55S0000054
ML45,Megalotto 6/45,"[""09"", ""33"", ""30"", ""31"", ""40"", ""17""]",09-33-30-31-40-17,2025-03-12,21:00,8910000,0,lottomatik,ML45S0000053
2DL-2PM,2D Lotto 2PM,"[""21"", ""29""]",21-29,2025-03-13,14:00,4000,0,lottomatik,2DLS0000373
3DL-2PM,3D Lotto 2PM,"[""4"", ""1"", ""6""]",4-1-6,2025-03-13,14:00,4500,5,lottomatik,3DLS0000373
2DL-5PM,2D Lotto 5PM,"[""20"", ""01""]",20-01,2025-03-13,17:00,4000,0,lottomatik,2DLS0000374
3DL-5PM,3D Lotto 5PM,"[""6"", ""9"", ""7""]",6-9-7,2025-03-13,17:00,4500,0,lottomatik,3DLS0000374
2DL-9PM,2D Lotto 9PM,"[""02"", ""16""]",02-16,2025-03-13,21:00,4000,2,lottomatik,2DLS0000375
3DL-9PM,3D Lotto 9PM,"[""7"", ""7"", ""8""]",7-7-8,2025-03-13,21:00,4500,5,lottomatik,3DLS0000375
6DL,6D Lotto,"[""5"", ""8"", ""1"", ""6"", ""7"", ""4""]",5-8-1-6-7-4,2025-03-13,21:00,4522085,1,lottomatik,6DLS0000054
LOTTO42,Lotto 6/42,"[""01"", ""35"", ""12"", ""30"", ""42"", ""21""]",01-35-12-30-42-21,2025-03-13,21:00,87958304.2,0,lottomatik,LOTTO42S0000054
SL49,Superlotto 6/49,"[""14"", ""30"", ""06"", ""19"", ""38"", ""40""]",14-30-06-19-38-40,2025-03-13,21:00,25767600.8,0,lottomatik,SL49S0000054
2DL-2PM,2D Lotto 2PM,"[""22"", ""04""]",22-04,2025-03-14,14:00,4000,2,lottomatik,2DLS0000376
3DL-2PM,3D Lotto 2PM,"[""8"", ""5"", ""6""]",8-5-6,2025-03-14,14:00,4500,3,lottomatik,3DLS0000376
2DL-5PM,2D Lotto 5PM,"[""30"", ""04""]",30-04,2025-03-14,17:00,4000,0,lottomatik,2DLS0000377
3DL-5PM,3D Lotto 5PM,"[""8"", ""4"", ""9""]",8-4-9,2025-03-14,17:00,4500,0,lottomatik,3DLS0000377
2DL-9PM,2D Lotto 9PM,"[""01"", ""28""]",01-28,2025-03-14,21:00,4000,0,lottomatik,2DLS0000378
3DL-9PM,3D Lotto 9PM,"[""1"", ""6"", ""9""]",1-6-9,2025-03-14,21:00,4500,1,lottomatik,3DLS0000378
4DL,4D Lotto,"[""7"", ""1"", ""8"", ""7""]",7-1-8-7,2025-03-14,21:00,1018495,19,lottomatik,4DLS0000054
ML45,Megalotto 6/45,"[""31"", ""01"", ""34"", ""33"", ""22"", ""16""]",31-01-34-33-22-16,2025-03-14,21:00,10076090.8,0,lottomatik,ML45S0000054
UL58,Ultra Lotto 6/58,"[""14"", ""44"", ""29"", ""09"", ""31"", ""02""]",14-44-29-09-31-02,2025-03-14,21:00,153317306,0,lottomatik,UL58S0000054
2DL-2PM,2D Lotto 2PM,"[""27"", ""06""]",27-06,2025-03-15,14:00,4000,0,lottomatik,2DLS0000379
3DL-2PM,3D Lotto 2PM,"[""6"", ""4"", ""7""]",6-4-7,2025-03-15,14:00,4500,23,lottomatik,3DLS0000379
2DL-5PM,2D Lotto 5PM,"[""20"", ""31""]",20-31,2025-03-15,17:00,4000,0,lottomatik,2DLS0000380
3DL-5PM,3D Lotto 5PM,"[""3"", ""9"", ""1""]",3-9-1,2025-03-15,17:00,4500,2,lottomatik,3DLS0000380
2DL-9PM,2D Lotto 9PM,"[""01"", ""03""]",01-03,2025-03-15,21:00,4000,4,lottomatik,2DLS0000381
3DL-9PM,3D Lotto 9PM,"[""4"", ""4"", ""3""]",4-4-3,2025-03-15,21:00,4500,4,lottomatik,3DLS0000381
6DL,6D Lotto,"[""5"", ""1"", ""5"", ""2"", ""4"", ""7""]",5-1-5-2-4-7,2025-03-15,21:00,231709.24,0,lottomatik,6DLS0000055
GL55,Grand Lotto 6/55,"[""37"", ""34"", ""19"", ""32"", ""39"", ""54""]",37-34-19-32-39-54,2025-03-15,21:00,129240435.6,0,lottomatik,GL55S0000055
LOTTO42,Lotto 6/42,"[""41"", ""04"", ""21"", ""22"", ""17"", ""01""]",41-04-21-22-17-01,2025-03-15,21:00,94246294.8,0,lottomatik,LOTTO42S0000055
2DL-2PM,2D Lotto 2PM,"[""02"", ""03""]",02-03,2025-03-16,14:00,4000,2,lottomatik,2DLS0000382
3DL-2PM,3D Lotto 2PM,"[""2"", ""9"", ""4""]",2-9-4,2025-03-16,14:00,4500,2,lottomatik,3DLS0000382
2DL-5PM,2D Lotto 5PM,"[""09"", ""08""]",09-08,2025-03-16,17:00,4000,0,lottomatik,2DLS0000383
3DL-5PM,3D Lotto 5PM,"[""6"", ""5"", ""8""]",6-5-8,2025-03-16,17:00,4500,0,lottomatik,3DLS0000383
2DL-9PM,2D Lotto 9PM,"[""15"", ""08""]",15-08,2025-03-16,21:00,4000,1,lottomatik,2DLS0000384
3DL-9PM,3D Lotto 9PM,"[""5"", ""1"", ""6""]",5-1-6,2025-03-16,21:00,4500,1,lottomatik,3DLS0000384
SL49,Superlotto 6/49,"[""28"", ""07"", ""35"", ""05"", ""31"", ""16""]",28-07-35-05-31-16,2025-03-16,21:00,29573368.4,0,lottomatik,SL49S0000055
UL58,Ultra Lotto 6/58,"[""47"", ""53"", ""50"", ""52"", ""49"", ""22""]",47-53-50-52-49-22,2025-03-16,21:00,160056337.2,0,lottomatik,UL58S0000055
2DL-2PM,2D Lotto 2PM,"[""29"", ""25""]",29-25,2025-03-17,14:00,4000,1,lottomatik,2DLS0000385
3DL-2PM,3D Lotto 2PM,"[""3"", ""9"", ""4""]",3-9-4,2025-03-17,14:00,4500,2,lottomatik,3DLS0000385
2DL-5PM,2D Lotto 5PM,"[""04"", ""08""]",04-08,2025-03-17,17:00,4000,2,lottomatik,2DLS0000386
3DL-5PM,3D Lotto 5PM,"[""1"", ""7"", ""0""]",1-7-0,2025-03-17,17:00,4500,9,lottomatik,3DLS0000386
2DL-9PM,2D Lotto 9PM,"[""21"", ""05""]",21-05,2025-03-17,21:00,4000,3,lottomatik,2DLS0000387
3DL-9PM,3D Lotto 9PM,"[""4"", ""7"", ""8""]",4-7-8,2025-03-17,21:00,4500,1,lottomatik,3DLS0000387
4DL,4D Lotto,"[""8"", ""7"", ""7"", ""8""]",8-7-7-8,2025-03-17,21:00,909400,25,lottomatik,4DLS0000055
GL55,Grand Lotto 6/55,"[""06"", ""12"", ""41"", ""34"", ""44"", ""50""]",06-12-41-34-44-50,2025-03-17,21:00,135222477.6,0,lottomatik,GL55S0000056
ML45,Megalotto 6/45,"[""34"", ""45"", ""31"", ""40"", ""28"", ""42""]",34-45-31-40-28-42,2025-03-17,21:00,13678563.4,0,lottomatik,ML45S0000055
2DL-2PM,2D Lotto 2PM,"[""14"", ""01""]",14-01,2025-03-18,14:00,4000,1,lottomatik,2DLS0000388
3DL-2PM,3D Lotto 2PM,"[""6"", ""6"", ""6""]",6-6-6,2025-03-18,14:00,4500,1,lottomatik,3DLS0000388
2DL-5PM,2D Lotto 5PM,"[""21"", ""08""]",21-08,2025-03-18,17:00,4000,0,lottomatik,2DLS0000389
3DL-5PM,3D Lotto 5PM,"[""3"", ""5"", ""8""]",3-5-8,2025-03-18,17:00,4500,1,lottomatik,3DLS0000389
2DL-9PM,2D Lotto 9PM,"[""26"", ""06""]",26-06,2025-03-18,21:00,4000,0,lottomatik,2DLS0000390
3DL-9PM,3D Lotto 9PM,"[""7"", ""3"", ""9""]",7-3-9,2025-03-18,21:00,4500,6,lottomatik,3DLS0000390
6DL,6D Lotto,"[""6"", ""6"", ""3"", ""3"", ""5"", ""6""]",6-6-3-3-5-6,2025-03-18,21:00,643006,2,lottomatik,6DLS0000056
LOTTO42,Lotto 6/42,"[""19"", ""02"", ""21"", ""13"", ""16"", ""22""]",19-02-21-13-16-22,2025-03-18,21:00,100890109.2,1,lottomatik,LOTTO42S0000056
SL49,Superlotto 6/49,"[""13"", ""10"", ""02"", ""40"", ""29"", ""38""]",13-10-02-40-29-38,2025-03-18,21:00,32428638.4,0,lottomatik,SL49S0000056
UL58,Ultra Lotto 6/58,"[""21"", ""52"", ""23"", ""11"", ""10"", ""05""]",21-52-23-11-10-05,2025-03-18,21:00,165890270.8,0,lottomatik,UL58S0000056
2DL-2PM,2D Lotto 2PM,"[""09"", ""31""]",09-31,2025-03-19,14:00,4000,0,lottomatik,2DLS0000391
3DL-2PM,3D Lotto 2PM,"[""7"", ""3"", ""4""]",7-3-4,2025-03-19,14:00,4500,0,lottomatik,3DLS0000391
2DL-5PM,2D Lotto 5PM,"[""07"", ""12""]",07-12,2025-03-19,17:00,4000,3,lottomatik,2DLS0000392
3DL-5PM,3D Lotto 5PM,"[""1"", ""0"", ""8""]",1-0-8,2025-03-19,17:00,4500,2,lottomatik,3DLS0000392
2DL-9PM,2D Lotto 9PM,"[""11"", ""30""]",11-30,2025-03-19,21:00,4000,1,lottomatik,2DLS0000393
3DL-9PM,3D Lotto 9PM,"[""2"", ""3"", ""7""]",2-3-7,2025-03-19,21:00,4500,11,lottomatik,3DLS0000393
4DL,4D Lotto,"[""0"", ""2"", ""6"", ""8""]",0-2-6-8,2025-03-19,21:00,776805,15,lottomatik,4DLS0000056
GL55,Grand Lotto 6/55,"[""16"", ""38"", ""37"", ""25"", ""36"", ""04""]",16-38-37-25-36-04,2025-03-19,21:00,141037812.4,0,lottomatik,GL55S0000057
ML45,Megalotto 6/45,"[""38"", ""04"", ""39"", ""44"", ""23"", ""34""]",38-04-39-44-23-34,2025-03-19,21:00,17138037.8,0,lottomatik,ML45S0000056
2DL-2PM,2D Lotto 2PM,"[""09"", ""26""]",09-26,2025-03-20,14:00,4000,0,lottomatik,2DLS0000394
3DL-2PM,3D Lotto 2PM,"[""2"", ""6"", ""2""]",2-6-2,2025-03-20,14:00,4500,0,lottomatik,3DLS0000394
2DL-5PM,2D Lotto 5PM,"[""29"", ""17""]",29-17,2025-03-20,17:00,4000,0,lottomatik,2DLS0000395
3DL-5PM,3D Lotto 5PM,"[""1"", ""1"", ""8""]",1-1-8,2025-03-20,17:00,4500,0,lottomatik,3DLS0000395
2DL-9PM,2D Lotto 9PM,"[""06"", ""04""]",06-04,2025-03-20,21:00,4000,1,lottomatik,2DLS0000396
3DL-9PM,3D Lotto 9PM,"[""9"", ""4"", ""6""]",9-4-6,2025-03-20,21:00,4500,7,lottomatik,3DLS0000396
6DL,6D Lotto,"[""8"", ""2"", ""5"", ""8"", ""4"", ""9""]",8-2-5-8-4-9,2025-03-20,21:00,388063.52,0,lottomatik,6DLS0000057
LOTTO42,Lotto 6/42,"[""02"", ""14"", ""36"", ""03"", ""15"", ""33""]",02-14-36-03-15-33,2025-03-20,21:00,5940000,0,lottomatik,LOTTO42S0000057
SL49,Superlotto 6/49,"[""32"", ""01"", ""33"", ""27"", ""05"", ""21""]",32-01-33-27-05-21,2025-03-20,21:00,36829309.4,0,lottomatik,SL49S0000057
2DL-2PM,2D Lotto 2PM,"[""29"", ""13""]",29-13,2025-03-21,14:00,4000,0,lottomatik,2DLS0000397
3DL-2PM,3D Lotto 2PM,"[""3"", ""9"", ""2""]",3-9-2,2025-03-21,14:00,4500,1,lottomatik,3DLS0000397
2DL-5PM,2D Lotto 5PM,"[""09"", ""23""]",09-23,2025-03-21,17:00,4000,3,lottomatik,2DLS0000398
3DL-5PM,3D Lotto 5PM,"[""9"", ""3"", ""1""]",9-3-1,2025-03-21,17:00,4500,12,lottomatik,3DLS0000398
2DL-9PM,2D Lotto 9PM,"[""04"", ""27""]",04-27,2025-03-21,21:00,4000,2,lottomatik,2DLS0000399
3DL-9PM,3D Lotto 9PM,"[""2"", ""1"", ""1""]",2-1-1,2025-03-21,21:00,4500,2,lottomatik,3DLS0000399
4DL,4D Lotto,"[""1"", ""5"", ""0"", ""2""]",1-5-0-2,2025-03-21,21:00,950774,22,lottomatik,4DLS0000057
ML45,Megalotto 6/45,"[""20"", ""31"", ""01"", ""29"", ""45"", ""15""]",20-31-01-29-45-15,2025-03-21,21:00,20796402.8,0,lottomatik,ML45S0000057
UL58,Ultra Lotto 6/58,"[""40"", ""45"", ""07"", ""52"", ""21"", ""20""]",40-45-07-52-21-20,2025-03-21,21:00,173263799.6,0,lottomatik,UL58S0000057
2DL-2PM,2D Lotto 2PM,"[""28"", ""28""]",28-28,2025-03-22,14:00,4000,0,lottomatik,2DLS0000400
3DL-2PM,3D Lotto 2PM,"[""0"", ""1"", ""1""]",0-1-1,2025-03-22,14:00,4500,4,lottomatik,3DLS0000400
2DL-5PM,2D Lotto 5PM,"[""27"", ""30""]",27-30,2025-03-22,17:00,4000,0,lottomatik,2DLS0000401
3DL-5PM,3D Lotto 5PM,"[""4"", ""3"", ""4""]",4-3-4,2025-03-22,17:00,4500,2,lottomatik,3DLS0000401
2DL-9PM,2D Lotto 9PM,"[""05"", ""14""]",05-14,2025-03-22,21:00,4000,2,lottomatik,2DLS0000402
3DL-9PM,3D Lotto 9PM,"[""4"", ""9"", ""2""]",4-9-2,2025-03-22,21:00,4500,13,lottomatik,3DLS0000402
6DL,6D Lotto,"[""0"", ""5"", ""4"", ""7"", ""5"", ""1""]",0-5-4-7-5-1,2025-03-22,21:00,973801.4,0,lottomatik,6DLS0000058
GL55,Grand Lotto 6/55,"[""04"", ""29"", ""24"", ""32"", ""12"", ""40""]",04-29-24-32-12-40,2025-03-22,21:00,147516381.2,0,lottomatik,GL55S0000058
LOTTO42,Lotto 6/42,"[""07"", ""32"", ""18"", ""27"", ""12"", ""10""]",07-32-18-27-12-10,2025-03-22,21:00,6510878.8,0,lottomatik,LOTTO42S0000058
2DL-2PM,2D Lotto 2PM,"[""31"", ""10""]",31-10,2025-03-23,14:00,4000,3,lottomatik,2DLS0000403
3DL-2PM,3D Lotto 2PM,"[""2"", ""2"", ""0""]",2-2-0,2025-03-23,14:00,4500,1,lottomatik,3DLS0000403
2DL-5PM,2D Lotto 5PM,"[""20"", ""11""]",20-11,2025-03-23,17:00,4000,6,lottomatik,2DLS0000404
3DL-5PM,3D Lotto 5PM,"[""1"", ""7"", ""5""]",1-7-5,2025-03-23,17:00,4500,0,lottomatik,3DLS0000404
2DL-9PM,2D Lotto 9PM,"[""17"", ""13""]",17-13,2025-03-23,21:00,4000,0,lottomatik,2DLS0000405
3DL-9PM,3D Lotto 9PM,"[""2"", ""1"", ""3""]",2-1-3,2025-03-23,21:00,4500,15,lottomatik,3DLS0000405
SL49,Superlotto 6/49,"[""37"", ""11"", ""23"", ""35"", ""36"", ""06""]",37-11-23-35-36-06,2025-03-23,21:00,40851208.8,0,lottomatik,SL49S0000058
UL58,Ultra Lotto 6/58,"[""51"", ""45"", ""40"", ""33"", ""08"", ""27""]",51-45-40-33-08-27,2025-03-23,21:00,180269620.4,0,lottomatik,UL58S0000058
2DL-2PM,2D Lotto 2PM,"[""08"", ""30""]",08-30,2025-03-24,14:00,4000,3,lottomatik,2DLS0000406
3DL-2PM,3D Lotto 2PM,"[""1"", ""7"", ""6""]",1-7-6,2025-03-24,14:00,4500,0,lottomatik,3DLS0000406
2DL-5PM,2D Lotto 5PM,"[""05"", ""15""]",05-15,2025-03-24,17:00,4000,0,lottomatik,2DLS0000407
3DL-5PM,3D Lotto 5PM,"[""5"", ""0"", ""5""]",5-0-5,2025-03-24,17:00,4500,1,lottomatik,3DLS0000407
2DL-9PM,2D Lotto 9PM,"[""18"", ""31""]",18-31,2025-03-24,21:00,4000,0,lottomatik,2DLS0000408
3DL-9PM,3D Lotto 9PM,"[""5"", ""6"", ""1""]",5-6-1,2025-03-24,21:00,4500,2,lottomatik,3DLS0000408
4DL,4D Lotto,"[""9"", ""9"", ""5"", ""8""]",9-9-5-8,2025-03-24,21:00,724983,7,lottomatik,4DLS0000058
GL55,Grand Lotto 6/55,"[""21"", ""30"", ""27"", ""38"", ""29"", ""03""]",21-30-27-38-29-03,2025-03-24,21:00,153619797.2,0,lottomatik,GL55S0000059
ML45,Megalotto 6/45,"[""14"", ""17"", ""38"", ""01"", ""18"", ""19""]",14-17-38-01-18-19,2025-03-24,21:00,24600271,0,lottomatik,ML45S0000058
2DL-2PM,2D Lotto 2PM,"[""10"", ""16""]",10-16,2025-03-25,14:00,4000,1,lottomatik,2DLS0000409
3DL-2PM,3D Lotto 2PM,"[""5"", ""3"", ""3""]",5-3-3,2025-03-25,14:00,4500,0,lottomatik,3DLS0000409
2DL-5PM,2D Lotto 5PM,"[""15"", ""27""]",15-27,2025-03-25,17:00,4000,0,lottomatik,2DLS0000410
3DL-5PM,3D Lotto 5PM,"[""9"", ""9"", ""6""]",9-9-6,2025-03-25,17:00,4500,0,lottomatik,3DLS0000410
2DL-9PM,2D Lotto 9PM,"[""22"", ""01""]",22-01,2025-03-25,21:00,4000,3,lottomatik,2DLS0000411
3DL-9PM,3D Lotto 9PM,"[""6"", ""5"", ""7""]",6-5-7,2025-03-25,21:00,4500,4,lottomatik,3DLS0000411
6DL,6D Lotto,"[""6"", ""0"", ""7"", ""4"", ""5"", ""2""]",6-0-7-4-5-2,2025-03-25,21:00,1556802.84,0,lottomatik,6DLS0000059
LOTTO42,Lotto 6/42,"[""14"", ""36"", ""35"", ""21"", ""40"", ""10""]",14-36-35-21-40-10,2025-03-25,21:00,9390377.6,0,lottomatik,LOTTO42S0000059
SL49,Superlotto 6/49,"[""41"", ""46"", ""43"", ""24"", ""37"", ""12""]",41-46-43-24-37-12,2025-03-25,21:00,44261765.2,0,lottomatik,SL49S0000059
UL58,Ultra Lotto 6/58,"[""41"", ""52"", ""56"", ""38"", ""58"", ""48""]",41-52-56-38-58-48,2025-03-25,21:00,186807400,0,lottomatik,UL58S0000059
2DL-2PM,2D Lotto 2PM,"[""10"", ""30""]",10-30,2025-03-26,14:00,4000,2,lottomatik,2DLS0000412
3DL-2PM,3D Lotto 2PM,"[""2"", ""8"", ""2""]",2-8-2,2025-03-26,14:00,4500,1,lottomatik,3DLS0000412
2DL-5PM,2D Lotto 5PM,"[""25"", ""12""]",25-12,2025-03-26,17:00,4000,0,lottomatik,2DLS0000413
3DL-5PM,3D Lotto 5PM,"[""2"", ""7"", ""4""]",2-7-4,2025-03-26,17:00,4500,2,lottomatik,3DLS0000413
2DL-9PM,2D Lotto 9PM,"[""19"", ""08""]",19-08,2025-03-26,21:00,4000,2,lottomatik,2DLS0000414
3DL-9PM,3D Lotto 9PM,"[""6"", ""5"", ""1""]",6-5-1,2025-03-26,21:00,4500,3,lottomatik,3DLS0000414
4DL,4D Lotto,"[""0"", ""8"", ""7"", ""7""]",0-8-7-7,2025-03-26,21:00,799248,12,lottomatik,4DLS0000059
GL55,Grand Lotto 6/55,"[""52"", ""33"", ""19"", ""44"", ""21"", ""43""]",52-33-19-44-21-43,2025-03-26,21:00,159628582.4,0,lottomatik,GL55S0000060
ML45,Megalotto 6/45,"[""33"", ""02"", ""22"", ""44"", ""03"", ""07""]",33-02-22-44-03-07,2025-03-26,21:00,28270941,0,lottomatik,ML45S0000059
2DL-2PM,2D Lotto 2PM,"[""21"", ""08""]",21-08,2025-03-27,14:00,4000,0,lottomatik,2DLS0000415
3DL-2PM,3D Lotto 2PM,"[""1"", ""1"", ""9""]",1-1-9,2025-03-27,14:00,4500,5,lottomatik,3DLS0000415
2DL-5PM,2D Lotto 5PM,"[""31"", ""08""]",31-08,2025-03-27,17:00,4000,1,lottomatik,2DLS0000416
3DL-5PM,3D Lotto 5PM,"[""1"", ""0"", ""4""]",1-0-4,2025-03-27,17:00,4500,1,lottomatik,3DLS0000416
2DL-9PM,2D Lotto 9PM,"[""04"", ""03""]",04-03,2025-03-27,21:00,4000,3,lottomatik,2DLS0000417
3DL-9PM,3D Lotto 9PM,"[""0"", ""7"", ""3""]",0-7-3,2025-03-27,21:00,4500,4,lottomatik,3DLS0000417
6DL,6D Lotto,"[""7"", ""2"", ""1"", ""7"", ""5"", ""4""]",7-2-1-7-5-4,2025-03-27,21:00,1936522.4,0,lottomatik,6DLS0000060
LOTTO42,Lotto 6/42,"[""30"", ""16"", ""37"", ""35"", ""05"", ""31""]",30-16-37-35-05-31,2025-03-27,21:00,12655831.6,0,lottomatik,LOTTO42S0000060
SL49,Superlotto 6/49,"[""24"", ""30"", ""48"", ""39"", ""13"", ""05""]",24-30-48-39-13-05,2025-03-27,21:00,48711828.8,0,lottomatik,SL49S0000060
2DL-2PM,2D Lotto 2PM,"[""15"", ""08""]",15-08,2025-03-28,14:00,4000,0,lottomatik,2DLS0000418
3DL-2PM,3D Lotto 2PM,"[""4"", ""2"", ""6""]",4-2-6,2025-03-28,14:00,4500,3,lottomatik,3DLS0000418
2DL-5PM,2D Lotto 5PM,"[""01"", ""19""]",01-19,2025-03-28,17:00,4000,2,lottomatik,2DLS0000419
3DL-5PM,3D Lotto 5PM,"[""7"", ""7"", ""5""]",7-7-5,2025-03-28,17:00,4500,3,lottomatik,3DLS0000419
2DL-9PM,2D Lotto 9PM,"[""23"", ""12""]",23-12,2025-03-28,21:00,4000,0,lottomatik,2DLS0000420
3DL-9PM,3D Lotto 9PM,"[""2"", ""3"", ""4""]",2-3-4,2025-03-28,21:00,4500,7,lottomatik,3DLS0000420
4DL,4D Lotto,"[""5"", ""3"", ""0"", ""6""]",5-3-0-6,2025-03-28,21:00,946232,14,lottomatik,4DLS0000060
ML45,Megalotto 6/45,"[""28"", ""42"", ""37"", ""07"", ""03"", ""39""]",28-42-37-07-03-39,2025-03-28,21:00,31994193.4,0,lottomatik,ML45S0000060
UL58,Ultra Lotto 6/58,"[""09"", ""04"", ""06"", ""51"", ""31"", ""49""]",09-04-06-51-31-49,2025-03-28,21:00,194155580.4,0,lottomatik,UL58S0000060
2DL-2PM,2D Lotto 2PM,"[""04"", ""14""]",04-14,2025-03-29,14:00,4000,1,lottomatik,2DLS0000421
3DL-2PM,3D Lotto 2PM,"[""2"", ""8"", ""3""]",2-8-3,2025-03-29,14:00,4500,6,lottomatik,3DLS0000421
2DL-5PM,2D Lotto 5PM,"[""19"", ""16""]",19-16,2025-03-29,17:00,4000,2,lottomatik,2DLS0000422
3DL-5PM,3D Lotto 5PM,"[""6"", ""9"", ""9""]",6-9-9,2025-03-29,17:00,4500,0,lottomatik,3DLS0000422
2DL-9PM,2D Lotto 9PM,"[""30"", ""07""]",30-07,2025-03-29,21:00,4000,0,lottomatik,2DLS0000423
3DL-9PM,3D Lotto 9PM,"[""3"", ""6"", ""3""]",3-6-3,2025-03-29,21:00,4500,2,lottomatik,3DLS0000423
6DL,6D Lotto,"[""7"", ""1"", ""4"", ""4"", ""1"", ""5""]",7-1-4-4-1-5,2025-03-29,21:00,2336920.64,0,lottomatik,6DLS0000061
GL55,Grand Lotto 6/55,"[""44"", ""16"", ""30"", ""34"", ""54"", ""55""]",44-16-30-34-54-55,2025-03-29,21:00,165941975.2,0,lottomatik,GL55S0000061
LOTTO42,Lotto 6/42,"[""21"", ""02"", ""08"", ""07"", ""05"", ""37""]",21-02-08-07-05-37,2025-03-29,21:00,16145344.4,0,lottomatik,LOTTO42S0000061
2DL-2PM,2D Lotto 2PM,"[""04"", ""27""]",04-27,2025-03-30,14:00,4000,1,lottomatik,2DLS0000424
3DL-2PM,3D Lotto 2PM,"[""3"", ""8"", ""3""]",3-8-3,2025-03-30,14:00,4500,1,lottomatik,3DLS0000424
2DL-5PM,2D Lotto 5PM,"[""29"", ""30""]",29-30,2025-03-30,17:00,4000,1,lottomatik,2DLS0000425
3DL-5PM,3D Lotto 5PM,"[""5"", ""0"", ""9""]",5-0-9,2025-03-30,17:00,4500,2,lottomatik,3DLS0000425
2DL-9PM,2D Lotto 9PM,"[""22"", ""26""]",22-26,2025-03-30,21:00,4000,1,lottomatik,2DLS0000426
3DL-9PM,3D Lotto 9PM,"[""5"", ""0"", ""1""]",5-0-1,2025-03-30,21:00,4500,7,lottomatik,3DLS0000426
SL49,Superlotto 6/49,"[""45"", ""21"", ""14"", ""28"", ""18"", ""41""]",45-21-14-28-18-41,2025-03-30,21:00,52946905.8,0,lottomatik,SL49S0000061
UL58,Ultra Lotto 6/58,"[""50"", ""48"", ""30"", ""25"", ""06"", ""33""]",50-48-30-25-06-33,2025-03-30,21:00,201367778.8,0,lottomatik,UL58S0000061
2DL-2PM,2D Lotto 2PM,"[""30"", ""19""]",30-19,2025-03-31,14:00,4000,0,lottomatik,2DLS0000427
3DL-2PM,3D Lotto 2PM,"[""3"", ""9"", ""9""]",3-9-9,2025-03-31,14:00,4500,2,lottomatik,3DLS0000427
2DL-5PM,2D Lotto 5PM,"[""06"", ""06""]",06-06,2025-03-31,17:00,4000,6,lottomatik,2DLS0000428
3DL-5PM,3D Lotto 5PM,"[""9"", ""7"", ""8""]",9-7-8,2025-03-31,17:00,4500,3,lottomatik,3DLS0000428
2DL-9PM,2D Lotto 9PM,"[""01"", ""28""]",01-28,2025-03-31,21:00,4000,2,lottomatik,2DLS0000429
3DL-9PM,3D Lotto 9PM,"[""3"", ""2"", ""4""]",3-2-4,2025-03-31,21:00,4500,1,lottomatik,3DLS0000429
4DL,4D Lotto,"[""5"", ""9"", ""4"", ""1""]",5-9-4-1,2025-03-31,21:00,931032,36,lottomatik,4DLS0000061
GL55,Grand Lotto 6/55,"[""50"", ""42"", ""29"", ""45"", ""11"", ""08""]",50-42-29-45-11-08,2025-03-31,21:00,172158264.4,0,lottomatik,GL55S0000062
ML45,Megalotto 6/45,"[""37"", ""30"", ""11"", ""26"", ""31"", ""38""]",37-30-11-26-31-38,2025-03-31,21:00,36058419.6,0,lottomatik,ML45S0000061
2DL-2PM,2D Lotto 2PM,"[""16"", ""24""]",16-24,2025-04-01,14:00,4000,0,lottomatik,2DLS0000430
3DL-2PM,3D Lotto 2PM,"[""1"", ""6"", ""0""]",1-6-0,2025-04-01,14:00,4500,0,lottomatik,3DLS0000430
2DL-5PM,2D Lotto 5PM,"[""01"", ""10""]",01-10,2025-04-01,17:00,4000,0,lottomatik,2DLS0000431
3DL-5PM,3D Lotto 5PM,"[""8"", ""1"", ""3""]",8-1-3,2025-04-01,17:00,4500,0,lottomatik,3DLS0000431
2DL-9PM,2D Lotto 9PM,"[""08"", ""07""]",08-07,2025-04-01,21:00,4000,1,lottomatik,2DLS0000432
3DL-9PM,3D Lotto 9PM,"[""1"", ""1"", ""8""]",1-1-8,2025-04-01,21:00,4500,0,lottomatik,3DLS0000432
6DL,6D Lotto,"[""7"", ""6"", ""8"", ""9"", ""0"", ""2""]",7-6-8-9-0-2,2025-04-01,21:00,2994267.92,0,lottomatik,6DLS0000062
LOTTO42,Lotto 6/42,"[""23"", ""05"", ""39"", ""11"", ""02"", ""07""]",23-05-39-11-02-07,2025-04-01,21:00,19410097,1,lottomatik,LOTTO42S0000062
SL49,Superlotto 6/49,"[""20"", ""46"", ""26"", ""41"", ""17"", ""43""]",20-46-26-41-17-43,2025-04-01,21:00,56512770.8,0,lottomatik,SL49S0000062
UL58,Ultra Lotto 6/58,"[""02"", ""21"", ""44"", ""08"", ""11"", ""51""]",02-21-44-08-11-51,2025-04-01,21:00,208185983.6,0,lottomatik,UL58S0000062
2DL-2PM,2D Lotto 2PM,"[""14"", ""28""]",14-28,2025-04-02,14:00,4000,0,lottomatik,2DLS0000433
3DL-2PM,3D Lotto 2PM,"[""9"", ""9"", ""8""]",9-9-8,2025-04-02,14:00,4500,1,lottomatik,3DLS0000433
2DL-5PM,2D Lotto 5PM,"[""21"", ""08""]",21-08,2025-04-02,17:00,4000,1,lottomatik,2DLS0000434
3DL-5PM,3D Lotto 5PM,"[""1"", ""2"", ""9""]",1-2-9,2025-04-02,17:00,4500,5,lottomatik,3DLS0000434
2DL-9PM,2D Lotto 9PM,"[""21"", ""01""]",21-01,2025-04-02,21:00,4000,0,lottomatik,2DLS0000435
3DL-9PM,3D Lotto 9PM,"[""0"", ""7"", ""3""]",0-7-3,2025-04-02,21:00,4500,1,lottomatik,3DLS0000435
4DL,4D Lotto,"[""9"", ""8"", ""2"", ""1""]",9-8-2-1,2025-04-02,21:00,633864,22,lottomatik,4DLS0000062
GL55,Grand Lotto 6/55,"[""20"", ""08"", ""52"", ""24"", ""05"", ""25""]",20-08-52-24-05-25,2025-04-02,21:00,178398282.8,0,lottomatik,GL55S0000063
ML45,Megalotto 6/45,"[""40"", ""34"", ""08"", ""29"", ""39"", ""35""]",40-34-08-29-39-35,2025-04-02,21:00,40048054.2,0,lottomatik,ML45S0000062
2DL-2PM,2D Lotto 2PM,"[""09"", ""10""]",09-10,2025-04-03,14:00,4000,1,lottomatik,2DLS0000436
3DL-2PM,3D Lotto 2PM,"[""0"", ""7"", ""1""]",0-7-1,2025-04-03,14:00,4500,1,lottomatik,3DLS0000436
2DL-5PM,2D Lotto 5PM,"[""12"", ""14""]",12-14,2025-04-03,17:00,4000,0,lottomatik,2DLS0000437
3DL-5PM,3D Lotto 5PM,"[""3"", ""9"", ""0""]",3-9-0,2025-04-03,17:00,4500,1,lottomatik,3DLS0000437
2DL-9PM,2D Lotto 9PM,"[""17"", ""21""]",17-21,2025-04-03,21:00,4000,1,lottomatik,2DLS0000438
3DL-9PM,3D Lotto 9PM,"[""2"", ""2"", ""5""]",2-2-5,2025-04-03,21:00,4500,1,lottomatik,3DLS0000438
6DL,6D Lotto,"[""7"", ""6"", ""6"", ""5"", ""8"", ""9""]",7-6-6-5-8-9,2025-04-03,21:00,3650047.08,0,lottomatik,6DLS0000063
LOTTO42,Lotto 6/42,"[""42"", ""14"", ""16"", ""39"", ""27"", ""15""]",42-14-16-39-27-15,2025-04-03,21:00,5940000,0,lottomatik,LOTTO42S0000063
SL49,Superlotto 6/49,"[""36"", ""25"", ""35"", ""37"", ""39"", ""47""]",36-25-35-37-39-47,2025-04-03,21:00,61432868.4,0,lottomatik,SL49S0000063
2DL-2PM,2D Lotto 2PM,"[""16"", ""30""]",16-30,2025-04-04,14:00,4000,2,lottomatik,2DLS0000439
3DL-2PM,3D Lotto 2PM,"[""4"", ""0"", ""1""]",4-0-1,2025-04-04,14:00,4500,7,lottomatik,3DLS0000439
2DL-5PM,2D Lotto 5PM,"[""25"", ""19""]",25-19,2025-04-04,17:00,4000,1,lottomatik,2DLS0000440
3DL-5PM,3D Lotto 5PM,"[""1"", ""1"", ""5""]",1-1-5,2025-04-04,17:00,4500,1,lottomatik,3DLS0000440
2DL-9PM,2D Lotto 9PM,"[""24"", ""09""]",24-09,2025-04-04,21:00,4000,3,lottomatik,2DLS0000441
3DL-9PM,3D Lotto 9PM,"[""8"", ""2"", ""7""]",8-2-7,2025-04-04,21:00,4500,5,lottomatik,3DLS0000441
4DL,4D Lotto,"[""2"", ""2"", ""4"", ""9""]",2-2-4-9,2025-04-04,21:00,923860,35,lottomatik,4DLS0000063
ML45,Megalotto 6/45,"[""28"", ""14"", ""40"", ""34"", ""42"", ""17""]",28-14-40-34-42-17,2025-04-04,21:00,44217452,0,lottomatik,ML45S0000063
UL58,Ultra Lotto 6/58,"[""17"", ""55"", ""36"", ""04"", ""35"", ""40""]",17-55-36-04-35-40,2025-04-04,21:00,216198638.8,0,lottomatik,UL58S0000063
2DL-2PM,2D Lotto 2PM,"[""06"", ""28""]",06-28,2025-04-05,14:00,4000,0,lottomatik,2DLS0000442
3DL-2PM,3D Lotto 2PM,"[""4"", ""5"", ""2""]",4-5-2,2025-04-05,14:00,4500,5,lottomatik,3DLS0000442
2DL-5PM,2D Lotto 5PM,"[""11"", ""31""]",11-31,2025-04-05,17:00,4000,0,lottomatik,2DLS0000443
3DL-5PM,3D Lotto 5PM,"[""6"", ""8"", ""2""]",6-8-2,2025-04-05,17:00,4500,1,lottomatik,3DLS0000443
2DL-9PM,2D Lotto 9PM,"[""23"", ""02""]",23-02,2025-04-05,21:00,4000,0,lottomatik,2DLS0000444
3DL-9PM,3D Lotto 9PM,"[""3"", ""7"", ""8""]",3-7-8,2025-04-05,21:00,4500,6,lottomatik,3DLS0000444
6DL,6D Lotto,"[""1"", ""9"", ""2"", ""9"", ""1"", ""6""]",1-9-2-9-1-6,2025-04-05,21:00,3700047,1,lottomatik,6DLS0000064
GL55,Grand Lotto 6/55,"[""09"", ""10"", ""20"", ""38"", ""55"", ""36""]",09-10-20-38-55-36,2025-04-05,21:00,185073166.4,0,lottomatik,GL55S0000064
LOTTO42,Lotto 6/42,"[""11"", ""10"", ""05"", ""42"", ""24"", ""39""]",11-10-05-42-24-39,2025-04-05,21:00,6184178.8,2,lottomatik,LOTTO42S0000064
2DL-2PM,2D Lotto 2PM,"[""14"", ""03""]",14-03,2025-04-06,14:00,4000,1,lottomatik,2DLS0000445
3DL-2PM,3D Lotto 2PM,"[""8"", ""5"", ""1""]",8-5-1,2025-04-06,14:00,4500,1,lottomatik,3DLS0000445
2DL-5PM,2D Lotto 5PM,"[""21"", ""05""]",21-05,2025-04-06,17:00,4000,1,lottomatik,2DLS0000446
3DL-5PM,3D Lotto 5PM,"[""6"", ""6"", ""3""]",6-6-3,2025-04-06,17:00,4500,0,lottomatik,3DLS0000446
2DL-9PM,2D Lotto 9PM,"[""06"", ""08""]",06-08,2025-04-06,21:00,4000,3,lottomatik,2DLS0000447
3DL-9PM,3D Lotto 9PM,"[""2"", ""1"", ""4""]",2-1-4,2025-04-06,21:00,4500,36,lottomatik,3DLS0000447
SL49,Superlotto 6/49,"[""28"", ""26"", ""41"", ""38"", ""44"", ""09""]",28-26-41-38-44-09,2025-04-06,21:00,65907081.6,0,lottomatik,SL49S0000064
UL58,Ultra Lotto 6/58,"[""09"", ""11"", ""02"", ""23"", ""26"", ""07""]",09-11-02-23-26-07,2025-04-06,21:00,223728165.2,1,lottomatik,UL58S0000064
2DL-2PM,2D Lotto 2PM,"[""14"", ""29""]",14-29,2025-04-07,14:00,4000,2,lottomatik,2DLS0000448
3DL-2PM,3D Lotto 2PM,"[""3"", ""8"", ""5""]",3-8-5,2025-04-07,14:00,4500,1,lottomatik,3DLS0000448
2DL-5PM,2D Lotto 5PM,"[""16"", ""03""]",16-03,2025-04-07,17:00,4000,4,lottomatik,2DLS0000449
3DL-5PM,3D Lotto 5PM,"[""1"", ""4"", ""4""]",1-4-4,2025-04-07,17:00,4500,3,lottomatik,3DLS0000449
2DL-9PM,2D Lotto 9PM,"[""24"", ""15""]",24-15,2025-04-07,21:00,4000,9,lottomatik,2DLS0000450
3DL-9PM,3D Lotto 9PM,"[""6"", ""8"", ""1""]",6-8-1,2025-04-07,21:00,4500,2,lottomatik,3DLS0000450
4DL,4D Lotto,"[""5"", ""1"", ""6"", ""5""]",5-1-6-5,2025-04-07,21:00,858252,12,lottomatik,4DLS0000064
GL55,Grand Lotto 6/55,"[""35"", ""55"", ""50"", ""47"", ""14"", ""34""]",35-55-50-47-14-34,2025-04-07,21:00,191435971.2,0,lottomatik,GL55S0000065
ML45,Megalotto 6/45,"[""05"", ""25"", ""06"", ""26"", ""32"", ""42""]",05-25-06-26-32-42,2025-04-07,21:00,48497191.2,0,lottomatik,ML45S0000064
2DL-2PM,2D Lotto 2PM,"[""26"", ""06""]",26-06,2025-04-08,14:00,4000,2,lottomatik,2DLS0000451
3DL-2PM,3D Lotto 2PM,"[""6"", ""6"", ""8""]",6-6-8,2025-04-08,14:00,4500,3,lottomatik,3DLS0000451
2DL-5PM,2D Lotto 5PM,"[""09"", ""26""]",09-26,2025-04-08,17:00,4000,1,lottomatik,2DLS0000452
3DL-5PM,3D Lotto 5PM,"[""6"", ""7"", ""5""]",6-7-5,2025-04-08,17:00,4500,2,lottomatik,3DLS0000452
2DL-9PM,2D Lotto 9PM,"[""01"", ""10""]",01-10,2025-04-08,21:00,4000,4,lottomatik,2DLS0000453
3DL-9PM,3D Lotto 9PM,"[""6"", ""1"", ""8""]",6-1-8,2025-04-08,21:00,4500,3,lottomatik,3DLS0000453
6DL,6D Lotto,"[""2"", ""3"", ""3"", ""2"", ""7"", ""8""]",2-3-3-2-7-8,2025-04-08,21:00,370396.84,0,lottomatik,6DLS0000065
LOTTO42,Lotto 6/42,"[""41"", ""28"", ""03"", ""20"", ""35"", ""25""]",41-28-03-20-35-25,2025-04-08,21:00,5940000,0,lottomatik,LOTTO42S0000065
SL49,Superlotto 6/49,"[""36"", ""39"", ""43"", ""44"", ""49"", ""34""]",36-39-43-44-49-34,2025-04-08,21:00,70447519,0,lottomatik,SL49S0000065
UL58,Ultra Lotto 6/58,"[""37"", ""02"", ""48"", ""32"", ""34"", ""12""]",37-02-48-32-34-12,2025-04-08,21:00,49500000,0,lottomatik,UL58S0000065
2DL-2PM,2D Lotto 2PM,"[""23"", ""07""]",23-07,2025-04-09,14:00,4000,0,lottomatik,2DLS0000454
3DL-2PM,3D Lotto 2PM,"[""8"", ""3"", ""5""]",8-3-5,2025-04-09,14:00,4500,1,lottomatik,3DLS0000454
2DL-5PM,2D Lotto 5PM,"[""24"", ""19""]",24-19,2025-04-09,17:00,4000,0,lottomatik,2DLS0000455
3DL-5PM,3D Lotto 5PM,"[""1"", ""8"", ""0""]",1-8-0,2025-04-09,17:00,4500,10,lottomatik,3DLS0000455
2DL-9PM,2D Lotto 9PM,"[""20"", ""09""]",20-09,2025-04-09,21:00,4000,5,lottomatik,2DLS0000456
3DL-9PM,3D Lotto 9PM,"[""9"", ""5"", ""7""]",9-5-7,2025-04-09,21:00,4500,3,lottomatik,3DLS0000456
4DL,4D Lotto,"[""9"", ""8"", ""3"", ""9""]",9-8-3-9,2025-04-09,21:00,889812,12,lottomatik,4DLS0000065
GL55,Grand Lotto 6/55,"[""19"", ""31"", ""36"", ""45"", ""13"", ""16""]",19-31-36-45-13-16,2025-04-09,21:00,197827618,0,lottomatik,GL55S0000066
ML45,Megalotto 6/45,"[""43"", ""18"", ""27"", ""15"", ""45"", ""04""]",43-18-27-15-45-04,2025-04-09,21:00,52575447.8,0,lottomatik,ML45S0000065
2DL-2PM,2D Lotto 2PM,"[""08"", ""17""]",08-17,2025-04-10,14:00,4000,2,lottomatik,2DLS0000457
3DL-2PM,3D Lotto 2PM,"[""8"", ""6"", ""5""]",8-6-5,2025-04-10,14:00,4500,1,lottomatik,3DLS0000457
2DL-5PM,2D Lotto 5PM,"[""07"", ""09""]",07-09,2025-04-10,17:00,4000,2,lottomatik,2DLS0000458
3DL-5PM,3D Lotto 5PM,"[""0"", ""7"", ""7""]",0-7-7,2025-04-10,17:00,4500,0,lottomatik,3DLS0000458
2DL-9PM,2D Lotto 9PM,"[""13"", ""17""]",13-17,2025-04-10,21:00,4000,3,lottomatik,2DLS0000459
3DL-9PM,3D Lotto 9PM,"[""9"", ""9"", ""1""]",9-9-1,2025-04-10,21:00,4500,1,lottomatik,3DLS0000459
6DL,6D Lotto,"[""5"", ""1"", ""7"", ""8"", ""8"", ""0""]",5-1-7-8-8-0,2025-04-10,21:00,836757.84,0,lottomatik,6DLS0000066
LOTTO42,Lotto 6/42,"[""38"", ""41"", ""29"", ""06"", ""16"", ""25""]",38-41-29-06-16-25,2025-04-10,21:00,5940000,1,lottomatik,LOTTO42S0000066
SL49,Superlotto 6/49,"[""40"", ""36"", ""20"", ""01"", ""35"", ""08""]",40-36-20-01-35-08,2025-04-10,21:00,75551009,1,lottomatik,SL49S0000066
2DL-2PM,2D Lotto 2PM,"[""31"", ""23""]",31-23,2025-04-11,14:00,4000,2,lottomatik,2DLS0000460
3DL-2PM,3D Lotto 2PM,"[""4"", ""2"", ""9""]",4-2-9,2025-04-11,14:00,4500,7,lottomatik,3DLS0000460
2DL-5PM,2D Lotto 5PM,"[""04"", ""23""]",04-23,2025-04-11,17:00,4000,8,lottomatik,2DLS0000461
3DL-5PM,3D Lotto 5PM,"[""7"", ""9"", ""0""]",7-9-0,2025-04-11,17:00,4500,0,lottomatik,3DLS0000461
2DL-9PM,2D Lotto 9PM,"[""27"", ""19""]",27-19,2025-04-11,21:00,4000,1,lottomatik,2DLS0000462
3DL-9PM,3D Lotto 9PM,"[""9"", ""9"", ""1""]",9-9-1,2025-04-11,21:00,4500,3,lottomatik,3DLS0000462
4DL,4D Lotto,"[""4"", ""4"", ""7"", ""7""]",4-4-7-7,2025-04-11,21:00,869750,50,lottomatik,4DLS0000066
ML45,Megalotto 6/45,"[""22"", ""24"", ""28"", ""05"", ""07"", ""25""]",22-24-28-05-07-25,2025-04-11,21:00,57540190,1,lottomatik,ML45S0000066
UL58,Ultra Lotto 6/58,"[""11"", ""38"", ""14"", ""56"", ""40"", ""48""]",11-38-14-56-40-48,2025-04-11,21:00,49500000,0,lottomatik,UL58S0000066
2DL-2PM,2D Lotto 2PM,"[""16"", ""13""]",16-13,2025-04-12,14:00,4000,1,lottomatik,2DLS0000463
3DL-2PM,3D Lotto 2PM,"[""8"", ""3"", ""9""]",8-3-9,2025-04-12,14:00,4500,1,lottomatik,3DLS0000463
2DL-5PM,2D Lotto 5PM,"[""14"", ""25""]",14-25,2025-04-12,17:00,4000,1,lottomatik,2DLS0000464
3DL-5PM,3D Lotto 5PM,"[""2"", ""9"", ""3""]",2-9-3,2025-04-12,17:00,4500,0,lottomatik,3DLS0000464
2DL-9PM,2D Lotto 9PM,"[""24"", ""03""]",24-03,2025-04-12,21:00,4000,6,lottomatik,2DLS0000465
3DL-9PM,3D Lotto 9PM,"[""3"", ""4"", ""8""]",3-4-8,2025-04-12,21:00,4500,3,lottomatik,3DLS0000465
6DL,6D Lotto,"[""2"", ""1"", ""4"", ""2"", ""6"", ""0""]",2-1-4-2-6-0,2025-04-12,21:00,1186829,1,lottomatik,6DLS0000067
GL55,Grand Lotto 6/55,"[""47"", ""44"", ""45"", ""13"", ""10"", ""50""]",47-44-45-13-10-50,2025-04-12,21:00,205399930,0,lottomatik,GL55S0000067
LOTTO42,Lotto 6/42,"[""27"", ""10"", ""18"", ""25"", ""22"", ""06""]",27-10-18-25-22-06,2025-04-12,21:00,5940000,0,lottomatik,LOTTO42S0000067
2DL-2PM,2D Lotto 2PM,"[""10"", ""22""]",10-22,2025-04-13,14:00,4000,4,lottomatik,2DLS0000466
3DL-2PM,3D Lotto 2PM,"[""8"", ""7"", ""3""]",8-7-3,2025-04-13,14:00,4500,10,lottomatik,3DLS0000466
2DL-5PM,2D Lotto 5PM,"[""10"", ""07""]",10-07,2025-04-13,17:00,4000,4,lottomatik,2DLS0000467
3DL-5PM,3D Lotto 5PM,"[""6"", ""2"", ""6""]",6-2-6,2025-04-13,17:00,4500,0,lottomatik,3DLS0000467
2DL-9PM,2D Lotto 9PM,"[""14"", ""20""]",14-20,2025-04-13,21:00,4000,1,lottomatik,2DLS0000468
3DL-9PM,3D Lotto 9PM,"[""2"", ""0"", ""9""]",2-0-9,2025-04-13,21:00,4500,0,lottomatik,3DLS0000468
SL49,Superlotto 6/49,"[""02"", ""07"", ""06"", ""18"", ""03"", ""35""]",02-07-06-18-03-35,2025-04-13,21:00,15840000,0,lottomatik,SL49S0000067
UL58,Ultra Lotto 6/58,"[""47"", ""36"", ""06"", ""12"", ""38"", ""23""]",47-36-06-12-38-23,2025-04-13,21:00,49500000,0,lottomatik,UL58S0000067
2DL-2PM,2D Lotto 2PM,"[""13"", ""21""]",13-21,2025-04-14,14:00,4000,2,lottomatik,2DLS0000469
3DL-2PM,3D Lotto 2PM,"[""8"", ""6"", ""4""]",8-6-4,2025-04-14,14:00,4500,2,lottomatik,3DLS0000469
2DL-5PM,2D Lotto 5PM,"[""26"", ""29""]",26-29,2025-04-14,17:00,4000,2,lottomatik,2DLS0000470
3DL-5PM,3D Lotto 5PM,"[""6"", ""1"", ""6""]",6-1-6,2025-04-14,17:00,4500,0,lottomatik,3DLS0000470
2DL-9PM,2D Lotto 9PM,"[""03"", ""06""]",03-06,2025-04-14,21:00,4000,1,lottomatik,2DLS0000471
3DL-9PM,3D Lotto 9PM,"[""8"", ""6"", ""9""]",8-6-9,2025-04-14,21:00,4500,4,lottomatik,3DLS0000471
4DL,4D Lotto,"[""3"", ""7"", ""2"", ""4""]",3-7-2-4,2025-04-14,21:00,546338,13,lottomatik,4DLS0000067
GL55,Grand Lotto 6/55,"[""47"", ""14"", ""41"", ""46"", ""51"", ""49""]",47-14-41-46-51-49,2025-04-14,21:00,212871732.8,0,lottomatik,GL55S0000068
ML45,Megalotto 6/45,"[""43"", ""04"", ""16"", ""14"", ""10"", ""24""]",43-04-16-14-10-24,2025-04-14,21:00,8910000,0,lottomatik,ML45S0000067
2DL-2PM,2D Lotto 2PM,"[""10"", ""07""]",10-07,2025-04-15,14:00,4000,0,lottomatik,2DLS0000472
3DL-2PM,3D Lotto 2PM,"[""6"", ""8"", ""6""]",6-8-6,2025-04-15,14:00,4500,0,lottomatik,3DLS0000472
2DL-5PM,2D Lotto 5PM,"[""02"", ""14""]",02-14,2025-04-15,17:00,4000,0,lottomatik,2DLS0000473
3DL-5PM,3D Lotto 5PM,"[""2"", ""7"", ""0""]",2-7-0,2025-04-15,17:00,4500,2,lottomatik,3DLS0000473
2DL-9PM,2D Lotto 9PM,"[""24"", ""19""]",24-19,2025-04-15,21:00,4000,2,lottomatik,2DLS0000474
3DL-9PM,3D Lotto 9PM,"[""0"", ""7"", ""2""]",0-7-2,2025-04-15,21:00,4500,1,lottomatik,3DLS0000474
6DL,6D Lotto,"[""8"", ""3"", ""8"", ""5"", ""0"", ""1""]",8-3-8-5-0-1,2025-04-15,21:00,150000,0,lottomatik,6DLS0000068
LOTTO42,Lotto 6/42,"[""24"", ""06"", ""29"", ""41"", ""01"", ""07""]",24-06-29-41-01-07,2025-04-15,21:00,5940000,0,lottomatik,LOTTO42S0000068
SL49,Superlotto 6/49,"[""36"", ""34"", ""22"", ""01"", ""33"", ""37""]",36-34-22-01-33-37,2025-04-15,21:00,15840000,0,lottomatik,SL49S0000068
UL58,Ultra Lotto 6/58,"[""27"", ""13"", ""07"", ""14"", ""33"", ""03""]",27-13-07-14-33-03,2025-04-15,21:00,49500000,0,lottomatik,UL58S0000068
2DL-2PM,2D Lotto 2PM,"[""11"", ""25""]",11-25,2025-04-16,14:00,4000,2,lottomatik,2DLS0000475
3DL-2PM,3D Lotto 2PM,"[""0"", ""1"", ""4""]",0-1-4,2025-04-16,14:00,4500,1,lottomatik,3DLS0000475
2DL-5PM,2D Lotto 5PM,"[""21"", ""20""]",21-20,2025-04-16,17:00,4000,0,lottomatik,2DLS0000476
3DL-5PM,3D Lotto 5PM,"[""1"", ""1"", ""1""]",1-1-1,2025-04-16,17:00,4500,3,lottomatik,3DLS0000476
2DL-9PM,2D Lotto 9PM,"[""12"", ""22""]",12-22,2025-04-16,21:00,4000,4,lottomatik,2DLS0000477
3DL-9PM,3D Lotto 9PM,"[""5"", ""1"", ""2""]",5-1-2,2025-04-16,21:00,4500,7,lottomatik,3DLS0000477
4DL,4D Lotto,"[""7"", ""1"", ""5"", ""4""]",7-1-5-4,2025-04-16,21:00,918598,71,lottomatik,4DLS0000068
GL55,Grand Lotto 6/55,"[""54"", ""08"", ""28"", ""23"", ""52"", ""43""]",54-08-28-23-52-43,2025-04-16,21:00,220966382,0,lottomatik,GL55S0000069
ML45,Megalotto 6/45,"[""05"", ""01"", ""28"", ""29"", ""44"", ""42""]",05-01-28-29-44-42,2025-04-16,21:00,8910000,0,lottomatik,ML45S0000068
2DL-2PM,2D Lotto 2PM,"[""27"", ""14""]",27-14,2025-04-20,14:00,4000,2,lottomatik,2DLS0000478
3DL-2PM,3D Lotto 2PM,"[""4"", ""4"", ""9""]",4-4-9,2025-04-20,14:00,4500,0,lottomatik,3DLS0000478
2DL-5PM,2D Lotto 5PM,"[""27"", ""28""]",27-28,2025-04-20,17:00,4000,0,lottomatik,2DLS0000479
3DL-5PM,3D Lotto 5PM,"[""2"", ""2"", ""0""]",2-2-0,2025-04-20,17:00,4500,5,lottomatik,3DLS0000479
2DL-9PM,2D Lotto 9PM,"[""13"", ""23""]",13-23,2025-04-20,21:00,4000,5,lottomatik,2DLS0000480
3DL-9PM,3D Lotto 9PM,"[""2"", ""2"", ""3""]",2-2-3,2025-04-20,21:00,4500,1,lottomatik,3DLS0000480
SL49,Superlotto 6/49,"[""28"", ""16"", ""41"", ""45"", ""30"", ""18""]",28-16-41-45-30-18,2025-04-20,21:00,15840000,0,lottomatik,SL49S0000069
UL58,Ultra Lotto 6/58,"[""53"", ""20"", ""11"", ""35"", ""19"", ""37""]",53-20-11-35-19-37,2025-04-20,21:00,49500000,0,lottomatik,UL58S0000069
2DL-2PM,2D Lotto 2PM,"[""21"", ""06""]",21-06,2025-04-21,14:00,4000,1,lottomatik,2DLS0000481
3DL-2PM,3D Lotto 2PM,"[""7"", ""3"", ""5""]",7-3-5,2025-04-21,14:00,4500,5,lottomatik,3DLS0000481
2DL-5PM,2D Lotto 5PM,"[""29"", ""01""]",29-01,2025-04-21,17:00,4000,0,lottomatik,2DLS0000482
3DL-5PM,3D Lotto 5PM,"[""8"", ""6"", ""7""]",8-6-7,2025-04-21,17:00,4500,2,lottomatik,3DLS0000482
2DL-9PM,2D Lotto 9PM,"[""26"", ""16""]",26-16,2025-04-21,21:00,4000,11,lottomatik,2DLS0000483
3DL-9PM,3D Lotto 9PM,"[""5"", ""6"", ""2""]",5-6-2,2025-04-21,21:00,4500,5,lottomatik,3DLS0000483
4DL,4D Lotto,"[""9"", ""6"", ""3"", ""9""]",9-6-3-9,2025-04-21,21:00,997248,28,lottomatik,4DLS0000069
GL55,Grand Lotto 6/55,"[""09"", ""50"", ""26"", ""30"", ""07"", ""03""]",09-50-26-30-07-03,2025-04-21,21:00,229362686.4,0,lottomatik,GL55S0000070
ML45,Megalotto 6/45,"[""42"", ""11"", ""15"", ""33"", ""44"", ""28""]",42-11-15-33-44-28,2025-04-21,21:00,9946651.8,0,lottomatik,ML45S0000069
2DL-2PM,2D Lotto 2PM,"[""28"", ""29""]",28-29,2025-04-22,14:00,4000,2,lottomatik,2DLS0000484
3DL-2PM,3D Lotto 2PM,"[""7"", ""5"", ""4""]",7-5-4,2025-04-22,14:00,4500,28,lottomatik,3DLS0000484
2DL-5PM,2D Lotto 5PM,"[""06"", ""19""]",06-19,2025-04-22,17:00,4000,1,lottomatik,2DLS0000485
3DL-5PM,3D Lotto 5PM,"[""2"", ""1"", ""3""]",2-1-3,2025-04-22,17:00,4500,2,lottomatik,3DLS0000485
2DL-9PM,2D Lotto 9PM,"[""07"", ""21""]",07-21,2025-04-22,21:00,4000,6,lottomatik,2DLS0000486
3DL-9PM,3D Lotto 9PM,"[""9"", ""7"", ""7""]",9-7-7,2025-04-22,21:00,4500,0,lottomatik,3DLS0000486
6DL,6D Lotto,"[""0"", ""7"", ""8"", ""4"", ""5"", ""4""]",0-7-8-4-5-4,2025-04-22,21:00,619322.2,0,lottomatik,6DLS0000069
LOTTO42,Lotto 6/42,"[""40"", ""13"", ""35"", ""36"", ""12"", ""14""]",40-13-35-36-12-14,2025-04-22,21:00,8602455.8,0,lottomatik,LOTTO42S0000069
SL49,Superlotto 6/49,"[""39"", ""42"", ""23"", ""49"", ""25"", ""31""]",39-42-23-49-25-31,2025-04-22,21:00,15840000,0,lottomatik,SL49S0000070
UL58,Ultra Lotto 6/58,"[""32"", ""45"", ""05"", ""40"", ""22"", ""04""]",32-45-05-40-22-04,2025-04-22,21:00,49500000,0,lottomatik,UL58S0000070
2DL-2PM,2D Lotto 2PM,"[""03"", ""23""]",03-23,2025-04-23,14:00,4000,0,lottomatik,2DLS0000487
3DL-2PM,3D Lotto 2PM,"[""1"", ""6"", ""2""]",1-6-2,2025-04-23,14:00,4500,5,lottomatik,3DLS0000487
2DL-5PM,2D Lotto 5PM,"[""25"", ""13""]",25-13,2025-04-23,17:00,4000,0,lottomatik,2DLS0000488
3DL-5PM,3D Lotto 5PM,"[""4"", ""5"", ""4""]",4-5-4,2025-04-23,17:00,4500,3,lottomatik,3DLS0000488
2DL-9PM,2D Lotto 9PM,"[""28"", ""01""]",28-01,2025-04-23,21:00,4000,1,lottomatik,2DLS0000489
3DL-9PM,3D Lotto 9PM,"[""4"", ""0"", ""4""]",4-0-4,2025-04-23,21:00,4500,0,lottomatik,3DLS0000489
4DL,4D Lotto,"[""1"", ""0"", ""6"", ""6""]",1-0-6-6,2025-04-23,21:00,877952,38,lottomatik,4DLS0000070
GL55,Grand Lotto 6/55,"[""13"", ""11"", ""38"", ""34"", ""18"", ""10""]",13-11-38-34-18-10,2025-04-23,21:00,237731895.6,0,lottomatik,GL55S0000071
ML45,Megalotto 6/45,"[""21"", ""14"", ""16"", ""33"", ""30"", ""25""]",21-14-16-33-30-25,2025-04-23,21:00,13231485.4,0,lottomatik,ML45S0000070
2DL-2PM,2D Lotto 2PM,"[""24"", ""06""]",24-06,2025-04-24,14:00,4000,4,lottomatik,2DLS0000490
3DL-2PM,3D Lotto 2PM,"[""7"", ""4"", ""1""]",7-4-1,2025-04-24,14:00,4500,7,lottomatik,3DLS0000490
2DL-5PM,2D Lotto 5PM,"[""02"", ""05""]",02-05,2025-04-24,17:00,4000,4,lottomatik,2DLS0000491
3DL-5PM,3D Lotto 5PM,"[""1"", ""3"", ""2""]",1-3-2,2025-04-24,17:00,4500,0,lottomatik,3DLS0000491
2DL-9PM,2D Lotto 9PM,"[""08"", ""05""]",08-05,2025-04-24,21:00,4000,5,lottomatik,2DLS0000492
3DL-9PM,3D Lotto 9PM,"[""3"", ""5"", ""0""]",3-5-0,2025-04-24,21:00,4500,4,lottomatik,3DLS0000492
6DL,6D Lotto,"[""9"", ""2"", ""7"", ""7"", ""7"", ""6""]",9-2-7-7-7-6,2025-04-24,21:00,1151507.2,0,lottomatik,6DLS0000070
LOTTO42,Lotto 6/42,"[""12"", ""11"", ""37"", ""34"", ""26"", ""13""]",12-11-37-34-26-13,2025-04-24,21:00,11825882.6,0,lottomatik,LOTTO42S0000070
SL49,Superlotto 6/49,"[""17"", ""32"", ""34"", ""06"", ""42"", ""20""]",17-32-34-06-42-20,2025-04-24,21:00,16132058.4,0,lottomatik,SL49S0000071
2DL-2PM,2D Lotto 2PM,"[""31"", ""26""]",31-26,2025-04-25,14:00,4000,0,lottomatik,2DLS0000493
3DL-2PM,3D Lotto 2PM,"[""7"", ""0"", ""3""]",7-0-3,2025-04-25,14:00,4500,0,lottomatik,3DLS0000493
2DL-5PM,2D Lotto 5PM,"[""27"", ""27""]",27-27,2025-04-25,17:00,4000,3,lottomatik,2DLS0000494
3DL-5PM,3D Lotto 5PM,"[""6"", ""9"", ""2""]",6-9-2,2025-04-25,17:00,4500,3,lottomatik,3DLS0000494
2DL-9PM,2D Lotto 9PM,"[""28"", ""08""]",28-08,2025-04-25,21:00,4000,2,lottomatik,2DLS0000495
3DL-9PM,3D Lotto 9PM,"[""4"", ""7"", ""4""]",4-7-4,2025-04-25,21:00,4500,3,lottomatik,3DLS0000495
4DL,4D Lotto,"[""6"", ""7"", ""3"", ""7""]",6-7-3-7,2025-04-25,21:00,920887,11,lottomatik,4DLS0000071
ML45,Megalotto 6/45,"[""11"", ""02"", ""40"", ""38"", ""15"", ""24""]",11-02-40-38-15-24,2025-04-25,21:00,16765294.8,0,lottomatik,ML45S0000071
UL58,Ultra Lotto 6/58,"[""47"", ""22"", ""44"", ""53"", ""09"", ""08""]",47-22-44-53-09-08,2025-04-25,21:00,49500000,0,lottomatik,UL58S0000071
2DL-2PM,2D Lotto 2PM,"[""14"", ""23""]",14-23,2025-04-26,14:00,4000,2,lottomatik,2DLS0000496
3DL-2PM,3D Lotto 2PM,"[""4"", ""4"", ""9""]",4-4-9,2025-04-26,14:00,4500,0,lottomatik,3DLS0000496
2DL-5PM,2D Lotto 5PM,"[""02"", ""18""]",02-18,2025-04-26,17:00,4000,8,lottomatik,2DLS0000497
3DL-5PM,3D Lotto 5PM,"[""8"", ""6"", ""0""]",8-6-0,2025-04-26,17:00,4500,0,lottomatik,3DLS0000497
2DL-9PM,2D Lotto 9PM,"[""28"", ""02""]",28-02,2025-04-26,21:00,4000,2,lottomatik,2DLS0000498
3DL-9PM,3D Lotto 9PM,"[""1"", ""9"", ""8""]",1-9-8,2025-04-26,21:00,4500,9,lottomatik,3DLS0000498
6DL,6D Lotto,"[""2"", ""7"", ""9"", ""4"", ""2"", ""4""]",2-7-9-4-2-4,2025-04-26,21:00,1420216.08,0,lottomatik,6DLS0000071
GL55,Grand Lotto 6/55,"[""47"", ""06"", ""36"", ""11"", ""53"", ""42""]",47-06-36-11-53-42,2025-04-26,21:00,246834914.8,0,lottomatik,GL55S0000072
LOTTO42,Lotto 6/42,"[""04"", ""30"", ""40"", ""03"", ""18"", ""38""]",04-30-40-03-18-38,2025-04-26,21:00,15200401.8,0,lottomatik,LOTTO42S0000071
2DL-2PM,2D Lotto 2PM,"[""30"", ""21""]",30-21,2025-04-27,14:00,4000,0,lottomatik,2DLS0000499
3DL-2PM,3D Lotto 2PM,"[""3"", ""9"", ""8""]",3-9-8,2025-04-27,14:00,4500,0,lottomatik,3DLS0000499
2DL-5PM,2D Lotto 5PM,"[""12"", ""09""]",12-09,2025-04-27,17:00,4000,0,lottomatik,2DLS0000500
3DL-5PM,3D Lotto 5PM,"[""0"", ""9"", ""5""]",0-9-5,2025-04-27,17:00,4500,0,lottomatik,3DLS0000500
2DL-9PM,2D Lotto 9PM,"[""01"", ""26""]",01-26,2025-04-27,21:00,4000,2,lottomatik,2DLS0000501
3DL-9PM,3D Lotto 9PM,"[""4"", ""1"", ""2""]",4-1-2,2025-04-27,21:00,4500,6,lottomatik,3DLS0000501
SL49,Superlotto 6/49,"[""39"", ""07"", ""08"", ""40"", ""35"", ""30""]",39-07-08-40-35-30,2025-04-27,21:00,19595118,0,lottomatik,SL49S0000072
UL58,Ultra Lotto 6/58,"[""19"", ""08"", ""17"", ""55"", ""28"", ""02""]",19-08-17-55-28-02,2025-04-27,21:00,49500000,0,lottomatik,UL58S0000072
2DL-2PM,2D Lotto 2PM,"[""02"", ""18""]",02-18,2025-04-28,14:00,4000,1,lottomatik,2DLS0000502
3DL-2PM,3D Lotto 2PM,"[""2"", ""4"", ""4""]",2-4-4,2025-04-28,14:00,4500,2,lottomatik,3DLS0000502
2DL-5PM,2D Lotto 5PM,"[""08"", ""09""]",08-09,2025-04-28,17:00,4000,0,lottomatik,2DLS0000503
3DL-5PM,3D Lotto 5PM,"[""8"", ""1"", ""5""]",8-1-5,2025-04-28,17:00,4500,0,lottomatik,3DLS0000503
2DL-9PM,2D Lotto 9PM,"[""05"", ""07""]",05-07,2025-04-28,21:00,4000,12,lottomatik,2DLS0000504
3DL-9PM,3D Lotto 9PM,"[""2"", ""1"", ""7""]",2-1-7,2025-04-28,21:00,4500,4,lottomatik,3DLS0000504
4DL,4D Lotto,"[""4"", ""7"", ""9"", ""2""]",4-7-9-2,2025-04-28,21:00,983654,34,lottomatik,4DLS0000072
GL55,Grand Lotto 6/55,"[""41"", ""34"", ""37"", ""26"", ""30"", ""28""]",41-34-37-26-30-28,2025-04-28,21:00,255420159.6,0,lottomatik,GL55S0000073
ML45,Megalotto 6/45,"[""39"", ""23"", ""44"", ""43"", ""08"", ""30""]",39-23-44-43-08-30,2025-04-28,21:00,20377695,0,lottomatik,ML45S0000072
2DL-2PM,2D Lotto 2PM,"[""28"", ""03""]",28-03,2025-04-29,14:00,4000,1,lottomatik,2DLS0000505
3DL-2PM,3D Lotto 2PM,"[""7"", ""3"", ""7""]",7-3-7,2025-04-29,14:00,4500,0,lottomatik,3DLS0000505
2DL-5PM,2D Lotto 5PM,"[""08"", ""21""]",08-21,2025-04-29,17:00,4000,2,lottomatik,2DLS0000506
3DL-5PM,3D Lotto 5PM,"[""5"", ""4"", ""7""]",5-4-7,2025-04-29,17:00,4500,0,lottomatik,3DLS0000506
2DL-9PM,2D Lotto 9PM,"[""03"", ""27""]",03-27,2025-04-29,21:00,4000,3,lottomatik,2DLS0000507
3DL-9PM,3D Lotto 9PM,"[""0"", ""9"", ""5""]",0-9-5,2025-04-29,21:00,4500,0,lottomatik,3DLS0000507
6DL,6D Lotto,"[""2"", ""6"", ""9"", ""6"", ""5"", ""0""]",2-6-9-6-5-0,2025-04-29,21:00,2137732.76,0,lottomatik,6DLS0000072
LOTTO42,Lotto 6/42,"[""31"", ""13"", ""17"", ""25"", ""28"", ""35""]",31-13-17-25-28-35,2025-04-29,21:00,18428250.6,0,lottomatik,LOTTO42S0000072
SL49,Superlotto 6/49,"[""24"", ""02"", ""10"", ""09"", ""25"", ""05""]",24-02-10-09-25-05,2025-04-29,21:00,22432132.6,2,lottomatik,SL49S0000073
UL58,Ultra Lotto 6/58,"[""39"", ""05"", ""11"", ""45"", ""10"", ""25""]",39-05-11-45-10-25,2025-04-29,21:00,49500000,0,lottomatik,UL58S0000073
2DL-2PM,2D Lotto 2PM,"[""23"", ""14""]",23-14,2025-04-30,14:00,4000,0,lottomatik,2DLS0000508
3DL-2PM,3D Lotto 2PM,"[""0"", ""6"", ""0""]",0-6-0,2025-04-30,14:00,4500,0,lottomatik,3DLS0000508
2DL-5PM,2D Lotto 5PM,"[""27"", ""10""]",27-10,2025-04-30,17:00,4000,1,lottomatik,2DLS0000509
3DL-5PM,3D Lotto 5PM,"[""1"", ""2"", ""1""]",1-2-1,2025-04-30,17:00,4500,2,lottomatik,3DLS0000509
2DL-9PM,2D Lotto 9PM,"[""15"", ""20""]",15-20,2025-04-30,21:00,4000,9,lottomatik,2DLS0000510
3DL-9PM,3D Lotto 9PM,"[""4"", ""7"", ""7""]",4-7-7,2025-04-30,21:00,4500,0,lottomatik,3DLS0000510
4DL,4D Lotto,"[""4"", ""4"", ""5"", ""6""]",4-4-5-6,2025-04-30,21:00,803737,11,lottomatik,4DLS0000073
GL55,Grand Lotto 6/55,"[""27"", ""55"", ""44"", ""19"", ""48"", ""43""]",27-55-44-19-48-43,2025-04-30,21:00,264443908.4,0,lottomatik,GL55S0000074
ML45,Megalotto 6/45,"[""36"", ""40"", ""31"", ""18"", ""37"", ""09""]",36-40-31-18-37-09,2025-04-30,21:00,24177594.8,0,lottomatik,ML45S0000073
2DL-2PM,2D Lotto 2PM,"[""15"", ""13""]",15-13,2025-05-01,14:00,4000,6,lottomatik,2DLS0000511
3DL-2PM,3D Lotto 2PM,"[""5"", ""0"", ""3""]",5-0-3,2025-05-01,14:00,4500,7,lottomatik,3DLS0000511
2DL-5PM,2D Lotto 5PM,"[""27"", ""21""]",27-21,2025-05-01,17:00,4000,0,lottomatik,2DLS0000512
3DL-5PM,3D Lotto 5PM,"[""1"", ""1"", ""3""]",1-1-3,2025-05-01,17:00,4500,4,lottomatik,3DLS0000512
2DL-9PM,2D Lotto 9PM,"[""21"", ""04""]",21-04,2025-05-01,21:00,4000,5,lottomatik,2DLS0000513
3DL-9PM,3D Lotto 9PM,"[""1"", ""8"", ""0""]",1-8-0,2025-05-01,21:00,4500,11,lottomatik,3DLS0000513
6DL,6D Lotto,"[""0"", ""6"", ""5"", ""7"", ""2"", ""1""]",0-6-5-7-2-1,2025-05-01,21:00,2714297.88,0,lottomatik,6DLS0000073
LOTTO42,Lotto 6/42,"[""40"", ""11"", ""34"", ""42"", ""08"", ""19""]",40-11-34-42-08-19,2025-05-01,21:00,22383750.8,0,lottomatik,LOTTO42S0000073
SL49,Superlotto 6/49,"[""27"", ""04"", ""06"", ""34"", ""13"", ""01""]",27-04-06-34-13-01,2025-05-01,21:00,15840000,0,lottomatik,SL49S0000074
2DL-2PM,2D Lotto 2PM,"[""11"", ""07""]",11-07,2025-05-02,14:00,4000,2,lottomatik,2DLS0000514
3DL-2PM,3D Lotto 2PM,"[""3"", ""6"", ""0""]",3-6-0,2025-05-02,14:00,4500,0,lottomatik,3DLS0000514
2DL-5PM,2D Lotto 5PM,"[""02"", ""29""]",02-29,2025-05-02,17:00,4000,0,lottomatik,2DLS0000515
3DL-5PM,3D Lotto 5PM,"[""0"", ""2"", ""5""]",0-2-5,2025-05-02,17:00,4500,10,lottomatik,3DLS0000515
2DL-9PM,2D Lotto 9PM,"[""04"", ""16""]",04-16,2025-05-02,21:00,4000,2,lottomatik,2DLS0000516
3DL-9PM,3D Lotto 9PM,"[""3"", ""2"", ""1""]",3-2-1,2025-05-02,21:00,4500,2,lottomatik,3DLS0000516
4DL,4D Lotto,"[""6"", ""6"", ""9"", ""8""]",6-6-9-8,2025-05-02,21:00,913330,19,lottomatik,4DLS0000074
ML45,Megalotto 6/45,"[""37"", ""25"", ""36"", ""12"", ""21"", ""35""]",37-25-36-12-21-35,2025-05-02,21:00,28188025,0,lottomatik,ML45S0000074
UL58,Ultra Lotto 6/58,"[""11"", ""20"", ""16"", ""30"", ""08"", ""57""]",11-20-16-30-08-57,2025-05-02,21:00,49500000,0,lottomatik,UL58S0000074
2DL-2PM,2D Lotto 2PM,"[""17"", ""24""]",17-24,2025-05-03,14:00,4000,2,lottomatik,2DLS0000517
3DL-2PM,3D Lotto 2PM,"[""1"", ""6"", ""8""]",1-6-8,2025-05-03,14:00,4500,5,lottomatik,3DLS0000517
2DL-5PM,2D Lotto 5PM,"[""27"", ""25""]",27-25,2025-05-03,17:00,4000,4,lottomatik,2DLS0000518
3DL-5PM,3D Lotto 5PM,"[""3"", ""3"", ""3""]",3-3-3,2025-05-03,17:00,4500,4,lottomatik,3DLS0000518
2DL-9PM,2D Lotto 9PM,"[""20"", ""13""]",20-13,2025-05-03,21:00,4000,1,lottomatik,2DLS0000519
3DL-9PM,3D Lotto 9PM,"[""6"", ""1"", ""0""]",6-1-0,2025-05-03,21:00,4500,1,lottomatik,3DLS0000519
6DL,6D Lotto,"[""0"", ""2"", ""0"", ""8"", ""8"", ""2""]",0-2-0-8-8-2,2025-05-03,21:00,3028488,1,lottomatik,6DLS0000074
GL55,Grand Lotto 6/55,"[""22"", ""02"", ""35"", ""37"", ""42"", ""19""]",22-02-35-37-42-19,2025-05-03,21:00,274035873.2,0,lottomatik,GL55S0000075
LOTTO42,Lotto 6/42,"[""30"", ""11"", ""18"", ""34"", ""15"", ""31""]",30-11-18-34-15-31,2025-05-03,21:00,26282941.2,0,lottomatik,LOTTO42S0000074
2DL-2PM,2D Lotto 2PM,"[""23"", ""16""]",23-16,2025-05-04,14:00,4000,1,lottomatik,2DLS0000520
3DL-2PM,3D Lotto 2PM,"[""0"", ""8"", ""2""]",0-8-2,2025-05-04,14:00,4500,4,lottomatik,3DLS0000520
2DL-5PM,2D Lotto 5PM,"[""10"", ""20""]",10-20,2025-05-04,17:00,4000,0,lottomatik,2DLS0000521
3DL-5PM,3D Lotto 5PM,"[""5"", ""4"", ""5""]",5-4-5,2025-05-04,17:00,4500,0,lottomatik,3DLS0000521
2DL-9PM,2D Lotto 9PM,"[""02"", ""13""]",02-13,2025-05-04,21:00,4000,6,lottomatik,2DLS0000522
3DL-9PM,3D Lotto 9PM,"[""5"", ""4"", ""9""]",5-4-9,2025-05-04,21:00,4500,1,lottomatik,3DLS0000522
SL49,Superlotto 6/49,"[""33"", ""43"", ""06"", ""16"", ""29"", ""48""]",33-43-06-16-29-48,2025-05-04,21:00,15840000,0,lottomatik,SL49S0000075
UL58,Ultra Lotto 6/58,"[""22"", ""40"", ""13"", ""58"", ""23"", ""25""]",22-40-13-58-23-25,2025-05-04,21:00,49500000,0,lottomatik,UL58S0000075
2DL-2PM,2D Lotto 2PM,"[""31"", ""30""]",31-30,2025-05-05,14:00,4000,2,lottomatik,2DLS0000523
3DL-2PM,3D Lotto 2PM,"[""0"", ""8"", ""0""]",0-8-0,2025-05-05,14:00,4500,2,lottomatik,3DLS0000523
2DL-5PM,2D Lotto 5PM,"[""21"", ""13""]",21-13,2025-05-05,17:00,4000,0,lottomatik,2DLS0000524
3DL-5PM,3D Lotto 5PM,"[""0"", ""7"", ""4""]",0-7-4,2025-05-05,17:00,4500,1,lottomatik,3DLS0000524
2DL-9PM,2D Lotto 9PM,"[""22"", ""08""]",22-08,2025-05-05,21:00,4000,4,lottomatik,2DLS0000525
3DL-9PM,3D Lotto 9PM,"[""7"", ""7"", ""7""]",7-7-7,2025-05-05,21:00,4500,24,lottomatik,3DLS0000525
4DL,4D Lotto,"[""0"", ""6"", ""5"", ""4""]",0-6-5-4,2025-05-05,21:00,784420,20,lottomatik,4DLS0000075
GL55,Grand Lotto 6/55,"[""27"", ""24"", ""01"", ""31"", ""53"", ""23""]",27-24-01-31-53-23,2025-05-05,21:00,282975564.4,0,lottomatik,GL55S0000076
ML45,Megalotto 6/45,"[""02"", ""03"", ""32"", ""07"", ""11"", ""36""]",02-03-32-07-11-36,2025-05-05,21:00,32176487,0,lottomatik,ML45S0000075
2DL-2PM,2D Lotto 2PM,"[""05"", ""24""]",05-24,2025-05-06,14:00,4000,2,lottomatik,2DLS0000526
3DL-2PM,3D Lotto 2PM,"[""0"", ""7"", ""4""]",0-7-4,2025-05-06,14:00,4500,3,lottomatik,3DLS0000526
2DL-5PM,2D Lotto 5PM,"[""11"", ""03""]",11-03,2025-05-06,17:00,4000,1,lottomatik,2DLS0000527
3DL-5PM,3D Lotto 5PM,"[""1"", ""2"", ""7""]",1-2-7,2025-05-06,17:00,4500,1,lottomatik,3DLS0000527
2DL-9PM,2D Lotto 9PM,"[""24"", ""18""]",24-18,2025-05-06,21:00,4000,8,lottomatik,2DLS0000528
3DL-9PM,3D Lotto 9PM,"[""9"", ""2"", ""9""]",9-2-9,2025-05-06,21:00,4500,0,lottomatik,3DLS0000528
6DL,6D Lotto,"[""9"", ""0"", ""1"", ""5"", ""0"", ""4""]",9-0-1-5-0-4,2025-05-06,21:00,465032.92,0,lottomatik,6DLS0000075
LOTTO42,Lotto 6/42,"[""40"", ""14"", ""09"", ""24"", ""39"", ""06""]",40-14-09-24-39-06,2025-05-06,21:00,30056709.4,0,lottomatik,LOTTO42S0000075
SL49,Superlotto 6/49,"[""28"", ""47"", ""14"", ""41"", ""40"", ""12""]",28-47-14-41-40-12,2025-05-06,21:00,15840000,0,lottomatik,SL49S0000076
UL58,Ultra Lotto 6/58,"[""54"", ""06"", ""40"", ""30"", ""49"", ""20""]",54-06-40-30-49-20,2025-05-06,21:00,49500000,0,lottomatik,UL58S0000076
2DL-2PM,2D Lotto 2PM,"[""20"", ""22""]",20-22,2025-05-07,14:00,4000,2,lottomatik,2DLS0000529
3DL-2PM,3D Lotto 2PM,"[""2"", ""2"", ""3""]",2-2-3,2025-05-07,14:00,4500,3,lottomatik,3DLS0000529
2DL-5PM,2D Lotto 5PM,"[""22"", ""22""]",22-22,2025-05-07,17:00,4000,6,lottomatik,2DLS0000530
3DL-5PM,3D Lotto 5PM,"[""2"", ""9"", ""0""]",2-9-0,2025-05-07,17:00,4500,0,lottomatik,3DLS0000530
2DL-9PM,2D Lotto 9PM,"[""16"", ""18""]",16-18,2025-05-07,21:00,4000,0,lottomatik,2DLS0000531
3DL-9PM,3D Lotto 9PM,"[""1"", ""5"", ""5""]",1-5-5,2025-05-07,21:00,4500,2,lottomatik,3DLS0000531
4DL,4D Lotto,"[""0"", ""2"", ""3"", ""1""]",0-2-3-1,2025-05-07,21:00,713940,10,lottomatik,4DLS0000076
GL55,Grand Lotto 6/55,"[""24"", ""52"", ""20"", ""34"", ""22"", ""43""]",24-52-20-34-22-43,2025-05-07,21:00,292223660.4,0,lottomatik,GL55S0000077
ML45,Megalotto 6/45,"[""07"", ""26"", ""04"", ""41"", ""03"", ""39""]",07-26-04-41-03-39,2025-05-07,21:00,36194731.8,0,lottomatik,ML45S0000076
2DL-2PM,2D Lotto 2PM,"[""12"", ""20""]",12-20,2025-05-08,14:00,4000,4,lottomatik,2DLS0000532
3DL-2PM,3D Lotto 2PM,"[""3"", ""5"", ""3""]",3-5-3,2025-05-08,14:00,4500,0,lottomatik,3DLS0000532
2DL-5PM,2D Lotto 5PM,"[""13"", ""28""]",13-28,2025-05-08,17:00,4000,1,lottomatik,2DLS0000533
3DL-5PM,3D Lotto 5PM,"[""0"", ""2"", ""0""]",0-2-0,2025-05-08,17:00,4500,1,lottomatik,3DLS0000533
2DL-9PM,2D Lotto 9PM,"[""20"", ""26""]",20-26,2025-05-08,21:00,4000,5,lottomatik,2DLS0000534
3DL-9PM,3D Lotto 9PM,"[""6"", ""1"", ""9""]",6-1-9,2025-05-08,21:00,4500,0,lottomatik,3DLS0000534
6DL,6D Lotto,"[""4"", ""0"", ""6"", ""5"", ""8"", ""2""]",4-0-6-5-8-2,2025-05-08,21:00,1177570.76,0,lottomatik,6DLS0000076
LOTTO42,Lotto 6/42,"[""15"", ""39"", ""21"", ""40"", ""16"", ""27""]",15-39-21-40-16-27,2025-05-08,21:00,34708834.8,0,lottomatik,LOTTO42S0000076
SL49,Superlotto 6/49,"[""31"", ""02"", ""20"", ""48"", ""47"", ""28""]",31-02-20-48-47-28,2025-05-08,21:00,15840000,0,lottomatik,SL49S0000077
2DL-2PM,2D Lotto 2PM,"[""02"", ""11""]",02-11,2025-05-09,14:00,4000,2,lottomatik,2DLS0000535
3DL-2PM,3D Lotto 2PM,"[""9"", ""6"", ""0""]",9-6-0,2025-05-09,14:00,4500,2,lottomatik,3DLS0000535
2DL-5PM,2D Lotto 5PM,"[""02"", ""04""]",02-04,2025-05-09,17:00,4000,4,lottomatik,2DLS0000536
3DL-5PM,3D Lotto 5PM,"[""1"", ""3"", ""1""]",1-3-1,2025-05-09,17:00,4500,0,lottomatik,3DLS0000536
2DL-9PM,2D Lotto 9PM,"[""30"", ""04""]",30-04,2025-05-09,21:00,4000,13,lottomatik,2DLS0000537
3DL-9PM,3D Lotto 9PM,"[""7"", ""9"", ""2""]",7-9-2,2025-05-09,21:00,4500,4,lottomatik,3DLS0000537
4DL,4D Lotto,"[""4"", ""2"", ""4"", ""7""]",4-2-4-7,2025-05-09,21:00,880902,18,lottomatik,4DLS0000077
ML45,Megalotto 6/45,"[""33"", ""45"", ""39"", ""07"", ""30"", ""26""]",33-45-39-07-30-26,2025-05-09,21:00,40541906.4,0,lottomatik,ML45S0000077
UL58,Ultra Lotto 6/58,"[""54"", ""43"", ""40"", ""04"", ""14"", ""36""]",54-43-40-04-14-36,2025-05-09,21:00,49500000,0,lottomatik,UL58S0000077
2DL-2PM,2D Lotto 2PM,"[""15"", ""25""]",15-25,2025-05-10,14:00,4000,1,lottomatik,2DLS0000538
3DL-2PM,3D Lotto 2PM,"[""3"", ""7"", ""7""]",3-7-7,2025-05-10,14:00,4500,1,lottomatik,3DLS0000538
2DL-5PM,2D Lotto 5PM,"[""23"", ""26""]",23-26,2025-05-10,17:00,4000,1,lottomatik,2DLS0000539
3DL-5PM,3D Lotto 5PM,"[""9"", ""4"", ""4""]",9-4-4,2025-05-10,17:00,4500,0,lottomatik,3DLS0000539
2DL-9PM,2D Lotto 9PM,"[""13"", ""02""]",13-02,2025-05-10,21:00,4000,1,lottomatik,2DLS0000540
3DL-9PM,3D Lotto 9PM,"[""5"", ""0"", ""9""]",5-0-9,2025-05-10,21:00,4500,3,lottomatik,3DLS0000540
6DL,6D Lotto,"[""2"", ""6"", ""7"", ""0"", ""1"", ""8""]",2-6-7-0-1-8,2025-05-10,21:00,1227570.76,0,lottomatik,6DLS0000077
GL55,Grand Lotto 6/55,"[""51"", ""09"", ""42"", ""28"", ""40"", ""31""]",51-09-42-28-40-31,2025-05-10,21:00,302420224.8,0,lottomatik,GL55S0000078
LOTTO42,Lotto 6/42,"[""38"", ""42"", ""12"", ""01"", ""32"", ""11""]",38-42-12-01-32-11,2025-05-10,21:00,38971450.6,0,lottomatik,LOTTO42S0000077
2DL-2PM,2D Lotto 2PM,"[""05"", ""07""]",05-07,2025-05-11,14:00,4000,5,lottomatik,2DLS0000541
3DL-2PM,3D Lotto 2PM,"[""5"", ""6"", ""5""]",5-6-5,2025-05-11,14:00,4500,2,lottomatik,3DLS0000541
2DL-5PM,2D Lotto 5PM,"[""16"", ""17""]",16-17,2025-05-11,17:00,4000,0,lottomatik,2DLS0000542
3DL-5PM,3D Lotto 5PM,"[""0"", ""4"", ""2""]",0-4-2,2025-05-11,17:00,4500,0,lottomatik,3DLS0000542
2DL-9PM,2D Lotto 9PM,"[""13"", ""21""]",13-21,2025-05-11,21:00,4000,0,lottomatik,2DLS0000543
3DL-9PM,3D Lotto 9PM,"[""0"", ""9"", ""3""]",0-9-3,2025-05-11,21:00,4500,5,lottomatik,3DLS0000543
SL49,Superlotto 6/49,"[""47"", ""48"", ""03"", ""33"", ""12"", ""41""]",47-48-03-33-12-41,2025-05-11,21:00,15840000,0,lottomatik,SL49S0000078
UL58,Ultra Lotto 6/58,"[""24"", ""10"", ""30"", ""34"", ""51"", ""13""]",24-10-30-34-51-13,2025-05-11,21:00,52062729.2,0,lottomatik,UL58S0000078
2DL-2PM,2D Lotto 2PM,"[""11"", ""28""]",11-28,2025-05-12,14:00,4000,6,lottomatik,2DLS0000544
3DL-2PM,3D Lotto 2PM,"[""5"", ""1"", ""8""]",5-1-8,2025-05-12,14:00,4500,1,lottomatik,3DLS0000544
2DL-5PM,2D Lotto 5PM,"[""01"", ""27""]",01-27,2025-05-12,17:00,4000,4,lottomatik,2DLS0000545
3DL-5PM,3D Lotto 5PM,"[""8"", ""5"", ""6""]",8-5-6,2025-05-12,17:00,4500,2,lottomatik,3DLS0000545
2DL-9PM,2D Lotto 9PM,"[""07"", ""31""]",07-31,2025-05-12,21:00,4000,0,lottomatik,2DLS0000546
3DL-9PM,3D Lotto 9PM,"[""3"", ""2"", ""3""]",3-2-3,2025-05-12,21:00,4500,9,lottomatik,3DLS0000546
4DL,4D Lotto,"[""6"", ""9"", ""5"", ""0""]",6-9-5-0,2025-05-12,21:00,645700,11,lottomatik,4DLS0000078
GL55,Grand Lotto 6/55,"[""10"", ""26"", ""43"", ""45"", ""04"", ""30""]",10-26-43-45-04-30,2025-05-12,21:00,310394107.2,0,lottomatik,GL55S0000079
ML45,Megalotto 6/45,"[""21"", ""34"", ""27"", ""44"", ""37"", ""41""]",21-34-27-44-37-41,2025-05-12,21:00,44127448.2,0,lottomatik,ML45S0000078
2DL-2PM,2D Lotto 2PM,"[""27"", ""30""]",27-30,2025-05-13,14:00,4000,0,lottomatik,2DLS0000547
3DL-2PM,3D Lotto 2PM,"[""0"", ""7"", ""1""]",0-7-1,2025-05-13,14:00,4500,5,lottomatik,3DLS0000547
2DL-5PM,2D Lotto 5PM,"[""11"", ""29""]",11-29,2025-05-13,17:00,4000,2,lottomatik,2DLS0000548
3DL-5PM,3D Lotto 5PM,"[""3"", ""3"", ""7""]",3-3-7,2025-05-13,17:00,4500,1,lottomatik,3DLS0000548
2DL-9PM,2D Lotto 9PM,"[""14"", ""03""]",14-03,2025-05-13,21:00,4000,0,lottomatik,2DLS0000549
3DL-9PM,3D Lotto 9PM,"[""2"", ""4"", ""8""]",2-4-8,2025-05-13,21:00,4500,3,lottomatik,3DLS0000549
6DL,6D Lotto,"[""3"", ""2"", ""1"", ""0"", ""9"", ""4""]",3-2-1-0-9-4,2025-05-13,21:00,1714447.32,0,lottomatik,6DLS0000078
LOTTO42,Lotto 6/42,"[""12"", ""09"", ""15"", ""16"", ""24"", ""20""]",12-09-15-16-24-20,2025-05-13,21:00,43009332.6,0,lottomatik,LOTTO42S0000078
SL49,Superlotto 6/49,"[""16"", ""41"", ""29"", ""04"", ""43"", ""19""]",16-41-29-04-43-19,2025-05-13,21:00,17504028.8,0,lottomatik,SL49S0000079
UL58,Ultra Lotto 6/58,"[""09"", ""07"", ""51"", ""14"", ""41"", ""46""]",09-07-51-14-41-46,2025-05-13,21:00,55230643.4,0,lottomatik,UL58S0000079
2DL-2PM,2D Lotto 2PM,"[""16"", ""21""]",16-21,2025-05-14,14:00,4000,2,lottomatik,2DLS0000550
3DL-2PM,3D Lotto 2PM,"[""5"", ""3"", ""3""]",5-3-3,2025-05-14,14:00,4500,0,lottomatik,3DLS0000550
2DL-5PM,2D Lotto 5PM,"[""28"", ""27""]",28-27,2025-05-14,17:00,4000,0,lottomatik,2DLS0000551
3DL-5PM,3D Lotto 5PM,"[""4"", ""0"", ""7""]",4-0-7,2025-05-14,17:00,4500,1,lottomatik,3DLS0000551
2DL-9PM,2D Lotto 9PM,"[""09"", ""19""]",09-19,2025-05-14,21:00,4000,5,lottomatik,2DLS0000552
3DL-9PM,3D Lotto 9PM,"[""6"", ""0"", ""7""]",6-0-7,2025-05-14,21:00,4500,4,lottomatik,3DLS0000552
4DL,4D Lotto,"[""6"", ""4"", ""4"", ""8""]",6-4-4-8,2025-05-14,21:00,799290,18,lottomatik,4DLS0000079
GL55,Grand Lotto 6/55,"[""51"", ""21"", ""42"", ""04"", ""25"", ""17""]",51-21-42-04-25-17,2025-05-14,21:00,320220530.4,0,lottomatik,GL55S0000080
ML45,Megalotto 6/45,"[""12"", ""34"", ""07"", ""20"", ""29"", ""45""]",12-34-07-20-29-45,2025-05-14,21:00,48482132.4,0,lottomatik,ML45S0000079
2DL-2PM,2D Lotto 2PM,"[""24"", ""17""]",24-17,2025-05-15,14:00,4000,5,lottomatik,2DLS0000553
3DL-2PM,3D Lotto 2PM,"[""1"", ""7"", ""3""]",1-7-3,2025-05-15,14:00,4500,4,lottomatik,3DLS0000553
2DL-5PM,2D Lotto 5PM,"[""10"", ""23""]",10-23,2025-05-15,17:00,4000,0,lottomatik,2DLS0000554
3DL-5PM,3D Lotto 5PM,"[""9"", ""7"", ""9""]",9-7-9,2025-05-15,17:00,4500,1,lottomatik,3DLS0000554
2DL-9PM,2D Lotto 9PM,"[""24"", ""03""]",24-03,2025-05-15,21:00,4000,0,lottomatik,2DLS0000555
3DL-9PM,3D Lotto 9PM,"[""3"", ""6"", ""6""]",3-6-6,2025-05-15,21:00,4500,2,lottomatik,3DLS0000555
6DL,6D Lotto,"[""0"", ""5"", ""1"", ""5"", ""9"", ""1""]",0-5-1-5-9-1,2025-05-15,21:00,1764447.32,0,lottomatik,6DLS0000079
LOTTO42,Lotto 6/42,"[""22"", ""14"", ""24"", ""21"", ""08"", ""06""]",22-14-24-21-08-06,2025-05-15,21:00,48153537.4,0,lottomatik,LOTTO42S0000079
SL49,Superlotto 6/49,"[""02"", ""05"", ""18"", ""13"", ""45"", ""14""]",02-05-18-13-45-14,2025-05-15,21:00,20618241.8,0,lottomatik,SL49S0000080
2DL-2PM,2D Lotto 2PM,"[""30"", ""21""]",30-21,2025-05-16,14:00,4000,3,lottomatik,2DLS0000556
3DL-2PM,3D Lotto 2PM,"[""9"", ""0"", ""6""]",9-0-6,2025-05-16,14:00,4500,1,lottomatik,3DLS0000556
2DL-5PM,2D Lotto 5PM,"[""05"", ""30""]",05-30,2025-05-16,17:00,4000,0,lottomatik,2DLS0000557
3DL-5PM,3D Lotto 5PM,"[""0"", ""6"", ""0""]",0-6-0,2025-05-16,17:00,4500,0,lottomatik,3DLS0000557
2DL-9PM,2D Lotto 9PM,"[""13"", ""31""]",13-31,2025-05-16,21:00,4000,15,lottomatik,2DLS0000558
3DL-9PM,3D Lotto 9PM,"[""8"", ""2"", ""5""]",8-2-5,2025-05-16,21:00,4500,5,lottomatik,3DLS0000558
4DL,4D Lotto,"[""7"", ""6"", ""2"", ""5""]",7-6-2-5,2025-05-16,21:00,280000,28,lottomatik,4DLS0000080
ML45,Megalotto 6/45,"[""42"", ""33"", ""43"", ""41"", ""08"", ""21""]",42-33-43-41-08-21,2025-05-16,21:00,53398357.4,0,lottomatik,ML45S0000080
UL58,Ultra Lotto 6/58,"[""36"", ""53"", ""20"", ""27"", ""46"", ""24""]",36-53-20-27-46-24,2025-05-16,21:00,59537852,0,lottomatik,UL58S0000080
2DL-2PM,2D Lotto 2PM,"[""18"", ""24""]",18-24,2025-05-17,14:00,4000,4,lottomatik,2DLS0000559
3DL-2PM,3D Lotto 2PM,"[""4"", ""2"", ""2""]",4-2-2,2025-05-17,14:00,4500,16,lottomatik,3DLS0000559
2DL-5PM,2D Lotto 5PM,"[""02"", ""21""]",02-21,2025-05-17,17:00,4000,0,lottomatik,2DLS0000560
3DL-5PM,3D Lotto 5PM,"[""3"", ""9"", ""0""]",3-9-0,2025-05-17,17:00,4500,0,lottomatik,3DLS0000560
2DL-9PM,2D Lotto 9PM,"[""30"", ""03""]",30-03,2025-05-17,21:00,4000,14,lottomatik,2DLS0000561
3DL-9PM,3D Lotto 9PM,"[""4"", ""1"", ""4""]",4-1-4,2025-05-17,21:00,4500,1,lottomatik,3DLS0000561
6DL,6D Lotto,"[""1"", ""0"", ""4"", ""2"", ""5"", ""3""]",1-0-4-2-5-3,2025-05-17,21:00,1844600.92,0,lottomatik,6DLS0000080
GL55,Grand Lotto 6/55,"[""30"", ""29"", ""42"", ""28"", ""02"", ""43""]",30-29-42-28-02-43,2025-05-17,21:00,331359271.2,1,lottomatik,GL55S0000081
LOTTO42,Lotto 6/42,"[""15"", ""32"", ""14"", ""28"", ""13"", ""08""]",15-32-14-28-13-08,2025-05-17,21:00,53228564.8,0,lottomatik,LOTTO42S0000080
2DL-2PM,2D Lotto 2PM,"[""04"", ""22""]",04-22,2025-05-18,14:00,4000,1,lottomatik,2DLS0000562
3DL-2PM,3D Lotto 2PM,"[""9"", ""5"", ""6""]",9-5-6,2025-05-18,14:00,4500,0,lottomatik,3DLS0000562
2DL-5PM,2D Lotto 5PM,"[""14"", ""22""]",14-22,2025-05-18,17:00,4000,2,lottomatik,2DLS0000563
3DL-5PM,3D Lotto 5PM,"[""4"", ""2"", ""4""]",4-2-4,2025-05-18,17:00,4500,0,lottomatik,3DLS0000563
2DL-9PM,2D Lotto 9PM,"[""05"", ""06""]",05-06,2025-05-18,21:00,4000,13,lottomatik,2DLS0000564
3DL-9PM,3D Lotto 9PM,"[""8"", ""1"", ""8""]",8-1-8,2025-05-18,21:00,4500,13,lottomatik,3DLS0000564
SL49,Superlotto 6/49,"[""06"", ""46"", ""37"", ""04"", ""18"", ""03""]",06-46-37-04-18-03,2025-05-18,21:00,24342614,0,lottomatik,SL49S0000081
UL58,Ultra Lotto 6/58,"[""53"", ""34"", ""46"", ""11"", ""50"", ""49""]",53-34-46-11-50-49,2025-05-18,21:00,63790157,0,lottomatik,UL58S0000081
2DL-2PM,2D Lotto 2PM,"[""25"", ""01""]",25-01,2025-05-19,14:00,4000,1,lottomatik,2DLS0000565
3DL-2PM,3D Lotto 2PM,"[""8"", ""6"", ""7""]",8-6-7,2025-05-19,14:00,4500,1,lottomatik,3DLS0000565
2DL-5PM,2D Lotto 5PM,"[""24"", ""04""]",24-04,2025-05-19,17:00,4000,2,lottomatik,2DLS0000566
3DL-5PM,3D Lotto 5PM,"[""2"", ""5"", ""5""]",2-5-5,2025-05-19,17:00,4500,1,lottomatik,3DLS0000566
2DL-9PM,2D Lotto 9PM,"[""31"", ""19""]",31-19,2025-05-19,21:00,4000,0,lottomatik,2DLS0000567
3DL-9PM,3D Lotto 9PM,"[""1"", ""9"", ""8""]",1-9-8,2025-05-19,21:00,4500,5,lottomatik,3DLS0000567
4DL,4D Lotto,"[""6"", ""7"", ""7"", ""9""]",6-7-7-9,2025-05-19,21:00,905411,13,lottomatik,4DLS0000081
GL55,Grand Lotto 6/55,"[""33"", ""51"", ""28"", ""23"", ""31"", ""20""]",33-51-28-23-31-20,2025-05-19,21:00,29700000,0,lottomatik,GL55S0000082
ML45,Megalotto 6/45,"[""42"", ""15"", ""43"", ""06"", ""26"", ""37""]",42-15-43-06-26-37,2025-05-19,21:00,59005030.4,0,lottomatik,ML45S0000081
2DL-2PM,2D Lotto 2PM,"[""22"", ""14""]",22-14,2025-05-20,14:00,4000,3,lottomatik,2DLS0000568
3DL-2PM,3D Lotto 2PM,"[""5"", ""7"", ""3""]",5-7-3,2025-05-20,14:00,4500,1,lottomatik,3DLS0000568
2DL-5PM,2D Lotto 5PM,"[""03"", ""07""]",03-07,2025-05-20,17:00,4000,1,lottomatik,2DLS0000569
3DL-5PM,3D Lotto 5PM,"[""7"", ""7"", ""4""]",7-7-4,2025-05-20,17:00,4500,2,lottomatik,3DLS0000569
2DL-9PM,2D Lotto 9PM,"[""07"", ""01""]",07-01,2025-05-20,21:00,4000,4,lottomatik,2DLS0000570
3DL-9PM,3D Lotto 9PM,"[""8"", ""9"", ""9""]",8-9-9,2025-05-20,21:00,4500,1,lottomatik,3DLS0000570
6DL,6D Lotto,"[""5"", ""5"", ""0"", ""5"", ""2"", ""0""]",5-5-0-5-2-0,2025-05-20,21:00,1894600,1,lottomatik,6DLS0000081
LOTTO42,Lotto 6/42,"[""34"", ""20"", ""23"", ""16"", ""13"", ""03""]",34-20-23-16-13-03,2025-05-20,21:00,58726119.8,0,lottomatik,LOTTO42S0000081
SL49,Superlotto 6/49,"[""02"", ""35"", ""32"", ""12"", ""07"", ""36""]",02-35-32-12-07-36,2025-05-20,21:00,27015864.6,0,lottomatik,SL49S0000082
UL58,Ultra Lotto 6/58,"[""21"", ""28"", ""38"", ""52"", ""17"", ""29""]",21-28-38-52-17-29,2025-05-20,21:00,67362412.8,0,lottomatik,UL58S0000082
2DL-2PM,2D Lotto 2PM,"[""09"", ""07""]",09-07,2025-05-21,14:00,4000,4,lottomatik,2DLS0000571
3DL-2PM,3D Lotto 2PM,"[""3"", ""6"", ""3""]",3-6-3,2025-05-21,14:00,4500,3,lottomatik,3DLS0000571
2DL-5PM,2D Lotto 5PM,"[""29"", ""18""]",29-18,2025-05-21,17:00,4000,0,lottomatik,2DLS0000572
3DL-5PM,3D Lotto 5PM,"[""8"", ""2"", ""0""]",8-2-0,2025-05-21,17:00,4500,0,lottomatik,3DLS0000572
2DL-9PM,2D Lotto 9PM,"[""17"", ""18""]",17-18,2025-05-21,21:00,4000,2,lottomatik,2DLS0000573
3DL-9PM,3D Lotto 9PM,"[""6"", ""6"", ""8""]",6-6-8,2025-05-21,21:00,4500,0,lottomatik,3DLS0000573
4DL,4D Lotto,"[""3"", ""1"", ""0"", ""9""]",3-1-0-9,2025-05-21,21:00,771212,26,lottomatik,4DLS0000082
GL55,Grand Lotto 6/55,"[""43"", ""24"", ""07"", ""29"", ""08"", ""27""]",43-24-07-29-08-27,2025-05-21,21:00,29700000,0,lottomatik,GL55S0000083
ML45,Megalotto 6/45,"[""23"", ""25"", ""28"", ""19"", ""10"", ""18""]",23-25-28-19-10-18,2025-05-21,21:00,64712644.6,1,lottomatik,ML45S0000082
2DL-2PM,2D Lotto 2PM,"[""13"", ""16""]",13-16,2025-05-22,14:00,4000,0,lottomatik,2DLS0000574
3DL-2PM,3D Lotto 2PM,"[""7"", ""3"", ""2""]",7-3-2,2025-05-22,14:00,4500,1,lottomatik,3DLS0000574
2DL-5PM,2D Lotto 5PM,"[""22"", ""08""]",22-08,2025-05-22,17:00,4000,3,lottomatik,2DLS0000575
3DL-5PM,3D Lotto 5PM,"[""2"", ""5"", ""0""]",2-5-0,2025-05-22,17:00,4500,3,lottomatik,3DLS0000575
2DL-9PM,2D Lotto 9PM,"[""10"", ""06""]",10-06,2025-05-22,21:00,4000,6,lottomatik,2DLS0000576
3DL-9PM,3D Lotto 9PM,"[""3"", ""5"", ""0""]",3-5-0,2025-05-22,21:00,4500,5,lottomatik,3DLS0000576
6DL,6D Lotto,"[""9"", ""8"", ""0"", ""1"", ""7"", ""8""]",9-8-0-1-7-8,2025-05-22,21:00,622272,0,lottomatik,6DLS0000082
LOTTO42,Lotto 6/42,"[""18"", ""39"", ""17"", ""35"", ""29"", ""38""]",18-39-17-35-29-38,2025-05-22,21:00,64959042.6,0,lottomatik,LOTTO42S0000082
SL49,Superlotto 6/49,"[""03"", ""15"", ""43"", ""19"", ""11"", ""23""]",03-15-43-19-11-23,2025-05-22,21:00,30290919.2,0,lottomatik,SL49S0000083
2DL-2PM,2D Lotto 2PM,"[""27"", ""25""]",27-25,2025-05-23,14:00,4000,0,lottomatik,2DLS0000577
3DL-2PM,3D Lotto 2PM,"[""9"", ""2"", ""3""]",9-2-3,2025-05-23,14:00,4500,3,lottomatik,3DLS0000577
2DL-5PM,2D Lotto 5PM,"[""12"", ""23""]",12-23,2025-05-23,17:00,4000,0,lottomatik,2DLS0000578
3DL-5PM,3D Lotto 5PM,"[""6"", ""0"", ""5""]",6-0-5,2025-05-23,17:00,4500,0,lottomatik,3DLS0000578
2DL-9PM,2D Lotto 9PM,"[""13"", ""17""]",13-17,2025-05-23,21:00,4000,3,lottomatik,2DLS0000579
3DL-9PM,3D Lotto 9PM,"[""4"", ""1"", ""0""]",4-1-0,2025-05-23,21:00,4500,2,lottomatik,3DLS0000579
4DL,4D Lotto,"[""3"", ""6"", ""2"", ""9""]",3-6-2-9,2025-05-23,21:00,572033,17,lottomatik,4DLS0000083
ML45,Megalotto 6/45,"[""33"", ""02"", ""21"", ""40"", ""25"", ""05""]",33-02-21-40-25-05,2025-05-23,21:00,8910000,0,lottomatik,ML45S0000083
UL58,Ultra Lotto 6/58,"[""06"", ""52"", ""18"", ""20"", ""43"", ""42""]",06-52-18-20-43-42,2025-05-23,21:00,72271167.8,0,lottomatik,UL58S0000083
2DL-2PM,2D Lotto 2PM,"[""01"", ""14""]",01-14,2025-05-24,14:00,4000,0,lottomatik,2DLS0000580
3DL-2PM,3D Lotto 2PM,"[""2"", ""8"", ""6""]",2-8-6,2025-05-24,14:00,4500,0,lottomatik,3DLS0000580
2DL-5PM,2D Lotto 5PM,"[""23"", ""13""]",23-13,2025-05-24,17:00,4000,0,lottomatik,2DLS0000581
3DL-5PM,3D Lotto 5PM,"[""6"", ""4"", ""5""]",6-4-5,2025-05-24,17:00,4500,0,lottomatik,3DLS0000581
2DL-9PM,2D Lotto 9PM,"[""07"", ""01""]",07-01,2025-05-24,21:00,4000,2,lottomatik,2DLS0000582
3DL-9PM,3D Lotto 9PM,"[""5"", ""9"", ""6""]",5-9-6,2025-05-24,21:00,4500,3,lottomatik,3DLS0000582
6DL,6D Lotto,"[""3"", ""5"", ""7"", ""1"", ""9"", ""2""]",3-5-7-1-9-2,2025-05-24,21:00,1022976.84,0,lottomatik,6DLS0000083
GL55,Grand Lotto 6/55,"[""27"", ""21"", ""49"", ""02"", ""16"", ""07""]",27-21-49-02-16-07,2025-05-24,21:00,29700000,0,lottomatik,GL55S0000084
LOTTO42,Lotto 6/42,"[""42"", ""22"", ""10"", ""40"", ""24"", ""35""]",42-22-10-40-24-35,2025-05-24,21:00,71671076,0,lottomatik,LOTTO42S0000083
2DL-2PM,2D Lotto 2PM,"[""08"", ""28""]",08-28,2025-05-25,14:00,4000,2,lottomatik,2DLS0000583
3DL-2PM,3D Lotto 2PM,"[""0"", ""9"", ""4""]",0-9-4,2025-05-25,14:00,4500,2,lottomatik,3DLS0000583
2DL-5PM,2D Lotto 5PM,"[""23"", ""18""]",23-18,2025-05-25,17:00,4000,1,lottomatik,2DLS0000584
3DL-5PM,3D Lotto 5PM,"[""8"", ""6"", ""1""]",8-6-1,2025-05-25,17:00,4500,1,lottomatik,3DLS0000584
2DL-9PM,2D Lotto 9PM,"[""01"", ""31""]",01-31,2025-05-25,21:00,4000,5,lottomatik,2DLS0000585
3DL-9PM,3D Lotto 9PM,"[""0"", ""7"", ""7""]",0-7-7,2025-05-25,21:00,4500,0,lottomatik,3DLS0000585
SL49,Superlotto 6/49,"[""35"", ""13"", ""42"", ""14"", ""24"", ""16""]",35-13-42-14-24-16,2025-05-25,21:00,34162383.6,0,lottomatik,SL49S0000084
UL58,Ultra Lotto 6/58,"[""57"", ""51"", ""13"", ""47"", ""24"", ""18""]",57-51-13-47-24-18,2025-05-25,21:00,76870794.4,0,lottomatik,UL58S0000084
2DL-2PM,2D Lotto 2PM,"[""25"", ""18""]",25-18,2025-05-26,14:00,4000,2,lottomatik,2DLS0000586
3DL-2PM,3D Lotto 2PM,"[""3"", ""3"", ""4""]",3-3-4,2025-05-26,14:00,4500,0,lottomatik,3DLS0000586
2DL-5PM,2D Lotto 5PM,"[""31"", ""25""]",31-25,2025-05-26,17:00,4000,1,lottomatik,2DLS0000587
3DL-5PM,3D Lotto 5PM,"[""4"", ""4"", ""7""]",4-4-7,2025-05-26,17:00,4500,1,lottomatik,3DLS0000587
2DL-9PM,2D Lotto 9PM,"[""13"", ""14""]",13-14,2025-05-26,21:00,4000,4,lottomatik,2DLS0000588
3DL-9PM,3D Lotto 9PM,"[""2"", ""6"", ""1""]",2-6-1,2025-05-26,21:00,4500,2,lottomatik,3DLS0000588
4DL,4D Lotto,"[""0"", ""0"", ""9"", ""2""]",0-0-9-2,2025-05-26,21:00,995470,7,lottomatik,4DLS0000084
GL55,Grand Lotto 6/55,"[""04"", ""19"", ""43"", ""25"", ""47"", ""26""]",04-19-43-25-47-26,2025-05-26,21:00,29700000,0,lottomatik,GL55S0000085
ML45,Megalotto 6/45,"[""17"", ""05"", ""29"", ""06"", ""01"", ""40""]",17-05-29-06-01-40,2025-05-26,21:00,8910000,0,lottomatik,ML45S0000084
2DL-2PM,2D Lotto 2PM,"[""02"", ""30""]",02-30,2025-05-27,14:00,4000,0,lottomatik,2DLS0000589
3DL-2PM,3D Lotto 2PM,"[""2"", ""2"", ""4""]",2-2-4,2025-05-27,14:00,4500,0,lottomatik,3DLS0000589
2DL-5PM,2D Lotto 5PM,"[""26"", ""26""]",26-26,2025-05-27,17:00,4000,0,lottomatik,2DLS0000590
3DL-5PM,3D Lotto 5PM,"[""1"", ""9"", ""3""]",1-9-3,2025-05-27,17:00,4500,3,lottomatik,3DLS0000590
2DL-9PM,2D Lotto 9PM,"[""16"", ""07""]",16-07,2025-05-27,21:00,4000,0,lottomatik,2DLS0000591
3DL-9PM,3D Lotto 9PM,"[""2"", ""0"", ""5""]",2-0-5,2025-05-27,21:00,4500,1,lottomatik,3DLS0000591
6DL,6D Lotto,"[""2"", ""9"", ""3"", ""2"", ""5"", ""3""]",2-9-3-2-5-3,2025-05-27,21:00,1468345,1,lottomatik,6DLS0000084
LOTTO42,Lotto 6/42,"[""07"", ""23"", ""21"", ""15"", ""02"", ""42""]",07-23-21-15-02-42,2025-05-27,21:00,78531109.8,0,lottomatik,LOTTO42S0000084
SL49,Superlotto 6/49,"[""46"", ""17"", ""12"", ""28"", ""01"", ""19""]",46-17-12-28-01-19,2025-05-27,21:00,37046482.8,0,lottomatik,SL49S0000085
UL58,Ultra Lotto 6/58,"[""55"", ""57"", ""34"", ""06"", ""42"", ""41""]",55-57-34-06-42-41,2025-05-27,21:00,80820083.2,0,lottomatik,UL58S0000085
2DL-2PM,2D Lotto 2PM,"[""19"", ""15""]",19-15,2025-05-28,14:00,4000,2,lottomatik,2DLS0000592
3DL-2PM,3D Lotto 2PM,"[""8"", ""6"", ""6""]",8-6-6,2025-05-28,14:00,4500,2,lottomatik,3DLS0000592
2DL-5PM,2D Lotto 5PM,"[""12"", ""30""]",12-30,2025-05-28,17:00,4000,0,lottomatik,2DLS0000593
3DL-5PM,3D Lotto 5PM,"[""2"", ""2"", ""0""]",2-2-0,2025-05-28,17:00,4500,3,lottomatik,3DLS0000593
2DL-9PM,2D Lotto 9PM,"[""30"", ""02""]",30-02,2025-05-28,21:00,4000,0,lottomatik,2DLS0000594
3DL-9PM,3D Lotto 9PM,"[""5"", ""0"", ""1""]",5-0-1,2025-05-28,21:00,4500,17,lottomatik,3DLS0000594
4DL,4D Lotto,"[""8"", ""7"", ""9"", ""2""]",8-7-9-2,2025-05-28,21:00,978808,8,lottomatik,4DLS0000085
GL55,Grand Lotto 6/55,"[""51"", ""49"", ""21"", ""17"", ""47"", ""54""]",51-49-21-17-47-54,2025-05-28,21:00,29700000,0,lottomatik,GL55S0000086
ML45,Megalotto 6/45,"[""12"", ""27"", ""36"", ""14"", ""19"", ""29""]",12-27-36-14-19-29,2025-05-28,21:00,10494427.6,0,lottomatik,ML45S0000085
2DL-2PM,2D Lotto 2PM,"[""27"", ""16""]",27-16,2025-05-29,14:00,4000,0,lottomatik,2DLS0000595
3DL-2PM,3D Lotto 2PM,"[""6"", ""9"", ""9""]",6-9-9,2025-05-29,14:00,4500,3,lottomatik,3DLS0000595
2DL-5PM,2D Lotto 5PM,"[""07"", ""12""]",07-12,2025-05-29,17:00,4000,2,lottomatik,2DLS0000596
3DL-5PM,3D Lotto 5PM,"[""3"", ""4"", ""6""]",3-4-6,2025-05-29,17:00,4500,5,lottomatik,3DLS0000596
2DL-9PM,2D Lotto 9PM,"[""18"", ""11""]",18-11,2025-05-29,21:00,4000,4,lottomatik,2DLS0000597
3DL-9PM,3D Lotto 9PM,"[""0"", ""1"", ""5""]",0-1-5,2025-05-29,21:00,4500,5,lottomatik,3DLS0000597
6DL,6D Lotto,"[""3"", ""9"", ""3"", ""8"", ""0"", ""9""]",3-9-3-8-0-9,2025-05-29,21:00,483952.52,0,lottomatik,6DLS0000085
LOTTO42,Lotto 6/42,"[""12"", ""27"", ""31"", ""10"", ""24"", ""14""]",12-27-31-10-24-14,2025-05-29,21:00,86040161.2,0,lottomatik,LOTTO42S0000085
SL49,Superlotto 6/49,"[""41"", ""25"", ""24"", ""03"", ""34"", ""29""]",41-25-24-03-34-29,2025-05-29,21:00,40594126.6,0,lottomatik,SL49S0000086
2DL-2PM,2D Lotto 2PM,"[""13"", ""11""]",13-11,2025-05-30,14:00,4000,3,lottomatik,2DLS0000598
3DL-2PM,3D Lotto 2PM,"[""1"", ""8"", ""1""]",1-8-1,2025-05-30,14:00,4500,5,lottomatik,3DLS0000598
2DL-5PM,2D Lotto 5PM,"[""13"", ""18""]",13-18,2025-05-30,17:00,4000,1,lottomatik,2DLS0000599
3DL-5PM,3D Lotto 5PM,"[""6"", ""6"", ""4""]",6-6-4,2025-05-30,17:00,4500,8,lottomatik,3DLS0000599
2DL-9PM,2D Lotto 9PM,"[""11"", ""05""]",11-05,2025-05-30,21:00,4000,10,lottomatik,2DLS0000600
3DL-9PM,3D Lotto 9PM,"[""7"", ""6"", ""2""]",7-6-2,2025-05-30,21:00,4500,3,lottomatik,3DLS0000600
4DL,4D Lotto,"[""5"", ""5"", ""9"", ""6""]",5-5-9-6,2025-05-30,21:00,992530,7,lottomatik,4DLS0000086
ML45,Megalotto 6/45,"[""24"", ""01"", ""30"", ""26"", ""17"", ""04""]",24-01-30-26-17-04,2025-05-30,21:00,13815041.8,0,lottomatik,ML45S0000086
UL58,Ultra Lotto 6/58,"[""19"", ""12"", ""35"", ""18"", ""29"", ""43""]",19-12-35-18-29-43,2025-05-30,21:00,85753449.2,0,lottomatik,UL58S0000086
2DL-2PM,2D Lotto 2PM,"[""27"", ""05""]",27-05,2025-05-31,14:00,4000,5,lottomatik,2DLS0000601
3DL-2PM,3D Lotto 2PM,"[""2"", ""1"", ""7""]",2-1-7,2025-05-31,14:00,4500,5,lottomatik,3DLS0000601
2DL-5PM,2D Lotto 5PM,"[""29"", ""07""]",29-07,2025-05-31,17:00,4000,1,lottomatik,2DLS0000602
3DL-5PM,3D Lotto 5PM,"[""6"", ""9"", ""7""]",6-9-7,2025-05-31,17:00,4500,0,lottomatik,3DLS0000602
2DL-9PM,2D Lotto 9PM,"[""30"", ""04""]",30-04,2025-05-31,21:00,4000,0,lottomatik,2DLS0000603
3DL-9PM,3D Lotto 9PM,"[""2"", ""3"", ""6""]",2-3-6,2025-05-31,21:00,4500,7,lottomatik,3DLS0000603
6DL,6D Lotto,"[""8"", ""4"", ""3"", ""7"", ""3"", ""9""]",8-4-3-7-3-9,2025-05-31,21:00,1144422.28,0,lottomatik,6DLS0000086
GL55,Grand Lotto 6/55,"[""52"", ""33"", ""40"", ""48"", ""31"", ""06""]",52-33-40-48-31-06,2025-05-31,21:00,29700000,0,lottomatik,GL55S0000087
LOTTO42,Lotto 6/42,"[""42"", ""41"", ""33"", ""17"", ""03"", ""36""]",42-41-33-17-03-36,2025-05-31,21:00,93806443.4,0,lottomatik,LOTTO42S0000086
2DL-2PM,2D Lotto 2PM,"[""17"", ""06""]",17-06,2025-06-01,14:00,4000,1,lottomatik,2DLS0000604
3DL-2PM,3D Lotto 2PM,"[""8"", ""0"", ""7""]",8-0-7,2025-06-01,14:00,4500,0,lottomatik,3DLS0000604
2DL-5PM,2D Lotto 5PM,"[""25"", ""09""]",25-09,2025-06-01,17:00,4000,10,lottomatik,2DLS0000605
3DL-5PM,3D Lotto 5PM,"[""4"", ""8"", ""5""]",4-8-5,2025-06-01,17:00,4500,3,lottomatik,3DLS0000605
2DL-9PM,2D Lotto 9PM,"[""17"", ""18""]",17-18,2025-06-01,21:00,4000,5,lottomatik,2DLS0000606
3DL-9PM,3D Lotto 9PM,"[""7"", ""5"", ""7""]",7-5-7,2025-06-01,21:00,4500,7,lottomatik,3DLS0000606
SL49,Superlotto 6/49,"[""27"", ""19"", ""23"", ""06"", ""38"", ""10""]",27-19-23-06-38-10,2025-06-01,21:00,44911436.8,0,lottomatik,SL49S0000087
UL58,Ultra Lotto 6/58,"[""17"", ""28"", ""33"", ""02"", ""49"", ""20""]",17-28-33-02-49-20,2025-06-01,21:00,90813300,0,lottomatik,UL58S0000087
2DL-2PM,2D Lotto 2PM,"[""02"", ""07""]",02-07,2025-06-02,14:00,4000,7,lottomatik,2DLS0000607
3DL-2PM,3D Lotto 2PM,"[""7"", ""2"", ""4""]",7-2-4,2025-06-02,14:00,4500,34,lottomatik,3DLS0000607
2DL-5PM,2D Lotto 5PM,"[""20"", ""25""]",20-25,2025-06-02,17:00,4000,4,lottomatik,2DLS0000608
3DL-5PM,3D Lotto 5PM,"[""3"", ""7"", ""1""]",3-7-1,2025-06-02,17:00,4500,1,lottomatik,3DLS0000608
2DL-9PM,2D Lotto 9PM,"[""01"", ""03""]",01-03,2025-06-02,21:00,4000,0,lottomatik,2DLS0000609
3DL-9PM,3D Lotto 9PM,"[""7"", ""3"", ""8""]",7-3-8,2025-06-02,21:00,4500,1,lottomatik,3DLS0000609
4DL,4D Lotto,"[""5"", ""2"", ""7"", ""1""]",5-2-7-1,2025-06-02,21:00,910400,40,lottomatik,4DLS0000087
GL55,Grand Lotto 6/55,"[""36"", ""12"", ""02"", ""26"", ""51"", ""29""]",36-12-02-26-51-29,2025-06-02,21:00,29700000,0,lottomatik,GL55S0000088
ML45,Megalotto 6/45,"[""14"", ""42"", ""37"", ""10"", ""18"", ""27""]",14-42-37-10-18-27,2025-06-02,21:00,17723222.8,0,lottomatik,ML45S0000087
2DL-2PM,2D Lotto 2PM,"[""09"", ""15""]",09-15,2025-06-03,14:00,4000,1,lottomatik,2DLS0000610
3DL-2PM,3D Lotto 2PM,"[""4"", ""6"", ""9""]",4-6-9,2025-06-03,14:00,4500,1,lottomatik,3DLS0000610
2DL-5PM,2D Lotto 5PM,"[""11"", ""08""]",11-08,2025-06-03,17:00,4000,5,lottomatik,2DLS0000611
3DL-5PM,3D Lotto 5PM,"[""2"", ""6"", ""3""]",2-6-3,2025-06-03,17:00,4500,0,lottomatik,3DLS0000611
2DL-9PM,2D Lotto 9PM,"[""24"", ""20""]",24-20,2025-06-03,21:00,4000,4,lottomatik,2DLS0000612
3DL-9PM,3D Lotto 9PM,"[""7"", ""1"", ""0""]",7-1-0,2025-06-03,21:00,4500,9,lottomatik,3DLS0000612
6DL,6D Lotto,"[""9"", ""6"", ""9"", ""4"", ""2"", ""2""]",9-6-9-4-2-2,2025-06-03,21:00,1726555.64,0,lottomatik,6DLS0000087
LOTTO42,Lotto 6/42,"[""05"", ""22"", ""14"", ""03"", ""23"", ""11""]",05-22-14-03-23-11,2025-06-03,21:00,102346298,1,lottomatik,LOTTO42S0000087
SL49,Superlotto 6/49,"[""21"", ""43"", ""47"", ""17"", ""45"", ""19""]",21-43-47-17-45-19,2025-06-03,21:00,48050797,0,lottomatik,SL49S0000088
UL58,Ultra Lotto 6/58,"[""02"", ""18"", ""28"", ""19"", ""41"", ""26""]",02-18-28-19-41-26,2025-06-03,21:00,94914130.4,0,lottomatik,UL58S0000088
2DL-2PM,2D Lotto 2PM,"[""09"", ""05""]",09-05,2025-06-04,14:00,4000,2,lottomatik,2DLS0000613
3DL-2PM,3D Lotto 2PM,"[""2"", ""6"", ""2""]",2-6-2,2025-06-04,14:00,4500,1,lottomatik,3DLS0000613
2DL-5PM,2D Lotto 5PM,"[""14"", ""23""]",14-23,2025-06-04,17:00,4000,1,lottomatik,2DLS0000614
3DL-5PM,3D Lotto 5PM,"[""2"", ""7"", ""7""]",2-7-7,2025-06-04,17:00,4500,1,lottomatik,3DLS0000614
2DL-9PM,2D Lotto 9PM,"[""04"", ""18""]",04-18,2025-06-04,21:00,4000,1,lottomatik,2DLS0000615
3DL-9PM,3D Lotto 9PM,"[""2"", ""0"", ""9""]",2-0-9,2025-06-04,21:00,4500,0,lottomatik,3DLS0000615
4DL,4D Lotto,"[""5"", ""2"", ""3"", ""6""]",5-2-3-6,2025-06-04,21:00,912752,16,lottomatik,4DLS0000088
GL55,Grand Lotto 6/55,"[""53"", ""26"", ""03"", ""22"", ""01"", ""06""]",53-26-03-22-01-06,2025-06-04,21:00,29700000,0,lottomatik,GL55S0000089
ML45,Megalotto 6/45,"[""42"", ""28"", ""04"", ""29"", ""10"", ""30""]",42-28-04-29-10-30,2025-06-04,21:00,21749042.2,1,lottomatik,ML45S0000088
2DL-2PM,2D Lotto 2PM,"[""24"", ""17""]",24-17,2025-06-05,14:00,4000,7,lottomatik,2DLS0000616
3DL-2PM,3D Lotto 2PM,"[""2"", ""4"", ""7""]",2-4-7,2025-06-05,14:00,4500,1,lottomatik,3DLS0000616
2DL-5PM,2D Lotto 5PM,"[""02"", ""18""]",02-18,2025-06-05,17:00,4000,1,lottomatik,2DLS0000617
3DL-5PM,3D Lotto 5PM,"[""1"", ""5"", ""6""]",1-5-6,2025-06-05,17:00,4500,4,lottomatik,3DLS0000617
2DL-9PM,2D Lotto 9PM,"[""13"", ""10""]",13-10,2025-06-05,21:00,4000,2,lottomatik,2DLS0000618
3DL-9PM,3D Lotto 9PM,"[""1"", ""4"", ""3""]",1-4-3,2025-06-05,21:00,4500,6,lottomatik,3DLS0000618
6DL,6D Lotto,"[""8"", ""3"", ""4"", ""4"", ""9"", ""2""]",8-3-4-4-9-2,2025-06-05,21:00,2508611.8,0,lottomatik,6DLS0000088
LOTTO42,Lotto 6/42,"[""10"", ""40"", ""34"", ""12"", ""36"", ""16""]",10-40-34-12-36-16,2025-06-05,21:00,5940000,0,lottomatik,LOTTO42S0000088
SL49,Superlotto 6/49,"[""37"", ""11"", ""28"", ""41"", ""35"", ""12""]",37-11-28-41-35-12,2025-06-05,21:00,53078892.8,0,lottomatik,SL49S0000089
2DL-2PM,2D Lotto 2PM,"[""12"", ""26""]",12-26,2025-06-06,14:00,4000,2,lottomatik,2DLS0000619
3DL-2PM,3D Lotto 2PM,"[""1"", ""5"", ""9""]",1-5-9,2025-06-06,14:00,4500,2,lottomatik,3DLS0000619
2DL-5PM,2D Lotto 5PM,"[""17"", ""12""]",17-12,2025-06-06,17:00,4000,3,lottomatik,2DLS0000620
3DL-5PM,3D Lotto 5PM,"[""0"", ""8"", ""7""]",0-8-7,2025-06-06,17:00,4500,0,lottomatik,3DLS0000620
2DL-9PM,2D Lotto 9PM,"[""11"", ""06""]",11-06,2025-06-06,21:00,4000,15,lottomatik,2DLS0000621
3DL-9PM,3D Lotto 9PM,"[""3"", ""5"", ""0""]",3-5-0,2025-06-06,21:00,4500,3,lottomatik,3DLS0000621
4DL,4D Lotto,"[""5"", ""0"", ""3"", ""7""]",5-0-3-7,2025-06-06,21:00,913094,14,lottomatik,4DLS0000089
ML45,Megalotto 6/45,"[""36"", ""12"", ""02"", ""27"", ""21"", ""14""]",36-12-02-27-21-14,2025-06-06,21:00,8910000,0,lottomatik,ML45S0000089
UL58,Ultra Lotto 6/58,"[""29"", ""57"", ""06"", ""10"", ""33"", ""12""]",29-57-06-10-33-12,2025-06-06,21:00,100698625.6,0,lottomatik,UL58S0000089
2DL-2PM,2D Lotto 2PM,"[""18"", ""08""]",18-08,2025-06-07,14:00,4000,3,lottomatik,2DLS0000622
3DL-2PM,3D Lotto 2PM,"[""1"", ""2"", ""2""]",1-2-2,2025-06-07,14:00,4500,3,lottomatik,3DLS0000622
2DL-5PM,2D Lotto 5PM,"[""20"", ""31""]",20-31,2025-06-07,17:00,4000,0,lottomatik,2DLS0000623
3DL-5PM,3D Lotto 5PM,"[""9"", ""6"", ""9""]",9-6-9,2025-06-07,17:00,4500,6,lottomatik,3DLS0000623
2DL-9PM,2D Lotto 9PM,"[""10"", ""12""]",10-12,2025-06-07,21:00,4000,9,lottomatik,2DLS0000624
3DL-9PM,3D Lotto 9PM,"[""5"", ""7"", ""9""]",5-7-9,2025-06-07,21:00,4500,3,lottomatik,3DLS0000624
6DL,6D Lotto,"[""0"", ""3"", ""5"", ""8"", ""6"", ""0""]",0-3-5-8-6-0,2025-06-07,21:00,3000349.76,0,lottomatik,6DLS0000089
GL55,Grand Lotto 6/55,"[""17"", ""19"", ""02"", ""06"", ""09"", ""42""]",17-19-02-06-09-42,2025-06-07,21:00,31679141,0,lottomatik,GL55S0000090
LOTTO42,Lotto 6/42,"[""21"", ""22"", ""32"", ""33"", ""31"", ""03""]",21-22-32-33-31-03,2025-06-07,21:00,7027614.2,0,lottomatik,LOTTO42S0000089
2DL-2PM,2D Lotto 2PM,"[""22"", ""29""]",22-29,2025-06-08,14:00,4000,0,lottomatik,2DLS0000625
3DL-2PM,3D Lotto 2PM,"[""8"", ""2"", ""4""]",8-2-4,2025-06-08,14:00,4500,6,lottomatik,3DLS0000625
2DL-5PM,2D Lotto 5PM,"[""15"", ""21""]",15-21,2025-06-08,17:00,4000,7,lottomatik,2DLS0000626
3DL-5PM,3D Lotto 5PM,"[""1"", ""3"", ""3""]",1-3-3,2025-06-08,17:00,4500,0,lottomatik,3DLS0000626
2DL-9PM,2D Lotto 9PM,"[""29"", ""03""]",29-03,2025-06-08,21:00,4000,2,lottomatik,2DLS0000627
3DL-9PM,3D Lotto 9PM,"[""0"", ""3"", ""9""]",0-3-9,2025-06-08,21:00,4500,2,lottomatik,3DLS0000627
SL49,Superlotto 6/49,"[""37"", ""22"", ""30"", ""01"", ""26"", ""27""]",37-22-30-01-26-27,2025-06-08,21:00,57908146.4,0,lottomatik,SL49S0000090
UL58,Ultra Lotto 6/58,"[""04"", ""28"", ""38"", ""39"", ""23"", ""49""]",04-28-38-39-23-49,2025-06-08,21:00,106788318,0,lottomatik,UL58S0000090
2DL-2PM,2D Lotto 2PM,"[""11"", ""01""]",11-01,2025-06-09,14:00,4000,5,lottomatik,2DLS0000628
3DL-2PM,3D Lotto 2PM,"[""1"", ""2"", ""0""]",1-2-0,2025-06-09,14:00,4500,11,lottomatik,3DLS0000628
2DL-5PM,2D Lotto 5PM,"[""27"", ""20""]",27-20,2025-06-09,17:00,4000,1,lottomatik,2DLS0000629
3DL-5PM,3D Lotto 5PM,"[""5"", ""9"", ""2""]",5-9-2,2025-06-09,17:00,4500,1,lottomatik,3DLS0000629
2DL-9PM,2D Lotto 9PM,"[""04"", ""12""]",04-12,2025-06-09,21:00,4000,4,lottomatik,2DLS0000630
3DL-9PM,3D Lotto 9PM,"[""6"", ""4"", ""2""]",6-4-2,2025-06-09,21:00,4500,5,lottomatik,3DLS0000630
4DL,4D Lotto,"[""8"", ""0"", ""8"", ""9""]",8-0-8-9,2025-06-09,21:00,800814,23,lottomatik,4DLS0000090
GL55,Grand Lotto 6/55,"[""43"", ""17"", ""37"", ""09"", ""53"", ""04""]",43-17-37-09-53-04,2025-06-09,21:00,35456847.8,0,lottomatik,GL55S0000091
ML45,Megalotto 6/45,"[""32"", ""02"", ""28"", ""15"", ""18"", ""08""]",32-02-28-15-18-08,2025-06-09,21:00,8910000,0,lottomatik,ML45S0000090
2DL-2PM,2D Lotto 2PM,"[""22"", ""04""]",22-04,2025-06-10,14:00,4000,5,lottomatik,2DLS0000631
3DL-2PM,3D Lotto 2PM,"[""8"", ""2"", ""3""]",8-2-3,2025-06-10,14:00,4500,0,lottomatik,3DLS0000631
2DL-5PM,2D Lotto 5PM,"[""14"", ""13""]",14-13,2025-06-10,17:00,4000,1,lottomatik,2DLS0000632
3DL-5PM,3D Lotto 5PM,"[""8"", ""6"", ""4""]",8-6-4,2025-06-10,17:00,4500,0,lottomatik,3DLS0000632
2DL-9PM,2D Lotto 9PM,"[""23"", ""22""]",23-22,2025-06-10,21:00,4000,0,lottomatik,2DLS0000633
3DL-9PM,3D Lotto 9PM,"[""9"", ""8"", ""5""]",9-8-5,2025-06-10,21:00,4500,3,lottomatik,3DLS0000633
6DL,6D Lotto,"[""4"", ""4"", ""0"", ""6"", ""5"", ""7""]",4-4-0-6-5-7,2025-06-10,21:00,3734121.28,0,lottomatik,6DLS0000090
LOTTO42,Lotto 6/42,"[""25"", ""09"", ""33"", ""10"", ""20"", ""30""]",25-09-33-10-20-30,2025-06-10,21:00,10068136.4,0,lottomatik,LOTTO42S0000090
SL49,Superlotto 6/49,"[""23"", ""20"", ""22"", ""41"", ""39"", ""19""]",23-20-22-41-39-19,2025-06-10,21:00,61972542.2,0,lottomatik,SL49S0000091
UL58,Ultra Lotto 6/58,"[""43"", ""32"", ""47"", ""31"", ""01"", ""08""]",43-32-47-31-01-08,2025-06-10,21:00,112369933.6,0,lottomatik,UL58S0000091
2DL-2PM,2D Lotto 2PM,"[""05"", ""28""]",05-28,2025-06-11,14:00,4000,0,lottomatik,2DLS0000634
3DL-2PM,3D Lotto 2PM,"[""7"", ""8"", ""0""]",7-8-0,2025-06-11,14:00,4500,1,lottomatik,3DLS0000634
2DL-5PM,2D Lotto 5PM,"[""04"", ""28""]",04-28,2025-06-11,17:00,4000,2,lottomatik,2DLS0000635
3DL-5PM,3D Lotto 5PM,"[""7"", ""0"", ""5""]",7-0-5,2025-06-11,17:00,4500,2,lottomatik,3DLS0000635
2DL-9PM,2D Lotto 9PM,"[""01"", ""07""]",01-07,2025-06-11,21:00,4000,10,lottomatik,2DLS0000636
3DL-9PM,3D Lotto 9PM,"[""3"", ""3"", ""8""]",3-3-8,2025-06-11,21:00,4500,1,lottomatik,3DLS0000636
4DL,4D Lotto,"[""3"", ""4"", ""8"", ""3""]",3-4-8-3,2025-06-11,21:00,994760,8,lottomatik,4DLS0000091
GL55,Grand Lotto 6/55,"[""25"", ""32"", ""46"", ""44"", ""26"", ""36""]",25-32-46-44-26-36,2025-06-11,21:00,39361064.8,0,lottomatik,GL55S0000092
ML45,Megalotto 6/45,"[""14"", ""39"", ""10"", ""17"", ""44"", ""41""]",14-39-10-17-44-41,2025-06-11,21:00,9996380.2,0,lottomatik,ML45S0000091
2DL-2PM,2D Lotto 2PM,"[""13"", ""31""]",13-31,2025-06-12,14:00,4000,8,lottomatik,2DLS0000637
3DL-2PM,3D Lotto 2PM,"[""4"", ""4"", ""0""]",4-4-0,2025-06-12,14:00,4500,17,lottomatik,3DLS0000637
2DL-5PM,2D Lotto 5PM,"[""22"", ""04""]",22-04,2025-06-12,17:00,4000,1,lottomatik,2DLS0000638
3DL-5PM,3D Lotto 5PM,"[""2"", ""4"", ""9""]",2-4-9,2025-06-12,17:00,4500,0,lottomatik,3DLS0000638
2DL-9PM,2D Lotto 9PM,"[""29"", ""11""]",29-11,2025-06-12,21:00,4000,2,lottomatik,2DLS0000639
3DL-9PM,3D Lotto 9PM,"[""1"", ""4"", ""2""]",1-4-2,2025-06-12,21:00,4500,4,lottomatik,3DLS0000639
6DL,6D Lotto,"[""7"", ""2"", ""7"", ""3"", ""9"", ""7""]",7-2-7-3-9-7,2025-06-12,21:00,4421496,0,lottomatik,6DLS0000091
LOTTO42,Lotto 6/42,"[""05"", ""13"", ""14"", ""30"", ""25"", ""42""]",05-13-14-30-25-42,2025-06-12,21:00,13536866.8,0,lottomatik,LOTTO42S0000091
SL49,Superlotto 6/49,"[""07"", ""14"", ""16"", ""08"", ""46"", ""06""]",07-14-16-08-46-06,2025-06-12,21:00,67157511.2,0,lottomatik,SL49S0000092
2DL-2PM,2D Lotto 2PM,"[""06"", ""12""]",06-12,2025-06-13,14:00,4000,3,lottomatik,2DLS0000640
3DL-2PM,3D Lotto 2PM,"[""7"", ""9"", ""2""]",7-9-2,2025-06-13,14:00,4500,0,lottomatik,3DLS0000640
2DL-5PM,2D Lotto 5PM,"[""14"", ""26""]",14-26,2025-06-13,17:00,4000,2,lottomatik,2DLS0000641
3DL-5PM,3D Lotto 5PM,"[""6"", ""3"", ""2""]",6-3-2,2025-06-13,17:00,4500,2,lottomatik,3DLS0000641
2DL-9PM,2D Lotto 9PM,"[""10"", ""01""]",10-01,2025-06-13,21:00,4000,3,lottomatik,2DLS0000642
3DL-9PM,3D Lotto 9PM,"[""7"", ""3"", ""2""]",7-3-2,2025-06-13,21:00,4500,9,lottomatik,3DLS0000642
4DL,4D Lotto,"[""4"", ""3"", ""1"", ""1""]",4-3-1-1,2025-06-13,21:00,513330,30,lottomatik,4DLS0000092
ML45,Megalotto 6/45,"[""12"", ""07"", ""35"", ""03"", ""30"", ""13""]",12-07-35-03-30-13,2025-06-13,21:00,13546459.6,0,lottomatik,ML45S0000092
UL58,Ultra Lotto 6/58,"[""50"", ""57"", ""12"", ""23"", ""39"", ""05""]",50-57-12-23-39-05,2025-06-13,21:00,119353230.8,0,lottomatik,UL58S0000092
2DL-2PM,2D Lotto 2PM,"[""04"", ""31""]",04-31,2025-06-14,14:00,4000,0,lottomatik,2DLS0000643
3DL-2PM,3D Lotto 2PM,"[""7"", ""0"", ""8""]",7-0-8,2025-06-14,14:00,4500,0,lottomatik,3DLS0000643
2DL-5PM,2D Lotto 5PM,"[""06"", ""13""]",06-13,2025-06-14,17:00,4000,6,lottomatik,2DLS0000644
3DL-5PM,3D Lotto 5PM,"[""8"", ""8"", ""4""]",8-8-4,2025-06-14,17:00,4500,0,lottomatik,3DLS0000644
2DL-9PM,2D Lotto 9PM,"[""30"", ""23""]",30-23,2025-06-14,21:00,4000,0,lottomatik,2DLS0000645
3DL-9PM,3D Lotto 9PM,"[""7"", ""8"", ""6""]",7-8-6,2025-06-14,21:00,4500,2,lottomatik,3DLS0000645
6DL,6D Lotto,"[""9"", ""6"", ""0"", ""0"", ""3"", ""0""]",9-6-0-0-3-0,2025-06-14,21:00,5207268.24,0,lottomatik,6DLS0000092
GL55,Grand Lotto 6/55,"[""33"", ""55"", ""48"", ""19"", ""01"", ""50""]",33-55-48-19-01-50,2025-06-14,21:00,43493802.2,0,lottomatik,GL55S0000093
LOTTO42,Lotto 6/42,"[""26"", ""05"", ""01"", ""20"", ""09"", ""37""]",26-05-01-20-09-37,2025-06-14,21:00,17563262,0,lottomatik,LOTTO42S0000092
2DL-2PM,2D Lotto 2PM,"[""20"", ""18""]",20-18,2025-06-15,14:00,4000,4,lottomatik,2DLS0000646
3DL-2PM,3D Lotto 2PM,"[""4"", ""4"", ""0""]",4-4-0,2025-06-15,14:00,4500,1,lottomatik,3DLS0000646
2DL-5PM,2D Lotto 5PM,"[""11"", ""31""]",11-31,2025-06-15,17:00,4000,0,lottomatik,2DLS0000647
3DL-5PM,3D Lotto 5PM,"[""4"", ""7"", ""8""]",4-7-8,2025-06-15,17:00,4500,8,lottomatik,3DLS0000647
2DL-9PM,2D Lotto 9PM,"[""22"", ""24""]",22-24,2025-06-15,21:00,4000,12,lottomatik,2DLS0000648
3DL-9PM,3D Lotto 9PM,"[""3"", ""1"", ""8""]",3-1-8,2025-06-15,21:00,4500,2,lottomatik,3DLS0000648
SL49,Superlotto 6/49,"[""35"", ""32"", ""19"", ""14"", ""12"", ""43""]",35-32-19-14-12-43,2025-06-15,21:00,72198130,0,lottomatik,SL49S0000093
UL58,Ultra Lotto 6/58,"[""28"", ""52"", ""43"", ""50"", ""02"", ""18""]",28-52-43-50-02-18,2025-06-15,21:00,125693094,0,lottomatik,UL58S0000093
2DL-2PM,2D Lotto 2PM,"[""20"", ""24""]",20-24,2025-06-16,14:00,4000,0,lottomatik,2DLS0000649
3DL-2PM,3D Lotto 2PM,"[""2"", ""0"", ""6""]",2-0-6,2025-06-16,14:00,4500,2,lottomatik,3DLS0000649
2DL-5PM,2D Lotto 5PM,"[""14"", ""25""]",14-25,2025-06-16,17:00,4000,1,lottomatik,2DLS0000650
3DL-5PM,3D Lotto 5PM,"[""3"", ""9"", ""6""]",3-9-6,2025-06-16,17:00,4500,3,lottomatik,3DLS0000650
2DL-9PM,2D Lotto 9PM,"[""05"", ""29""]",05-29,2025-06-16,21:00,4000,0,lottomatik,2DLS0000651
3DL-9PM,3D Lotto 9PM,"[""5"", ""4"", ""9""]",5-4-9,2025-06-16,21:00,4500,4,lottomatik,3DLS0000651
4DL,4D Lotto,"[""2"", ""0"", ""0"", ""8""]",2-0-0-8,2025-06-16,21:00,950000,95,lottomatik,4DLS0000093
GL55,Grand Lotto 6/55,"[""36"", ""32"", ""28"", ""14"", ""49"", ""45""]",36-32-28-14-49-45,2025-06-16,21:00,47492275.4,0,lottomatik,GL55S0000094
ML45,Megalotto 6/45,"[""08"", ""22"", ""20"", ""41"", ""29"", ""42""]",08-22-20-41-29-42,2025-06-16,21:00,17357253.8,0,lottomatik,ML45S0000093
2DL-2PM,2D Lotto 2PM,"[""05"", ""16""]",05-16,2025-06-17,14:00,4000,7,lottomatik,2DLS0000652
3DL-2PM,3D Lotto 2PM,"[""3"", ""3"", ""0""]",3-3-0,2025-06-17,14:00,4500,0,lottomatik,3DLS0000652
2DL-5PM,2D Lotto 5PM,"[""07"", ""10""]",07-10,2025-06-17,17:00,4000,0,lottomatik,2DLS0000653
3DL-5PM,3D Lotto 5PM,"[""4"", ""0"", ""8""]",4-0-8,2025-06-17,17:00,4500,5,lottomatik,3DLS0000653
2DL-9PM,2D Lotto 9PM,"[""29"", ""13""]",29-13,2025-06-17,21:00,4000,4,lottomatik,2DLS0000654
3DL-9PM,3D Lotto 9PM,"[""9"", ""1"", ""1""]",9-1-1,2025-06-17,21:00,4500,11,lottomatik,3DLS0000654
6DL,6D Lotto,"[""5"", ""9"", ""9"", ""1"", ""1"", ""4""]",5-9-9-1-1-4,2025-06-17,21:00,5901935.92,0,lottomatik,6DLS0000093
LOTTO42,Lotto 6/42,"[""06"", ""30"", ""17"", ""41"", ""04"", ""18""]",06-30-17-41-04-18,2025-06-17,21:00,21080522.8,0,lottomatik,LOTTO42S0000093
SL49,Superlotto 6/49,"[""27"", ""19"", ""08"", ""21"", ""46"", ""24""]",27-19-08-21-46-24,2025-06-17,21:00,76466205,0,lottomatik,SL49S0000094
UL58,Ultra Lotto 6/58,"[""45"", ""01"", ""19"", ""09"", ""44"", ""11""]",45-01-19-09-44-11,2025-06-17,21:00,131566412,0,lottomatik,UL58S0000094
2DL-2PM,2D Lotto 2PM,"[""21"", ""01""]",21-01,2025-06-18,14:00,4000,0,lottomatik,2DLS0000655
3DL-2PM,3D Lotto 2PM,"[""7"", ""9"", ""1""]",7-9-1,2025-06-18,14:00,4500,5,lottomatik,3DLS0000655
2DL-5PM,2D Lotto 5PM,"[""15"", ""31""]",15-31,2025-06-18,17:00,4000,2,lottomatik,2DLS0000656
3DL-5PM,3D Lotto 5PM,"[""4"", ""2"", ""4""]",4-2-4,2025-06-18,17:00,4500,0,lottomatik,3DLS0000656
2DL-9PM,2D Lotto 9PM,"[""16"", ""14""]",16-14,2025-06-18,21:00,4000,3,lottomatik,2DLS0000657
3DL-9PM,3D Lotto 9PM,"[""0"", ""0"", ""3""]",0-0-3,2025-06-18,21:00,4500,1,lottomatik,3DLS0000657
4DL,4D Lotto,"[""5"", ""8"", ""4"", ""5""]",5-8-4-5,2025-06-18,21:00,947225,25,lottomatik,4DLS0000094
GL55,Grand Lotto 6/55,"[""03"", ""45"", ""05"", ""18"", ""21"", ""28""]",03-45-05-18-21-28,2025-06-18,21:00,51481844,0,lottomatik,GL55S0000095
ML45,Megalotto 6/45,"[""29"", ""15"", ""44"", ""05"", ""08"", ""31""]",29-15-44-05-08-31,2025-06-18,21:00,21125006.6,0,lottomatik,ML45S0000094
2DL-2PM,2D Lotto 2PM,"[""04"", ""23""]",04-23,2025-06-19,14:00,4000,2,lottomatik,2DLS0000658
3DL-2PM,3D Lotto 2PM,"[""6"", ""9"", ""9""]",6-9-9,2025-06-19,14:00,4500,0,lottomatik,3DLS0000658
2DL-5PM,2D Lotto 5PM,"[""20"", ""09""]",20-09,2025-06-19,17:00,4000,6,lottomatik,2DLS0000659
3DL-5PM,3D Lotto 5PM,"[""8"", ""2"", ""5""]",8-2-5,2025-06-19,17:00,4500,0,lottomatik,3DLS0000659
2DL-9PM,2D Lotto 9PM,"[""20"", ""25""]",20-25,2025-06-19,21:00,4000,4,lottomatik,2DLS0000660
3DL-9PM,3D Lotto 9PM,"[""3"", ""2"", ""2""]",3-2-2,2025-06-19,21:00,4500,3,lottomatik,3DLS0000660
6DL,6D Lotto,"[""8"", ""3"", ""5"", ""4"", ""6"", ""6""]",8-3-5-4-6-6,2025-06-19,21:00,6638583.68,0,lottomatik,6DLS0000094
LOTTO42,Lotto 6/42,"[""02"", ""14"", ""16"", ""28"", ""22"", ""30""]",02-14-16-28-22-30,2025-06-19,21:00,25051343.8,1,lottomatik,LOTTO42S0000094
SL49,Superlotto 6/49,"[""19"", ""33"", ""26"", ""18"", ""17"", ""39""]",19-33-26-18-17-39,2025-06-19,21:00,81897783.6,0,lottomatik,SL49S0000095
2DL-2PM,2D Lotto 2PM,"[""22"", ""07""]",22-07,2025-06-20,14:00,4000,3,lottomatik,2DLS0000661
3DL-2PM,3D Lotto 2PM,"[""1"", ""3"", ""3""]",1-3-3,2025-06-20,14:00,4500,3,lottomatik,3DLS0000661
2DL-5PM,2D Lotto 5PM,"[""10"", ""11""]",10-11,2025-06-20,17:00,4000,2,lottomatik,2DLS0000662
3DL-5PM,3D Lotto 5PM,"[""7"", ""6"", ""6""]",7-6-6,2025-06-20,17:00,4500,0,lottomatik,3DLS0000662
2DL-9PM,2D Lotto 9PM,"[""26"", ""04""]",26-04,2025-06-20,21:00,4000,0,lottomatik,2DLS0000663
3DL-9PM,3D Lotto 9PM,"[""5"", ""1"", ""9""]",5-1-9,2025-06-20,21:00,4500,0,lottomatik,3DLS0000663
4DL,4D Lotto,"[""7"", ""9"", ""4"", ""4""]",7-9-4-4,2025-06-20,21:00,833156,4,lottomatik,4DLS0000095
ML45,Megalotto 6/45,"[""23"", ""04"", ""05"", ""06"", ""24"", ""44""]",23-04-05-06-24-44,2025-06-20,21:00,25002216.6,0,lottomatik,ML45S0000095
UL58,Ultra Lotto 6/58,"[""23"", ""27"", ""51"", ""38"", ""20"", ""22""]",23-27-51-38-20-22,2025-06-20,21:00,138703022.8,0,lottomatik,UL58S0000095
2DL-2PM,2D Lotto 2PM,"[""07"", ""30""]",07-30,2025-06-21,14:00,4000,1,lottomatik,2DLS0000664
3DL-2PM,3D Lotto 2PM,"[""5"", ""1"", ""6""]",5-1-6,2025-06-21,14:00,4500,0,lottomatik,3DLS0000664
2DL-5PM,2D Lotto 5PM,"[""08"", ""11""]",08-11,2025-06-21,17:00,4000,1,lottomatik,2DLS0000665
3DL-5PM,3D Lotto 5PM,"[""5"", ""0"", ""0""]",5-0-0,2025-06-21,17:00,4500,0,lottomatik,3DLS0000665
2DL-9PM,2D Lotto 9PM,"[""12"", ""06""]",12-06,2025-06-21,21:00,4000,7,lottomatik,2DLS0000666
3DL-9PM,3D Lotto 9PM,"[""1"", ""3"", ""1""]",1-3-1,2025-06-21,21:00,4500,4,lottomatik,3DLS0000666
6DL,6D Lotto,"[""5"", ""6"", ""8"", ""3"", ""1"", ""5""]",5-6-8-3-1-5,2025-06-21,21:00,7389192,4,lottomatik,6DLS0000095
GL55,Grand Lotto 6/55,"[""05"", ""08"", ""22"", ""06"", ""02"", ""45""]",05-08-22-06-02-45,2025-06-21,21:00,55799907.4,0,lottomatik,GL55S0000096
LOTTO42,Lotto 6/42,"[""11"", ""17"", ""30"", ""31"", ""04"", ""33""]",11-17-30-31-04-33,2025-06-21,21:00,5940000,0,lottomatik,LOTTO42S0000095
2DL-2PM,2D Lotto 2PM,"[""17"", ""20""]",17-20,2025-06-22,14:00,4000,0,lottomatik,2DLS0000667
3DL-2PM,3D Lotto 2PM,"[""2"", ""0"", ""3""]",2-0-3,2025-06-22,14:00,4500,5,lottomatik,3DLS0000667
2DL-5PM,2D Lotto 5PM,"[""20"", ""13""]",20-13,2025-06-22,17:00,4000,0,lottomatik,2DLS0000668
3DL-5PM,3D Lotto 5PM,"[""0"", ""7"", ""8""]",0-7-8,2025-06-22,17:00,4500,0,lottomatik,3DLS0000668
2DL-9PM,2D Lotto 9PM,"[""22"", ""19""]",22-19,2025-06-22,21:00,4000,1,lottomatik,2DLS0000669
3DL-9PM,3D Lotto 9PM,"[""8"", ""7"", ""1""]",8-7-1,2025-06-22,21:00,4500,3,lottomatik,3DLS0000669
SL49,Superlotto 6/49,"[""11"", ""38"", ""21"", ""22"", ""28"", ""36""]",11-38-21-22-28-36,2025-06-22,21:00,87281882.2,0,lottomatik,SL49S0000096
UL58,Ultra Lotto 6/58,"[""34"", ""54"", ""23"", ""58"", ""15"", ""07""]",34-54-23-58-15-07,2025-06-22,21:00,145295283.2,0,lottomatik,UL58S0000096
2DL-2PM,2D Lotto 2PM,"[""27"", ""22""]",27-22,2025-06-23,14:00,4000,8,lottomatik,2DLS0000670
3DL-2PM,3D Lotto 2PM,"[""3"", ""5"", ""5""]",3-5-5,2025-06-23,14:00,4500,3,lottomatik,3DLS0000670
2DL-5PM,2D Lotto 5PM,"[""01"", ""09""]",01-09,2025-06-23,17:00,4000,4,lottomatik,2DLS0000671
3DL-5PM,3D Lotto 5PM,"[""5"", ""7"", ""4""]",5-7-4,2025-06-23,17:00,4500,2,lottomatik,3DLS0000671
2DL-9PM,2D Lotto 9PM,"[""02"", ""30""]",02-30,2025-06-23,21:00,4000,0,lottomatik,2DLS0000672
3DL-9PM,3D Lotto 9PM,"[""2"", ""0"", ""3""]",2-0-3,2025-06-23,21:00,4500,3,lottomatik,3DLS0000672
4DL,4D Lotto,"[""7"", ""0"", ""7"", ""8""]",7-0-7-8,2025-06-23,21:00,903188,13,lottomatik,4DLS0000096
GL55,Grand Lotto 6/55,"[""18"", ""08"", ""42"", ""03"", ""32"", ""24""]",18-08-42-03-32-24,2025-06-23,21:00,59628474.6,0,lottomatik,GL55S0000097
ML45,Megalotto 6/45,"[""23"", ""36"", ""42"", ""12"", ""19"", ""18""]",23-36-42-12-19-18,2025-06-23,21:00,28803092,0,lottomatik,ML45S0000096
2DL-2PM,2D Lotto 2PM,"[""11"", ""07""]",11-07,2025-06-24,14:00,4000,3,lottomatik,2DLS0000673
3DL-2PM,3D Lotto 2PM,"[""4"", ""2"", ""2""]",4-2-2,2025-06-24,14:00,4500,6,lottomatik,3DLS0000673
2DL-5PM,2D Lotto 5PM,"[""02"", ""11""]",02-11,2025-06-24,17:00,4000,0,lottomatik,2DLS0000674
3DL-5PM,3D Lotto 5PM,"[""6"", ""4"", ""8""]",6-4-8,2025-06-24,17:00,4500,0,lottomatik,3DLS0000674
2DL-9PM,2D Lotto 9PM,"[""17"", ""02""]",17-02,2025-06-24,21:00,4000,15,lottomatik,2DLS0000675
3DL-9PM,3D Lotto 9PM,"[""1"", ""4"", ""3""]",1-4-3,2025-06-24,21:00,4500,0,lottomatik,3DLS0000675
6DL,6D Lotto,"[""5"", ""4"", ""3"", ""1"", ""1"", ""7""]",5-4-3-1-1-7,2025-06-24,21:00,190935.16,0,lottomatik,6DLS0000096
LOTTO42,Lotto 6/42,"[""24"", ""31"", ""13"", ""22"", ""09"", ""37""]",24-31-13-22-09-37,2025-06-24,21:00,5940000,0,lottomatik,LOTTO42S0000096
SL49,Superlotto 6/49,"[""40"", ""12"", ""36"", ""15"", ""08"", ""13""]",40-12-36-15-08-13,2025-06-24,21:00,91915425.2,0,lottomatik,SL49S0000097
UL58,Ultra Lotto 6/58,"[""30"", ""20"", ""31"", ""12"", ""03"", ""23""]",30-20-31-12-03-23,2025-06-24,21:00,151270025.6,0,lottomatik,UL58S0000097
2DL-2PM,2D Lotto 2PM,"[""15"", ""19""]",15-19,2025-06-25,14:00,4000,3,lottomatik,2DLS0000676
3DL-2PM,3D Lotto 2PM,"[""3"", ""0"", ""5""]",3-0-5,2025-06-25,14:00,4500,1,lottomatik,3DLS0000676
2DL-5PM,2D Lotto 5PM,"[""19"", ""12""]",19-12,2025-06-25,17:00,4000,4,lottomatik,2DLS0000677
3DL-5PM,3D Lotto 5PM,"[""6"", ""1"", ""4""]",6-1-4,2025-06-25,17:00,4500,5,lottomatik,3DLS0000677
2DL-9PM,2D Lotto 9PM,"[""21"", ""31""]",21-31,2025-06-25,21:00,4000,4,lottomatik,2DLS0000678
3DL-9PM,3D Lotto 9PM,"[""7"", ""5"", ""5""]",7-5-5,2025-06-25,21:00,4500,2,lottomatik,3DLS0000678
4DL,4D Lotto,"[""9"", ""7"", ""0"", ""5""]",9-7-0-5,2025-06-25,21:00,887328,18,lottomatik,4DLS0000097
GL55,Grand Lotto 6/55,"[""01"", ""07"", ""02"", ""11"", ""41"", ""37""]",01-07-02-11-41-37,2025-06-25,21:00,63655396.2,0,lottomatik,GL55S0000098
ML45,Megalotto 6/45,"[""36"", ""13"", ""27"", ""43"", ""34"", ""24""]",36-13-27-43-34-24,2025-06-25,21:00,32723870.8,0,lottomatik,ML45S0000097
2DL-2PM,2D Lotto 2PM,"[""05"", ""19""]",05-19,2025-06-26,14:00,4000,4,lottomatik,2DLS0000679
3DL-2PM,3D Lotto 2PM,"[""6"", ""1"", ""2""]",6-1-2,2025-06-26,14:00,4500,6,lottomatik,3DLS0000679
2DL-5PM,2D Lotto 5PM,"[""10"", ""18""]",10-18,2025-06-26,17:00,4000,0,lottomatik,2DLS0000680
3DL-5PM,3D Lotto 5PM,"[""3"", ""9"", ""6""]",3-9-6,2025-06-26,17:00,4500,4,lottomatik,3DLS0000680
2DL-9PM,2D Lotto 9PM,"[""03"", ""15""]",03-15,2025-06-26,21:00,4000,9,lottomatik,2DLS0000681
3DL-9PM,3D Lotto 9PM,"[""6"", ""7"", ""4""]",6-7-4,2025-06-26,21:00,4500,3,lottomatik,3DLS0000681
6DL,6D Lotto,"[""0"", ""4"", ""7"", ""4"", ""1"", ""1""]",0-4-7-4-1-1,2025-06-26,21:00,592334.44,0,lottomatik,6DLS0000097
LOTTO42,Lotto 6/42,"[""25"", ""02"", ""23"", ""18"", ""05"", ""24""]",25-02-23-18-05-24,2025-06-26,21:00,9056625,0,lottomatik,LOTTO42S0000097
SL49,Superlotto 6/49,"[""25"", ""08"", ""05"", ""27"", ""18"", ""16""]",25-08-05-27-18-16,2025-06-26,21:00,97897380.4,1,lottomatik,SL49S0000098
2DL-2PM,2D Lotto 2PM,"[""19"", ""15""]",19-15,2025-06-27,14:00,4000,5,lottomatik,2DLS0000682
3DL-2PM,3D Lotto 2PM,"[""2"", ""5"", ""6""]",2-5-6,2025-06-27,14:00,4500,9,lottomatik,3DLS0000682
2DL-5PM,2D Lotto 5PM,"[""16"", ""16""]",16-16,2025-06-27,17:00,4000,1,lottomatik,2DLS0000683
3DL-5PM,3D Lotto 5PM,"[""7"", ""1"", ""8""]",7-1-8,2025-06-27,17:00,4500,2,lottomatik,3DLS0000683
2DL-9PM,2D Lotto 9PM,"[""09"", ""20""]",09-20,2025-06-27,21:00,4000,0,lottomatik,2DLS0000684
3DL-9PM,3D Lotto 9PM,"[""0"", ""4"", ""4""]",0-4-4,2025-06-27,21:00,4500,9,lottomatik,3DLS0000684
4DL,4D Lotto,"[""8"", ""7"", ""0"", ""4""]",8-7-0-4,2025-06-27,21:00,833586,13,lottomatik,4DLS0000098
ML45,Megalotto 6/45,"[""24"", ""25"", ""12"", ""43"", ""02"", ""42""]",24-25-12-43-02-42,2025-06-27,21:00,36892798.4,0,lottomatik,ML45S0000098
UL58,Ultra Lotto 6/58,"[""09"", ""23"", ""57"", ""01"", ""15"", ""39""]",09-23-57-01-15-39,2025-06-27,21:00,158689842.4,0,lottomatik,UL58S0000098
2DL-2PM,2D Lotto 2PM,"[""04"", ""04""]",04-04,2025-06-28,14:00,4000,0,lottomatik,2DLS0000685
3DL-2PM,3D Lotto 2PM,"[""7"", ""5"", ""9""]",7-5-9,2025-06-28,14:00,4500,7,lottomatik,3DLS0000685
2DL-5PM,2D Lotto 5PM,"[""26"", ""15""]",26-15,2025-06-28,17:00,4000,0,lottomatik,2DLS0000686
3DL-5PM,3D Lotto 5PM,"[""1"", ""1"", ""4""]",1-1-4,2025-06-28,17:00,4500,8,lottomatik,3DLS0000686
2DL-9PM,2D Lotto 9PM,"[""29"", ""31""]",29-31,2025-06-28,21:00,4000,2,lottomatik,2DLS0000687
3DL-9PM,3D Lotto 9PM,"[""6"", ""2"", ""5""]",6-2-5,2025-06-28,21:00,4500,4,lottomatik,3DLS0000687
6DL,6D Lotto,"[""5"", ""1"", ""0"", ""0"", ""6"", ""0""]",5-1-0-0-6-0,2025-06-28,21:00,1256595.4,0,lottomatik,6DLS0000098
GL55,Grand Lotto 6/55,"[""05"", ""03"", ""42"", ""27"", ""45"", ""34""]",05-03-42-27-45-34,2025-06-28,21:00,68282103.6,0,lottomatik,GL55S0000099
LOTTO42,Lotto 6/42,"[""26"", ""11"", ""03"", ""20"", ""36"", ""29""]",26-11-03-20-36-29,2025-06-28,21:00,12610136.6,0,lottomatik,LOTTO42S0000098
2DL-2PM,2D Lotto 2PM,"[""03"", ""26""]",03-26,2025-06-29,14:00,4000,12,lottomatik,2DLS0000688
3DL-2PM,3D Lotto 2PM,"[""0"", ""4"", ""4""]",0-4-4,2025-06-29,14:00,4500,2,lottomatik,3DLS0000688
2DL-5PM,2D Lotto 5PM,"[""13"", ""27""]",13-27,2025-06-29,17:00,4000,5,lottomatik,2DLS0000689
3DL-5PM,3D Lotto 5PM,"[""7"", ""7"", ""5""]",7-7-5,2025-06-29,17:00,4500,0,lottomatik,3DLS0000689
2DL-9PM,2D Lotto 9PM,"[""30"", ""25""]",30-25,2025-06-29,21:00,4000,9,lottomatik,2DLS0000690
3DL-9PM,3D Lotto 9PM,"[""9"", ""7"", ""2""]",9-7-2,2025-06-29,21:00,4500,1,lottomatik,3DLS0000690
SL49,Superlotto 6/49,"[""05"", ""32"", ""25"", ""46"", ""06"", ""14""]",05-32-25-46-06-14,2025-06-29,21:00,15840000,0,lottomatik,SL49S0000099
UL58,Ultra Lotto 6/58,"[""14"", ""36"", ""17"", ""22"", ""34"", ""29""]",14-36-17-22-34-29,2025-06-29,21:00,166136332,0,lottomatik,UL58S0000099
2DL-2PM,2D Lotto 2PM,"[""17"", ""22""]",17-22,2025-06-30,14:00,4000,4,lottomatik,2DLS0000691
3DL-2PM,3D Lotto 2PM,"[""8"", ""8"", ""7""]",8-8-7,2025-06-30,14:00,4500,0,lottomatik,3DLS0000691
2DL-5PM,2D Lotto 5PM,"[""19"", ""05""]",19-05,2025-06-30,17:00,4000,0,lottomatik,2DLS0000692
3DL-5PM,3D Lotto 5PM,"[""4"", ""5"", ""5""]",4-5-5,2025-06-30,17:00,4500,2,lottomatik,3DLS0000692
2DL-9PM,2D Lotto 9PM,"[""05"", ""31""]",05-31,2025-06-30,21:00,4000,23,lottomatik,2DLS0000693
3DL-9PM,3D Lotto 9PM,"[""6"", ""4"", ""8""]",6-4-8,2025-06-30,21:00,4500,5,lottomatik,3DLS0000693
4DL,4D Lotto,"[""6"", ""2"", ""9"", ""6""]",6-2-9-6,2025-06-30,21:00,931500,23,lottomatik,4DLS0000099
GL55,Grand Lotto 6/55,"[""03"", ""54"", ""24"", ""36"", ""18"", ""46""]",03-54-24-36-18-46,2025-06-30,21:00,72366751,1,lottomatik,GL55S0000100
ML45,Megalotto 6/45,"[""25"", ""17"", ""19"", ""07"", ""08"", ""35""]",25-17-19-07-08-35,2025-06-30,21:00,41001229.8,0,lottomatik,ML45S0000099
2DL-2PM,2D Lotto 2PM,"[""05"", ""14""]",05-14,2025-07-01,14:00,4000,0,lottomatik,2DLS0000694
3DL-2PM,3D Lotto 2PM,"[""0"", ""2"", ""0""]",0-2-0,2025-07-01,14:00,4500,6,lottomatik,3DLS0000694
2DL-5PM,2D Lotto 5PM,"[""29"", ""11""]",29-11,2025-07-01,17:00,4000,1,lottomatik,2DLS0000695
3DL-5PM,3D Lotto 5PM,"[""8"", ""4"", ""7""]",8-4-7,2025-07-01,17:00,4500,10,lottomatik,3DLS0000695
2DL-9PM,2D Lotto 9PM,"[""11"", ""01""]",11-01,2025-07-01,21:00,4000,2,lottomatik,2DLS0000696
3DL-9PM,3D Lotto 9PM,"[""9"", ""2"", ""3""]",9-2-3,2025-07-01,21:00,4500,1,lottomatik,3DLS0000696
6DL,6D Lotto,"[""9"", ""2"", ""0"", ""1"", ""1"", ""1""]",9-2-0-1-1-1,2025-07-01,21:00,1306594,2,lottomatik,6DLS0000099
LOTTO42,Lotto 6/42,"[""34"", ""22"", ""28"", ""11"", ""37"", ""17""]",34-22-28-11-37-17,2025-07-01,21:00,16089613.8,0,lottomatik,LOTTO42S0000099
SL49,Superlotto 6/49,"[""19"", ""15"", ""17"", ""25"", ""20"", ""47""]",19-15-17-25-20-47,2025-07-01,21:00,15840000,0,lottomatik,SL49S0000100
UL58,Ultra Lotto 6/58,"[""34"", ""24"", ""41"", ""48"", ""37"", ""36""]",34-24-41-48-37-36,2025-07-01,21:00,173307289.2,0,lottomatik,UL58S0000100
2DL-2PM,2D Lotto 2PM,"[""06"", ""26""]",06-26,2025-07-02,14:00,4000,11,lottomatik,2DLS0000697
3DL-2PM,3D Lotto 2PM,"[""9"", ""0"", ""9""]",9-0-9,2025-07-02,14:00,4500,2,lottomatik,3DLS0000697
2DL-5PM,2D Lotto 5PM,"[""26"", ""11""]",26-11,2025-07-02,17:00,4000,4,lottomatik,2DLS0000698
3DL-5PM,3D Lotto 5PM,"[""7"", ""3"", ""3""]",7-3-3,2025-07-02,17:00,4500,2,lottomatik,3DLS0000698
2DL-9PM,2D Lotto 9PM,"[""01"", ""22""]",01-22,2025-07-02,21:00,4000,1,lottomatik,2DLS0000699
3DL-9PM,3D Lotto 9PM,"[""7"", ""6"", ""7""]",7-6-7,2025-07-02,21:00,4500,4,lottomatik,3DLS0000699
4DL,4D Lotto,"[""8"", ""2"", ""2"", ""3""]",8-2-2-3,2025-07-02,21:00,527376,24,lottomatik,4DLS0000100
GL55,Grand Lotto 6/55,"[""11"", ""29"", ""13"", ""48"", ""20"", ""09""]",11-29-13-48-20-09,2025-07-02,21:00,29700000,0,lottomatik,GL55S0000101
ML45,Megalotto 6/45,"[""38"", ""07"", ""16"", ""44"", ""15"", ""42""]",38-07-16-44-15-42,2025-07-02,21:00,46134409.2,1,lottomatik,ML45S0000100
2DL-2PM,2D Lotto 2PM,"[""28"", ""03""]",28-03,2025-07-03,14:00,4000,1,lottomatik,2DLS0000700
3DL-2PM,3D Lotto 2PM,"[""8"", ""6"", ""5""]",8-6-5,2025-07-03,14:00,4500,1,lottomatik,3DLS0000700
2DL-5PM,2D Lotto 5PM,"[""10"", ""21""]",10-21,2025-07-03,17:00,4000,4,lottomatik,2DLS0000701
3DL-5PM,3D Lotto 5PM,"[""8"", ""5"", ""9""]",8-5-9,2025-07-03,17:00,4500,4,lottomatik,3DLS0000701
2DL-9PM,2D Lotto 9PM,"[""14"", ""29""]",14-29,2025-07-03,21:00,4000,4,lottomatik,2DLS0000702
3DL-9PM,3D Lotto 9PM,"[""9"", ""9"", ""9""]",9-9-9,2025-07-03,21:00,4500,11,lottomatik,3DLS0000702
6DL,6D Lotto,"[""0"", ""0"", ""2"", ""4"", ""3"", ""8""]",0-0-2-4-3-8,2025-07-03,21:00,493474,1,lottomatik,6DLS0000100
LOTTO42,Lotto 6/42,"[""34"", ""02"", ""17"", ""35"", ""20"", ""05""]",34-02-17-35-20-05,2025-07-03,21:00,20386720.8,0,lottomatik,LOTTO42S0000100
SL49,Superlotto 6/49,"[""27"", ""42"", ""48"", ""46"", ""45"", ""44""]",27-42-48-46-45-44,2025-07-03,21:00,15840000,0,lottomatik,SL49S0000101
2DL-2PM,2D Lotto 2PM,"[""16"", ""06""]",16-06,2025-07-04,14:00,4000,4,lottomatik,2DLS0000703
3DL-2PM,3D Lotto 2PM,"[""5"", ""6"", ""4""]",5-6-4,2025-07-04,14:00,4500,4,lottomatik,3DLS0000703
2DL-5PM,2D Lotto 5PM,"[""29"", ""26""]",29-26,2025-07-04,17:00,4000,0,lottomatik,2DLS0000704
3DL-5PM,3D Lotto 5PM,"[""4"", ""9"", ""0""]",4-9-0,2025-07-04,17:00,4500,0,lottomatik,3DLS0000704
2DL-9PM,2D Lotto 9PM,"[""04"", ""28""]",04-28,2025-07-04,21:00,4000,12,lottomatik,2DLS0000705
3DL-9PM,3D Lotto 9PM,"[""3"", ""0"", ""7""]",3-0-7,2025-07-04,21:00,4500,5,lottomatik,3DLS0000705
4DL,4D Lotto,"[""9"", ""2"", ""5"", ""6""]",9-2-5-6,2025-07-04,21:00,872664,24,lottomatik,4DLS0000101
ML45,Megalotto 6/45,"[""18"", ""29"", ""41"", ""40"", ""10"", ""24""]",18-29-41-40-10-24,2025-07-04,21:00,8910000,0,lottomatik,ML45S0000101
UL58,Ultra Lotto 6/58,"[""16"", ""15"", ""57"", ""42"", ""41"", ""47""]",16-15-57-42-41-47,2025-07-04,21:00,181743268.4,0,lottomatik,UL58S0000101
2DL-2PM,2D Lotto 2PM,"[""21"", ""19""]",21-19,2025-07-05,14:00,4000,3,lottomatik,2DLS0000706
3DL-2PM,3D Lotto 2PM,"[""6"", ""3"", ""8""]",6-3-8,2025-07-05,14:00,4500,0,lottomatik,3DLS0000706
2DL-5PM,2D Lotto 5PM,"[""10"", ""05""]",10-05,2025-07-05,17:00,4000,2,lottomatik,2DLS0000707
3DL-5PM,3D Lotto 5PM,"[""4"", ""6"", ""7""]",4-6-7,2025-07-05,17:00,4500,1,lottomatik,3DLS0000707
2DL-9PM,2D Lotto 9PM,"[""23"", ""22""]",23-22,2025-07-05,21:00,4000,1,lottomatik,2DLS0000708
3DL-9PM,3D Lotto 9PM,"[""3"", ""9"", ""3""]",3-9-3,2025-07-05,21:00,4500,2,lottomatik,3DLS0000708
6DL,6D Lotto,"[""3"", ""9"", ""4"", ""5"", ""0"", ""0""]",3-9-4-5-0-0,2025-07-05,21:00,467301.56,0,lottomatik,6DLS0000101
GL55,Grand Lotto 6/55,"[""42"", ""55"", ""49"", ""29"", ""03"", ""36""]",42-55-49-29-03-36,2025-07-05,21:00,29700000,0,lottomatik,GL55S0000102
LOTTO42,Lotto 6/42,"[""26"", ""18"", ""16"", ""34"", ""03"", ""35""]",26-18-16-34-03-35,2025-07-05,21:00,24706840,0,lottomatik,LOTTO42S0000101
2DL-2PM,2D Lotto 2PM,"[""25"", ""28""]",25-28,2025-07-06,14:00,4000,0,lottomatik,2DLS0000709
3DL-2PM,3D Lotto 2PM,"[""3"", ""8"", ""3""]",3-8-3,2025-07-06,14:00,4500,1,lottomatik,3DLS0000709
2DL-5PM,2D Lotto 5PM,"[""11"", ""30""]",11-30,2025-07-06,17:00,4000,0,lottomatik,2DLS0000710
3DL-5PM,3D Lotto 5PM,"[""8"", ""1"", ""5""]",8-1-5,2025-07-06,17:00,4500,1,lottomatik,3DLS0000710
2DL-9PM,2D Lotto 9PM,"[""17"", ""08""]",17-08,2025-07-06,21:00,4000,1,lottomatik,2DLS0000711
3DL-9PM,3D Lotto 9PM,"[""9"", ""6"", ""9""]",9-6-9,2025-07-06,21:00,4500,0,lottomatik,3DLS0000711
SL49,Superlotto 6/49,"[""23"", ""13"", ""30"", ""28"", ""09"", ""36""]",23-13-30-28-09-36,2025-07-06,21:00,15840000,0,lottomatik,SL49S0000102
UL58,Ultra Lotto 6/58,"[""23"", ""35"", ""04"", ""14"", ""15"", ""16""]",23-35-04-14-15-16,2025-07-06,21:00,189803483.2,0,lottomatik,UL58S0000102
2DL-2PM,2D Lotto 2PM,"[""27"", ""11""]",27-11,2025-07-07,14:00,4000,3,lottomatik,2DLS0000712
3DL-2PM,3D Lotto 2PM,"[""0"", ""5"", ""0""]",0-5-0,2025-07-07,14:00,4500,1,lottomatik,3DLS0000712
2DL-5PM,2D Lotto 5PM,"[""23"", ""16""]",23-16,2025-07-07,17:00,4000,2,lottomatik,2DLS0000713
3DL-5PM,3D Lotto 5PM,"[""8"", ""4"", ""3""]",8-4-3,2025-07-07,17:00,4500,0,lottomatik,3DLS0000713
2DL-9PM,2D Lotto 9PM,"[""21"", ""03""]",21-03,2025-07-07,21:00,4000,9,lottomatik,2DLS0000714
3DL-9PM,3D Lotto 9PM,"[""2"", ""9"", ""1""]",2-9-1,2025-07-07,21:00,4500,7,lottomatik,3DLS0000714
4DL,4D Lotto,"[""1"", ""7"", ""8"", ""4""]",1-7-8-4,2025-07-07,21:00,980616,84,lottomatik,4DLS0000102
GL55,Grand Lotto 6/55,"[""25"", ""35"", ""19"", ""12"", ""05"", ""45""]",25-35-19-12-05-45,2025-07-07,21:00,29700000,0,lottomatik,GL55S0000103
ML45,Megalotto 6/45,"[""38"", ""01"", ""06"", ""07"", ""42"", ""12""]",38-01-06-07-42-12,2025-07-07,21:00,8910000,0,lottomatik,ML45S0000102
2DL-2PM,2D Lotto 2PM,"[""11"", ""14""]",11-14,2025-07-08,14:00,4000,5,lottomatik,2DLS0000715
3DL-2PM,3D Lotto 2PM,"[""1"", ""1"", ""3""]",1-1-3,2025-07-08,14:00,4500,3,lottomatik,3DLS0000715
2DL-5PM,2D Lotto 5PM,"[""30"", ""19""]",30-19,2025-07-08,17:00,4000,2,lottomatik,2DLS0000716
3DL-5PM,3D Lotto 5PM,"[""4"", ""8"", ""0""]",4-8-0,2025-07-08,17:00,4500,0,lottomatik,3DLS0000716
2DL-9PM,2D Lotto 9PM,"[""02"", ""21""]",02-21,2025-07-08,21:00,4000,0,lottomatik,2DLS0000717
3DL-9PM,3D Lotto 9PM,"[""6"", ""6"", ""0""]",6-6-0,2025-07-08,21:00,4500,1,lottomatik,3DLS0000717
6DL,6D Lotto,"[""7"", ""0"", ""7"", ""0"", ""3"", ""1""]",7-0-7-0-3-1,2025-07-08,21:00,1021148.64,0,lottomatik,6DLS0000102
LOTTO42,Lotto 6/42,"[""18"", ""23"", ""34"", ""05"", ""09"", ""12""]",18-23-34-05-09-12,2025-07-08,21:00,28711263.6,0,lottomatik,LOTTO42S0000102
SL49,Superlotto 6/49,"[""38"", ""03"", ""16"", ""23"", ""48"", ""26""]",38-03-16-23-48-26,2025-07-08,21:00,16410441.6,0,lottomatik,SL49S0000103
UL58,Ultra Lotto 6/58,"[""24"", ""33"", ""27"", ""07"", ""52"", ""30""]",24-33-27-07-52-30,2025-07-08,21:00,197294254.4,0,lottomatik,UL58S0000103
2DL-2PM,2D Lotto 2PM,"[""22"", ""16""]",22-16,2025-07-09,14:00,4000,0,lottomatik,2DLS0000718
3DL-2PM,3D Lotto 2PM,"[""0"", ""1"", ""0""]",0-1-0,2025-07-09,14:00,4500,1,lottomatik,3DLS0000718
2DL-5PM,2D Lotto 5PM,"[""03"", ""01""]",03-01,2025-07-09,17:00,4000,4,lottomatik,2DLS0000719
3DL-5PM,3D Lotto 5PM,"[""4"", ""5"", ""9""]",4-5-9,2025-07-09,17:00,4500,1,lottomatik,3DLS0000719
2DL-9PM,2D Lotto 9PM,"[""13"", ""31""]",13-31,2025-07-09,21:00,4000,17,lottomatik,2DLS0000720
3DL-9PM,3D Lotto 9PM,"[""6"", ""6"", ""3""]",6-6-3,2025-07-09,21:00,4500,4,lottomatik,3DLS0000720
4DL,4D Lotto,"[""8"", ""0"", ""2"", ""6""]",8-0-2-6,2025-07-09,21:00,393614,26,lottomatik,4DLS0000103
GL55,Grand Lotto 6/55,"[""52"", ""13"", ""40"", ""27"", ""05"", ""11""]",52-13-40-27-05-11,2025-07-09,21:00,29700000,0,lottomatik,GL55S0000104
ML45,Megalotto 6/45,"[""22"", ""44"", ""37"", ""15"", ""28"", ""24""]",22-44-37-15-28-24,2025-07-09,21:00,10352639.6,0,lottomatik,ML45S0000103
2DL-2PM,2D Lotto 2PM,"[""04"", ""21""]",04-21,2025-07-10,14:00,4000,3,lottomatik,2DLS0000721
3DL-2PM,3D Lotto 2PM,"[""5"", ""3"", ""3""]",5-3-3,2025-07-10,14:00,4500,0,lottomatik,3DLS0000721
2DL-5PM,2D Lotto 5PM,"[""18"", ""19""]",18-19,2025-07-10,17:00,4000,0,lottomatik,2DLS0000722
3DL-5PM,3D Lotto 5PM,"[""4"", ""3"", ""4""]",4-3-4,2025-07-10,17:00,4500,0,lottomatik,3DLS0000722
2DL-9PM,2D Lotto 9PM,"[""29"", ""14""]",29-14,2025-07-10,21:00,4000,1,lottomatik,2DLS0000723
3DL-9PM,3D Lotto 9PM,"[""1"", ""2"", ""6""]",1-2-6,2025-07-10,21:00,4500,6,lottomatik,3DLS0000723
6DL,6D Lotto,"[""2"", ""2"", ""4"", ""9"", ""1"", ""0""]",2-2-4-9-1-0,2025-07-10,21:00,1099883.48,0,lottomatik,6DLS0000103
LOTTO42,Lotto 6/42,"[""15"", ""23"", ""07"", ""22"", ""08"", ""21""]",15-23-07-22-08-21,2025-07-10,21:00,33699580.6,0,lottomatik,LOTTO42S0000103
SL49,Superlotto 6/49,"[""07"", ""03"", ""25"", ""13"", ""44"", ""08""]",07-03-25-13-44-08,2025-07-10,21:00,19613687.2,0,lottomatik,SL49S0000104
2DL-2PM,2D Lotto 2PM,"[""21"", ""08""]",21-08,2025-07-11,14:00,4000,1,lottomatik,2DLS0000724
3DL-2PM,3D Lotto 2PM,"[""8"", ""5"", ""6""]",8-5-6,2025-07-11,14:00,4500,0,lottomatik,3DLS0000724
2DL-5PM,2D Lotto 5PM,"[""19"", ""31""]",19-31,2025-07-11,17:00,4000,3,lottomatik,2DLS0000725
3DL-5PM,3D Lotto 5PM,"[""3"", ""7"", ""8""]",3-7-8,2025-07-11,17:00,4500,3,lottomatik,3DLS0000725
2DL-9PM,2D Lotto 9PM,"[""30"", ""24""]",30-24,2025-07-11,21:00,4000,5,lottomatik,2DLS0000726
3DL-9PM,3D Lotto 9PM,"[""8"", ""6"", ""6""]",8-6-6,2025-07-11,21:00,4500,0,lottomatik,3DLS0000726
4DL,4D Lotto,"[""6"", ""1"", ""1"", ""1""]",6-1-1-1,2025-07-11,21:00,220000,22,lottomatik,4DLS0000104
ML45,Megalotto 6/45,"[""25"", ""27"", ""24"", ""33"", ""35"", ""08""]",25-27-24-33-35-08,2025-07-11,21:00,13821850,0,lottomatik,ML45S0000104
UL58,Ultra Lotto 6/58,"[""12"", ""29"", ""41"", ""24"", ""25"", ""38""]",12-29-41-24-25-38,2025-07-11,21:00,206344530.8,0,lottomatik,UL58S0000104
2DL-2PM,2D Lotto 2PM,"[""15"", ""26""]",15-26,2025-07-12,14:00,4000,1,lottomatik,2DLS0000727
3DL-2PM,3D Lotto 2PM,"[""1"", ""5"", ""4""]",1-5-4,2025-07-12,14:00,4500,0,lottomatik,3DLS0000727
2DL-5PM,2D Lotto 5PM,"[""22"", ""31""]",22-31,2025-07-12,17:00,4000,2,lottomatik,2DLS0000728
3DL-5PM,3D Lotto 5PM,"[""5"", ""5"", ""6""]",5-5-6,2025-07-12,17:00,4500,0,lottomatik,3DLS0000728
2DL-9PM,2D Lotto 9PM,"[""27"", ""09""]",27-09,2025-07-12,21:00,4000,2,lottomatik,2DLS0000729
3DL-9PM,3D Lotto 9PM,"[""2"", ""7"", ""7""]",2-7-7,2025-07-12,21:00,4500,3,lottomatik,3DLS0000729
6DL,6D Lotto,"[""8"", ""6"", ""2"", ""5"", ""3"", ""0""]",8-6-2-5-3-0,2025-07-12,21:00,1149883.48,0,lottomatik,6DLS0000104
GL55,Grand Lotto 6/55,"[""46"", ""54"", ""21"", ""51"", ""49"", ""42""]",46-54-21-51-49-42,2025-07-12,21:00,29700000,0,lottomatik,GL55S0000105
LOTTO42,Lotto 6/42,"[""39"", ""33"", ""40"", ""10"", ""20"", ""22""]",39-33-40-10-20-22,2025-07-12,21:00,38848464,0,lottomatik,LOTTO42S0000104
2DL-2PM,2D Lotto 2PM,"[""21"", ""23""]",21-23,2025-07-13,14:00,4000,1,lottomatik,2DLS0000730
3DL-2PM,3D Lotto 2PM,"[""6"", ""7"", ""1""]",6-7-1,2025-07-13,14:00,4500,5,lottomatik,3DLS0000730
2DL-5PM,2D Lotto 5PM,"[""21"", ""02""]",21-02,2025-07-13,17:00,4000,0,lottomatik,2DLS0000731
3DL-5PM,3D Lotto 5PM,"[""7"", ""4"", ""9""]",7-4-9,2025-07-13,17:00,4500,2,lottomatik,3DLS0000731
2DL-9PM,2D Lotto 9PM,"[""23"", ""11""]",23-11,2025-07-13,21:00,4000,7,lottomatik,2DLS0000732
3DL-9PM,3D Lotto 9PM,"[""4"", ""6"", ""1""]",4-6-1,2025-07-13,21:00,4500,4,lottomatik,3DLS0000732
SL49,Superlotto 6/49,"[""04"", ""46"", ""25"", ""11"", ""03"", ""07""]",04-46-25-11-03-07,2025-07-13,21:00,23469035.6,0,lottomatik,SL49S0000105
UL58,Ultra Lotto 6/58,"[""12"", ""57"", ""41"", ""18"", ""33"", ""17""]",12-57-41-18-33-17,2025-07-13,21:00,215283830.4,0,lottomatik,UL58S0000105
2DL-2PM,2D Lotto 2PM,"[""28"", ""27""]",28-27,2025-07-14,14:00,4000,0,lottomatik,2DLS0000733
3DL-2PM,3D Lotto 2PM,"[""4"", ""0"", ""5""]",4-0-5,2025-07-14,14:00,4500,1,lottomatik,3DLS0000733
2DL-5PM,2D Lotto 5PM,"[""13"", ""16""]",13-16,2025-07-14,17:00,4000,0,lottomatik,2DLS0000734
3DL-5PM,3D Lotto 5PM,"[""7"", ""4"", ""8""]",7-4-8,2025-07-14,17:00,4500,3,lottomatik,3DLS0000734
2DL-9PM,2D Lotto 9PM,"[""22"", ""17""]",22-17,2025-07-14,21:00,4000,2,lottomatik,2DLS0000735
3DL-9PM,3D Lotto 9PM,"[""6"", ""9"", ""0""]",6-9-0,2025-07-14,21:00,4500,3,lottomatik,3DLS0000735
4DL,4D Lotto,"[""0"", ""6"", ""3"", ""7""]",0-6-3-7,2025-07-14,21:00,941028,12,lottomatik,4DLS0000105
GL55,Grand Lotto 6/55,"[""01"", ""02"", ""31"", ""13"", ""14"", ""44""]",01-02-31-13-14-44,2025-07-14,21:00,29700000,0,lottomatik,GL55S0000106
ML45,Megalotto 6/45,"[""34"", ""28"", ""08"", ""35"", ""32"", ""11""]",34-28-08-35-32-11,2025-07-14,21:00,17588988.4,0,lottomatik,ML45S0000105
2DL-2PM,2D Lotto 2PM,"[""05"", ""27""]",05-27,2025-07-15,14:00,4000,1,lottomatik,2DLS0000736
3DL-2PM,3D Lotto 2PM,"[""2"", ""7"", ""8""]",2-7-8,2025-07-15,14:00,4500,14,lottomatik,3DLS0000736
2DL-5PM,2D Lotto 5PM,"[""20"", ""23""]",20-23,2025-07-15,17:00,4000,3,lottomatik,2DLS0000737
3DL-5PM,3D Lotto 5PM,"[""4"", ""8"", ""2""]",4-8-2,2025-07-15,17:00,4500,1,lottomatik,3DLS0000737
2DL-9PM,2D Lotto 9PM,"[""25"", ""06""]",25-06,2025-07-15,21:00,4000,2,lottomatik,2DLS0000738
3DL-9PM,3D Lotto 9PM,"[""4"", ""2"", ""2""]",4-2-2,2025-07-15,21:00,4500,0,lottomatik,3DLS0000738
6DL,6D Lotto,"[""7"", ""1"", ""9"", ""7"", ""7"", ""9""]",7-1-9-7-7-9,2025-07-15,21:00,1407108,0,lottomatik,6DLS0000105
LOTTO42,Lotto 6/42,"[""09"", ""15"", ""39"", ""01"", ""42"", ""27""]",09-15-39-01-42-27,2025-07-15,21:00,43583666.2,0,lottomatik,LOTTO42S0000105
SL49,Superlotto 6/49,"[""08"", ""07"", ""13"", ""23"", ""30"", ""29""]",08-07-13-23-30-29,2025-07-15,21:00,26338807.2,0,lottomatik,SL49S0000106
UL58,Ultra Lotto 6/58,"[""22"", ""38"", ""36"", ""08"", ""16"", ""41""]",22-38-36-08-16-41,2025-07-15,21:00,223465859.2,0,lottomatik,UL58S0000106
2DL-2PM,2D Lotto 2PM,"[""07"", ""15""]",07-15,2025-07-16,14:00,4000,25,lottomatik,2DLS0000739
3DL-2PM,3D Lotto 2PM,"[""8"", ""4"", ""8""]",8-4-8,2025-07-16,14:00,4500,2,lottomatik,3DLS0000739
2DL-5PM,2D Lotto 5PM,"[""27"", ""30""]",27-30,2025-07-16,17:00,4000,2,lottomatik,2DLS0000740
3DL-5PM,3D Lotto 5PM,"[""5"", ""4"", ""7""]",5-4-7,2025-07-16,17:00,4500,0,lottomatik,3DLS0000740
2DL-9PM,2D Lotto 9PM,"[""27"", ""10""]",27-10,2025-07-16,21:00,4000,4,lottomatik,2DLS0000741
3DL-9PM,3D Lotto 9PM,"[""9"", ""6"", ""3""]",9-6-3,2025-07-16,21:00,4500,4,lottomatik,3DLS0000741
4DL,4D Lotto,"[""0"", ""9"", ""5"", ""2""]",0-9-5-2,2025-07-16,21:00,833472,16,lottomatik,4DLS0000106
GL55,Grand Lotto 6/55,"[""32"", ""53"", ""20"", ""08"", ""45"", ""54""]",32-53-20-08-45-54,2025-07-16,21:00,29700000,0,lottomatik,GL55S0000107
ML45,Megalotto 6/45,"[""44"", ""30"", ""12"", ""24"", ""06"", ""35""]",44-30-12-24-06-35,2025-07-16,21:00,21538656,1,lottomatik,ML45S0000106
2DL-2PM,2D Lotto 2PM,"[""08"", ""17""]",08-17,2025-07-17,14:00,4000,3,lottomatik,2DLS0000742
3DL-2PM,3D Lotto 2PM,"[""6"", ""3"", ""9""]",6-3-9,2025-07-17,14:00,4500,1,lottomatik,3DLS0000742
2DL-5PM,2D Lotto 5PM,"[""27"", ""05""]",27-05,2025-07-17,17:00,4000,1,lottomatik,2DLS0000743
3DL-5PM,3D Lotto 5PM,"[""8"", ""3"", ""9""]",8-3-9,2025-07-17,17:00,4500,0,lottomatik,3DLS0000743
2DL-9PM,2D Lotto 9PM,"[""06"", ""03""]",06-03,2025-07-17,21:00,4000,6,lottomatik,2DLS0000744
3DL-9PM,3D Lotto 9PM,"[""8"", ""3"", ""7""]",8-3-7,2025-07-17,21:00,4500,3,lottomatik,3DLS0000744
6DL,6D Lotto,"[""5"", ""1"", ""4"", ""3"", ""4"", ""2""]",5-1-4-3-4-2,2025-07-17,21:00,2120010.36,0,lottomatik,6DLS0000106
LOTTO42,Lotto 6/42,"[""33"", ""31"", ""19"", ""37"", ""21"", ""41""]",33-31-19-37-21-41,2025-07-17,21:00,48913755.2,0,lottomatik,LOTTO42S0000106
SL49,Superlotto 6/49,"[""29"", ""08"", ""04"", ""37"", ""14"", ""02""]",29-08-04-37-14-02,2025-07-17,21:00,29576927.2,0,lottomatik,SL49S0000107
2DL-2PM,2D Lotto 2PM,"[""21"", ""14""]",21-14,2025-07-18,14:00,4000,6,lottomatik,2DLS0000745
3DL-2PM,3D Lotto 2PM,"[""5"", ""4"", ""3""]",5-4-3,2025-07-18,14:00,4500,1,lottomatik,3DLS0000745
2DL-5PM,2D Lotto 5PM,"[""10"", ""10""]",10-10,2025-07-18,17:00,4000,1,lottomatik,2DLS0000746
3DL-5PM,3D Lotto 5PM,"[""4"", ""5"", ""1""]",4-5-1,2025-07-18,17:00,4500,2,lottomatik,3DLS0000746
2DL-9PM,2D Lotto 9PM,"[""08"", ""02""]",08-02,2025-07-18,21:00,4000,4,lottomatik,2DLS0000747
3DL-9PM,3D Lotto 9PM,"[""1"", ""0"", ""2""]",1-0-2,2025-07-18,21:00,4500,9,lottomatik,3DLS0000747
4DL,4D Lotto,"[""2"", ""9"", ""7"", ""2""]",2-9-7-2,2025-07-18,21:00,758376,18,lottomatik,4DLS0000107
ML45,Megalotto 6/45,"[""05"", ""09"", ""38"", ""03"", ""16"", ""17""]",05-09-38-03-16-17,2025-07-18,21:00,8910000,0,lottomatik,ML45S0000107
UL58,Ultra Lotto 6/58,"[""19"", ""16"", ""01"", ""54"", ""12"", ""46""]",19-16-01-54-12-46,2025-07-18,21:00,233048782,0,lottomatik,UL58S0000107
2DL-2PM,2D Lotto 2PM,"[""30"", ""02""]",30-02,2025-07-19,14:00,4000,0,lottomatik,2DLS0000748
3DL-2PM,3D Lotto 2PM,"[""6"", ""7"", ""0""]",6-7-0,2025-07-19,14:00,4500,0,lottomatik,3DLS0000748
2DL-5PM,2D Lotto 5PM,"[""11"", ""01""]",11-01,2025-07-19,17:00,4000,0,lottomatik,2DLS0000749
3DL-5PM,3D Lotto 5PM,"[""8"", ""5"", ""6""]",8-5-6,2025-07-19,17:00,4500,3,lottomatik,3DLS0000749
2DL-9PM,2D Lotto 9PM,"[""31"", ""31""]",31-31,2025-07-19,21:00,4000,2,lottomatik,2DLS0000750
3DL-9PM,3D Lotto 9PM,"[""7"", ""8"", ""5""]",7-8-5,2025-07-19,21:00,4500,12,lottomatik,3DLS0000750
6DL,6D Lotto,"[""0"", ""8"", ""8"", ""6"", ""2"", ""0""]",0-8-8-6-2-0,2025-07-19,21:00,2573140.2,0,lottomatik,6DLS0000107
GL55,Grand Lotto 6/55,"[""35"", ""49"", ""44"", ""53"", ""16"", ""31""]",35-49-44-53-16-31,2025-07-19,21:00,29700000,0,lottomatik,GL55S0000108
LOTTO42,Lotto 6/42,"[""11"", ""38"", ""40"", ""27"", ""06"", ""01""]",11-38-40-27-06-01,2025-07-19,21:00,54107784.2,0,lottomatik,LOTTO42S0000107
2DL-2PM,2D Lotto 2PM,"[""21"", ""27""]",21-27,2025-07-20,14:00,4000,4,lottomatik,2DLS0000751
3DL-2PM,3D Lotto 2PM,"[""8"", ""8"", ""3""]",8-8-3,2025-07-20,14:00,4500,0,lottomatik,3DLS0000751
2DL-5PM,2D Lotto 5PM,"[""23"", ""19""]",23-19,2025-07-20,17:00,4000,0,lottomatik,2DLS0000752
3DL-5PM,3D Lotto 5PM,"[""7"", ""1"", ""5""]",7-1-5,2025-07-20,17:00,4500,1,lottomatik,3DLS0000752
2DL-9PM,2D Lotto 9PM,"[""07"", ""12""]",07-12,2025-07-20,21:00,4000,10,lottomatik,2DLS0000753
3DL-9PM,3D Lotto 9PM,"[""8"", ""0"", ""6""]",8-0-6,2025-07-20,21:00,4500,1,lottomatik,3DLS0000753
SL49,Superlotto 6/49,"[""27"", ""13"", ""12"", ""29"", ""44"", ""34""]",27-13-12-29-44-34,2025-07-20,21:00,33342362.2,0,lottomatik,SL49S0000108
UL58,Ultra Lotto 6/58,"[""32"", ""20"", ""23"", ""44"", ""39"", ""09""]",32-20-23-44-39-09,2025-07-20,21:00,241882917.2,0,lottomatik,UL58S0000108
2DL-2PM,2D Lotto 2PM,"[""20"", ""28""]",20-28,2025-07-21,14:00,4000,4,lottomatik,2DLS0000754
3DL-2PM,3D Lotto 2PM,"[""9"", ""3"", ""0""]",9-3-0,2025-07-21,14:00,4500,0,lottomatik,3DLS0000754
2DL-5PM,2D Lotto 5PM,"[""21"", ""28""]",21-28,2025-07-21,17:00,4000,3,lottomatik,2DLS0000755
3DL-5PM,3D Lotto 5PM,"[""4"", ""7"", ""0""]",4-7-0,2025-07-21,17:00,4500,0,lottomatik,3DLS0000755
2DL-9PM,2D Lotto 9PM,"[""08"", ""14""]",08-14,2025-07-21,21:00,4000,12,lottomatik,2DLS0000756
3DL-9PM,3D Lotto 9PM,"[""9"", ""3"", ""5""]",9-3-5,2025-07-21,21:00,4500,2,lottomatik,3DLS0000756
4DL,4D Lotto,"[""7"", ""1"", ""7"", ""8""]",7-1-7-8,2025-07-21,21:00,757650,15,lottomatik,4DLS0000108
GL55,Grand Lotto 6/55,"[""39"", ""31"", ""19"", ""24"", ""29"", ""12""]",39-31-19-24-29-12,2025-07-21,21:00,31513425.8,0,lottomatik,GL55S0000109
ML45,Megalotto 6/45,"[""44"", ""39"", ""45"", ""42"", ""09"", ""20""]",44-39-45-42-09-20,2025-07-21,21:00,8910000,0,lottomatik,ML45S0000108
2DL-2PM,2D Lotto 2PM,"[""06"", ""19""]",06-19,2025-07-22,14:00,4000,8,lottomatik,2DLS0000757
3DL-2PM,3D Lotto 2PM,"[""7"", ""4"", ""2""]",7-4-2,2025-07-22,14:00,4500,3,lottomatik,3DLS0000757
2DL-5PM,2D Lotto 5PM,"[""28"", ""07""]",28-07,2025-07-22,17:00,4000,3,lottomatik,2DLS0000758
3DL-5PM,3D Lotto 5PM,"[""3"", ""5"", ""7""]",3-5-7,2025-07-22,17:00,4500,7,lottomatik,3DLS0000758
2DL-9PM,2D Lotto 9PM,"[""02"", ""07""]",02-07,2025-07-22,21:00,4000,9,lottomatik,2DLS0000759
3DL-9PM,3D Lotto 9PM,"[""2"", ""7"", ""2""]",2-7-2,2025-07-22,21:00,4500,19,lottomatik,3DLS0000759
6DL,6D Lotto,"[""9"", ""7"", ""0"", ""4"", ""3"", ""3""]",9-7-0-4-3-3,2025-07-22,21:00,3277302,1,lottomatik,6DLS0000108
LOTTO42,Lotto 6/42,"[""24"", ""31"", ""35"", ""39"", ""04"", ""14""]",24-31-35-39-04-14,2025-07-22,21:00,58652835.2,0,lottomatik,LOTTO42S0000108
SL49,Superlotto 6/49,"[""28"", ""42"", ""45"", ""17"", ""08"", ""14""]",28-42-45-17-08-14,2025-07-22,21:00,35910555.6,0,lottomatik,SL49S0000109
UL58,Ultra Lotto 6/58,"[""42"", ""49"", ""52"", ""27"", ""39"", ""18""]",42-49-52-27-39-18,2025-07-22,21:00,249157124.8,0,lottomatik,UL58S0000109
2DL-2PM,2D Lotto 2PM,"[""10"", ""11""]",10-11,2025-07-23,14:00,4000,5,lottomatik,2DLS0000760
3DL-2PM,3D Lotto 2PM,"[""7"", ""6"", ""1""]",7-6-1,2025-07-23,14:00,4500,0,lottomatik,3DLS0000760
2DL-5PM,2D Lotto 5PM,"[""29"", ""05""]",29-05,2025-07-23,17:00,4000,0,lottomatik,2DLS0000761
3DL-5PM,3D Lotto 5PM,"[""9"", ""3"", ""3""]",9-3-3,2025-07-23,17:00,4500,1,lottomatik,3DLS0000761
2DL-9PM,2D Lotto 9PM,"[""22"", ""09""]",22-09,2025-07-23,21:00,4000,1,lottomatik,2DLS0000762
3DL-9PM,3D Lotto 9PM,"[""3"", ""4"", ""6""]",3-4-6,2025-07-23,21:00,4500,3,lottomatik,3DLS0000762
4DL,4D Lotto,"[""1"", ""4"", ""2"", ""9""]",1-4-2-9,2025-07-23,21:00,1000000,100,lottomatik,4DLS0000109
GL55,Grand Lotto 6/55,"[""11"", ""32"", ""16"", ""09"", ""04"", ""24""]",11-32-16-09-04-24,2025-07-23,21:00,34801430.6,0,lottomatik,GL55S0000110
ML45,Megalotto 6/45,"[""37"", ""04"", ""23"", ""35"", ""13"", ""07""]",37-04-23-35-13-07,2025-07-23,21:00,8910000,0,lottomatik,ML45S0000109
2DL-2PM,2D Lotto 2PM,"[""14"", ""03""]",14-03,2025-07-24,14:00,4000,3,lottomatik,2DLS0000763
3DL-2PM,3D Lotto 2PM,"[""8"", ""7"", ""3""]",8-7-3,2025-07-24,14:00,4500,0,lottomatik,3DLS0000763
2DL-5PM,2D Lotto 5PM,"[""23"", ""18""]",23-18,2025-07-24,17:00,4000,2,lottomatik,2DLS0000764
3DL-5PM,3D Lotto 5PM,"[""4"", ""9"", ""2""]",4-9-2,2025-07-24,17:00,4500,5,lottomatik,3DLS0000764
2DL-9PM,2D Lotto 9PM,"[""08"", ""09""]",08-09,2025-07-24,21:00,4000,3,lottomatik,2DLS0000765
3DL-9PM,3D Lotto 9PM,"[""3"", ""7"", ""6""]",3-7-6,2025-07-24,21:00,4500,1,lottomatik,3DLS0000765
6DL,6D Lotto,"[""8"", ""6"", ""5"", ""4"", ""7"", ""0""]",8-6-5-4-7-0,2025-07-24,21:00,393263.96,0,lottomatik,6DLS0000109
LOTTO42,Lotto 6/42,"[""24"", ""34"", ""32"", ""09"", ""21"", ""16""]",24-34-32-09-21-16,2025-07-24,21:00,63908331.6,1,lottomatik,LOTTO42S0000109
SL49,Superlotto 6/49,"[""47"", ""42"", ""29"", ""31"", ""48"", ""08""]",47-42-29-31-48-08,2025-07-24,21:00,38975027,0,lottomatik,SL49S0000110
2DL-2PM,2D Lotto 2PM,"[""23"", ""24""]",23-24,2025-07-25,14:00,4000,3,lottomatik,2DLS0000766
3DL-2PM,3D Lotto 2PM,"[""6"", ""1"", ""1""]",6-1-1,2025-07-25,14:00,4500,7,lottomatik,3DLS0000766
2DL-5PM,2D Lotto 5PM,"[""20"", ""06""]",20-06,2025-07-25,17:00,4000,0,lottomatik,2DLS0000767
3DL-5PM,3D Lotto 5PM,"[""9"", ""1"", ""2""]",9-1-2,2025-07-25,17:00,4500,2,lottomatik,3DLS0000767
2DL-9PM,2D Lotto 9PM,"[""28"", ""09""]",28-09,2025-07-25,21:00,4000,0,lottomatik,2DLS0000768
3DL-9PM,3D Lotto 9PM,"[""0"", ""6"", ""0""]",0-6-0,2025-07-25,21:00,4500,1,lottomatik,3DLS0000768
4DL,4D Lotto,"[""6"", ""6"", ""7"", ""5""]",6-6-7-5,2025-07-25,21:00,837279,31,lottomatik,4DLS0000110
ML45,Megalotto 6/45,"[""41"", ""14"", ""05"", ""36"", ""29"", ""27""]",41-14-05-36-29-27,2025-07-25,21:00,12040346.2,0,lottomatik,ML45S0000110
UL58,Ultra Lotto 6/58,"[""05"", ""30"", ""19"", ""43"", ""51"", ""50""]",05-30-19-43-51-50,2025-07-25,21:00,258660618.8,0,lottomatik,UL58S0000110
2DL-2PM,2D Lotto 2PM,"[""26"", ""22""]",26-22,2025-07-26,14:00,4000,6,lottomatik,2DLS0000769
3DL-2PM,3D Lotto 2PM,"[""2"", ""9"", ""3""]",2-9-3,2025-07-26,14:00,4500,0,lottomatik,3DLS0000769
2DL-5PM,2D Lotto 5PM,"[""06"", ""11""]",06-11,2025-07-26,17:00,4000,0,lottomatik,2DLS0000770
3DL-5PM,3D Lotto 5PM,"[""4"", ""4"", ""3""]",4-4-3,2025-07-26,17:00,4500,0,lottomatik,3DLS0000770
2DL-9PM,2D Lotto 9PM,"[""30"", ""15""]",30-15,2025-07-26,21:00,4000,6,lottomatik,2DLS0000771
3DL-9PM,3D Lotto 9PM,"[""2"", ""6"", ""8""]",2-6-8,2025-07-26,21:00,4500,6,lottomatik,3DLS0000771
6DL,6D Lotto,"[""9"", ""2"", ""7"", ""6"", ""6"", ""1""]",9-2-7-6-6-1,2025-07-26,21:00,911779.28,0,lottomatik,6DLS0000110
GL55,Grand Lotto 6/55,"[""09"", ""35"", ""45"", ""52"", ""41"", ""38""]",09-35-45-52-41-38,2025-07-26,21:00,38658341.6,0,lottomatik,GL55S0000111
LOTTO42,Lotto 6/42,"[""33"", ""10"", ""37"", ""23"", ""11"", ""17""]",33-10-37-23-11-17,2025-07-26,21:00,5940000,0,lottomatik,LOTTO42S0000110
2DL-2PM,2D Lotto 2PM,"[""05"", ""10""]",05-10,2025-07-27,14:00,4000,2,lottomatik,2DLS0000772
3DL-2PM,3D Lotto 2PM,"[""4"", ""1"", ""0""]",4-1-0,2025-07-27,14:00,4500,0,lottomatik,3DLS0000772
2DL-5PM,2D Lotto 5PM,"[""17"", ""04""]",17-04,2025-07-27,17:00,4000,2,lottomatik,2DLS0000773
3DL-5PM,3D Lotto 5PM,"[""7"", ""5"", ""1""]",7-5-1,2025-07-27,17:00,4500,2,lottomatik,3DLS0000773
2DL-9PM,2D Lotto 9PM,"[""07"", ""14""]",07-14,2025-07-27,21:00,4000,21,lottomatik,2DLS0000774
3DL-9PM,3D Lotto 9PM,"[""1"", ""1"", ""8""]",1-1-8,2025-07-27,21:00,4500,5,lottomatik,3DLS0000774
SL49,Superlotto 6/49,"[""01"", ""33"", ""34"", ""11"", ""39"", ""22""]",01-33-34-11-39-22,2025-07-27,21:00,43009332.6,0,lottomatik,SL49S0000111
UL58,Ultra Lotto 6/58,"[""23"", ""40"", ""38"", ""39"", ""50"", ""42""]",23-40-38-39-50-42,2025-07-27,21:00,267812434,0,lottomatik,UL58S0000111
2DL-2PM,2D Lotto 2PM,"[""11"", ""09""]",11-09,2025-07-28,14:00,4000,1,lottomatik,2DLS0000775
3DL-2PM,3D Lotto 2PM,"[""8"", ""0"", ""3""]",8-0-3,2025-07-28,14:00,4500,7,lottomatik,3DLS0000775
2DL-5PM,2D Lotto 5PM,"[""07"", ""18""]",07-18,2025-07-28,17:00,4000,6,lottomatik,2DLS0000776
3DL-5PM,3D Lotto 5PM,"[""5"", ""5"", ""3""]",5-5-3,2025-07-28,17:00,4500,3,lottomatik,3DLS0000776
2DL-9PM,2D Lotto 9PM,"[""18"", ""16""]",18-16,2025-07-28,21:00,4000,5,lottomatik,2DLS0000777
3DL-9PM,3D Lotto 9PM,"[""1"", ""8"", ""0""]",1-8-0,2025-07-28,21:00,4500,41,lottomatik,3DLS0000777
4DL,4D Lotto,"[""4"", ""8"", ""4"", ""2""]",4-8-4-2,2025-07-28,21:00,848628,11,lottomatik,4DLS0000111
GL55,Grand Lotto 6/55,"[""12"", ""13"", ""55"", ""02"", ""30"", ""14""]",12-13-55-02-30-14,2025-07-28,21:00,42349332.6,0,lottomatik,GL55S0000112
ML45,Megalotto 6/45,"[""16"", ""29"", ""19"", ""14"", ""35"", ""31""]",16-29-19-14-35-31,2025-07-28,21:00,15412338.4,0,lottomatik,ML45S0000111
2DL-2PM,2D Lotto 2PM,"[""21"", ""21""]",21-21,2025-07-29,14:00,4000,2,lottomatik,2DLS0000778
3DL-2PM,3D Lotto 2PM,"[""4"", ""9"", ""6""]",4-9-6,2025-07-29,14:00,4500,3,lottomatik,3DLS0000778
2DL-5PM,2D Lotto 5PM,"[""13"", ""08""]",13-08,2025-07-29,17:00,4000,3,lottomatik,2DLS0000779
3DL-5PM,3D Lotto 5PM,"[""9"", ""3"", ""8""]",9-3-8,2025-07-29,17:00,4500,7,lottomatik,3DLS0000779
2DL-9PM,2D Lotto 9PM,"[""23"", ""12""]",23-12,2025-07-29,21:00,4000,4,lottomatik,2DLS0000780
3DL-9PM,3D Lotto 9PM,"[""5"", ""8"", ""4""]",5-8-4,2025-07-29,21:00,4500,1,lottomatik,3DLS0000780
6DL,6D Lotto,"[""7"", ""9"", ""6"", ""2"", ""9"", ""8""]",7-9-6-2-9-8,2025-07-29,21:00,1589583.96,0,lottomatik,6DLS0000111
LOTTO42,Lotto 6/42,"[""25"", ""33"", ""05"", ""21"", ""06"", ""03""]",25-33-05-21-06-03,2025-07-29,21:00,6054592.2,0,lottomatik,LOTTO42S0000111
SL49,Superlotto 6/49,"[""47"", ""34"", ""06"", ""30"", ""15"", ""21""]",47-34-06-30-15-21,2025-07-29,21:00,46615416.8,0,lottomatik,SL49S0000112
UL58,Ultra Lotto 6/58,"[""05"", ""07"", ""18"", ""28"", ""48"", ""32""]",05-07-18-28-48-32,2025-07-29,21:00,276717316.8,0,lottomatik,UL58S0000112
2DL-2PM,2D Lotto 2PM,"[""21"", ""08""]",21-08,2025-07-30,14:00,4000,2,lottomatik,2DLS0000781
3DL-2PM,3D Lotto 2PM,"[""9"", ""5"", ""6""]",9-5-6,2025-07-30,14:00,4500,1,lottomatik,3DLS0000781
2DL-5PM,2D Lotto 5PM,"[""09"", ""01""]",09-01,2025-07-30,17:00,4000,0,lottomatik,2DLS0000782
3DL-5PM,3D Lotto 5PM,"[""0"", ""8"", ""7""]",0-8-7,2025-07-30,17:00,4500,1,lottomatik,3DLS0000782
2DL-9PM,2D Lotto 9PM,"[""12"", ""06""]",12-06,2025-07-30,21:00,4000,3,lottomatik,2DLS0000783
3DL-9PM,3D Lotto 9PM,"[""7"", ""1"", ""9""]",7-1-9,2025-07-30,21:00,4500,6,lottomatik,3DLS0000783
4DL,4D Lotto,"[""8"", ""6"", ""7"", ""3""]",8-6-7-3,2025-07-30,21:00,888624,22,lottomatik,4DLS0000112
GL55,Grand Lotto 6/55,"[""42"", ""13"", ""52"", ""04"", ""31"", ""12""]",42-13-52-04-31-12,2025-07-30,21:00,46269193,0,lottomatik,GL55S0000113
ML45,Megalotto 6/45,"[""25"", ""24"", ""29"", ""17"", ""05"", ""40""]",25-24-29-17-05-40,2025-07-30,21:00,18905149,0,lottomatik,ML45S0000112
2DL-2PM,2D Lotto 2PM,"[""19"", ""17""]",19-17,2025-07-31,14:00,4000,20,lottomatik,2DLS0000784
3DL-2PM,3D Lotto 2PM,"[""3"", ""6"", ""1""]",3-6-1,2025-07-31,14:00,4500,4,lottomatik,3DLS0000784
2DL-5PM,2D Lotto 5PM,"[""28"", ""26""]",28-26,2025-07-31,17:00,4000,1,lottomatik,2DLS0000785
3DL-5PM,3D Lotto 5PM,"[""8"", ""1"", ""2""]",8-1-2,2025-07-31,17:00,4500,6,lottomatik,3DLS0000785
2DL-9PM,2D Lotto 9PM,"[""19"", ""08""]",19-08,2025-07-31,21:00,4000,7,lottomatik,2DLS0000786
3DL-9PM,3D Lotto 9PM,"[""3"", ""6"", ""9""]",3-6-9,2025-07-31,21:00,4500,14,lottomatik,3DLS0000786
6DL,6D Lotto,"[""7"", ""3"", ""6"", ""2"", ""1"", ""2""]",7-3-6-2-1-2,2025-07-31,21:00,2101333.68,0,lottomatik,6DLS0000112
LOTTO42,Lotto 6/42,"[""24"", ""40"", ""03"", ""09"", ""36"", ""07""]",24-40-03-09-36-07,2025-07-31,21:00,9212984,0,lottomatik,LOTTO42S0000112
SL49,Superlotto 6/49,"[""47"", ""11"", ""06"", ""28"", ""37"", ""01""]",47-11-06-28-37-01,2025-07-31,21:00,51493635.8,0,lottomatik,SL49S0000113
2DL-2PM,2D Lotto 2PM,"[""08"", ""21""]",08-21,2025-08-01,14:00,4000,9,lottomatik,2DLS0000787
3DL-2PM,3D Lotto 2PM,"[""2"", ""9"", ""2""]",2-9-2,2025-08-01,14:00,4500,0,lottomatik,3DLS0000787
2DL-5PM,2D Lotto 5PM,"[""16"", ""09""]",16-09,2025-08-01,17:00,4000,0,lottomatik,2DLS0000788
3DL-5PM,3D Lotto 5PM,"[""3"", ""1"", ""3""]",3-1-3,2025-08-01,17:00,4500,2,lottomatik,3DLS0000788
2DL-9PM,2D Lotto 9PM,"[""09"", ""01""]",09-01,2025-08-01,21:00,4000,11,lottomatik,2DLS0000789
3DL-9PM,3D Lotto 9PM,"[""2"", ""8"", ""7""]",2-8-7,2025-08-01,21:00,4500,5,lottomatik,3DLS0000789
4DL,4D Lotto,"[""4"", ""9"", ""3"", ""7""]",4-9-3-7,2025-08-01,21:00,900564,14,lottomatik,4DLS0000113
ML45,Megalotto 6/45,"[""25"", ""04"", ""10"", ""44"", ""32"", ""33""]",25-04-10-44-32-33,2025-08-01,21:00,22766141.8,0,lottomatik,ML45S0000113
UL58,Ultra Lotto 6/58,"[""03"", ""13"", ""07"", ""44"", ""15"", ""10""]",03-13-07-44-15-10,2025-08-01,21:00,287539944,0,lottomatik,UL58S0000113
2DL-2PM,2D Lotto 2PM,"[""20"", ""06""]",20-06,2025-08-02,14:00,4000,0,lottomatik,2DLS0000790
3DL-2PM,3D Lotto 2PM,"[""0"", ""2"", ""1""]",0-2-1,2025-08-02,14:00,4500,5,lottomatik,3DLS0000790
2DL-5PM,2D Lotto 5PM,"[""14"", ""20""]",14-20,2025-08-02,17:00,4000,9,lottomatik,2DLS0000791
3DL-5PM,3D Lotto 5PM,"[""5"", ""8"", ""8""]",5-8-8,2025-08-02,17:00,4500,2,lottomatik,3DLS0000791
2DL-9PM,2D Lotto 9PM,"[""30"", ""27""]",30-27,2025-08-02,21:00,4000,2,lottomatik,2DLS0000792
3DL-9PM,3D Lotto 9PM,"[""3"", ""2"", ""5""]",3-2-5,2025-08-02,21:00,4500,20,lottomatik,3DLS0000792
6DL,6D Lotto,"[""9"", ""1"", ""3"", ""9"", ""6"", ""1""]",9-1-3-9-6-1,2025-08-02,21:00,2580267.72,0,lottomatik,6DLS0000113
GL55,Grand Lotto 6/55,"[""01"", ""53"", ""46"", ""52"", ""08"", ""18""]",01-53-46-52-08-18,2025-08-02,21:00,50561260.2,0,lottomatik,GL55S0000114
LOTTO42,Lotto 6/42,"[""23"", ""31"", ""21"", ""29"", ""06"", ""37""]",23-31-21-29-06-37,2025-08-02,21:00,12715992,0,lottomatik,LOTTO42S0000113
2DL-2PM,2D Lotto 2PM,"[""01"", ""21""]",01-21,2025-08-03,14:00,4000,0,lottomatik,2DLS0000793
3DL-2PM,3D Lotto 2PM,"[""1"", ""5"", ""1""]",1-5-1,2025-08-03,14:00,4500,1,lottomatik,3DLS0000793
2DL-5PM,2D Lotto 5PM,"[""16"", ""25""]",16-25,2025-08-03,17:00,4000,0,lottomatik,2DLS0000794
3DL-5PM,3D Lotto 5PM,"[""2"", ""6"", ""6""]",2-6-6,2025-08-03,17:00,4500,1,lottomatik,3DLS0000794
2DL-9PM,2D Lotto 9PM,"[""08"", ""20""]",08-20,2025-08-03,21:00,4000,30,lottomatik,2DLS0000795
3DL-9PM,3D Lotto 9PM,"[""2"", ""4"", ""9""]",2-4-9,2025-08-03,21:00,4500,3,lottomatik,3DLS0000795
SL49,Superlotto 6/49,"[""29"", ""43"", ""37"", ""10"", ""25"", ""26""]",29-43-37-10-25-26,2025-08-03,21:00,56233268.8,0,lottomatik,SL49S0000114
UL58,Ultra Lotto 6/58,"[""45"", ""46"", ""17"", ""44"", ""37"", ""12""]",45-46-17-44-37-12,2025-08-03,21:00,297664986.4,0,lottomatik,UL58S0000114
2DL-2PM,2D Lotto 2PM,"[""02"", ""28""]",02-28,2025-08-04,14:00,4000,5,lottomatik,2DLS0000796
3DL-2PM,3D Lotto 2PM,"[""8"", ""8"", ""9""]",8-8-9,2025-08-04,14:00,4500,4,lottomatik,3DLS0000796
2DL-5PM,2D Lotto 5PM,"[""05"", ""02""]",05-02,2025-08-04,17:00,4000,0,lottomatik,2DLS0000797
3DL-5PM,3D Lotto 5PM,"[""1"", ""9"", ""3""]",1-9-3,2025-08-04,17:00,4500,4,lottomatik,3DLS0000797
2DL-9PM,2D Lotto 9PM,"[""22"", ""06""]",22-06,2025-08-04,21:00,4000,1,lottomatik,2DLS0000798
3DL-9PM,3D Lotto 9PM,"[""3"", ""3"", ""6""]",3-3-6,2025-08-04,21:00,4500,1,lottomatik,3DLS0000798
4DL,4D Lotto,"[""5"", ""4"", ""4"", ""5""]",5-4-4-5,2025-08-04,21:00,857205,45,lottomatik,4DLS0000114
GL55,Grand Lotto 6/55,"[""44"", ""08"", ""12"", ""29"", ""05"", ""39""]",44-08-12-29-05-39,2025-08-04,21:00,54608763.8,0,lottomatik,GL55S0000115
ML45,Megalotto 6/45,"[""34"", ""16"", ""05"", ""33"", ""28"", ""24""]",34-16-05-33-28-24,2025-08-04,21:00,26667428.6,0,lottomatik,ML45S0000114
2DL-2PM,2D Lotto 2PM,"[""12"", ""18""]",12-18,2025-08-05,14:00,4000,2,lottomatik,2DLS0000799
3DL-2PM,3D Lotto 2PM,"[""0"", ""0"", ""5""]",0-0-5,2025-08-05,14:00,4500,7,lottomatik,3DLS0000799
2DL-5PM,2D Lotto 5PM,"[""18"", ""09""]",18-09,2025-08-05,17:00,4000,1,lottomatik,2DLS0000800
3DL-5PM,3D Lotto 5PM,"[""3"", ""4"", ""1""]",3-4-1,2025-08-05,17:00,4500,3,lottomatik,3DLS0000800
2DL-9PM,2D Lotto 9PM,"[""03"", ""10""]",03-10,2025-08-05,21:00,4000,15,lottomatik,2DLS0000801
3DL-9PM,3D Lotto 9PM,"[""3"", ""4"", ""2""]",3-4-2,2025-08-05,21:00,4500,7,lottomatik,3DLS0000801
6DL,6D Lotto,"[""4"", ""4"", ""9"", ""1"", ""6"", ""5""]",4-4-9-1-6-5,2025-08-05,21:00,3051776.12,0,lottomatik,6DLS0000114
LOTTO42,Lotto 6/42,"[""03"", ""31"", ""06"", ""28"", ""04"", ""23""]",03-31-06-28-04-23,2025-08-05,21:00,15979564.2,0,lottomatik,LOTTO42S0000114
SL49,Superlotto 6/49,"[""43"", ""38"", ""39"", ""06"", ""11"", ""49""]",43-38-39-06-11-49,2025-08-05,21:00,60213515.4,0,lottomatik,SL49S0000115
UL58,Ultra Lotto 6/58,"[""50"", ""21"", ""37"", ""22"", ""39"", ""48""]",50-21-37-22-39-48,2025-08-05,21:00,307514426,0,lottomatik,UL58S0000115
2DL-2PM,2D Lotto 2PM,"[""16"", ""26""]",16-26,2025-08-06,14:00,4000,0,lottomatik,2DLS0000802
3DL-2PM,3D Lotto 2PM,"[""3"", ""2"", ""6""]",3-2-6,2025-08-06,14:00,4500,2,lottomatik,3DLS0000802
2DL-5PM,2D Lotto 5PM,"[""30"", ""10""]",30-10,2025-08-06,17:00,4000,15,lottomatik,2DLS0000803
3DL-5PM,3D Lotto 5PM,"[""3"", ""5"", ""4""]",3-5-4,2025-08-06,17:00,4500,2,lottomatik,3DLS0000803
2DL-9PM,2D Lotto 9PM,"[""05"", ""18""]",05-18,2025-08-06,21:00,4000,5,lottomatik,2DLS0000804
3DL-9PM,3D Lotto 9PM,"[""5"", ""7"", ""8""]",5-7-8,2025-08-06,21:00,4500,3,lottomatik,3DLS0000804
4DL,4D Lotto,"[""2"", ""6"", ""5"", ""4""]",2-6-5-4,2025-08-06,21:00,754676,46,lottomatik,4DLS0000115
GL55,Grand Lotto 6/55,"[""17"", ""25"", ""04"", ""11"", ""37"", ""52""]",17-25-04-11-37-52,2025-08-06,21:00,58558083.4,0,lottomatik,GL55S0000116
ML45,Megalotto 6/45,"[""02"", ""35"", ""37"", ""10"", ""44"", ""24""]",02-35-37-10-44-24,2025-08-06,21:00,30373525.8,0,lottomatik,ML45S0000115
2DL-2PM,2D Lotto 2PM,"[""02"", ""22""]",02-22,2025-08-07,14:00,4000,5,lottomatik,2DLS0000805
3DL-2PM,3D Lotto 2PM,"[""6"", ""5"", ""8""]",6-5-8,2025-08-07,14:00,4500,2,lottomatik,3DLS0000805
2DL-5PM,2D Lotto 5PM,"[""15"", ""21""]",15-21,2025-08-07,17:00,4000,0,lottomatik,2DLS0000806
3DL-5PM,3D Lotto 5PM,"[""5"", ""2"", ""4""]",5-2-4,2025-08-07,17:00,4500,4,lottomatik,3DLS0000806
2DL-9PM,2D Lotto 9PM,"[""20"", ""02""]",20-02,2025-08-07,21:00,4000,4,lottomatik,2DLS0000807
3DL-9PM,3D Lotto 9PM,"[""0"", ""5"", ""2""]",0-5-2,2025-08-07,21:00,4500,6,lottomatik,3DLS0000807
6DL,6D Lotto,"[""8"", ""2"", ""3"", ""2"", ""3"", ""6""]",8-2-3-2-3-6,2025-08-07,21:00,3640676.36,0,lottomatik,6DLS0000115
LOTTO42,Lotto 6/42,"[""36"", ""41"", ""33"", ""05"", ""25"", ""01""]",36-41-33-05-25-01,2025-08-07,21:00,19560635.6,0,lottomatik,LOTTO42S0000115
SL49,Superlotto 6/49,"[""49"", ""47"", ""16"", ""41"", ""20"", ""15""]",49-47-16-41-20-15,2025-08-07,21:00,65204921,0,lottomatik,SL49S0000116
2DL-2PM,2D Lotto 2PM,"[""25"", ""10""]",25-10,2025-08-08,14:00,4000,6,lottomatik,2DLS0000808
3DL-2PM,3D Lotto 2PM,"[""5"", ""4"", ""7""]",5-4-7,2025-08-08,14:00,4500,5,lottomatik,3DLS0000808
2DL-5PM,2D Lotto 5PM,"[""31"", ""03""]",31-03,2025-08-08,17:00,4000,2,lottomatik,2DLS0000809
3DL-5PM,3D Lotto 5PM,"[""8"", ""5"", ""0""]",8-5-0,2025-08-08,17:00,4500,3,lottomatik,3DLS0000809
2DL-9PM,2D Lotto 9PM,"[""04"", ""18""]",04-18,2025-08-08,21:00,4000,34,lottomatik,2DLS0000810
3DL-9PM,3D Lotto 9PM,"[""3"", ""0"", ""2""]",3-0-2,2025-08-08,21:00,4500,8,lottomatik,3DLS0000810
4DL,4D Lotto,"[""9"", ""5"", ""7"", ""4""]",9-5-7-4,2025-08-08,21:00,973168,16,lottomatik,4DLS0000116
ML45,Megalotto 6/45,"[""04"", ""28"", ""02"", ""41"", ""01"", ""06""]",04-28-02-41-01-06,2025-08-08,21:00,34529403,0,lottomatik,ML45S0000116
UL58,Ultra Lotto 6/58,"[""43"", ""04"", ""52"", ""41"", ""15"", ""06""]",43-04-52-41-15-06,2025-08-08,21:00,319010402.8,0,lottomatik,UL58S0000116
2DL-2PM,2D Lotto 2PM,"[""10"", ""03""]",10-03,2025-08-09,14:00,4000,2,lottomatik,2DLS0000811
3DL-2PM,3D Lotto 2PM,"[""9"", ""6"", ""8""]",9-6-8,2025-08-09,14:00,4500,2,lottomatik,3DLS0000811
2DL-5PM,2D Lotto 5PM,"[""19"", ""09""]",19-09,2025-08-09,17:00,4000,0,lottomatik,2DLS0000812
3DL-5PM,3D Lotto 5PM,"[""7"", ""4"", ""1""]",7-4-1,2025-08-09,17:00,4500,11,lottomatik,3DLS0000812
2DL-9PM,2D Lotto 9PM,"[""04"", ""29""]",04-29,2025-08-09,21:00,4000,7,lottomatik,2DLS0000813
3DL-9PM,3D Lotto 9PM,"[""0"", ""4"", ""6""]",0-4-6,2025-08-09,21:00,4500,7,lottomatik,3DLS0000813
6DL,6D Lotto,"[""5"", ""4"", ""7"", ""6"", ""2"", ""1""]",5-4-7-6-2-1,2025-08-09,21:00,4178784,1,lottomatik,6DLS0000116
GL55,Grand Lotto 6/55,"[""42"", ""30"", ""49"", ""06"", ""03"", ""45""]",42-30-49-06-03-45,2025-08-09,21:00,62913268.6,0,lottomatik,GL55S0000117
LOTTO42,Lotto 6/42,"[""09"", ""13"", ""36"", ""18"", ""27"", ""34""]",09-13-36-18-27-34,2025-08-09,21:00,23489765.2,0,lottomatik,LOTTO42S0000116
2DL-2PM,2D Lotto 2PM,"[""30"", ""09""]",30-09,2025-08-10,14:00,4000,1,lottomatik,2DLS0000814
3DL-2PM,3D Lotto 2PM,"[""6"", ""1"", ""1""]",6-1-1,2025-08-10,14:00,4500,2,lottomatik,3DLS0000814
2DL-5PM,2D Lotto 5PM,"[""18"", ""19""]",18-19,2025-08-10,17:00,4000,0,lottomatik,2DLS0000815
3DL-5PM,3D Lotto 5PM,"[""2"", ""6"", ""8""]",2-6-8,2025-08-10,17:00,4500,5,lottomatik,3DLS0000815
2DL-9PM,2D Lotto 9PM,"[""01"", ""21""]",01-21,2025-08-10,21:00,4000,2,lottomatik,2DLS0000816
3DL-9PM,3D Lotto 9PM,"[""8"", ""8"", ""7""]",8-8-7,2025-08-10,21:00,4500,1,lottomatik,3DLS0000816
SL49,Superlotto 6/49,"[""10"", ""34"", ""06"", ""30"", ""44"", ""24""]",10-34-06-30-44-24,2025-08-10,21:00,70216325,0,lottomatik,SL49S0000117
UL58,Ultra Lotto 6/58,"[""15"", ""47"", ""13"", ""30"", ""57"", ""03""]",15-47-13-30-57-03,2025-08-10,21:00,329754859.6,0,lottomatik,UL58S0000117
2DL-2PM,2D Lotto 2PM,"[""06"", ""02""]",06-02,2025-08-11,14:00,4000,1,lottomatik,2DLS0000817
3DL-2PM,3D Lotto 2PM,"[""8"", ""1"", ""2""]",8-1-2,2025-08-11,14:00,4500,10,lottomatik,3DLS0000817
2DL-5PM,2D Lotto 5PM,"[""15"", ""03""]",15-03,2025-08-11,17:00,4000,1,lottomatik,2DLS0000818
3DL-5PM,3D Lotto 5PM,"[""4"", ""2"", ""2""]",4-2-2,2025-08-11,17:00,4500,2,lottomatik,3DLS0000818
2DL-9PM,2D Lotto 9PM,"[""25"", ""13""]",25-13,2025-08-11,21:00,4000,4,lottomatik,2DLS0000819
3DL-9PM,3D Lotto 9PM,"[""8"", ""8"", ""9""]",8-8-9,2025-08-11,21:00,4500,0,lottomatik,3DLS0000819
4DL,4D Lotto,"[""7"", ""0"", ""7"", ""5""]",7-0-7-5,2025-08-11,21:00,840780,20,lottomatik,4DLS0000117
GL55,Grand Lotto 6/55,"[""40"", ""17"", ""12"", ""29"", ""11"", ""48""]",40-17-12-29-11-48,2025-08-11,21:00,66935255,0,lottomatik,GL55S0000118
ML45,Megalotto 6/45,"[""40"", ""10"", ""16"", ""28"", ""07"", ""09""]",40-10-16-28-07-09,2025-08-11,21:00,38521162.8,2,lottomatik,ML45S0000117
2DL-2PM,2D Lotto 2PM,"[""19"", ""12""]",19-12,2025-08-12,14:00,4000,5,lottomatik,2DLS0000820
3DL-2PM,3D Lotto 2PM,"[""7"", ""4"", ""8""]",7-4-8,2025-08-12,14:00,4500,3,lottomatik,3DLS0000820
2DL-5PM,2D Lotto 5PM,"[""28"", ""30""]",28-30,2025-08-12,17:00,4000,0,lottomatik,2DLS0000821
3DL-5PM,3D Lotto 5PM,"[""3"", ""3"", ""0""]",3-3-0,2025-08-12,17:00,4500,1,lottomatik,3DLS0000821
2DL-9PM,2D Lotto 9PM,"[""10"", ""27""]",10-27,2025-08-12,21:00,4000,9,lottomatik,2DLS0000822
3DL-9PM,3D Lotto 9PM,"[""7"", ""0"", ""2""]",7-0-2,2025-08-12,21:00,4500,13,lottomatik,3DLS0000822
6DL,6D Lotto,"[""7"", ""4"", ""9"", ""7"", ""7"", ""3""]",7-4-9-7-7-3,2025-08-12,21:00,487265.92,0,lottomatik,6DLS0000117
LOTTO42,Lotto 6/42,"[""13"", ""30"", ""11"", ""36"", ""27"", ""42""]",13-30-11-36-27-42,2025-08-12,21:00,27137946,0,lottomatik,LOTTO42S0000117
SL49,Superlotto 6/49,"[""35"", ""44"", ""21"", ""16"", ""27"", ""34""]",35-44-21-16-27-34,2025-08-12,21:00,74485701.6,0,lottomatik,SL49S0000118
UL58,Ultra Lotto 6/58,"[""14"", ""33"", ""50"", ""57"", ""22"", ""39""]",14-33-50-57-22-39,2025-08-12,21:00,339955661.2,0,lottomatik,UL58S0000118
2DL-2PM,2D Lotto 2PM,"[""31"", ""14""]",31-14,2025-08-13,14:00,4000,2,lottomatik,2DLS0000823
3DL-2PM,3D Lotto 2PM,"[""6"", ""4"", ""1""]",6-4-1,2025-08-13,14:00,4500,6,lottomatik,3DLS0000823
2DL-5PM,2D Lotto 5PM,"[""31"", ""20""]",31-20,2025-08-13,17:00,4000,0,lottomatik,2DLS0000824
3DL-5PM,3D Lotto 5PM,"[""6"", ""6"", ""3""]",6-6-3,2025-08-13,17:00,4500,0,lottomatik,3DLS0000824
2DL-9PM,2D Lotto 9PM,"[""02"", ""02""]",02-02,2025-08-13,21:00,4000,1,lottomatik,2DLS0000825
3DL-9PM,3D Lotto 9PM,"[""1"", ""3"", ""9""]",1-3-9,2025-08-13,21:00,4500,11,lottomatik,3DLS0000825
4DL,4D Lotto,"[""6"", ""9"", ""3"", ""0""]",6-9-3-0,2025-08-13,21:00,500633,17,lottomatik,4DLS0000118
GL55,Grand Lotto 6/55,"[""48"", ""45"", ""23"", ""30"", ""43"", ""17""]",48-45-23-30-43-17,2025-08-13,21:00,71512918.8,0,lottomatik,GL55S0000119
ML45,Megalotto 6/45,"[""41"", ""36"", ""02"", ""08"", ""34"", ""30""]",41-36-02-08-34-30,2025-08-13,21:00,8910000,0,lottomatik,ML45S0000118
2DL-2PM,2D Lotto 2PM,"[""25"", ""15""]",25-15,2025-08-14,14:00,4000,9,lottomatik,2DLS0000826
3DL-2PM,3D Lotto 2PM,"[""5"", ""3"", ""5""]",5-3-5,2025-08-14,14:00,4500,1,lottomatik,3DLS0000826
2DL-5PM,2D Lotto 5PM,"[""26"", ""30""]",26-30,2025-08-14,17:00,4000,9,lottomatik,2DLS0000827
3DL-5PM,3D Lotto 5PM,"[""9"", ""7"", ""8""]",9-7-8,2025-08-14,17:00,4500,3,lottomatik,3DLS0000827
2DL-9PM,2D Lotto 9PM,"[""29"", ""18""]",29-18,2025-08-14,21:00,4000,5,lottomatik,2DLS0000828
3DL-9PM,3D Lotto 9PM,"[""7"", ""4"", ""6""]",7-4-6,2025-08-14,21:00,4500,6,lottomatik,3DLS0000828
6DL,6D Lotto,"[""4"", ""9"", ""7"", ""1"", ""2"", ""9""]",4-9-7-1-2-9,2025-08-14,21:00,828928.32,0,lottomatik,6DLS0000118
LOTTO42,Lotto 6/42,"[""16"", ""20"", ""30"", ""38"", ""24"", ""32""]",16-20-30-38-24-32,2025-08-14,21:00,30978800.6,0,lottomatik,LOTTO42S0000118
SL49,Superlotto 6/49,"[""34"", ""36"", ""28"", ""22"", ""48"", ""19""]",34-36-28-22-48-19,2025-08-14,21:00,79475795.8,0,lottomatik,SL49S0000119
2DL-2PM,2D Lotto 2PM,"[""08"", ""30""]",08-30,2025-08-15,14:00,4000,16,lottomatik,2DLS0000829
3DL-2PM,3D Lotto 2PM,"[""2"", ""3"", ""2""]",2-3-2,2025-08-15,14:00,4500,16,lottomatik,3DLS0000829
2DL-5PM,2D Lotto 5PM,"[""06"", ""19""]",06-19,2025-08-15,17:00,4000,2,lottomatik,2DLS0000830
3DL-5PM,3D Lotto 5PM,"[""3"", ""3"", ""6""]",3-3-6,2025-08-15,17:00,4500,1,lottomatik,3DLS0000830
2DL-9PM,2D Lotto 9PM,"[""03"", ""20""]",03-20,2025-08-15,21:00,4000,1,lottomatik,2DLS0000831
3DL-9PM,3D Lotto 9PM,"[""1"", ""9"", ""1""]",1-9-1,2025-08-15,21:00,4500,6,lottomatik,3DLS0000831
4DL,4D Lotto,"[""2"", ""4"", ""5"", ""1""]",2-4-5-1,2025-08-15,21:00,884106,18,lottomatik,4DLS0000119
ML45,Megalotto 6/45,"[""07"", ""13"", ""03"", ""17"", ""12"", ""23""]",07-13-03-17-12-23,2025-08-15,21:00,8910000,0,lottomatik,ML45S0000119
UL58,Ultra Lotto 6/58,"[""47"", ""05"", ""34"", ""24"", ""04"", ""07""]",47-05-34-24-04-07,2025-08-15,21:00,351893609.2,0,lottomatik,UL58S0000119
2DL-2PM,2D Lotto 2PM,"[""01"", ""07""]",01-07,2025-08-16,14:00,4000,2,lottomatik,2DLS0000832
3DL-2PM,3D Lotto 2PM,"[""6"", ""0"", ""1""]",6-0-1,2025-08-16,14:00,4500,11,lottomatik,3DLS0000832
2DL-5PM,2D Lotto 5PM,"[""04"", ""10""]",04-10,2025-08-16,17:00,4000,6,lottomatik,2DLS0000833
3DL-5PM,3D Lotto 5PM,"[""9"", ""5"", ""7""]",9-5-7,2025-08-16,17:00,4500,1,lottomatik,3DLS0000833
2DL-9PM,2D Lotto 9PM,"[""12"", ""27""]",12-27,2025-08-16,21:00,4000,12,lottomatik,2DLS0000834
3DL-9PM,3D Lotto 9PM,"[""0"", ""3"", ""9""]",0-3-9,2025-08-16,21:00,4500,5,lottomatik,3DLS0000834
6DL,6D Lotto,"[""2"", ""5"", ""6"", ""8"", ""9"", ""3""]",2-5-6-8-9-3,2025-08-16,21:00,1396324,1,lottomatik,6DLS0000119
GL55,Grand Lotto 6/55,"[""07"", ""45"", ""32"", ""42"", ""06"", ""28""]",07-45-32-42-06-28,2025-08-16,21:00,76085171.8,0,lottomatik,GL55S0000120
LOTTO42,Lotto 6/42,"[""13"", ""08"", ""29"", ""03"", ""41"", ""36""]",13-08-29-03-41-36,2025-08-16,21:00,35318748.6,0,lottomatik,LOTTO42S0000119
2DL-2PM,2D Lotto 2PM,"[""04"", ""13""]",04-13,2025-08-17,14:00,4000,0,lottomatik,2DLS0000835
3DL-2PM,3D Lotto 2PM,"[""4"", ""9"", ""9""]",4-9-9,2025-08-17,14:00,4500,6,lottomatik,3DLS0000835
2DL-5PM,2D Lotto 5PM,"[""04"", ""15""]",04-15,2025-08-17,17:00,4000,6,lottomatik,2DLS0000836
3DL-5PM,3D Lotto 5PM,"[""2"", ""6"", ""0""]",2-6-0,2025-08-17,17:00,4500,1,lottomatik,3DLS0000836
2DL-9PM,2D Lotto 9PM,"[""09"", ""11""]",09-11,2025-08-17,21:00,4000,12,lottomatik,2DLS0000837
3DL-9PM,3D Lotto 9PM,"[""7"", ""1"", ""7""]",7-1-7,2025-08-17,21:00,4500,2,lottomatik,3DLS0000837
SL49,Superlotto 6/49,"[""04"", ""22"", ""44"", ""34"", ""30"", ""33""]",04-22-44-34-30-33,2025-08-17,21:00,84961245.2,0,lottomatik,SL49S0000120
UL58,Ultra Lotto 6/58,"[""17"", ""26"", ""02"", ""28"", ""57"", ""54""]",17-26-02-28-57-54,2025-08-17,21:00,363258633.2,0,lottomatik,UL58S0000120
2DL-2PM,2D Lotto 2PM,"[""10"", ""02""]",10-02,2025-08-18,14:00,4000,9,lottomatik,2DLS0000838
3DL-2PM,3D Lotto 2PM,"[""9"", ""2"", ""0""]",9-2-0,2025-08-18,14:00,4500,4,lottomatik,3DLS0000838
2DL-5PM,2D Lotto 5PM,"[""19"", ""22""]",19-22,2025-08-18,17:00,4000,10,lottomatik,2DLS0000839
3DL-5PM,3D Lotto 5PM,"[""7"", ""9"", ""6""]",7-9-6,2025-08-18,17:00,4500,1,lottomatik,3DLS0000839
2DL-9PM,2D Lotto 9PM,"[""21"", ""22""]",21-22,2025-08-18,21:00,4000,0,lottomatik,2DLS0000840
3DL-9PM,3D Lotto 9PM,"[""1"", ""5"", ""3""]",1-5-3,2025-08-18,21:00,4500,9,lottomatik,3DLS0000840
4DL,4D Lotto,"[""0"", ""4"", ""1"", ""7""]",0-4-1-7,2025-08-18,21:00,800000,80,lottomatik,4DLS0000120
GL55,Grand Lotto 6/55,"[""48"", ""28"", ""35"", ""26"", ""05"", ""41""]",48-28-35-26-05-41,2025-08-18,21:00,80900673.6,0,lottomatik,GL55S0000121
ML45,Megalotto 6/45,"[""19"", ""35"", ""16"", ""04"", ""42"", ""14""]",19-35-16-04-42-14,2025-08-18,21:00,10089332.8,0,lottomatik,ML45S0000120
2DL-2PM,2D Lotto 2PM,"[""29"", ""02""]",29-02,2025-08-19,14:00,4000,0,lottomatik,2DLS0000841
3DL-2PM,3D Lotto 2PM,"[""7"", ""7"", ""3""]",7-7-3,2025-08-19,14:00,4500,3,lottomatik,3DLS0000841
2DL-5PM,2D Lotto 5PM,"[""31"", ""22""]",31-22,2025-08-19,17:00,4000,1,lottomatik,2DLS0000842
3DL-5PM,3D Lotto 5PM,"[""2"", ""6"", ""0""]",2-6-0,2025-08-19,17:00,4500,1,lottomatik,3DLS0000842
2DL-9PM,2D Lotto 9PM,"[""08"", ""30""]",08-30,2025-08-19,21:00,4000,0,lottomatik,2DLS0000843
3DL-9PM,3D Lotto 9PM,"[""4"", ""5"", ""9""]",4-5-9,2025-08-19,21:00,4500,3,lottomatik,3DLS0000843
6DL,6D Lotto,"[""7"", ""8"", ""0"", ""2"", ""3"", ""2""]",7-8-0-2-3-2,2025-08-19,21:00,671496.52,0,lottomatik,6DLS0000120
LOTTO42,Lotto 6/42,"[""24"", ""28"", ""26"", ""05"", ""35"", ""20""]",24-28-26-05-35-20,2025-08-19,21:00,39462472.8,0,lottomatik,LOTTO42S0000120
SL49,Superlotto 6/49,"[""17"", ""27"", ""21"", ""30"", ""15"", ""12""]",17-27-21-30-15-12,2025-08-19,21:00,89548070.2,1,lottomatik,SL49S0000121
UL58,Ultra Lotto 6/58,"[""15"", ""43"", ""07"", ""40"", ""52"", ""29""]",15-43-07-40-52-29,2025-08-19,21:00,373899069.6,0,lottomatik,UL58S0000121
2DL-2PM,2D Lotto 2PM,"[""02"", ""02""]",02-02,2025-08-20,14:00,4000,1,lottomatik,2DLS0000844
3DL-2PM,3D Lotto 2PM,"[""1"", ""3"", ""0""]",1-3-0,2025-08-20,14:00,4500,38,lottomatik,3DLS0000844
2DL-5PM,2D Lotto 5PM,"[""02"", ""10""]",02-10,2025-08-20,17:00,4000,2,lottomatik,2DLS0000845
3DL-5PM,3D Lotto 5PM,"[""9"", ""0"", ""9""]",9-0-9,2025-08-20,17:00,4500,1,lottomatik,3DLS0000845
2DL-9PM,2D Lotto 9PM,"[""30"", ""06""]",30-06,2025-08-20,21:00,4000,3,lottomatik,2DLS0000846
3DL-9PM,3D Lotto 9PM,"[""9"", ""0"", ""6""]",9-0-6,2025-08-20,21:00,4500,15,lottomatik,3DLS0000846
4DL,4D Lotto,"[""6"", ""5"", ""6"", ""4""]",6-5-6-4,2025-08-20,21:00,791250,30,lottomatik,4DLS0000121
GL55,Grand Lotto 6/55,"[""09"", ""45"", ""21"", ""39"", ""14"", ""06""]",09-45-21-39-14-06,2025-08-20,21:00,85722656.6,0,lottomatik,GL55S0000122
ML45,Megalotto 6/45,"[""43"", ""38"", ""30"", ""11"", ""02"", ""14""]",43-38-30-11-02-14,2025-08-20,21:00,13485257.6,0,lottomatik,ML45S0000121
2DL-2PM,2D Lotto 2PM,"[""27"", ""15""]",27-15,2025-08-21,14:00,4000,2,lottomatik,2DLS0000847
3DL-2PM,3D Lotto 2PM,"[""9"", ""5"", ""9""]",9-5-9,2025-08-21,14:00,4500,8,lottomatik,3DLS0000847
2DL-5PM,2D Lotto 5PM,"[""20"", ""25""]",20-25,2025-08-21,17:00,4000,10,lottomatik,2DLS0000848
3DL-5PM,3D Lotto 5PM,"[""3"", ""6"", ""8""]",3-6-8,2025-08-21,17:00,4500,16,lottomatik,3DLS0000848
2DL-9PM,2D Lotto 9PM,"[""28"", ""05""]",28-05,2025-08-21,21:00,4000,4,lottomatik,2DLS0000849
3DL-9PM,3D Lotto 9PM,"[""1"", ""1"", ""4""]",1-1-4,2025-08-21,21:00,4500,12,lottomatik,3DLS0000849
6DL,6D Lotto,"[""8"", ""0"", ""9"", ""2"", ""1"", ""8""]",8-0-9-2-1-8,2025-08-21,21:00,968378.12,0,lottomatik,6DLS0000121
LOTTO42,Lotto 6/42,"[""25"", ""27"", ""08"", ""39"", ""35"", ""40""]",25-27-08-39-35-40,2025-08-21,21:00,44760884,0,lottomatik,LOTTO42S0000121
SL49,Superlotto 6/49,"[""36"", ""15"", ""47"", ""10"", ""01"", ""41""]",36-15-47-10-01-41,2025-08-21,21:00,15840000,0,lottomatik,SL49S0000122
2DL-2PM,2D Lotto 2PM,"[""04"", ""12""]",04-12,2025-08-22,14:00,4000,4,lottomatik,2DLS0000850
3DL-2PM,3D Lotto 2PM,"[""8"", ""7"", ""2""]",8-7-2,2025-08-22,14:00,4500,5,lottomatik,3DLS0000850
2DL-5PM,2D Lotto 5PM,"[""30"", ""24""]",30-24,2025-08-22,17:00,4000,0,lottomatik,2DLS0000851
3DL-5PM,3D Lotto 5PM,"[""9"", ""3"", ""6""]",9-3-6,2025-08-22,17:00,4500,5,lottomatik,3DLS0000851
2DL-9PM,2D Lotto 9PM,"[""14"", ""27""]",14-27,2025-08-22,21:00,4000,8,lottomatik,2DLS0000852
3DL-9PM,3D Lotto 9PM,"[""4"", ""4"", ""0""]",4-4-0,2025-08-22,21:00,4500,35,lottomatik,3DLS0000852
4DL,4D Lotto,"[""7"", ""6"", ""8"", ""9""]",7-6-8-9,2025-08-22,21:00,759335,19,lottomatik,4DLS0000122
ML45,Megalotto 6/45,"[""40"", ""33"", ""42"", ""06"", ""20"", ""17""]",40-33-42-06-20-17,2025-08-22,21:00,17049877.2,0,lottomatik,ML45S0000122
UL58,Ultra Lotto 6/58,"[""01"", ""34"", ""44"", ""27"", ""57"", ""16""]",01-34-44-27-57-16,2025-08-22,21:00,386153104.8,1,lottomatik,UL58S0000122
2DL-2PM,2D Lotto 2PM,"[""29"", ""16""]",29-16,2025-08-23,14:00,4000,1,lottomatik,2DLS0000853
3DL-2PM,3D Lotto 2PM,"[""5"", ""8"", ""3""]",5-8-3,2025-08-23,14:00,4500,10,lottomatik,3DLS0000853
2DL-5PM,2D Lotto 5PM,"[""07"", ""11""]",07-11,2025-08-23,17:00,4000,19,lottomatik,2DLS0000854
3DL-5PM,3D Lotto 5PM,"[""2"", ""7"", ""2""]",2-7-2,2025-08-23,17:00,4500,6,lottomatik,3DLS0000854
2DL-9PM,2D Lotto 9PM,"[""14"", ""18""]",14-18,2025-08-23,21:00,4000,8,lottomatik,2DLS0000855
3DL-9PM,3D Lotto 9PM,"[""6"", ""0"", ""3""]",6-0-3,2025-08-23,21:00,4500,17,lottomatik,3DLS0000855
6DL,6D Lotto,"[""3"", ""6"", ""7"", ""2"", ""5"", ""3""]",3-6-7-2-5-3,2025-08-23,21:00,1018378,1,lottomatik,6DLS0000122
GL55,Grand Lotto 6/55,"[""24"", ""35"", ""41"", ""15"", ""45"", ""13""]",24-35-41-15-45-13,2025-08-23,21:00,90601768.6,0,lottomatik,GL55S0000123
LOTTO42,Lotto 6/42,"[""28"", ""01"", ""39"", ""40"", ""26"", ""16""]",28-01-39-40-26-16,2025-08-23,21:00,49700531.8,0,lottomatik,LOTTO42S0000122
2DL-2PM,2D Lotto 2PM,"[""29"", ""18""]",29-18,2025-08-24,14:00,4000,4,lottomatik,2DLS0000856
3DL-2PM,3D Lotto 2PM,"[""6"", ""5"", ""1""]",6-5-1,2025-08-24,14:00,4500,10,lottomatik,3DLS0000856
2DL-5PM,2D Lotto 5PM,"[""23"", ""31""]",23-31,2025-08-24,17:00,4000,0,lottomatik,2DLS0000857
3DL-5PM,3D Lotto 5PM,"[""1"", ""0"", ""5""]",1-0-5,2025-08-24,17:00,4500,17,lottomatik,3DLS0000857
2DL-9PM,2D Lotto 9PM,"[""05"", ""24""]",05-24,2025-08-24,21:00,4000,9,lottomatik,2DLS0000858
3DL-9PM,3D Lotto 9PM,"[""4"", ""3"", ""5""]",4-3-5,2025-08-24,21:00,4500,2,lottomatik,3DLS0000858
SL49,Superlotto 6/49,"[""24"", ""08"", ""15"", ""45"", ""43"", ""46""]",24-08-15-45-43-46,2025-08-24,21:00,15840000,0,lottomatik,SL49S0000123
UL58,Ultra Lotto 6/58,"[""35"", ""29"", ""42"", ""56"", ""43"", ""28""]",35-29-42-56-43-28,2025-08-24,21:00,49500000,0,lottomatik,UL58S0000123
2DL-2PM,2D Lotto 2PM,"[""21"", ""18""]",21-18,2025-08-25,14:00,4000,2,lottomatik,2DLS0000859
3DL-2PM,3D Lotto 2PM,"[""7"", ""9"", ""3""]",7-9-3,2025-08-25,14:00,4500,2,lottomatik,3DLS0000859
2DL-5PM,2D Lotto 5PM,"[""18"", ""11""]",18-11,2025-08-25,17:00,4000,2,lottomatik,2DLS0000860
3DL-5PM,3D Lotto 5PM,"[""1"", ""8"", ""5""]",1-8-5,2025-08-25,17:00,4500,6,lottomatik,3DLS0000860
2DL-9PM,2D Lotto 9PM,"[""16"", ""23""]",16-23,2025-08-25,21:00,4000,3,lottomatik,2DLS0000861
3DL-9PM,3D Lotto 9PM,"[""4"", ""1"", ""7""]",4-1-7,2025-08-25,21:00,4500,6,lottomatik,3DLS0000861
4DL,4D Lotto,"[""8"", ""8"", ""3"", ""8""]",8-8-3-8,2025-08-25,21:00,824236,14,lottomatik,4DLS0000123
GL55,Grand Lotto 6/55,"[""11"", ""17"", ""38"", ""01"", ""07"", ""49""]",11-17-38-01-07-49,2025-08-25,21:00,95530852.4,0,lottomatik,GL55S0000124
ML45,Megalotto 6/45,"[""40"", ""05"", ""16"", ""03"", ""20"", ""27""]",40-05-16-03-20-27,2025-08-25,21:00,20523660.6,1,lottomatik,ML45S0000123
2DL-2PM,2D Lotto 2PM,"[""30"", ""05""]",30-05,2025-08-26,14:00,4000,4,lottomatik,2DLS0000862
3DL-2PM,3D Lotto 2PM,"[""7"", ""7"", ""3""]",7-7-3,2025-08-26,14:00,4500,2,lottomatik,3DLS0000862
2DL-5PM,2D Lotto 5PM,"[""08"", ""20""]",08-20,2025-08-26,17:00,4000,8,lottomatik,2DLS0000863
3DL-5PM,3D Lotto 5PM,"[""4"", ""8"", ""9""]",4-8-9,2025-08-26,17:00,4500,8,lottomatik,3DLS0000863
2DL-9PM,2D Lotto 9PM,"[""16"", ""16""]",16-16,2025-08-26,21:00,4000,4,lottomatik,2DLS0000864
3DL-9PM,3D Lotto 9PM,"[""1"", ""0"", ""7""]",1-0-7,2025-08-26,21:00,4500,23,lottomatik,3DLS0000864
6DL,6D Lotto,"[""0"", ""6"", ""6"", ""1"", ""5"", ""0""]",0-6-6-1-5-0,2025-08-26,21:00,471393.92,0,lottomatik,6DLS0000123
LOTTO42,Lotto 6/42,"[""01"", ""36"", ""17"", ""35"", ""42"", ""19""]",01-36-17-35-42-19,2025-08-26,21:00,55241711.8,0,lottomatik,LOTTO42S0000123
SL49,Superlotto 6/49,"[""25"", ""16"", ""31"", ""27"", ""46"", ""35""]",25-16-31-27-46-35,2025-08-26,21:00,15840000,0,lottomatik,SL49S0000124
UL58,Ultra Lotto 6/58,"[""31"", ""04"", ""36"", ""35"", ""16"", ""50""]",31-04-36-35-16-50,2025-08-26,21:00,49500000,0,lottomatik,UL58S0000124
2DL-2PM,2D Lotto 2PM,"[""16"", ""02""]",16-02,2025-08-27,14:00,4000,7,lottomatik,2DLS0000865
3DL-2PM,3D Lotto 2PM,"[""7"", ""0"", ""8""]",7-0-8,2025-08-27,14:00,4500,21,lottomatik,3DLS0000865
2DL-5PM,2D Lotto 5PM,"[""21"", ""07""]",21-07,2025-08-27,17:00,4000,0,lottomatik,2DLS0000866
3DL-5PM,3D Lotto 5PM,"[""1"", ""0"", ""6""]",1-0-6,2025-08-27,17:00,4500,11,lottomatik,3DLS0000866
2DL-9PM,2D Lotto 9PM,"[""11"", ""12""]",11-12,2025-08-27,21:00,4000,11,lottomatik,2DLS0000867
3DL-9PM,3D Lotto 9PM,"[""9"", ""5"", ""9""]",9-5-9,2025-08-27,21:00,4500,2,lottomatik,3DLS0000867
4DL,4D Lotto,"[""1"", ""7"", ""7"", ""1""]",1-7-7-1,2025-08-27,21:00,1320000,132,lottomatik,4DLS0000124
GL55,Grand Lotto 6/55,"[""01"", ""31"", ""13"", ""43"", ""33"", ""20""]",01-31-13-43-33-20,2025-08-27,21:00,100896572.8,0,lottomatik,GL55S0000125
ML45,Megalotto 6/45,"[""37"", ""35"", ""39"", ""25"", ""27"", ""44""]",37-35-39-25-27-44,2025-08-27,21:00,8910000,0,lottomatik,ML45S0000124
2DL-2PM,2D Lotto 2PM,"[""28"", ""13""]",28-13,2025-08-28,14:00,4000,3,lottomatik,2DLS0000868
3DL-2PM,3D Lotto 2PM,"[""7"", ""8"", ""5""]",7-8-5,2025-08-28,14:00,4500,4,lottomatik,3DLS0000868
2DL-5PM,2D Lotto 5PM,"[""25"", ""19""]",25-19,2025-08-28,17:00,4000,4,lottomatik,2DLS0000869
3DL-5PM,3D Lotto 5PM,"[""1"", ""5"", ""2""]",1-5-2,2025-08-28,17:00,4500,22,lottomatik,3DLS0000869
2DL-9PM,2D Lotto 9PM,"[""12"", ""04""]",12-04,2025-08-28,21:00,4000,1,lottomatik,2DLS0000870
3DL-9PM,3D Lotto 9PM,"[""1"", ""0"", ""3""]",1-0-3,2025-08-28,21:00,4500,40,lottomatik,3DLS0000870
6DL,6D Lotto,"[""2"", ""1"", ""8"", ""7"", ""0"", ""5""]",2-1-8-7-0-5,2025-08-28,21:00,985432,1,lottomatik,6DLS0000124
LOTTO42,Lotto 6/42,"[""02"", ""03"", ""10"", ""15"", ""26"", ""33""]",02-03-10-15-26-33,2025-08-28,21:00,61104270,0,lottomatik,LOTTO42S0000124
SL49,Superlotto 6/49,"[""16"", ""49"", ""14"", ""17"", ""22"", ""06""]",16-49-14-17-22-06,2025-08-28,21:00,15840000,0,lottomatik,SL49S0000125
2DL-2PM,2D Lotto 2PM,"[""29"", ""31""]",29-31,2025-08-29,14:00,4000,1,lottomatik,2DLS0000871
3DL-2PM,3D Lotto 2PM,"[""8"", ""7"", ""6""]",8-7-6,2025-08-29,14:00,4500,11,lottomatik,3DLS0000871
2DL-5PM,2D Lotto 5PM,"[""16"", ""14""]",16-14,2025-08-29,17:00,4000,1,lottomatik,2DLS0000872
3DL-5PM,3D Lotto 5PM,"[""0"", ""4"", ""1""]",0-4-1,2025-08-29,17:00,4500,12,lottomatik,3DLS0000872
2DL-9PM,2D Lotto 9PM,"[""16"", ""29""]",16-29,2025-08-29,21:00,4000,6,lottomatik,2DLS0000873
3DL-9PM,3D Lotto 9PM,"[""2"", ""4"", ""3""]",2-4-3,2025-08-29,21:00,4500,36,lottomatik,3DLS0000873
4DL,4D Lotto,"[""4"", ""7"", ""6"", ""1""]",4-7-6-1,2025-08-29,21:00,888381,27,lottomatik,4DLS0000125
ML45,Megalotto 6/45,"[""31"", ""07"", ""33"", ""12"", ""36"", ""20""]",31-07-33-12-36-20,2025-08-29,21:00,8910000,0,lottomatik,ML45S0000125
UL58,Ultra Lotto 6/58,"[""41"", ""01"", ""19"", ""57"", ""27"", ""11""]",41-01-19-57-27-11,2025-08-29,21:00,49500000,0,lottomatik,UL58S0000125
2DL-2PM,2D Lotto 2PM,"[""06"", ""29""]",06-29,2025-08-30,14:00,4000,6,lottomatik,2DLS0000874
3DL-2PM,3D Lotto 2PM,"[""2"", ""6"", ""6""]",2-6-6,2025-08-30,14:00,4500,2,lottomatik,3DLS0000874
2DL-5PM,2D Lotto 5PM,"[""02"", ""14""]",02-14,2025-08-30,17:00,4000,0,lottomatik,2DLS0000875
3DL-5PM,3D Lotto 5PM,"[""8"", ""6"", ""1""]",8-6-1,2025-08-30,17:00,4500,17,lottomatik,3DLS0000875
2DL-9PM,2D Lotto 9PM,"[""20"", ""12""]",20-12,2025-08-30,21:00,4000,9,lottomatik,2DLS0000876
3DL-9PM,3D Lotto 9PM,"[""2"", ""2"", ""7""]",2-2-7,2025-08-30,21:00,4500,4,lottomatik,3DLS0000876
6DL,6D Lotto,"[""0"", ""5"", ""8"", ""3"", ""0"", ""9""]",0-5-8-3-0-9,2025-08-30,21:00,508895.36,0,lottomatik,6DLS0000125
GL55,Grand Lotto 6/55,"[""02"", ""40"", ""31"", ""17"", ""43"", ""10""]",02-40-31-17-43-10,2025-08-30,21:00,106866519.2,0,lottomatik,GL55S0000126
LOTTO42,Lotto 6/42,"[""08"", ""19"", ""27"", ""13"", ""11"", ""21""]",08-19-27-13-11-21,2025-08-30,21:00,66711495.8,0,lottomatik,LOTTO42S0000125
2DL-2PM,2D Lotto 2PM,"[""01"", ""28""]",01-28,2025-08-31,14:00,4000,1,lottomatik,2DLS0000877
3DL-2PM,3D Lotto 2PM,"[""5"", ""7"", ""5""]",5-7-5,2025-08-31,14:00,4500,2,lottomatik,3DLS0000877
2DL-5PM,2D Lotto 5PM,"[""23"", ""19""]",23-19,2025-08-31,17:00,4000,0,lottomatik,2DLS0000878
3DL-5PM,3D Lotto 5PM,"[""4"", ""8"", ""7""]",4-8-7,2025-08-31,17:00,4500,6,lottomatik,3DLS0000878
2DL-9PM,2D Lotto 9PM,"[""16"", ""09""]",16-09,2025-08-31,21:00,4000,14,lottomatik,2DLS0000879
3DL-9PM,3D Lotto 9PM,"[""7"", ""6"", ""8""]",7-6-8,2025-08-31,21:00,4500,3,lottomatik,3DLS0000879
SL49,Superlotto 6/49,"[""23"", ""32"", ""45"", ""05"", ""18"", ""43""]",23-32-45-05-18-43,2025-08-31,21:00,16126443.8,0,lottomatik,SL49S0000126
UL58,Ultra Lotto 6/58,"[""52"", ""43"", ""14"", ""50"", ""18"", ""45""]",52-43-14-50-18-45,2025-08-31,21:00,49500000,0,lottomatik,UL58S0000126
2DL-2PM,2D Lotto 2PM,"[""01"", ""11""]",01-11,2025-09-01,14:00,4000,7,lottomatik,2DLS0000880
3DL-2PM,3D Lotto 2PM,"[""2"", ""5"", ""6""]",2-5-6,2025-09-01,14:00,4500,9,lottomatik,3DLS0000880
2DL-5PM,2D Lotto 5PM,"[""05"", ""05""]",05-05,2025-09-01,17:00,4000,1,lottomatik,2DLS0000881
3DL-5PM,3D Lotto 5PM,"[""7"", ""5"", ""7""]",7-5-7,2025-09-01,17:00,4500,0,lottomatik,3DLS0000881
2DL-9PM,2D Lotto 9PM,"[""07"", ""23""]",07-23,2025-09-01,21:00,4000,7,lottomatik,2DLS0000882
3DL-9PM,3D Lotto 9PM,"[""5"", ""1"", ""5""]",5-1-5,2025-09-01,21:00,4500,5,lottomatik,3DLS0000882
4DL,4D Lotto,"[""9"", ""5"", ""1"", ""2""]",9-5-1-2,2025-09-01,21:00,669970,5,lottomatik,4DLS0000126
GL55,Grand Lotto 6/55,"[""54"", ""20"", ""24"", ""30"", ""39"", ""29""]",54-20-24-30-39-29,2025-09-01,21:00,113375439.2,0,lottomatik,GL55S0000127
ML45,Megalotto 6/45,"[""38"", ""03"", ""36"", ""15"", ""27"", ""33""]",38-03-36-15-27-33,2025-09-01,21:00,9759510,0,lottomatik,ML45S0000126
2DL-2PM,2D Lotto 2PM,"[""14"", ""15""]",14-15,2025-09-02,14:00,4000,0,lottomatik,2DLS0000883
3DL-2PM,3D Lotto 2PM,"[""7"", ""6"", ""5""]",7-6-5,2025-09-02,14:00,4500,7,lottomatik,3DLS0000883
2DL-5PM,2D Lotto 5PM,"[""23"", ""30""]",23-30,2025-09-02,17:00,4000,0,lottomatik,2DLS0000884
3DL-5PM,3D Lotto 5PM,"[""3"", ""8"", ""1""]",3-8-1,2025-09-02,17:00,4500,25,lottomatik,3DLS0000884
2DL-9PM,2D Lotto 9PM,"[""07"", ""19""]",07-19,2025-09-02,21:00,4000,8,lottomatik,2DLS0000885
3DL-9PM,3D Lotto 9PM,"[""1"", ""0"", ""6""]",1-0-6,2025-09-02,21:00,4500,13,lottomatik,3DLS0000885
6DL,6D Lotto,"[""8"", ""9"", ""5"", ""5"", ""7"", ""1""]",8-9-5-5-7-1,2025-09-02,21:00,1137440.8,0,lottomatik,6DLS0000126
LOTTO42,Lotto 6/42,"[""40"", ""14"", ""16"", ""29"", ""35"", ""18""]",40-14-16-29-35-18,2025-09-02,21:00,73224072.6,0,lottomatik,LOTTO42S0000126
SL49,Superlotto 6/49,"[""38"", ""11"", ""16"", ""31"", ""21"", ""07""]",38-11-16-31-21-07,2025-09-02,21:00,18731955,0,lottomatik,SL49S0000127
UL58,Ultra Lotto 6/58,"[""36"", ""58"", ""49"", ""22"", ""25"", ""40""]",36-58-49-22-25-40,2025-09-02,21:00,49500000,0,lottomatik,UL58S0000127
2DL-2PM,2D Lotto 2PM,"[""18"", ""20""]",18-20,2025-09-03,14:00,4000,2,lottomatik,2DLS0000886
3DL-2PM,3D Lotto 2PM,"[""9"", ""7"", ""6""]",9-7-6,2025-09-03,14:00,4500,1,lottomatik,3DLS0000886
2DL-5PM,2D Lotto 5PM,"[""23"", ""25""]",23-25,2025-09-03,17:00,4000,0,lottomatik,2DLS0000887
3DL-5PM,3D Lotto 5PM,"[""3"", ""0"", ""0""]",3-0-0,2025-09-03,17:00,4500,14,lottomatik,3DLS0000887
2DL-9PM,2D Lotto 9PM,"[""11"", ""05""]",11-05,2025-09-03,21:00,4000,5,lottomatik,2DLS0000888
3DL-9PM,3D Lotto 9PM,"[""4"", ""6"", ""2""]",4-6-2,2025-09-03,21:00,4500,5,lottomatik,3DLS0000888
4DL,4D Lotto,"[""7"", ""4"", ""5"", ""7""]",7-4-5-7,2025-09-03,21:00,808800,24,lottomatik,4DLS0000127
GL55,Grand Lotto 6/55,"[""43"", ""09"", ""41"", ""18"", ""48"", ""27""]",43-09-41-18-48-27,2025-09-03,21:00,119888627.2,0,lottomatik,GL55S0000128
ML45,Megalotto 6/45,"[""10"", ""39"", ""43"", ""33"", ""14"", ""09""]",10-39-43-33-14-09,2025-09-03,21:00,13103444.8,0,lottomatik,ML45S0000127
2DL-2PM,2D Lotto 2PM,"[""31"", ""17""]",31-17,2025-09-04,14:00,4000,4,lottomatik,2DLS0000889
3DL-2PM,3D Lotto 2PM,"[""0"", ""3"", ""9""]",0-3-9,2025-09-04,14:00,4500,3,lottomatik,3DLS0000889
2DL-5PM,2D Lotto 5PM,"[""24"", ""11""]",24-11,2025-09-04,17:00,4000,3,lottomatik,2DLS0000890
3DL-5PM,3D Lotto 5PM,"[""7"", ""6"", ""3""]",7-6-3,2025-09-04,17:00,4500,3,lottomatik,3DLS0000890
2DL-9PM,2D Lotto 9PM,"[""14"", ""19""]",14-19,2025-09-04,21:00,4000,1,lottomatik,2DLS0000891
3DL-9PM,3D Lotto 9PM,"[""8"", ""2"", ""1""]",8-2-1,2025-09-04,21:00,4500,19,lottomatik,3DLS0000891
6DL,6D Lotto,"[""3"", ""3"", ""1"", ""0"", ""0"", ""3""]",3-3-1-0-0-3,2025-09-04,21:00,1505561.76,0,lottomatik,6DLS0000127
LOTTO42,Lotto 6/42,"[""24"", ""38"", ""18"", ""30"", ""09"", ""27""]",24-38-18-30-09-27,2025-09-04,21:00,79979967.6,0,lottomatik,LOTTO42S0000127
SL49,Superlotto 6/49,"[""02"", ""32"", ""17"", ""06"", ""10"", ""04""]",02-32-17-06-10-04,2025-09-04,21:00,21833187,0,lottomatik,SL49S0000128
2DL-2PM,2D Lotto 2PM,"[""08"", ""16""]",08-16,2025-09-05,14:00,4000,9,lottomatik,2DLS0000892
3DL-2PM,3D Lotto 2PM,"[""6"", ""9"", ""0""]",6-9-0,2025-09-05,14:00,4500,3,lottomatik,3DLS0000892
2DL-5PM,2D Lotto 5PM,"[""13"", ""10""]",13-10,2025-09-05,17:00,4000,7,lottomatik,2DLS0000893
3DL-5PM,3D Lotto 5PM,"[""8"", ""5"", ""5""]",8-5-5,2025-09-05,17:00,4500,4,lottomatik,3DLS0000893
2DL-9PM,2D Lotto 9PM,"[""05"", ""10""]",05-10,2025-09-05,21:00,4000,29,lottomatik,2DLS0000894
3DL-9PM,3D Lotto 9PM,"[""1"", ""6"", ""6""]",1-6-6,2025-09-05,21:00,4500,14,lottomatik,3DLS0000894
4DL,4D Lotto,"[""7"", ""0"", ""3"", ""7""]",7-0-3-7,2025-09-05,21:00,927872,4,lottomatik,4DLS0000128
ML45,Megalotto 6/45,"[""04"", ""34"", ""31"", ""25"", ""18"", ""41""]",04-34-31-25-18-41,2025-09-05,21:00,16682679.4,0,lottomatik,ML45S0000128
UL58,Ultra Lotto 6/58,"[""47"", ""36"", ""19"", ""38"", ""29"", ""20""]",47-36-19-38-29-20,2025-09-05,21:00,49500000,0,lottomatik,UL58S0000128
2DL-2PM,2D Lotto 2PM,"[""23"", ""06""]",23-06,2025-09-06,14:00,4000,1,lottomatik,2DLS0000895
3DL-2PM,3D Lotto 2PM,"[""7"", ""9"", ""7""]",7-9-7,2025-09-06,14:00,4500,10,lottomatik,3DLS0000895
2DL-5PM,2D Lotto 5PM,"[""11"", ""29""]",11-29,2025-09-06,17:00,4000,3,lottomatik,2DLS0000896
3DL-5PM,3D Lotto 5PM,"[""2"", ""4"", ""2""]",2-4-2,2025-09-06,17:00,4500,1,lottomatik,3DLS0000896
2DL-9PM,2D Lotto 9PM,"[""12"", ""19""]",12-19,2025-09-06,21:00,4000,10,lottomatik,2DLS0000897
3DL-9PM,3D Lotto 9PM,"[""1"", ""8"", ""3""]",1-8-3,2025-09-06,21:00,4500,6,lottomatik,3DLS0000897
6DL,6D Lotto,"[""2"", ""5"", ""8"", ""5"", ""3"", ""0""]",2-5-8-5-3-0,2025-09-06,21:00,1736413.76,0,lottomatik,6DLS0000128
GL55,Grand Lotto 6/55,"[""29"", ""04"", ""34"", ""20"", ""01"", ""48""]",29-04-34-20-01-48,2025-09-06,21:00,126391514.8,0,lottomatik,GL55S0000129
LOTTO42,Lotto 6/42,"[""08"", ""39"", ""07"", ""38"", ""02"", ""09""]",08-39-07-38-02-09,2025-09-06,21:00,86346740.6,1,lottomatik,LOTTO42S0000128
2DL-2PM,2D Lotto 2PM,"[""01"", ""03""]",01-03,2025-09-07,14:00,4000,0,lottomatik,2DLS0000898
3DL-2PM,3D Lotto 2PM,"[""4"", ""2"", ""7""]",4-2-7,2025-09-07,14:00,4500,17,lottomatik,3DLS0000898
2DL-5PM,2D Lotto 5PM,"[""16"", ""03""]",16-03,2025-09-07,17:00,4000,1,lottomatik,2DLS0000899
3DL-5PM,3D Lotto 5PM,"[""0"", ""6"", ""1""]",0-6-1,2025-09-07,17:00,4500,0,lottomatik,3DLS0000899
2DL-9PM,2D Lotto 9PM,"[""04"", ""11""]",04-11,2025-09-07,21:00,4000,10,lottomatik,2DLS0000900
3DL-9PM,3D Lotto 9PM,"[""2"", ""2"", ""7""]",2-2-7,2025-09-07,21:00,4500,8,lottomatik,3DLS0000900
SL49,Superlotto 6/49,"[""45"", ""21"", ""49"", ""10"", ""26"", ""05""]",45-21-49-10-26-05,2025-09-07,21:00,25654340.4,0,lottomatik,SL49S0000129
UL58,Ultra Lotto 6/58,"[""40"", ""54"", ""29"", ""31"", ""50"", ""19""]",40-54-29-31-50-19,2025-09-07,21:00,49500000,0,lottomatik,UL58S0000129
2DL-2PM,2D Lotto 2PM,"[""27"", ""16""]",27-16,2025-09-08,14:00,4000,0,lottomatik,2DLS0000901
3DL-2PM,3D Lotto 2PM,"[""1"", ""7"", ""0""]",1-7-0,2025-09-08,14:00,4500,7,lottomatik,3DLS0000901
2DL-5PM,2D Lotto 5PM,"[""06"", ""19""]",06-19,2025-09-08,17:00,4000,2,lottomatik,2DLS0000902
3DL-5PM,3D Lotto 5PM,"[""4"", ""9"", ""2""]",4-9-2,2025-09-08,17:00,4500,0,lottomatik,3DLS0000902
2DL-9PM,2D Lotto 9PM,"[""27"", ""09""]",27-09,2025-09-08,21:00,4000,10,lottomatik,2DLS0000903
3DL-9PM,3D Lotto 9PM,"[""4"", ""9"", ""2""]",4-9-2,2025-09-08,21:00,4500,2,lottomatik,3DLS0000903
4DL,4D Lotto,"[""5"", ""8"", ""2"", ""0""]",5-8-2-0,2025-09-08,21:00,570850,49,lottomatik,4DLS0000129
GL55,Grand Lotto 6/55,"[""14"", ""45"", ""24"", ""55"", ""44"", ""16""]",14-45-24-55-44-16,2025-09-08,21:00,132998277.6,0,lottomatik,GL55S0000130
ML45,Megalotto 6/45,"[""39"", ""28"", ""08"", ""44"", ""34"", ""31""]",39-28-08-44-34-31,2025-09-08,21:00,20241744,0,lottomatik,ML45S0000129
2DL-2PM,2D Lotto 2PM,"[""04"", ""26""]",04-26,2025-09-09,14:00,4000,3,lottomatik,2DLS0000904
3DL-2PM,3D Lotto 2PM,"[""1"", ""0"", ""7""]",1-0-7,2025-09-09,14:00,4500,8,lottomatik,3DLS0000904
2DL-5PM,2D Lotto 5PM,"[""17"", ""07""]",17-07,2025-09-09,17:00,4000,3,lottomatik,2DLS0000905
3DL-5PM,3D Lotto 5PM,"[""5"", ""1"", ""1""]",5-1-1,2025-09-09,17:00,4500,0,lottomatik,3DLS0000905
2DL-9PM,2D Lotto 9PM,"[""20"", ""04""]",20-04,2025-09-09,21:00,4000,10,lottomatik,2DLS0000906
3DL-9PM,3D Lotto 9PM,"[""6"", ""6"", ""3""]",6-6-3,2025-09-09,21:00,4500,3,lottomatik,3DLS0000906
6DL,6D Lotto,"[""7"", ""2"", ""6"", ""7"", ""2"", ""5""]",7-2-6-7-2-5,2025-09-09,21:00,1844684,1,lottomatik,6DLS0000129
LOTTO42,Lotto 6/42,"[""40"", ""34"", ""14"", ""01"", ""13"", ""30""]",40-34-14-01-13-30,2025-09-09,21:00,5940000,0,lottomatik,LOTTO42S0000129
SL49,Superlotto 6/49,"[""32"", ""22"", ""08"", ""29"", ""15"", ""05""]",32-22-08-29-15-05,2025-09-09,21:00,28906625.2,0,lottomatik,SL49S0000130
UL58,Ultra Lotto 6/58,"[""23"", ""52"", ""38"", ""31"", ""15"", ""54""]",23-52-38-31-15-54,2025-09-09,21:00,49500000,0,lottomatik,UL58S0000130
2DL-2PM,2D Lotto 2PM,"[""20"", ""25""]",20-25,2025-09-10,14:00,4000,3,lottomatik,2DLS0000907
3DL-2PM,3D Lotto 2PM,"[""0"", ""3"", ""5""]",0-3-5,2025-09-10,14:00,4500,3,lottomatik,3DLS0000907
2DL-5PM,2D Lotto 5PM,"[""25"", ""10""]",25-10,2025-09-10,17:00,4000,4,lottomatik,2DLS0000908
3DL-5PM,3D Lotto 5PM,"[""5"", ""9"", ""8""]",5-9-8,2025-09-10,17:00,4500,7,lottomatik,3DLS0000908
2DL-9PM,2D Lotto 9PM,"[""17"", ""28""]",17-28,2025-09-10,21:00,4000,3,lottomatik,2DLS0000909
3DL-9PM,3D Lotto 9PM,"[""3"", ""3"", ""8""]",3-3-8,2025-09-10,21:00,4500,5,lottomatik,3DLS0000909
4DL,4D Lotto,"[""1"", ""5"", ""7"", ""8""]",1-5-7-8,2025-09-10,21:00,873250,25,lottomatik,4DLS0000130
GL55,Grand Lotto 6/55,"[""52"", ""50"", ""08"", ""45"", ""04"", ""48""]",52-50-08-45-04-48,2025-09-10,21:00,139842746,0,lottomatik,GL55S0000131
ML45,Megalotto 6/45,"[""03"", ""05"", ""20"", ""42"", ""31"", ""38""]",03-05-20-42-31-38,2025-09-10,21:00,23856257.2,0,lottomatik,ML45S0000130
2DL-2PM,2D Lotto 2PM,"[""29"", ""28""]",29-28,2025-09-11,14:00,4000,14,lottomatik,2DLS0000910
3DL-2PM,3D Lotto 2PM,"[""6"", ""5"", ""9""]",6-5-9,2025-09-11,14:00,4500,5,lottomatik,3DLS0000910
2DL-5PM,2D Lotto 5PM,"[""16"", ""13""]",16-13,2025-09-11,17:00,4000,0,lottomatik,2DLS0000911
3DL-5PM,3D Lotto 5PM,"[""2"", ""8"", ""0""]",2-8-0,2025-09-11,17:00,4500,7,lottomatik,3DLS0000911
2DL-9PM,2D Lotto 9PM,"[""09"", ""04""]",09-04,2025-09-11,21:00,4000,15,lottomatik,2DLS0000912
3DL-9PM,3D Lotto 9PM,"[""6"", ""0"", ""7""]",6-0-7,2025-09-11,21:00,4500,6,lottomatik,3DLS0000912
6DL,6D Lotto,"[""7"", ""0"", ""5"", ""6"", ""4"", ""4""]",7-0-5-6-4-4,2025-09-11,21:00,640040.12,0,lottomatik,6DLS0000130
LOTTO42,Lotto 6/42,"[""06"", ""39"", ""08"", ""31"", ""19"", ""16""]",06-39-08-31-19-16,2025-09-11,21:00,5988733.6,0,lottomatik,LOTTO42S0000130
SL49,Superlotto 6/49,"[""24"", ""02"", ""44"", ""45"", ""28"", ""11""]",24-02-44-45-28-11,2025-09-11,21:00,32974881.4,0,lottomatik,SL49S0000131
2DL-2PM,2D Lotto 2PM,"[""03"", ""01""]",03-01,2025-09-12,14:00,4000,1,lottomatik,2DLS0000913
3DL-2PM,3D Lotto 2PM,"[""0"", ""1"", ""8""]",0-1-8,2025-09-12,14:00,4500,23,lottomatik,3DLS0000913
2DL-5PM,2D Lotto 5PM,"[""22"", ""29""]",22-29,2025-09-12,17:00,4000,2,lottomatik,2DLS0000914
3DL-5PM,3D Lotto 5PM,"[""5"", ""7"", ""2""]",5-7-2,2025-09-12,17:00,4500,3,lottomatik,3DLS0000914
2DL-9PM,2D Lotto 9PM,"[""05"", ""23""]",05-23,2025-09-12,21:00,4000,6,lottomatik,2DLS0000915
3DL-9PM,3D Lotto 9PM,"[""9"", ""9"", ""6""]",9-9-6,2025-09-12,21:00,4500,0,lottomatik,3DLS0000915
4DL,4D Lotto,"[""4"", ""7"", ""9"", ""4""]",4-7-9-4,2025-09-12,21:00,940428,18,lottomatik,4DLS0000131
ML45,Megalotto 6/45,"[""27"", ""02"", ""45"", ""37"", ""36"", ""10""]",27-02-45-37-36-10,2025-09-12,21:00,27778957.4,0,lottomatik,ML45S0000131
UL58,Ultra Lotto 6/58,"[""30"", ""57"", ""27"", ""46"", ""26"", ""22""]",30-57-27-46-26-22,2025-09-12,21:00,49500000,0,lottomatik,UL58S0000131
2DL-2PM,2D Lotto 2PM,"[""08"", ""20""]",08-20,2025-09-13,14:00,4000,11,lottomatik,2DLS0000916
3DL-2PM,3D Lotto 2PM,"[""5"", ""1"", ""8""]",5-1-8,2025-09-13,14:00,4500,4,lottomatik,3DLS0000916
2DL-5PM,2D Lotto 5PM,"[""16"", ""16""]",16-16,2025-09-13,17:00,4000,1,lottomatik,2DLS0000917
3DL-5PM,3D Lotto 5PM,"[""0"", ""1"", ""4""]",0-1-4,2025-09-13,17:00,4500,4,lottomatik,3DLS0000917
2DL-9PM,2D Lotto 9PM,"[""14"", ""02""]",14-02,2025-09-13,21:00,4000,1,lottomatik,2DLS0000918
3DL-9PM,3D Lotto 9PM,"[""3"", ""3"", ""0""]",3-3-0,2025-09-13,21:00,4500,3,lottomatik,3DLS0000918
6DL,6D Lotto,"[""8"", ""5"", ""9"", ""0"", ""1"", ""0""]",8-5-9-0-1-0,2025-09-13,21:00,1116074.36,0,lottomatik,6DLS0000131
GL55,Grand Lotto 6/55,"[""39"", ""33"", ""30"", ""53"", ""01"", ""23""]",39-33-30-53-01-23,2025-09-13,21:00,147546983.2,0,lottomatik,GL55S0000132
LOTTO42,Lotto 6/42,"[""06"", ""07"", ""27"", ""17"", ""23"", ""33""]",06-07-27-17-23-33,2025-09-13,21:00,9272591.6,0,lottomatik,LOTTO42S0000131
2DL-2PM,2D Lotto 2PM,"[""22"", ""31""]",22-31,2025-09-14,14:00,4000,2,lottomatik,2DLS0000919
3DL-2PM,3D Lotto 2PM,"[""5"", ""7"", ""5""]",5-7-5,2025-09-14,14:00,4500,3,lottomatik,3DLS0000919
2DL-5PM,2D Lotto 5PM,"[""09"", ""15""]",09-15,2025-09-14,17:00,4000,9,lottomatik,2DLS0000920
3DL-5PM,3D Lotto 5PM,"[""1"", ""4"", ""9""]",1-4-9,2025-09-14,17:00,4500,13,lottomatik,3DLS0000920
2DL-9PM,2D Lotto 9PM,"[""21"", ""12""]",21-12,2025-09-14,21:00,4000,5,lottomatik,2DLS0000921
3DL-9PM,3D Lotto 9PM,"[""4"", ""4"", ""9""]",4-4-9,2025-09-14,21:00,4500,16,lottomatik,3DLS0000921
SL49,Superlotto 6/49,"[""40"", ""41"", ""08"", ""26"", ""45"", ""10""]",40-41-08-26-45-10,2025-09-14,21:00,36949195.2,0,lottomatik,SL49S0000132
UL58,Ultra Lotto 6/58,"[""05"", ""17"", ""18"", ""02"", ""45"", ""57""]",05-17-18-02-45-57,2025-09-14,21:00,49500000,1,lottomatik,UL58S0000132
2DL-2PM,2D Lotto 2PM,"[""11"", ""17""]",11-17,2025-09-15,14:00,4000,4,lottomatik,2DLS0000922
3DL-2PM,3D Lotto 2PM,"[""6"", ""8"", ""1""]",6-8-1,2025-09-15,14:00,4500,3,lottomatik,3DLS0000922
2DL-5PM,2D Lotto 5PM,"[""23"", ""19""]",23-19,2025-09-15,17:00,4000,3,lottomatik,2DLS0000923
3DL-5PM,3D Lotto 5PM,"[""9"", ""8"", ""6""]",9-8-6,2025-09-15,17:00,4500,15,lottomatik,3DLS0000923
2DL-9PM,2D Lotto 9PM,"[""31"", ""23""]",31-23,2025-09-15,21:00,4000,7,lottomatik,2DLS0000924
3DL-9PM,3D Lotto 9PM,"[""4"", ""1"", ""2""]",4-1-2,2025-09-15,21:00,4500,13,lottomatik,3DLS0000924
4DL,4D Lotto,"[""5"", ""1"", ""9"", ""7""]",5-1-9-7,2025-09-15,21:00,1002100,20,lottomatik,4DLS0000132
GL55,Grand Lotto 6/55,"[""49"", ""46"", ""45"", ""02"", ""33"", ""25""]",49-46-45-02-33-25,2025-09-15,21:00,154670134.4,0,lottomatik,GL55S0000133
ML45,Megalotto 6/45,"[""20"", ""09"", ""21"", ""30"", ""43"", ""44""]",20-09-21-30-43-44,2025-09-15,21:00,31742677.4,0,lottomatik,ML45S0000132
2DL-2PM,2D Lotto 2PM,"[""28"", ""07""]",28-07,2025-09-16,14:00,4000,0,lottomatik,2DLS0000925
3DL-2PM,3D Lotto 2PM,"[""2"", ""3"", ""9""]",2-3-9,2025-09-16,14:00,4500,5,lottomatik,3DLS0000925
2DL-5PM,2D Lotto 5PM,"[""26"", ""08""]",26-08,2025-09-16,17:00,4000,8,lottomatik,2DLS0000926
3DL-5PM,3D Lotto 5PM,"[""9"", ""5"", ""8""]",9-5-8,2025-09-16,17:00,4500,3,lottomatik,3DLS0000926
2DL-9PM,2D Lotto 9PM,"[""08"", ""17""]",08-17,2025-09-16,21:00,4000,11,lottomatik,2DLS0000927
3DL-9PM,3D Lotto 9PM,"[""3"", ""5"", ""9""]",3-5-9,2025-09-16,21:00,4500,11,lottomatik,3DLS0000927
6DL,6D Lotto,"[""1"", ""3"", ""4"", ""7"", ""3"", ""7""]",1-3-4-7-3-7,2025-09-16,21:00,1510611.6,0,lottomatik,6DLS0000132
LOTTO42,Lotto 6/42,"[""20"", ""18"", ""06"", ""42"", ""10"", ""21""]",20-18-06-42-10-21,2025-09-16,21:00,12348288.8,0,lottomatik,LOTTO42S0000132
SL49,Superlotto 6/49,"[""34"", ""37"", ""41"", ""48"", ""46"", ""33""]",34-37-41-48-46-33,2025-09-16,21:00,40458594,0,lottomatik,SL49S0000133
UL58,Ultra Lotto 6/58,"[""34"", ""24"", ""32"", ""01"", ""27"", ""03""]",34-24-32-01-27-03,2025-09-16,21:00,49500000,0,lottomatik,UL58S0000133
2DL-2PM,2D Lotto 2PM,"[""15"", ""26""]",15-26,2025-09-17,14:00,4000,4,lottomatik,2DLS0000928
3DL-2PM,3D Lotto 2PM,"[""8"", ""0"", ""9""]",8-0-9,2025-09-17,14:00,4500,1,lottomatik,3DLS0000928
2DL-5PM,2D Lotto 5PM,"[""25"", ""02""]",25-02,2025-09-17,17:00,4000,1,lottomatik,2DLS0000929
3DL-5PM,3D Lotto 5PM,"[""6"", ""4"", ""5""]",6-4-5,2025-09-17,17:00,4500,1,lottomatik,3DLS0000929
2DL-9PM,2D Lotto 9PM,"[""01"", ""02""]",01-02,2025-09-17,21:00,4000,9,lottomatik,2DLS0000930
3DL-9PM,3D Lotto 9PM,"[""3"", ""1"", ""0""]",3-1-0,2025-09-17,21:00,4500,19,lottomatik,3DLS0000930
4DL,4D Lotto,"[""9"", ""7"", ""3"", ""8""]",9-7-3-8,2025-09-17,21:00,872158,7,lottomatik,4DLS0000133
GL55,Grand Lotto 6/55,"[""41"", ""44"", ""40"", ""09"", ""26"", ""49""]",41-44-40-09-26-49,2025-09-17,21:00,161835217.6,0,lottomatik,GL55S0000134
ML45,Megalotto 6/45,"[""17"", ""09"", ""06"", ""38"", ""16"", ""36""]",17-09-06-38-16-36,2025-09-17,21:00,35709957.2,0,lottomatik,ML45S0000133
2DL-2PM,2D Lotto 2PM,"[""24"", ""19""]",24-19,2025-09-18,14:00,4000,1,lottomatik,2DLS0000931
3DL-2PM,3D Lotto 2PM,"[""2"", ""1"", ""5""]",2-1-5,2025-09-18,14:00,4500,11,lottomatik,3DLS0000931
2DL-5PM,2D Lotto 5PM,"[""29"", ""25""]",29-25,2025-09-18,17:00,4000,3,lottomatik,2DLS0000932
3DL-5PM,3D Lotto 5PM,"[""8"", ""2"", ""0""]",8-2-0,2025-09-18,17:00,4500,0,lottomatik,3DLS0000932
2DL-9PM,2D Lotto 9PM,"[""27"", ""31""]",27-31,2025-09-18,21:00,4000,3,lottomatik,2DLS0000933
3DL-9PM,3D Lotto 9PM,"[""2"", ""6"", ""2""]",2-6-2,2025-09-18,21:00,4500,10,lottomatik,3DLS0000933
6DL,6D Lotto,"[""1"", ""0"", ""4"", ""1"", ""4"", ""1""]",1-0-4-1-4-1,2025-09-18,21:00,1560611.6,0,lottomatik,6DLS0000133
LOTTO42,Lotto 6/42,"[""18"", ""42"", ""21"", ""02"", ""32"", ""24""]",18-42-21-02-32-24,2025-09-18,21:00,15770336.4,0,lottomatik,LOTTO42S0000133
SL49,Superlotto 6/49,"[""45"", ""03"", ""18"", ""25"", ""23"", ""36""]",45-03-18-25-23-36,2025-09-18,21:00,44756986,0,lottomatik,SL49S0000134
2DL-2PM,2D Lotto 2PM,"[""28"", ""01""]",28-01,2025-09-19,14:00,4000,1,lottomatik,2DLS0000934
3DL-2PM,3D Lotto 2PM,"[""1"", ""8"", ""3""]",1-8-3,2025-09-19,14:00,4500,8,lottomatik,3DLS0000934
2DL-5PM,2D Lotto 5PM,"[""02"", ""02""]",02-02,2025-09-19,17:00,4000,1,lottomatik,2DLS0000935
3DL-5PM,3D Lotto 5PM,"[""1"", ""6"", ""4""]",1-6-4,2025-09-19,17:00,4500,3,lottomatik,3DLS0000935
2DL-9PM,2D Lotto 9PM,"[""17"", ""04""]",17-04,2025-09-19,21:00,4000,2,lottomatik,2DLS0000936
3DL-9PM,3D Lotto 9PM,"[""1"", ""5"", ""5""]",1-5-5,2025-09-19,21:00,4500,4,lottomatik,3DLS0000936
4DL,4D Lotto,"[""2"", ""4"", ""0"", ""1""]",2-4-0-1,2025-09-19,21:00,948288,32,lottomatik,4DLS0000134
ML45,Megalotto 6/45,"[""03"", ""40"", ""39"", ""41"", ""26"", ""33""]",03-40-39-41-26-33,2025-09-19,21:00,40047409,0,lottomatik,ML45S0000134
UL58,Ultra Lotto 6/58,"[""19"", ""47"", ""10"", ""31"", ""22"", ""09""]",19-47-10-31-22-09,2025-09-19,21:00,49500000,0,lottomatik,UL58S0000134
2DL-2PM,2D Lotto 2PM,"[""25"", ""22""]",25-22,2025-09-20,14:00,4000,2,lottomatik,2DLS0000937
3DL-2PM,3D Lotto 2PM,"[""4"", ""1"", ""2""]",4-1-2,2025-09-20,14:00,4500,8,lottomatik,3DLS0000937
2DL-5PM,2D Lotto 5PM,"[""24"", ""13""]",24-13,2025-09-20,17:00,4000,1,lottomatik,2DLS0000938
3DL-5PM,3D Lotto 5PM,"[""0"", ""8"", ""1""]",0-8-1,2025-09-20,17:00,4500,0,lottomatik,3DLS0000938
2DL-9PM,2D Lotto 9PM,"[""11"", ""30""]",11-30,2025-09-20,21:00,4000,5,lottomatik,2DLS0000939
3DL-9PM,3D Lotto 9PM,"[""0"", ""5"", ""5""]",0-5-5,2025-09-20,21:00,4500,12,lottomatik,3DLS0000939
6DL,6D Lotto,"[""2"", ""8"", ""9"", ""7"", ""1"", ""7""]",2-8-9-7-1-7,2025-09-20,21:00,1913875,1,lottomatik,6DLS0000134
GL55,Grand Lotto 6/55,"[""35"", ""55"", ""09"", ""44"", ""33"", ""07""]",35-55-09-44-33-07,2025-09-20,21:00,169552034.4,0,lottomatik,GL55S0000135
LOTTO42,Lotto 6/42,"[""31"", ""22"", ""06"", ""28"", ""41"", ""36""]",31-22-06-28-41-36,2025-09-20,21:00,19413215.4,0,lottomatik,LOTTO42S0000134
2DL-2PM,2D Lotto 2PM,"[""13"", ""01""]",13-01,2025-09-21,14:00,4000,4,lottomatik,2DLS0000940
3DL-2PM,3D Lotto 2PM,"[""4"", ""3"", ""6""]",4-3-6,2025-09-21,14:00,4500,1,lottomatik,3DLS0000940
2DL-5PM,2D Lotto 5PM,"[""24"", ""09""]",24-09,2025-09-21,17:00,4000,3,lottomatik,2DLS0000941
3DL-5PM,3D Lotto 5PM,"[""1"", ""3"", ""9""]",1-3-9,2025-09-21,17:00,4500,7,lottomatik,3DLS0000941
2DL-9PM,2D Lotto 9PM,"[""03"", ""14""]",03-14,2025-09-21,21:00,4000,5,lottomatik,2DLS0000942
3DL-9PM,3D Lotto 9PM,"[""4"", ""1"", ""0""]",4-1-0,2025-09-21,21:00,4500,9,lottomatik,3DLS0000942
SL49,Superlotto 6/49,"[""07"", ""40"", ""03"", ""27"", ""35"", ""46""]",07-40-03-27-35-46,2025-09-21,21:00,48993827,0,lottomatik,SL49S0000135
UL58,Ultra Lotto 6/58,"[""19"", ""21"", ""49"", ""51"", ""28"", ""54""]",19-21-49-51-28-54,2025-09-21,21:00,49500000,0,lottomatik,UL58S0000135
2DL-2PM,2D Lotto 2PM,"[""06"", ""24""]",06-24,2025-09-22,14:00,4000,6,lottomatik,2DLS0000943
3DL-2PM,3D Lotto 2PM,"[""3"", ""9"", ""2""]",3-9-2,2025-09-22,14:00,4500,14,lottomatik,3DLS0000943
2DL-5PM,2D Lotto 5PM,"[""13"", ""07""]",13-07,2025-09-22,17:00,4000,5,lottomatik,2DLS0000944
3DL-5PM,3D Lotto 5PM,"[""6"", ""9"", ""4""]",6-9-4,2025-09-22,17:00,4500,1,lottomatik,3DLS0000944
2DL-9PM,2D Lotto 9PM,"[""06"", ""13""]",06-13,2025-09-22,21:00,4000,8,lottomatik,2DLS0000945
3DL-9PM,3D Lotto 9PM,"[""2"", ""9"", ""0""]",2-9-0,2025-09-22,21:00,4500,7,lottomatik,3DLS0000945
4DL,4D Lotto,"[""5"", ""1"", ""3"", ""5""]",5-1-3-5,2025-09-22,21:00,722310,5,lottomatik,4DLS0000135
GL55,Grand Lotto 6/55,"[""27"", ""31"", ""15"", ""36"", ""23"", ""54""]",27-31-15-36-23-54,2025-09-22,21:00,175710820,0,lottomatik,GL55S0000136
ML45,Megalotto 6/45,"[""45"", ""08"", ""39"", ""35"", ""26"", ""24""]",45-08-39-35-26-24,2025-09-22,21:00,43568168,0,lottomatik,ML45S0000135
2DL-2PM,2D Lotto 2PM,"[""08"", ""09""]",08-09,2025-09-23,14:00,4000,1,lottomatik,2DLS0000946
3DL-2PM,3D Lotto 2PM,"[""7"", ""3"", ""5""]",7-3-5,2025-09-23,14:00,4500,12,lottomatik,3DLS0000946
2DL-5PM,2D Lotto 5PM,"[""06"", ""07""]",06-07,2025-09-23,17:00,4000,12,lottomatik,2DLS0000947
3DL-5PM,3D Lotto 5PM,"[""5"", ""2"", ""3""]",5-2-3,2025-09-23,17:00,4500,15,lottomatik,3DLS0000947
2DL-9PM,2D Lotto 9PM,"[""12"", ""25""]",12-25,2025-09-23,21:00,4000,0,lottomatik,2DLS0000948
3DL-9PM,3D Lotto 9PM,"[""6"", ""7"", ""6""]",6-7-6,2025-09-23,21:00,4500,3,lottomatik,3DLS0000948
6DL,6D Lotto,"[""6"", ""5"", ""3"", ""4"", ""5"", ""4""]",6-5-3-4-5-4,2025-09-23,21:00,447118.92,0,lottomatik,6DLS0000135
LOTTO42,Lotto 6/42,"[""24"", ""13"", ""12"", ""22"", ""36"", ""33""]",24-13-12-22-36-33,2025-09-23,21:00,22494977.4,0,lottomatik,LOTTO42S0000135
SL49,Superlotto 6/49,"[""25"", ""41"", ""08"", ""16"", ""14"", ""38""]",25-41-08-16-14-38,2025-09-23,21:00,52291815.6,0,lottomatik,SL49S0000136
UL58,Ultra Lotto 6/58,"[""55"", ""17"", ""47"", ""49"", ""33"", ""40""]",55-17-47-49-33-40,2025-09-23,21:00,49500000,0,lottomatik,UL58S0000136
2DL-2PM,2D Lotto 2PM,"[""10"", ""20""]",10-20,2025-09-24,14:00,4000,14,lottomatik,2DLS0000949
3DL-2PM,3D Lotto 2PM,"[""6"", ""4"", ""0""]",6-4-0,2025-09-24,14:00,4500,3,lottomatik,3DLS0000949
2DL-5PM,2D Lotto 5PM,"[""18"", ""16""]",18-16,2025-09-24,17:00,4000,0,lottomatik,2DLS0000950
3DL-5PM,3D Lotto 5PM,"[""1"", ""3"", ""8""]",1-3-8,2025-09-24,17:00,4500,7,lottomatik,3DLS0000950
2DL-9PM,2D Lotto 9PM,"[""24"", ""10""]",24-10,2025-09-24,21:00,4000,13,lottomatik,2DLS0000951
3DL-9PM,3D Lotto 9PM,"[""2"", ""4"", ""1""]",2-4-1,2025-09-24,21:00,4500,14,lottomatik,3DLS0000951
4DL,4D Lotto,"[""7"", ""5"", ""9"", ""3""]",7-5-9-3,2025-09-24,21:00,983177,13,lottomatik,4DLS0000136
GL55,Grand Lotto 6/55,"[""45"", ""19"", ""21"", ""50"", ""28"", ""20""]",45-19-21-50-28-20,2025-09-24,21:00,182743480.8,0,lottomatik,GL55S0000137
ML45,Megalotto 6/45,"[""42"", ""10"", ""32"", ""15"", ""29"", ""23""]",42-10-32-15-29-23,2025-09-24,21:00,47560633.6,0,lottomatik,ML45S0000136
2DL-2PM,2D Lotto 2PM,"[""16"", ""03""]",16-03,2025-09-25,14:00,4000,8,lottomatik,2DLS0000952
3DL-2PM,3D Lotto 2PM,"[""9"", ""2"", ""8""]",9-2-8,2025-09-25,14:00,4500,17,lottomatik,3DLS0000952
2DL-5PM,2D Lotto 5PM,"[""09"", ""16""]",09-16,2025-09-25,17:00,4000,15,lottomatik,2DLS0000953
3DL-5PM,3D Lotto 5PM,"[""6"", ""1"", ""0""]",6-1-0,2025-09-25,17:00,4500,4,lottomatik,3DLS0000953
2DL-9PM,2D Lotto 9PM,"[""20"", ""16""]",20-16,2025-09-25,21:00,4000,2,lottomatik,2DLS0000954
3DL-9PM,3D Lotto 9PM,"[""1"", ""0"", ""9""]",1-0-9,2025-09-25,21:00,4500,91,lottomatik,3DLS0000954
6DL,6D Lotto,"[""5"", ""6"", ""3"", ""5"", ""2"", ""5""]",5-6-3-5-2-5,2025-09-25,21:00,550067.92,0,lottomatik,6DLS0000136
LOTTO42,Lotto 6/42,"[""39"", ""14"", ""26"", ""21"", ""04"", ""35""]",39-14-26-21-04-35,2025-09-25,21:00,25921463.6,0,lottomatik,LOTTO42S0000136
SL49,Superlotto 6/49,"[""31"", ""06"", ""07"", ""25"", ""27"", ""46""]",31-06-07-25-27-46,2025-09-25,21:00,56250989,0,lottomatik,SL49S0000137
2DL-2PM,2D Lotto 2PM,"[""04"", ""29""]",04-29,2025-09-26,14:00,4000,7,lottomatik,2DLS0000955
3DL-2PM,3D Lotto 2PM,"[""5"", ""8"", ""3""]",5-8-3,2025-09-26,14:00,4500,1,lottomatik,3DLS0000955
2DL-5PM,2D Lotto 5PM,"[""25"", ""15""]",25-15,2025-09-26,17:00,4000,0,lottomatik,2DLS0000956
3DL-5PM,3D Lotto 5PM,"[""3"", ""0"", ""5""]",3-0-5,2025-09-26,17:00,4500,2,lottomatik,3DLS0000956
2DL-9PM,2D Lotto 9PM,"[""03"", ""09""]",03-09,2025-09-26,21:00,4000,7,lottomatik,2DLS0000957
3DL-9PM,3D Lotto 9PM,"[""3"", ""9"", ""6""]",3-9-6,2025-09-26,21:00,4500,10,lottomatik,3DLS0000957
4DL,4D Lotto,"[""0"", ""2"", ""7"", ""4""]",0-2-7-4,2025-09-26,21:00,840294,13,lottomatik,4DLS0000137
ML45,Megalotto 6/45,"[""10"", ""36"", ""19"", ""24"", ""06"", ""15""]",10-36-19-24-06-15,2025-09-26,21:00,51732871.2,0,lottomatik,ML45S0000137
UL58,Ultra Lotto 6/58,"[""48"", ""33"", ""02"", ""01"", ""11"", ""27""]",48-33-02-01-11-27,2025-09-26,21:00,49500000,0,lottomatik,UL58S0000137
2DL-2PM,2D Lotto 2PM,"[""28"", ""15""]",28-15,2025-09-27,14:00,4000,2,lottomatik,2DLS0000958
3DL-2PM,3D Lotto 2PM,"[""3"", ""9"", ""8""]",3-9-8,2025-09-27,14:00,4500,17,lottomatik,3DLS0000958
2DL-5PM,2D Lotto 5PM,"[""06"", ""24""]",06-24,2025-09-27,17:00,4000,7,lottomatik,2DLS0000959
3DL-5PM,3D Lotto 5PM,"[""3"", ""3"", ""4""]",3-3-4,2025-09-27,17:00,4500,2,lottomatik,3DLS0000959
2DL-9PM,2D Lotto 9PM,"[""22"", ""21""]",22-21,2025-09-27,21:00,4000,1,lottomatik,2DLS0000960
3DL-9PM,3D Lotto 9PM,"[""7"", ""8"", ""2""]",7-8-2,2025-09-27,21:00,4500,19,lottomatik,3DLS0000960
6DL,6D Lotto,"[""4"", ""2"", ""9"", ""5"", ""6"", ""1""]",4-2-9-5-6-1,2025-09-27,21:00,1252510,2,lottomatik,6DLS0000137
GL55,Grand Lotto 6/55,"[""02"", ""21"", ""32"", ""37"", ""45"", ""30""]",02-21-32-37-45-30,2025-09-27,21:00,190686140.8,0,lottomatik,GL55S0000138
LOTTO42,Lotto 6/42,"[""21"", ""29"", ""12"", ""11"", ""24"", ""05""]",21-29-12-11-24-05,2025-09-27,21:00,29935246.8,1,lottomatik,LOTTO42S0000137
2DL-2PM,2D Lotto 2PM,"[""06"", ""08""]",06-08,2025-09-28,14:00,4000,12,lottomatik,2DLS0000961
3DL-2PM,3D Lotto 2PM,"[""1"", ""1"", ""4""]",1-1-4,2025-09-28,14:00,4500,12,lottomatik,3DLS0000961
2DL-5PM,2D Lotto 5PM,"[""06"", ""04""]",06-04,2025-09-28,17:00,4000,12,lottomatik,2DLS0000962
3DL-5PM,3D Lotto 5PM,"[""9"", ""6"", ""7""]",9-6-7,2025-09-28,17:00,4500,2,lottomatik,3DLS0000962
2DL-9PM,2D Lotto 9PM,"[""05"", ""09""]",05-09,2025-09-28,21:00,4000,32,lottomatik,2DLS0000963
3DL-9PM,3D Lotto 9PM,"[""1"", ""3"", ""3""]",1-3-3,2025-09-28,21:00,4500,10,lottomatik,3DLS0000963
SL49,Superlotto 6/49,"[""19"", ""42"", ""12"", ""08"", ""22"", ""04""]",19-42-12-08-22-04,2025-09-28,21:00,60963401.4,0,lottomatik,SL49S0000138
UL58,Ultra Lotto 6/58,"[""50"", ""17"", ""25"", ""14"", ""33"", ""36""]",50-17-25-14-33-36,2025-09-28,21:00,49500000,0,lottomatik,UL58S0000138
2DL-2PM,2D Lotto 2PM,"[""12"", ""28""]",12-28,2025-09-29,14:00,4000,0,lottomatik,2DLS0000964
3DL-2PM,3D Lotto 2PM,"[""9"", ""7"", ""9""]",9-7-9,2025-09-29,14:00,4500,0,lottomatik,3DLS0000964
2DL-5PM,2D Lotto 5PM,"[""23"", ""26""]",23-26,2025-09-29,17:00,4000,0,lottomatik,2DLS0000965
3DL-5PM,3D Lotto 5PM,"[""2"", ""0"", ""9""]",2-0-9,2025-09-29,17:00,4500,4,lottomatik,3DLS0000965
2DL-9PM,2D Lotto 9PM,"[""23"", ""22""]",23-22,2025-09-29,21:00,4000,0,lottomatik,2DLS0000966
3DL-9PM,3D Lotto 9PM,"[""3"", ""1"", ""5""]",3-1-5,2025-09-29,21:00,4500,26,lottomatik,3DLS0000966
4DL,4D Lotto,"[""9"", ""1"", ""2"", ""5""]",9-1-2-5,2025-09-29,21:00,610000,61,lottomatik,4DLS0000138
GL55,Grand Lotto 6/55,"[""05"", ""37"", ""17"", ""10"", ""47"", ""54""]",05-37-17-10-47-54,2025-09-29,21:00,197847532.4,0,lottomatik,GL55S0000139
ML45,Megalotto 6/45,"[""30"", ""20"", ""23"", ""40"", ""12"", ""14""]",30-20-23-40-12-14,2025-09-29,21:00,56078818,1,lottomatik,ML45S0000138
2DL-2PM,2D Lotto 2PM,"[""01"", ""13""]",01-13,2025-09-30,14:00,4000,2,lottomatik,2DLS0000967
3DL-2PM,3D Lotto 2PM,"[""7"", ""1"", ""7""]",7-1-7,2025-09-30,14:00,4500,6,lottomatik,3DLS0000967
2DL-5PM,2D Lotto 5PM,"[""12"", ""10""]",12-10,2025-09-30,17:00,4000,2,lottomatik,2DLS0000968
3DL-5PM,3D Lotto 5PM,"[""5"", ""3"", ""0""]",5-3-0,2025-09-30,17:00,4500,3,lottomatik,3DLS0000968
2DL-9PM,2D Lotto 9PM,"[""31"", ""08""]",31-08,2025-09-30,21:00,4000,11,lottomatik,2DLS0000969
3DL-9PM,3D Lotto 9PM,"[""3"", ""2"", ""5""]",3-2-5,2025-09-30,21:00,4500,26,lottomatik,3DLS0000969
6DL,6D Lotto,"[""5"", ""4"", ""7"", ""3"", ""1"", ""1""]",5-4-7-3-1-1,2025-09-30,21:00,412636.8,0,lottomatik,6DLS0000138
LOTTO42,Lotto 6/42,"[""02"", ""41"", ""23"", ""38"", ""30"", ""40""]",02-41-23-38-30-40,2025-09-30,21:00,5940000,0,lottomatik,LOTTO42S0000138
SL49,Superlotto 6/49,"[""45"", ""44"", ""08"", ""23"", ""21"", ""02""]",45-44-08-23-21-02,2025-09-30,21:00,65201814.8,0,lottomatik,SL49S0000139
UL58,Ultra Lotto 6/58,"[""41"", ""32"", ""46"", ""28"", ""29"", ""39""]",41-32-46-28-29-39,2025-09-30,21:00,49500000,0,lottomatik,UL58S0000139
2DL-2PM,2D Lotto 2PM,"[""04"", ""01""]",04-01,2025-10-01,14:00,4000,2,lottomatik,2DLS0000970
3DL-2PM,3D Lotto 2PM,"[""8"", ""3"", ""2""]",8-3-2,2025-10-01,14:00,4500,6,lottomatik,3DLS0000970
2DL-5PM,2D Lotto 5PM,"[""09"", ""02""]",09-02,2025-10-01,17:00,4000,8,lottomatik,2DLS0000971
3DL-5PM,3D Lotto 5PM,"[""8"", ""0"", ""7""]",8-0-7,2025-10-01,17:00,4500,1,lottomatik,3DLS0000971
2DL-9PM,2D Lotto 9PM,"[""03"", ""16""]",03-16,2025-10-01,21:00,4000,11,lottomatik,2DLS0000972
3DL-9PM,3D Lotto 9PM,"[""2"", ""5"", ""1""]",2-5-1,2025-10-01,21:00,4500,10,lottomatik,3DLS0000972
4DL,4D Lotto,"[""8"", ""9"", ""0"", ""7""]",8-9-0-7,2025-10-01,21:00,883441,13,lottomatik,4DLS0000139
GL55,Grand Lotto 6/55,"[""46"", ""34"", ""13"", ""20"", ""01"", ""17""]",46-34-13-20-01-17,2025-10-01,21:00,205990080,0,lottomatik,GL55S0000140
ML45,Megalotto 6/45,"[""17"", ""01"", ""45"", ""15"", ""35"", ""29""]",17-01-45-15-35-29,2025-10-01,21:00,8910000,0,lottomatik,ML45S0000139
2DL-2PM,2D Lotto 2PM,"[""30"", ""29""]",30-29,2025-10-02,14:00,4000,9,lottomatik,2DLS0000973
3DL-2PM,3D Lotto 2PM,"[""6"", ""1"", ""3""]",6-1-3,2025-10-02,14:00,4500,18,lottomatik,3DLS0000973
2DL-5PM,2D Lotto 5PM,"[""21"", ""17""]",21-17,2025-10-02,17:00,4000,4,lottomatik,2DLS0000974
3DL-5PM,3D Lotto 5PM,"[""0"", ""9"", ""1""]",0-9-1,2025-10-02,17:00,4500,8,lottomatik,3DLS0000974
2DL-9PM,2D Lotto 9PM,"[""29"", ""05""]",29-05,2025-10-02,21:00,4000,4,lottomatik,2DLS0000975
3DL-9PM,3D Lotto 9PM,"[""5"", ""1"", ""5""]",5-1-5,2025-10-02,21:00,4500,2,lottomatik,3DLS0000975
6DL,6D Lotto,"[""0"", ""4"", ""8"", ""1"", ""5"", ""8""]",0-4-8-1-5-8,2025-10-02,21:00,1019980,2,lottomatik,6DLS0000139
LOTTO42,Lotto 6/42,"[""17"", ""36"", ""12"", ""15"", ""25"", ""39""]",17-36-12-15-25-39,2025-10-02,21:00,5940000,0,lottomatik,LOTTO42S0000139
SL49,Superlotto 6/49,"[""26"", ""06"", ""28"", ""41"", ""46"", ""25""]",26-06-28-41-46-25,2025-10-02,21:00,70194470.2,0,lottomatik,SL49S0000140
2DL-2PM,2D Lotto 2PM,"[""30"", ""26""]",30-26,2025-10-03,14:00,4000,6,lottomatik,2DLS0000976
3DL-2PM,3D Lotto 2PM,"[""8"", ""3"", ""0""]",8-3-0,2025-10-03,14:00,4500,23,lottomatik,3DLS0000976
2DL-5PM,2D Lotto 5PM,"[""13"", ""23""]",13-23,2025-10-03,17:00,4000,0,lottomatik,2DLS0000977
3DL-5PM,3D Lotto 5PM,"[""7"", ""7"", ""5""]",7-7-5,2025-10-03,17:00,4500,5,lottomatik,3DLS0000977
2DL-9PM,2D Lotto 9PM,"[""13"", ""31""]",13-31,2025-10-03,21:00,4000,3,lottomatik,2DLS0000978
3DL-9PM,3D Lotto 9PM,"[""4"", ""5"", ""0""]",4-5-0,2025-10-03,21:00,4500,3,lottomatik,3DLS0000978
4DL,4D Lotto,"[""3"", ""8"", ""6"", ""2""]",3-8-6-2,2025-10-03,21:00,897330,15,lottomatik,4DLS0000140
ML45,Megalotto 6/45,"[""42"", ""06"", ""01"", ""25"", ""17"", ""34""]",42-06-01-25-17-34,2025-10-03,21:00,8910000,0,lottomatik,ML45S0000140
UL58,Ultra Lotto 6/58,"[""18"", ""15"", ""50"", ""58"", ""41"", ""51""]",18-15-50-58-41-51,2025-10-03,21:00,49500000,0,lottomatik,UL58S0000140
2DL-2PM,2D Lotto 2PM,"[""10"", ""29""]",10-29,2025-10-04,14:00,4000,1,lottomatik,2DLS0000979
3DL-2PM,3D Lotto 2PM,"[""0"", ""6"", ""9""]",0-6-9,2025-10-04,14:00,4500,11,lottomatik,3DLS0000979
2DL-5PM,2D Lotto 5PM,"[""15"", ""05""]",15-05,2025-10-04,17:00,4000,8,lottomatik,2DLS0000980
3DL-5PM,3D Lotto 5PM,"[""6"", ""3"", ""9""]",6-3-9,2025-10-04,17:00,4500,14,lottomatik,3DLS0000980
2DL-9PM,2D Lotto 9PM,"[""01"", ""31""]",01-31,2025-10-04,21:00,4000,3,lottomatik,2DLS0000981
3DL-9PM,3D Lotto 9PM,"[""3"", ""4"", ""0""]",3-4-0,2025-10-04,21:00,4500,16,lottomatik,3DLS0000981
6DL,6D Lotto,"[""3"", ""2"", ""8"", ""3"", ""9"", ""1""]",3-2-8-3-9-1,2025-10-04,21:00,693604.88,0,lottomatik,6DLS0000140
GL55,Grand Lotto 6/55,"[""25"", ""28"", ""01"", ""42"", ""13"", ""50""]",25-28-01-42-13-50,2025-10-04,21:00,214989254.8,0,lottomatik,GL55S0000141
LOTTO42,Lotto 6/42,"[""41"", ""06"", ""40"", ""04"", ""36"", ""01""]",41-06-40-04-36-01,2025-10-04,21:00,8895388,0,lottomatik,LOTTO42S0000140
2DL-2PM,2D Lotto 2PM,"[""10"", ""27""]",10-27,2025-10-05,14:00,4000,20,lottomatik,2DLS0000982
3DL-2PM,3D Lotto 2PM,"[""7"", ""2"", ""0""]",7-2-0,2025-10-05,14:00,4500,11,lottomatik,3DLS0000982
2DL-5PM,2D Lotto 5PM,"[""12"", ""17""]",12-17,2025-10-05,17:00,4000,1,lottomatik,2DLS0000983
3DL-5PM,3D Lotto 5PM,"[""0"", ""0"", ""4""]",0-0-4,2025-10-05,17:00,4500,11,lottomatik,3DLS0000983
2DL-9PM,2D Lotto 9PM,"[""11"", ""16""]",11-16,2025-10-05,21:00,4000,6,lottomatik,2DLS0000984
3DL-9PM,3D Lotto 9PM,"[""3"", ""1"", ""6""]",3-1-6,2025-10-05,21:00,4500,11,lottomatik,3DLS0000984
SL49,Superlotto 6/49,"[""14"", ""13"", ""16"", ""42"", ""21"", ""07""]",14-13-16-42-21-07,2025-10-05,21:00,75490978.6,0,lottomatik,SL49S0000141
UL58,Ultra Lotto 6/58,"[""16"", ""45"", ""46"", ""12"", ""02"", ""50""]",16-45-46-12-02-50,2025-10-05,21:00,49500000,0,lottomatik,UL58S0000141
2DL-2PM,2D Lotto 2PM,"[""29"", ""25""]",29-25,2025-10-06,14:00,4000,0,lottomatik,2DLS0000985
3DL-2PM,3D Lotto 2PM,"[""6"", ""8"", ""9""]",6-8-9,2025-10-06,14:00,4500,8,lottomatik,3DLS0000985
2DL-5PM,2D Lotto 5PM,"[""29"", ""29""]",29-29,2025-10-06,17:00,4000,12,lottomatik,2DLS0000986
3DL-5PM,3D Lotto 5PM,"[""8"", ""8"", ""2""]",8-8-2,2025-10-06,17:00,4500,6,lottomatik,3DLS0000986
2DL-9PM,2D Lotto 9PM,"[""05"", ""24""]",05-24,2025-10-06,21:00,4000,9,lottomatik,2DLS0000987
3DL-9PM,3D Lotto 9PM,"[""1"", ""1"", ""1""]",1-1-1,2025-10-06,21:00,4500,23,lottomatik,3DLS0000987
4DL,4D Lotto,"[""3"", ""7"", ""6"", ""8""]",3-7-6-8,2025-10-06,21:00,754536,24,lottomatik,4DLS0000141
GL55,Grand Lotto 6/55,"[""21"", ""27"", ""51"", ""19"", ""14"", ""53""]",21-27-51-19-14-53,2025-10-06,21:00,223580197.6,1,lottomatik,GL55S0000142
ML45,Megalotto 6/45,"[""45"", ""26"", ""18"", ""38"", ""17"", ""40""]",45-26-18-38-17-40,2025-10-06,21:00,9713362.4,0,lottomatik,ML45S0000141
2DL-2PM,2D Lotto 2PM,"[""03"", ""10""]",03-10,2025-10-07,14:00,4000,12,lottomatik,2DLS0000988
3DL-2PM,3D Lotto 2PM,"[""0"", ""9"", ""5""]",0-9-5,2025-10-07,14:00,4500,4,lottomatik,3DLS0000988
2DL-5PM,2D Lotto 5PM,"[""17"", ""20""]",17-20,2025-10-07,17:00,4000,5,lottomatik,2DLS0000989
3DL-5PM,3D Lotto 5PM,"[""3"", ""6"", ""9""]",3-6-9,2025-10-07,17:00,4500,13,lottomatik,3DLS0000989
2DL-9PM,2D Lotto 9PM,"[""19"", ""13""]",19-13,2025-10-07,21:00,4000,12,lottomatik,2DLS0000990
3DL-9PM,3D Lotto 9PM,"[""0"", ""3"", ""4""]",0-3-4,2025-10-07,21:00,4500,11,lottomatik,3DLS0000990
6DL,6D Lotto,"[""7"", ""9"", ""0"", ""4"", ""2"", ""3""]",7-9-0-4-2-3,2025-10-07,21:00,924820.28,0,lottomatik,6DLS0000141
LOTTO42,Lotto 6/42,"[""15"", ""22"", ""39"", ""42"", ""35"", ""02""]",15-22-39-42-35-02,2025-10-07,21:00,11799533,0,lottomatik,LOTTO42S0000141
SL49,Superlotto 6/49,"[""27"", ""30"", ""45"", ""10"", ""05"", ""23""]",27-30-45-10-05-23,2025-10-07,21:00,80300804.2,0,lottomatik,SL49S0000142
UL58,Ultra Lotto 6/58,"[""43"", ""13"", ""58"", ""23"", ""35"", ""17""]",43-13-58-23-35-17,2025-10-07,21:00,49500000,0,lottomatik,UL58S0000142
2DL-2PM,2D Lotto 2PM,"[""30"", ""13""]",30-13,2025-10-08,14:00,4000,0,lottomatik,2DLS0000991
3DL-2PM,3D Lotto 2PM,"[""6"", ""3"", ""6""]",6-3-6,2025-10-08,14:00,4500,0,lottomatik,3DLS0000991
2DL-5PM,2D Lotto 5PM,"[""14"", ""21""]",14-21,2025-10-08,17:00,4000,2,lottomatik,2DLS0000992
3DL-5PM,3D Lotto 5PM,"[""6"", ""9"", ""9""]",6-9-9,2025-10-08,17:00,4500,3,lottomatik,3DLS0000992
2DL-9PM,2D Lotto 9PM,"[""06"", ""10""]",06-10,2025-10-08,21:00,4000,30,lottomatik,2DLS0000993
3DL-9PM,3D Lotto 9PM,"[""4"", ""3"", ""0""]",4-3-0,2025-10-08,21:00,4500,6,lottomatik,3DLS0000993
4DL,4D Lotto,"[""5"", ""2"", ""0"", ""7""]",5-2-0-7,2025-10-08,21:00,810860,20,lottomatik,4DLS0000142
GL55,Grand Lotto 6/55,"[""31"", ""45"", ""44"", ""54"", ""42"", ""28""]",31-45-44-54-42-28,2025-10-08,21:00,29700000,0,lottomatik,GL55S0000143
ML45,Megalotto 6/45,"[""25"", ""28"", ""42"", ""17"", ""01"", ""22""]",25-28-42-17-01-22,2025-10-08,21:00,13255888.2,1,lottomatik,ML45S0000142
2DL-2PM,2D Lotto 2PM,"[""17"", ""22""]",17-22,2025-10-09,14:00,4000,2,lottomatik,2DLS0000994
3DL-2PM,3D Lotto 2PM,"[""8"", ""8"", ""7""]",8-8-7,2025-10-09,14:00,4500,7,lottomatik,3DLS0000994
2DL-5PM,2D Lotto 5PM,"[""12"", ""24""]",12-24,2025-10-09,17:00,4000,1,lottomatik,2DLS0000995
3DL-5PM,3D Lotto 5PM,"[""4"", ""2"", ""0""]",4-2-0,2025-10-09,17:00,4500,2,lottomatik,3DLS0000995
2DL-9PM,2D Lotto 9PM,"[""11"", ""08""]",11-08,2025-10-09,21:00,4000,16,lottomatik,2DLS0000996
3DL-9PM,3D Lotto 9PM,"[""2"", ""8"", ""0""]",2-8-0,2025-10-09,21:00,4500,12,lottomatik,3DLS0000996
6DL,6D Lotto,"[""6"", ""9"", ""2"", ""2"", ""2"", ""4""]",6-9-2-2-2-4,2025-10-09,21:00,974820.28,0,lottomatik,6DLS0000142
LOTTO42,Lotto 6/42,"[""23"", ""32"", ""41"", ""27"", ""14"", ""34""]",23-32-41-27-14-34,2025-10-09,21:00,15031323.8,0,lottomatik,LOTTO42S0000142
SL49,Superlotto 6/49,"[""22"", ""48"", ""20"", ""36"", ""10"", ""08""]",22-48-20-36-10-08,2025-10-09,21:00,85927967.8,0,lottomatik,SL49S0000143
2DL-2PM,2D Lotto 2PM,"[""13"", ""03""]",13-03,2025-10-10,14:00,4000,5,lottomatik,2DLS0000997
3DL-2PM,3D Lotto 2PM,"[""9"", ""8"", ""1""]",9-8-1,2025-10-10,14:00,4500,10,lottomatik,3DLS0000997
2DL-5PM,2D Lotto 5PM,"[""26"", ""28""]",26-28,2025-10-10,17:00,4000,0,lottomatik,2DLS0000998
3DL-5PM,3D Lotto 5PM,"[""3"", ""3"", ""9""]",3-3-9,2025-10-10,17:00,4500,2,lottomatik,3DLS0000998
2DL-9PM,2D Lotto 9PM,"[""15"", ""18""]",15-18,2025-10-10,21:00,4000,4,lottomatik,2DLS0000999
3DL-9PM,3D Lotto 9PM,"[""4"", ""6"", ""8""]",4-6-8,2025-10-10,21:00,4500,7,lottomatik,3DLS0000999
4DL,4D Lotto,"[""3"", ""3"", ""1"", ""1""]",3-3-1-1,2025-10-10,21:00,449526,33,lottomatik,4DLS0000143
ML45,Megalotto 6/45,"[""17"", ""01"", ""13"", ""14"", ""42"", ""33""]",17-01-13-14-42-33,2025-10-10,21:00,8910000,0,lottomatik,ML45S0000143
UL58,Ultra Lotto 6/58,"[""14"", ""01"", ""03"", ""12"", ""49"", ""19""]",14-01-03-12-49-19,2025-10-10,21:00,49500000,0,lottomatik,UL58S0000143
2DL-2PM,2D Lotto 2PM,"[""09"", ""30""]",09-30,2025-10-11,14:00,4000,9,lottomatik,2DLS0001000
3DL-2PM,3D Lotto 2PM,"[""9"", ""9"", ""4""]",9-9-4,2025-10-11,14:00,4500,3,lottomatik,3DLS0001000
2DL-5PM,2D Lotto 5PM,"[""23"", ""08""]",23-08,2025-10-11,17:00,4000,2,lottomatik,2DLS0001001
3DL-5PM,3D Lotto 5PM,"[""4"", ""8"", ""9""]",4-8-9,2025-10-11,17:00,4500,9,lottomatik,3DLS0001001
2DL-9PM,2D Lotto 9PM,"[""23"", ""27""]",23-27,2025-10-11,21:00,4000,9,lottomatik,2DLS0001002
3DL-9PM,3D Lotto 9PM,"[""3"", ""8"", ""7""]",3-8-7,2025-10-11,21:00,4500,11,lottomatik,3DLS0001002
6DL,6D Lotto,"[""7"", ""9"", ""7"", ""2"", ""4"", ""8""]",7-9-7-2-4-8,2025-10-11,21:00,1716186,1,lottomatik,6DLS0000143
GL55,Grand Lotto 6/55,"[""15"", ""37"", ""17"", ""26"", ""06"", ""40""]",15-37-17-26-06-40,2025-10-11,21:00,29700000,0,lottomatik,GL55S0000144
LOTTO42,Lotto 6/42,"[""01"", ""04"", ""30"", ""09"", ""06"", ""37""]",01-04-30-09-06-37,2025-10-11,21:00,19051981.2,0,lottomatik,LOTTO42S0000143
2DL-2PM,2D Lotto 2PM,"[""01"", ""18""]",01-18,2025-10-12,14:00,4000,11,lottomatik,2DLS0001003
3DL-2PM,3D Lotto 2PM,"[""8"", ""0"", ""2""]",8-0-2,2025-10-12,14:00,4500,3,lottomatik,3DLS0001003
2DL-5PM,2D Lotto 5PM,"[""17"", ""03""]",17-03,2025-10-12,17:00,4000,0,lottomatik,2DLS0001004
3DL-5PM,3D Lotto 5PM,"[""1"", ""9"", ""1""]",1-9-1,2025-10-12,17:00,4500,3,lottomatik,3DLS0001004
2DL-9PM,2D Lotto 9PM,"[""12"", ""03""]",12-03,2025-10-12,21:00,4000,40,lottomatik,2DLS0001005
3DL-9PM,3D Lotto 9PM,"[""0"", ""2"", ""8""]",0-2-8,2025-10-12,21:00,4500,5,lottomatik,3DLS0001005
SL49,Superlotto 6/49,"[""28"", ""11"", ""16"", ""36"", ""04"", ""13""]",28-11-16-36-04-13,2025-10-12,21:00,92574296.6,0,lottomatik,SL49S0000144
UL58,Ultra Lotto 6/58,"[""32"", ""41"", ""04"", ""16"", ""11"", ""30""]",32-41-04-16-11-30,2025-10-12,21:00,49500000,0,lottomatik,UL58S0000144
2DL-2PM,2D Lotto 2PM,"[""11"", ""18""]",11-18,2025-10-13,14:00,4000,3,lottomatik,2DLS0001006
3DL-2PM,3D Lotto 2PM,"[""3"", ""8"", ""0""]",3-8-0,2025-10-13,14:00,4500,5,lottomatik,3DLS0001006
2DL-5PM,2D Lotto 5PM,"[""28"", ""05""]",28-05,2025-10-13,17:00,4000,1,lottomatik,2DLS0001007
3DL-5PM,3D Lotto 5PM,"[""9"", ""7"", ""6""]",9-7-6,2025-10-13,17:00,4500,2,lottomatik,3DLS0001007
2DL-9PM,2D Lotto 9PM,"[""22"", ""04""]",22-04,2025-10-13,21:00,4000,5,lottomatik,2DLS0001008
3DL-9PM,3D Lotto 9PM,"[""0"", ""0"", ""2""]",0-0-2,2025-10-13,21:00,4500,3,lottomatik,3DLS0001008
4DL,4D Lotto,"[""5"", ""8"", ""5"", ""6""]",5-8-5-6,2025-10-13,21:00,896994,18,lottomatik,4DLS0000144
GL55,Grand Lotto 6/55,"[""39"", ""55"", ""01"", ""02"", ""31"", ""12""]",39-55-01-02-31-12,2025-10-13,21:00,29700000,0,lottomatik,GL55S0000145
ML45,Megalotto 6/45,"[""38"", ""19"", ""16"", ""35"", ""18"", ""41""]",38-19-16-35-18-41,2025-10-13,21:00,8910000,0,lottomatik,ML45S0000144
2DL-2PM,2D Lotto 2PM,"[""10"", ""21""]",10-21,2025-10-14,14:00,4000,26,lottomatik,2DLS0001009
3DL-2PM,3D Lotto 2PM,"[""9"", ""8"", ""5""]",9-8-5,2025-10-14,14:00,4500,3,lottomatik,3DLS0001009
2DL-5PM,2D Lotto 5PM,"[""11"", ""14""]",11-14,2025-10-14,17:00,4000,0,lottomatik,2DLS0001010
3DL-5PM,3D Lotto 5PM,"[""2"", ""1"", ""6""]",2-1-6,2025-10-14,17:00,4500,6,lottomatik,3DLS0001010
2DL-9PM,2D Lotto 9PM,"[""02"", ""28""]",02-28,2025-10-14,21:00,4000,3,lottomatik,2DLS0001011
3DL-9PM,3D Lotto 9PM,"[""8"", ""3"", ""0""]",8-3-0,2025-10-14,21:00,4500,6,lottomatik,3DLS0001011
6DL,6D Lotto,"[""8"", ""0"", ""9"", ""2"", ""9"", ""0""]",8-0-9-2-9-0,2025-10-14,21:00,565637.12,0,lottomatik,6DLS0000144
LOTTO42,Lotto 6/42,"[""35"", ""23"", ""02"", ""03"", ""01"", ""38""]",35-23-02-03-01-38,2025-10-14,21:00,22519004.8,0,lottomatik,LOTTO42S0000144
SL49,Superlotto 6/49,"[""41"", ""01"", ""32"", ""26"", ""38"", ""49""]",41-01-32-26-38-49,2025-10-14,21:00,98498935.6,0,lottomatik,SL49S0000145
UL58,Ultra Lotto 6/58,"[""51"", ""31"", ""22"", ""48"", ""44"", ""34""]",51-31-22-48-44-34,2025-10-14,21:00,49500000,0,lottomatik,UL58S0000145
2DL-2PM,2D Lotto 2PM,"[""14"", ""02""]",14-02,2025-10-15,14:00,4000,4,lottomatik,2DLS0001012
3DL-2PM,3D Lotto 2PM,"[""0"", ""6"", ""8""]",0-6-8,2025-10-15,14:00,4500,14,lottomatik,3DLS0001012
2DL-5PM,2D Lotto 5PM,"[""28"", ""26""]",28-26,2025-10-15,17:00,4000,0,lottomatik,2DLS0001013
3DL-5PM,3D Lotto 5PM,"[""2"", ""3"", ""7""]",2-3-7,2025-10-15,17:00,4500,2,lottomatik,3DLS0001013
2DL-9PM,2D Lotto 9PM,"[""10"", ""27""]",10-27,2025-10-15,21:00,4000,14,lottomatik,2DLS0001014
3DL-9PM,3D Lotto 9PM,"[""8"", ""7"", ""4""]",8-7-4,2025-10-15,21:00,4500,10,lottomatik,3DLS0001014
4DL,4D Lotto,"[""2"", ""4"", ""2"", ""7""]",2-4-2-7,2025-10-15,21:00,1270000,127,lottomatik,4DLS0000145
GL55,Grand Lotto 6/55,"[""22"", ""46"", ""24"", ""04"", ""23"", ""38""]",22-46-24-04-23-38,2025-10-15,21:00,29700000,0,lottomatik,GL55S0000146
ML45,Megalotto 6/45,"[""34"", ""11"", ""08"", ""39"", ""01"", ""38""]",34-11-08-39-01-38,2025-10-15,21:00,9901989.6,0,lottomatik,ML45S0000145
2DL-2PM,2D Lotto 2PM,"[""29"", ""11""]",29-11,2025-10-16,14:00,4000,26,lottomatik,2DLS0001015
3DL-2PM,3D Lotto 2PM,"[""4"", ""6"", ""8""]",4-6-8,2025-10-16,14:00,4500,6,lottomatik,3DLS0001015
2DL-5PM,2D Lotto 5PM,"[""19"", ""07""]",19-07,2025-10-16,17:00,4000,1,lottomatik,2DLS0001016
3DL-5PM,3D Lotto 5PM,"[""6"", ""0"", ""4""]",6-0-4,2025-10-16,17:00,4500,9,lottomatik,3DLS0001016
2DL-9PM,2D Lotto 9PM,"[""01"", ""14""]",01-14,2025-10-16,21:00,4000,2,lottomatik,2DLS0001017
3DL-9PM,3D Lotto 9PM,"[""5"", ""9"", ""4""]",5-9-4,2025-10-16,21:00,4500,4,lottomatik,3DLS0001017
6DL,6D Lotto,"[""7"", ""8"", ""3"", ""9"", ""8"", ""7""]",7-8-3-9-8-7,2025-10-16,21:00,1357895.72,0,lottomatik,6DLS0000145
LOTTO42,Lotto 6/42,"[""39"", ""24"", ""11"", ""07"", ""12"", ""21""]",39-24-11-07-12-21,2025-10-16,21:00,26433423.6,0,lottomatik,LOTTO42S0000145
SL49,Superlotto 6/49,"[""41"", ""02"", ""38"", ""37"", ""22"", ""44""]",41-02-38-37-22-44,2025-10-16,21:00,105467873.6,0,lottomatik,SL49S0000146
2DL-2PM,2D Lotto 2PM,"[""01"", ""05""]",01-05,2025-10-17,14:00,4000,7,lottomatik,2DLS0001018
3DL-2PM,3D Lotto 2PM,"[""6"", ""3"", ""3""]",6-3-3,2025-10-17,14:00,4500,7,lottomatik,3DLS0001018
2DL-5PM,2D Lotto 5PM,"[""15"", ""13""]",15-13,2025-10-17,17:00,4000,0,lottomatik,2DLS0001019
3DL-5PM,3D Lotto 5PM,"[""7"", ""2"", ""4""]",7-2-4,2025-10-17,17:00,4500,5,lottomatik,3DLS0001019
2DL-9PM,2D Lotto 9PM,"[""11"", ""24""]",11-24,2025-10-17,21:00,4000,11,lottomatik,2DLS0001020
3DL-9PM,3D Lotto 9PM,"[""9"", ""4"", ""3""]",9-4-3,2025-10-17,21:00,4500,6,lottomatik,3DLS0001020
4DL,4D Lotto,"[""1"", ""2"", ""2"", ""9""]",1-2-2-9,2025-10-17,21:00,2230000,223,lottomatik,4DLS0000146
ML45,Megalotto 6/45,"[""01"", ""25"", ""43"", ""18"", ""06"", ""23""]",01-25-43-18-06-23,2025-10-17,21:00,13382542.6,0,lottomatik,ML45S0000146
UL58,Ultra Lotto 6/58,"[""02"", ""32"", ""30"", ""05"", ""54"", ""52""]",02-32-30-05-54-52,2025-10-17,21:00,49500000,0,lottomatik,UL58S0000146
2DL-2PM,2D Lotto 2PM,"[""07"", ""02""]",07-02,2025-10-18,14:00,4000,9,lottomatik,2DLS0001021
3DL-2PM,3D Lotto 2PM,"[""2"", ""5"", ""2""]",2-5-2,2025-10-18,14:00,4500,14,lottomatik,3DLS0001021
2DL-5PM,2D Lotto 5PM,"[""22"", ""11""]",22-11,2025-10-18,17:00,4000,4,lottomatik,2DLS0001022
3DL-5PM,3D Lotto 5PM,"[""7"", ""8"", ""0""]",7-8-0,2025-10-18,17:00,4500,2,lottomatik,3DLS0001022
2DL-9PM,2D Lotto 9PM,"[""03"", ""20""]",03-20,2025-10-18,21:00,4000,7,lottomatik,2DLS0001023
3DL-9PM,3D Lotto 9PM,"[""5"", ""2"", ""9""]",5-2-9,2025-10-18,21:00,4500,12,lottomatik,3DLS0001023
6DL,6D Lotto,"[""6"", ""6"", ""2"", ""2"", ""0"", ""1""]",6-6-2-2-0-1,2025-10-18,21:00,1833190.44,0,lottomatik,6DLS0000146
GL55,Grand Lotto 6/55,"[""05"", ""35"", ""27"", ""52"", ""39"", ""28""]",05-35-27-52-39-28,2025-10-18,21:00,29700000,0,lottomatik,GL55S0000147
LOTTO42,Lotto 6/42,"[""12"", ""25"", ""26"", ""06"", ""14"", ""38""]",12-25-26-06-14-38,2025-10-18,21:00,30933067,0,lottomatik,LOTTO42S0000146
2DL-2PM,2D Lotto 2PM,"[""02"", ""28""]",02-28,2025-10-19,14:00,4000,8,lottomatik,2DLS0001024
3DL-2PM,3D Lotto 2PM,"[""8"", ""4"", ""0""]",8-4-0,2025-10-19,14:00,4500,3,lottomatik,3DLS0001024
2DL-5PM,2D Lotto 5PM,"[""18"", ""31""]",18-31,2025-10-19,17:00,4000,0,lottomatik,2DLS0001025
3DL-5PM,3D Lotto 5PM,"[""8"", ""1"", ""2""]",8-1-2,2025-10-19,17:00,4500,3,lottomatik,3DLS0001025
2DL-9PM,2D Lotto 9PM,"[""18"", ""05""]",18-05,2025-10-19,21:00,4000,10,lottomatik,2DLS0001026
3DL-9PM,3D Lotto 9PM,"[""8"", ""1"", ""4""]",8-1-4,2025-10-19,21:00,4500,21,lottomatik,3DLS0001026
SL49,Superlotto 6/49,"[""42"", ""28"", ""39"", ""29"", ""26"", ""10""]",42-28-39-29-26-10,2025-10-19,21:00,112796478.4,0,lottomatik,SL49S0000147
UL58,Ultra Lotto 6/58,"[""16"", ""09"", ""25"", ""17"", ""10"", ""15""]",16-09-25-17-10-15,2025-10-19,21:00,50952075.8,2,lottomatik,UL58S0000147
2DL-2PM,2D Lotto 2PM,"[""10"", ""16""]",10-16,2025-10-20,14:00,4000,8,lottomatik,2DLS0001027
3DL-2PM,3D Lotto 2PM,"[""2"", ""6"", ""6""]",2-6-6,2025-10-20,14:00,4500,2,lottomatik,3DLS0001027
2DL-5PM,2D Lotto 5PM,"[""20"", ""22""]",20-22,2025-10-20,17:00,4000,4,lottomatik,2DLS0001028
3DL-5PM,3D Lotto 5PM,"[""0"", ""4"", ""5""]",0-4-5,2025-10-20,17:00,4500,3,lottomatik,3DLS0001028
2DL-9PM,2D Lotto 9PM,"[""01"", ""04""]",01-04,2025-10-20,21:00,4000,8,lottomatik,2DLS0001029
3DL-9PM,3D Lotto 9PM,"[""2"", ""7"", ""8""]",2-7-8,2025-10-20,21:00,4500,5,lottomatik,3DLS0001029
4DL,4D Lotto,"[""2"", ""7"", ""3"", ""1""]",2-7-3-1,2025-10-20,21:00,738916,62,lottomatik,4DLS0000147
GL55,Grand Lotto 6/55,"[""50"", ""51"", ""18"", ""12"", ""15"", ""23""]",50-51-18-12-15-23,2025-10-20,21:00,29700000,0,lottomatik,GL55S0000148
ML45,Megalotto 6/45,"[""20"", ""06"", ""40"", ""24"", ""29"", ""41""]",20-06-40-24-29-41,2025-10-20,21:00,17099766.4,0,lottomatik,ML45S0000147
2DL-2PM,2D Lotto 2PM,"[""25"", ""18""]",25-18,2025-10-21,14:00,4000,13,lottomatik,2DLS0001030
3DL-2PM,3D Lotto 2PM,"[""8"", ""4"", ""2""]",8-4-2,2025-10-21,14:00,4500,11,lottomatik,3DLS0001030
2DL-5PM,2D Lotto 5PM,"[""28"", ""27""]",28-27,2025-10-21,17:00,4000,1,lottomatik,2DLS0001031
3DL-5PM,3D Lotto 5PM,"[""8"", ""8"", ""3""]",8-8-3,2025-10-21,17:00,4500,0,lottomatik,3DLS0001031
2DL-9PM,2D Lotto 9PM,"[""08"", ""31""]",08-31,2025-10-21,21:00,4000,4,lottomatik,2DLS0001032
3DL-9PM,3D Lotto 9PM,"[""8"", ""6"", ""2""]",8-6-2,2025-10-21,21:00,4500,10,lottomatik,3DLS0001032
6DL,6D Lotto,"[""5"", ""8"", ""5"", ""4"", ""2"", ""5""]",5-8-5-4-2-5,2025-10-21,21:00,2093522.4,0,lottomatik,6DLS0000147
LOTTO42,Lotto 6/42,"[""15"", ""11"", ""33"", ""30"", ""07"", ""21""]",15-11-33-30-07-21,2025-10-21,21:00,34864065.2,0,lottomatik,LOTTO42S0000147
SL49,Superlotto 6/49,"[""31"", ""04"", ""36"", ""27"", ""02"", ""39""]",31-04-36-27-02-39,2025-10-21,21:00,119716186.8,0,lottomatik,SL49S0000148
UL58,Ultra Lotto 6/58,"[""34"", ""29"", ""04"", ""17"", ""15"", ""32""]",34-29-04-17-15-32,2025-10-21,21:00,49500000,0,lottomatik,UL58S0000148
2DL-2PM,2D Lotto 2PM,"[""11"", ""24""]",11-24,2025-10-22,14:00,4000,5,lottomatik,2DLS0001033
3DL-2PM,3D Lotto 2PM,"[""6"", ""3"", ""4""]",6-3-4,2025-10-22,14:00,4500,7,lottomatik,3DLS0001033
2DL-5PM,2D Lotto 5PM,"[""15"", ""26""]",15-26,2025-10-22,17:00,4000,3,lottomatik,2DLS0001034
3DL-5PM,3D Lotto 5PM,"[""0"", ""0"", ""3""]",0-0-3,2025-10-22,17:00,4500,1,lottomatik,3DLS0001034
2DL-9PM,2D Lotto 9PM,"[""29"", ""22""]",29-22,2025-10-22,21:00,4000,14,lottomatik,2DLS0001035
3DL-9PM,3D Lotto 9PM,"[""2"", ""3"", ""7""]",2-3-7,2025-10-22,21:00,4500,14,lottomatik,3DLS0001035
4DL,4D Lotto,"[""4"", ""9"", ""9"", ""7""]",4-9-9-7,2025-10-22,21:00,978992,8,lottomatik,4DLS0000148
GL55,Grand Lotto 6/55,"[""44"", ""22"", ""02"", ""42"", ""26"", ""39""]",44-22-02-42-26-39,2025-10-22,21:00,29700000,0,lottomatik,GL55S0000149
ML45,Megalotto 6/45,"[""05"", ""25"", ""10"", ""04"", ""08"", ""42""]",05-25-10-04-08-42,2025-10-22,21:00,20724724.8,0,lottomatik,ML45S0000148
2DL-2PM,2D Lotto 2PM,"[""19"", ""21""]",19-21,2025-10-23,14:00,4000,5,lottomatik,2DLS0001036
3DL-2PM,3D Lotto 2PM,"[""3"", ""9"", ""1""]",3-9-1,2025-10-23,14:00,4500,17,lottomatik,3DLS0001036
2DL-5PM,2D Lotto 5PM,"[""22"", ""20""]",22-20,2025-10-23,17:00,4000,0,lottomatik,2DLS0001037
3DL-5PM,3D Lotto 5PM,"[""9"", ""6"", ""9""]",9-6-9,2025-10-23,17:00,4500,0,lottomatik,3DLS0001037
2DL-9PM,2D Lotto 9PM,"[""09"", ""26""]",09-26,2025-10-23,21:00,4000,6,lottomatik,2DLS0001038
3DL-9PM,3D Lotto 9PM,"[""9"", ""9"", ""2""]",9-9-2,2025-10-23,21:00,4500,18,lottomatik,3DLS0001038
6DL,6D Lotto,"[""8"", ""1"", ""2"", ""0"", ""4"", ""4""]",8-1-2-0-4-4,2025-10-23,21:00,2629354,1,lottomatik,6DLS0000148
LOTTO42,Lotto 6/42,"[""12"", ""23"", ""24"", ""29"", ""20"", ""26""]",12-23-24-29-20-26,2025-10-23,21:00,39093928.4,0,lottomatik,LOTTO42S0000148
SL49,Superlotto 6/49,"[""25"", ""14"", ""26"", ""40"", ""04"", ""22""]",25-14-26-40-04-22,2025-10-23,21:00,127118438.8,0,lottomatik,SL49S0000149
2DL-2PM,2D Lotto 2PM,"[""09"", ""03""]",09-03,2025-10-24,14:00,4000,3,lottomatik,2DLS0001039
3DL-2PM,3D Lotto 2PM,"[""3"", ""8"", ""8""]",3-8-8,2025-10-24,14:00,4500,0,lottomatik,3DLS0001039
2DL-5PM,2D Lotto 5PM,"[""19"", ""19""]",19-19,2025-10-24,17:00,4000,0,lottomatik,2DLS0001040
3DL-5PM,3D Lotto 5PM,"[""3"", ""1"", ""6""]",3-1-6,2025-10-24,17:00,4500,9,lottomatik,3DLS0001040
2DL-9PM,2D Lotto 9PM,"[""28"", ""30""]",28-30,2025-10-24,21:00,4000,5,lottomatik,2DLS0001041
3DL-9PM,3D Lotto 9PM,"[""0"", ""9"", ""9""]",0-9-9,2025-10-24,21:00,4500,6,lottomatik,3DLS0001041
4DL,4D Lotto,"[""8"", ""2"", ""6"", ""4""]",8-2-6-4,2025-10-24,21:00,852085,65,lottomatik,4DLS0000149
ML45,Megalotto 6/45,"[""08"", ""25"", ""41"", ""32"", ""34"", ""01""]",08-25-41-32-34-01,2025-10-24,21:00,24469530.4,0,lottomatik,ML45S0000149
UL58,Ultra Lotto 6/58,"[""35"", ""15"", ""23"", ""49"", ""06"", ""39""]",35-15-23-49-06-39,2025-10-24,21:00,49500000,0,lottomatik,UL58S0000149
2DL-2PM,2D Lotto 2PM,"[""05"", ""20""]",05-20,2025-10-25,14:00,4000,4,lottomatik,2DLS0001042
3DL-2PM,3D Lotto 2PM,"[""8"", ""3"", ""8""]",8-3-8,2025-10-25,14:00,4500,2,lottomatik,3DLS0001042
2DL-5PM,2D Lotto 5PM,"[""20"", ""14""]",20-14,2025-10-25,17:00,4000,3,lottomatik,2DLS0001043
3DL-5PM,3D Lotto 5PM,"[""4"", ""2"", ""0""]",4-2-0,2025-10-25,17:00,4500,6,lottomatik,3DLS0001043
2DL-9PM,2D Lotto 9PM,"[""08"", ""09""]",08-09,2025-10-25,21:00,4000,8,lottomatik,2DLS0001044
3DL-9PM,3D Lotto 9PM,"[""5"", ""3"", ""6""]",5-3-6,2025-10-25,21:00,4500,9,lottomatik,3DLS0001044
6DL,6D Lotto,"[""6"", ""8"", ""6"", ""3"", ""9"", ""8""]",6-8-6-3-9-8,2025-10-25,21:00,676224.92,0,lottomatik,6DLS0000149
GL55,Grand Lotto 6/55,"[""49"", ""08"", ""12"", ""29"", ""22"", ""18""]",49-08-12-29-22-18,2025-10-25,21:00,29700000,0,lottomatik,GL55S0000150
LOTTO42,Lotto 6/42,"[""08"", ""32"", ""20"", ""36"", ""05"", ""12""]",08-32-20-36-05-12,2025-10-25,21:00,44203730,0,lottomatik,LOTTO42S0000149
2DL-2PM,2D Lotto 2PM,"[""06"", ""08""]",06-08,2025-10-26,14:00,4000,22,lottomatik,2DLS0001045
3DL-2PM,3D Lotto 2PM,"[""3"", ""5"", ""1""]",3-5-1,2025-10-26,14:00,4500,13,lottomatik,3DLS0001045
2DL-5PM,2D Lotto 5PM,"[""14"", ""22""]",14-22,2025-10-26,17:00,4000,3,lottomatik,2DLS0001046
3DL-5PM,3D Lotto 5PM,"[""4"", ""3"", ""5""]",4-3-5,2025-10-26,17:00,4500,2,lottomatik,3DLS0001046
2DL-9PM,2D Lotto 9PM,"[""12"", ""12""]",12-12,2025-10-26,21:00,4000,14,lottomatik,2DLS0001047
3DL-9PM,3D Lotto 9PM,"[""8"", ""1"", ""4""]",8-1-4,2025-10-26,21:00,4500,5,lottomatik,3DLS0001047
SL49,Superlotto 6/49,"[""22"", ""18"", ""42"", ""21"", ""31"", ""38""]",22-18-42-21-31-38,2025-10-26,21:00,135324834.8,0,lottomatik,SL49S0000150
UL58,Ultra Lotto 6/58,"[""46"", ""49"", ""08"", ""43"", ""10"", ""40""]",46-49-08-43-10-40,2025-10-26,21:00,49500000,0,lottomatik,UL58S0000150
2DL-2PM,2D Lotto 2PM,"[""13"", ""12""]",13-12,2025-10-27,14:00,4000,2,lottomatik,2DLS0001048
3DL-2PM,3D Lotto 2PM,"[""6"", ""2"", ""9""]",6-2-9,2025-10-27,14:00,4500,9,lottomatik,3DLS0001048
2DL-5PM,2D Lotto 5PM,"[""14"", ""20""]",14-20,2025-10-27,17:00,4000,1,lottomatik,2DLS0001049
3DL-5PM,3D Lotto 5PM,"[""8"", ""7"", ""2""]",8-7-2,2025-10-27,17:00,4500,4,lottomatik,3DLS0001049
2DL-9PM,2D Lotto 9PM,"[""09"", ""05""]",09-05,2025-10-27,21:00,4000,9,lottomatik,2DLS0001050
3DL-9PM,3D Lotto 9PM,"[""2"", ""8"", ""5""]",2-8-5,2025-10-27,21:00,4500,17,lottomatik,3DLS0001050
4DL,4D Lotto,"[""2"", ""6"", ""6"", ""9""]",2-6-6-9,2025-10-27,21:00,791231,17,lottomatik,4DLS0000150
GL55,Grand Lotto 6/55,"[""14"", ""39"", ""42"", ""35"", ""25"", ""30""]",14-39-42-35-25-30,2025-10-27,21:00,91000000,0,lottomatik,GL55S0000151
ML45,Megalotto 6/45,"[""17"", ""09"", ""40"", ""21"", ""04"", ""03""]",17-09-40-21-04-03,2025-10-27,21:00,28325304,0,lottomatik,ML45S0000150
2DL-2PM,2D Lotto 2PM,"[""13"", ""14""]",13-14,2025-10-28,14:00,4000,6,lottomatik,2DLS0001051
3DL-2PM,3D Lotto 2PM,"[""0"", ""0"", ""6""]",0-0-6,2025-10-28,14:00,4500,4,lottomatik,3DLS0001051
2DL-5PM,2D Lotto 5PM,"[""25"", ""06""]",25-06,2025-10-28,17:00,4000,1,lottomatik,2DLS0001052
3DL-5PM,3D Lotto 5PM,"[""8"", ""1"", ""6""]",8-1-6,2025-10-28,17:00,4500,4,lottomatik,3DLS0001052
2DL-9PM,2D Lotto 9PM,"[""31"", ""14""]",31-14,2025-10-28,21:00,4000,5,lottomatik,2DLS0001053
3DL-9PM,3D Lotto 9PM,"[""7"", ""2"", ""1""]",7-2-1,2025-10-28,21:00,4500,13,lottomatik,3DLS0001053
6DL,6D Lotto,"[""0"", ""9"", ""5"", ""7"", ""6"", ""9""]",0-9-5-7-6-9,2025-10-28,21:00,846369.12,0,lottomatik,6DLS0000150
LOTTO42,Lotto 6/42,"[""18"", ""36"", ""41"", ""28"", ""35"", ""25""]",18-36-41-28-35-25,2025-10-28,21:00,48513678.2,0,lottomatik,LOTTO42S0000150
SL49,Superlotto 6/49,"[""12"", ""07"", ""37"", ""28"", ""23"", ""48""]",12-07-37-28-23-48,2025-10-28,21:00,142603737.2,0,lottomatik,SL49S0000151
UL58,Ultra Lotto 6/58,"[""37"", ""16"", ""23"", ""05"", ""51"", ""57""]",37-16-23-05-51-57,2025-10-28,21:00,91000000,0,lottomatik,UL58S0000151
2DL-5PM,2D Lotto 5PM,"[""04"", ""17""]",04-17,2025-10-29,17:00,4000,0,lottomatik,2DLS0001055
2DL-9PM,2D Lotto 9PM,"[""28"", ""13""]",28-13,2025-10-29,21:00,4000,5,lottomatik,2DLS0001056
3DL-9PM,3D Lotto 9PM,"[""1"", ""4"", ""6""]",1-4-6,2025-10-29,21:00,4500,8,lottomatik,3DLS0001056
4DL,4D Lotto,"[""4"", ""1"", ""9"", ""5""]",4-1-9-5,2025-10-29,21:00,962740,20,lottomatik,4DLS0000151
GL55,Grand Lotto 6/55,"[""41"", ""03"", ""49"", ""48"", ""13"", ""19""]",41-03-49-48-13-19,2025-10-29,21:00,91000000,0,lottomatik,GL55S0000152
ML45,Megalotto 6/45,"[""24"", ""29"", ""36"", ""09"", ""38"", ""43""]",24-29-36-09-38-43,2025-10-29,21:00,32180229.6,0,lottomatik,ML45S0000151
2DL-2PM,2D Lotto 2PM,"[""24"", ""08""]",24-08,2025-10-30,14:00,4000,4,lottomatik,2DLS0001057
3DL-2PM,3D Lotto 2PM,"[""1"", ""1"", ""5""]",1-1-5,2025-10-30,14:00,4500,13,lottomatik,3DLS0001057
2DL-5PM,2D Lotto 5PM,"[""17"", ""20""]",17-20,2025-10-30,17:00,4000,0,lottomatik,2DLS0001058
2DL-9PM,2D Lotto 9PM,"[""06"", ""01""]",06-01,2025-10-30,21:00,4000,22,lottomatik,2DLS0001059
3DL-9PM,3D Lotto 9PM,"[""9"", ""1"", ""3""]",9-1-3,2025-10-30,21:00,4500,4,lottomatik,3DLS0001059
6DL,6D Lotto,"[""9"", ""1"", ""1"", ""5"", ""5"", ""1""]",9-1-1-5-5-1,2025-10-30,21:00,1354525.04,0,lottomatik,6DLS0000151
LOTTO42,Lotto 6/42,"[""03"", ""28"", ""08"", ""07"", ""41"", ""23""]",03-28-08-07-41-23,2025-10-30,21:00,53103612.8,0,lottomatik,LOTTO42S0000151
SL49,Superlotto 6/49,"[""10"", ""45"", ""03"", ""19"", ""04"", ""13""]",10-45-03-19-04-13,2025-10-30,21:00,150230626.8,0,lottomatik,SL49S0000152
2DL-2PM,2D Lotto 2PM,"[""29"", ""17""]",29-17,2025-10-31,14:00,4000,0,lottomatik,2DLS0001060
3DL-2PM,3D Lotto 2PM,"[""1"", ""0"", ""6""]",1-0-6,2025-10-31,14:00,4500,7,lottomatik,3DLS0001060
2DL-5PM,2D Lotto 5PM,"[""26"", ""08""]",26-08,2025-10-31,17:00,4000,6,lottomatik,2DLS0001061
3DL-5PM,3D Lotto 5PM,"[""2"", ""6"", ""9""]",2-6-9,2025-10-31,17:00,4500,6,lottomatik,3DLS0001061
2DL-9PM,2D Lotto 9PM,"[""30"", ""24""]",30-24,2025-10-31,21:00,4000,1,lottomatik,2DLS0001062
3DL-9PM,3D Lotto 9PM,"[""9"", ""3"", ""3""]",9-3-3,2025-10-31,21:00,4500,5,lottomatik,3DLS0001062
4DL,4D Lotto,"[""7"", ""8"", ""5"", ""1""]",7-8-5-1,2025-10-31,21:00,915656,14,lottomatik,4DLS0000152
ML45,Megalotto 6/45,"[""08"", ""27"", ""45"", ""42"", ""33"", ""15""]",08-27-45-42-33-15,2025-10-31,21:00,36109825,0,lottomatik,ML45S0000152
UL58,Ultra Lotto 6/58,"[""20"", ""12"", ""07"", ""17"", ""31"", ""39""]",20-12-07-17-31-39,2025-10-31,21:00,91000000,0,lottomatik,UL58S0000152
2DL-2PM,2D Lotto 2PM,"[""14"", ""12""]",14-12,2025-11-01,14:00,4000,1,lottomatik,2DLS0001063
3DL-2PM,3D Lotto 2PM,"[""1"", ""3"", ""9""]",1-3-9,2025-11-01,14:00,4500,2,lottomatik,3DLS0001063
2DL-5PM,2D Lotto 5PM,"[""28"", ""15""]",28-15,2025-11-01,17:00,4000,1,lottomatik,2DLS0001064
3DL-5PM,3D Lotto 5PM,"[""7"", ""0"", ""2""]",7-0-2,2025-11-01,17:00,4500,5,lottomatik,3DLS0001064
2DL-9PM,2D Lotto 9PM,"[""07"", ""12""]",07-12,2025-11-01,21:00,4000,6,lottomatik,2DLS0001065
3DL-9PM,3D Lotto 9PM,"[""0"", ""5"", ""1""]",0-5-1,2025-11-01,21:00,4500,1,lottomatik,3DLS0001065
6DL,6D Lotto,"[""6"", ""5"", ""9"", ""4"", ""7"", ""7""]",6-5-9-4-7-7,2025-11-01,21:00,2010112.84,0,lottomatik,6DLS0000152
GL55,Grand Lotto 6/55,"[""50"", ""12"", ""27"", ""07"", ""47"", ""05""]",50-12-27-07-47-05,2025-11-01,21:00,94305937.6,0,lottomatik,GL55S0000153
LOTTO42,Lotto 6/42,"[""25"", ""31"", ""18"", ""13"", ""29"", ""15""]",25-31-18-13-29-15,2025-11-01,21:00,56954430.2,0,lottomatik,LOTTO42S0000152
2DL-2PM,2D Lotto 2PM,"[""13"", ""27""]",13-27,2025-11-02,14:00,4000,0,lottomatik,2DLS0001066
3DL-2PM,3D Lotto 2PM,"[""0"", ""0"", ""3""]",0-0-3,2025-11-02,14:00,4500,4,lottomatik,3DLS0001066
2DL-5PM,2D Lotto 5PM,"[""28"", ""05""]",28-05,2025-11-02,17:00,4000,0,lottomatik,2DLS0001067
3DL-5PM,3D Lotto 5PM,"[""9"", ""8"", ""6""]",9-8-6,2025-11-02,17:00,4500,0,lottomatik,3DLS0001067
2DL-9PM,2D Lotto 9PM,"[""03"", ""21""]",03-21,2025-11-02,21:00,4000,7,lottomatik,2DLS0001068
3DL-9PM,3D Lotto 9PM,"[""9"", ""6"", ""8""]",9-6-8,2025-11-02,21:00,4500,2,lottomatik,3DLS0001068
SL49,Superlotto 6/49,"[""33"", ""26"", ""37"", ""24"", ""36"", ""45""]",33-26-37-24-36-45,2025-11-02,21:00,158096172.4,0,lottomatik,SL49S0000153
UL58,Ultra Lotto 6/58,"[""30"", ""28"", ""47"", ""50"", ""19"", ""51""]",30-28-47-50-19-51,2025-11-02,21:00,94585380,0,lottomatik,UL58S0000153
2DL-2PM,2D Lotto 2PM,"[""23"", ""24""]",23-24,2025-11-03,14:00,4000,0,lottomatik,2DLS0001069
3DL-2PM,3D Lotto 2PM,"[""7"", ""2"", ""3""]",7-2-3,2025-11-03,14:00,4500,5,lottomatik,3DLS0001069
2DL-5PM,2D Lotto 5PM,"[""14"", ""06""]",14-06,2025-11-03,17:00,4000,0,lottomatik,2DLS0001070
3DL-5PM,3D Lotto 5PM,"[""2"", ""8"", ""3""]",2-8-3,2025-11-03,17:00,4500,0,lottomatik,3DLS0001070
2DL-9PM,2D Lotto 9PM,"[""05"", ""23""]",05-23,2025-11-03,21:00,4000,10,lottomatik,2DLS0001071
3DL-9PM,3D Lotto 9PM,"[""7"", ""5"", ""4""]",7-5-4,2025-11-03,21:00,4500,1,lottomatik,3DLS0001071
4DL,4D Lotto,"[""6"", ""6"", ""3"", ""5""]",6-6-3-5,2025-11-03,21:00,863450,10,lottomatik,4DLS0000153
GL55,Grand Lotto 6/55,"[""42"", ""41"", ""21"", ""05"", ""45"", ""11""]",42-41-21-05-45-11,2025-11-03,21:00,98059716.2,0,lottomatik,GL55S0000154
ML45,Megalotto 6/45,"[""01"", ""32"", ""41"", ""43"", ""21"", ""45""]",01-32-41-43-21-45,2025-11-03,21:00,39705010.4,0,lottomatik,ML45S0000153
2DL-2PM,2D Lotto 2PM,"[""25"", ""07""]",25-07,2025-11-04,14:00,4000,3,lottomatik,2DLS0001072
3DL-2PM,3D Lotto 2PM,"[""2"", ""8"", ""7""]",2-8-7,2025-11-04,14:00,4500,3,lottomatik,3DLS0001072
2DL-5PM,2D Lotto 5PM,"[""17"", ""13""]",17-13,2025-11-04,17:00,4000,1,lottomatik,2DLS0001073
3DL-5PM,3D Lotto 5PM,"[""2"", ""3"", ""8""]",2-3-8,2025-11-04,17:00,4500,7,lottomatik,3DLS0001073
2DL-9PM,2D Lotto 9PM,"[""27"", ""06""]",27-06,2025-11-04,21:00,4000,0,lottomatik,2DLS0001074
3DL-9PM,3D Lotto 9PM,"[""4"", ""7"", ""4""]",4-7-4,2025-11-04,21:00,4500,9,lottomatik,3DLS0001074
6DL,6D Lotto,"[""6"", ""9"", ""3"", ""9"", ""2"", ""6""]",6-9-3-9-2-6,2025-11-04,21:00,2347883,1,lottomatik,6DLS0000153
LOTTO42,Lotto 6/42,"[""10"", ""01"", ""32"", ""04"", ""18"", ""09""]",10-01-32-04-18-09,2025-11-04,21:00,60959533.2,0,lottomatik,LOTTO42S0000153
SL49,Superlotto 6/49,"[""06"", ""10"", ""38"", ""47"", ""08"", ""44""]",06-10-38-47-08-44,2025-11-04,21:00,164438966,0,lottomatik,SL49S0000154
UL58,Ultra Lotto 6/58,"[""37"", ""38"", ""12"", ""02"", ""04"", ""44""]",37-38-12-02-04-44,2025-11-04,21:00,97512472.2,0,lottomatik,UL58S0000154
2DL-2PM,2D Lotto 2PM,"[""06"", ""06""]",06-06,2025-11-05,14:00,4000,5,lottomatik,2DLS0001075
3DL-2PM,3D Lotto 2PM,"[""0"", ""0"", ""0""]",0-0-0,2025-11-05,14:00,4500,0,lottomatik,3DLS0001075
2DL-5PM,2D Lotto 5PM,"[""01"", ""16""]",01-16,2025-11-05,17:00,4000,2,lottomatik,2DLS0001076
3DL-5PM,3D Lotto 5PM,"[""6"", ""3"", ""0""]",6-3-0,2025-11-05,17:00,4500,0,lottomatik,3DLS0001076
2DL-9PM,2D Lotto 9PM,"[""04"", ""13""]",04-13,2025-11-05,21:00,4000,5,lottomatik,2DLS0001077
3DL-9PM,3D Lotto 9PM,"[""1"", ""7"", ""1""]",1-7-1,2025-11-05,21:00,4500,5,lottomatik,3DLS0001077
4DL,4D Lotto,"[""0"", ""0"", ""0"", ""5""]",0-0-0-5,2025-11-05,21:00,741840,24,lottomatik,4DLS0000154
GL55,Grand Lotto 6/55,"[""48"", ""02"", ""51"", ""30"", ""49"", ""20""]",48-02-51-30-49-20,2025-11-05,21:00,102470449.4,0,lottomatik,GL55S0000155
ML45,Megalotto 6/45,"[""28"", ""09"", ""45"", ""34"", ""25"", ""32""]",28-09-45-34-25-32,2025-11-05,21:00,43660828.8,0,lottomatik,ML45S0000154
2DL-2PM,2D Lotto 2PM,"[""26"", ""22""]",26-22,2025-11-06,14:00,4000,2,lottomatik,2DLS0001078
3DL-2PM,3D Lotto 2PM,"[""0"", ""3"", ""9""]",0-3-9,2025-11-06,14:00,4500,0,lottomatik,3DLS0001078
2DL-5PM,2D Lotto 5PM,"[""09"", ""02""]",09-02,2025-11-06,17:00,4000,6,lottomatik,2DLS0001079
3DL-5PM,3D Lotto 5PM,"[""4"", ""3"", ""6""]",4-3-6,2025-11-06,17:00,4500,1,lottomatik,3DLS0001079
2DL-9PM,2D Lotto 9PM,"[""28"", ""26""]",28-26,2025-11-06,21:00,4000,0,lottomatik,2DLS0001080
3DL-9PM,3D Lotto 9PM,"[""0"", ""6"", ""3""]",0-6-3,2025-11-06,21:00,4500,5,lottomatik,3DLS0001080
6DL,6D Lotto,"[""5"", ""2"", ""9"", ""6"", ""6"", ""9""]",5-2-9-6-6-9,2025-11-06,21:00,263009.72,0,lottomatik,6DLS0000154
LOTTO42,Lotto 6/42,"[""04"", ""08"", ""28"", ""36"", ""21"", ""35""]",04-08-28-36-21-35,2025-11-06,21:00,65771261.6,0,lottomatik,LOTTO42S0000154
SL49,Superlotto 6/49,"[""47"", ""48"", ""01"", ""16"", ""11"", ""41""]",47-48-01-16-11-41,2025-11-06,21:00,172090632,0,lottomatik,SL49S0000155
2DL-2PM,2D Lotto 2PM,"[""05"", ""31""]",05-31,2025-11-07,14:00,4000,3,lottomatik,2DLS0001081
3DL-2PM,3D Lotto 2PM,"[""3"", ""8"", ""0""]",3-8-0,2025-11-07,14:00,4500,14,lottomatik,3DLS0001081
2DL-5PM,2D Lotto 5PM,"[""14"", ""20""]",14-20,2025-11-07,17:00,4000,5,lottomatik,2DLS0001082
3DL-5PM,3D Lotto 5PM,"[""6"", ""5"", ""3""]",6-5-3,2025-11-07,17:00,4500,1,lottomatik,3DLS0001082
2DL-9PM,2D Lotto 9PM,"[""29"", ""29""]",29-29,2025-11-07,21:00,4000,4,lottomatik,2DLS0001083
3DL-9PM,3D Lotto 9PM,"[""6"", ""5"", ""0""]",6-5-0,2025-11-07,21:00,4500,6,lottomatik,3DLS0001083
4DL,4D Lotto,"[""6"", ""8"", ""9"", ""1""]",6-8-9-1,2025-11-07,21:00,973947,51,lottomatik,4DLS0000155
ML45,Megalotto 6/45,"[""24"", ""28"", ""36"", ""42"", ""34"", ""08""]",24-28-36-42-34-08,2025-11-07,21:00,47762873.8,0,lottomatik,ML45S0000155
UL58,Ultra Lotto 6/58,"[""18"", ""29"", ""44"", ""50"", ""46"", ""22""]",18-29-44-50-46-22,2025-11-07,21:00,102115334.2,0,lottomatik,UL58S0000155
2DL-2PM,2D Lotto 2PM,"[""17"", ""15""]",17-15,2025-11-08,14:00,4000,2,lottomatik,2DLS0001084
3DL-2PM,3D Lotto 2PM,"[""9"", ""7"", ""8""]",9-7-8,2025-11-08,14:00,4500,1,lottomatik,3DLS0001084
2DL-5PM,2D Lotto 5PM,"[""06"", ""08""]",06-08,2025-11-08,17:00,4000,9,lottomatik,2DLS0001085
3DL-5PM,3D Lotto 5PM,"[""5"", ""4"", ""4""]",5-4-4,2025-11-08,17:00,4500,0,lottomatik,3DLS0001085
2DL-9PM,2D Lotto 9PM,"[""02"", ""05""]",02-05,2025-11-08,21:00,4000,11,lottomatik,2DLS0001086
3DL-9PM,3D Lotto 9PM,"[""1"", ""4"", ""5""]",1-4-5,2025-11-08,21:00,4500,13,lottomatik,3DLS0001086
6DL,6D Lotto,"[""9"", ""3"", ""6"", ""6"", ""3"", ""2""]",9-3-6-6-3-2,2025-11-08,21:00,820744.68,0,lottomatik,6DLS0000155
GL55,Grand Lotto 6/55,"[""03"", ""32"", ""07"", ""37"", ""42"", ""21""]",03-32-07-37-42-21,2025-11-08,21:00,107428105.4,0,lottomatik,GL55S0000156
LOTTO42,Lotto 6/42,"[""01"", ""05"", ""34"", ""18"", ""12"", ""25""]",01-05-34-18-12-25,2025-11-08,21:00,71005392,0,lottomatik,LOTTO42S0000155
2DL-2PM,2D Lotto 2PM,"[""29"", ""13""]",29-13,2025-11-09,14:00,4000,0,lottomatik,2DLS0001087
3DL-2PM,3D Lotto 2PM,"[""3"", ""8"", ""0""]",3-8-0,2025-11-09,14:00,4500,2,lottomatik,3DLS0001087
2DL-5PM,2D Lotto 5PM,"[""09"", ""25""]",09-25,2025-11-09,17:00,4000,9,lottomatik,2DLS0001088
3DL-5PM,3D Lotto 5PM,"[""1"", ""4"", ""0""]",1-4-0,2025-11-09,17:00,4500,3,lottomatik,3DLS0001088
2DL-9PM,2D Lotto 9PM,"[""06"", ""27""]",06-27,2025-11-09,21:00,4000,1,lottomatik,2DLS0001089
3DL-9PM,3D Lotto 9PM,"[""5"", ""0"", ""0""]",5-0-0,2025-11-09,21:00,4500,9,lottomatik,3DLS0001089
SL49,Superlotto 6/49,"[""37"", ""31"", ""06"", ""26"", ""29"", ""14""]",37-31-06-26-29-14,2025-11-09,21:00,178197172,0,lottomatik,SL49S0000156
UL58,Ultra Lotto 6/58,"[""25"", ""07"", ""57"", ""19"", ""22"", ""28""]",25-07-57-19-22-28,2025-11-09,21:00,105139234.2,0,lottomatik,UL58S0000156
2DL-2PM,2D Lotto 2PM,"[""07"", ""26""]",07-26,2025-11-10,14:00,4000,5,lottomatik,2DLS0001090
3DL-2PM,3D Lotto 2PM,"[""2"", ""3"", ""7""]",2-3-7,2025-11-10,14:00,4500,7,lottomatik,3DLS0001090
2DL-5PM,2D Lotto 5PM,"[""03"", ""15""]",03-15,2025-11-10,17:00,4000,4,lottomatik,2DLS0001091
2DL-9PM,2D Lotto 9PM,"[""09"", ""22""]",09-22,2025-11-10,21:00,4000,0,lottomatik,2DLS0001092
3DL-9PM,3D Lotto 9PM,"[""1"", ""5"", ""7""]",1-5-7,2025-11-10,21:00,4500,4,lottomatik,3DLS0001092
4DL,4D Lotto,"[""8"", ""4"", ""8"", ""0""]",8-4-8-0,2025-11-10,21:00,870570,18,lottomatik,4DLS0000156
GL55,Grand Lotto 6/55,"[""53"", ""48"", ""24"", ""36"", ""39"", ""07""]",53-48-24-36-39-07,2025-11-10,21:00,111369858.6,0,lottomatik,GL55S0000157
ML45,Megalotto 6/45,"[""38"", ""27"", ""17"", ""23"", ""31"", ""06""]",38-27-17-23-31-06,2025-11-10,21:00,51306254,0,lottomatik,ML45S0000156
2DL-2PM,2D Lotto 2PM,"[""20"", ""14""]",20-14,2025-11-11,14:00,4000,1,lottomatik,2DLS0001093
3DL-2PM,3D Lotto 2PM,"[""0"", ""9"", ""4""]",0-9-4,2025-11-11,14:00,4500,4,lottomatik,3DLS0001093
2DL-5PM,2D Lotto 5PM,"[""04"", ""31""]",04-31,2025-11-11,17:00,4000,1,lottomatik,2DLS0001094
3DL-5PM,3D Lotto 5PM,"[""0"", ""4"", ""6""]",0-4-6,2025-11-11,17:00,4500,5,lottomatik,3DLS0001094
2DL-9PM,2D Lotto 9PM,"[""07"", ""19""]",07-19,2025-11-11,21:00,4000,11,lottomatik,2DLS0001095
3DL-9PM,3D Lotto 9PM,"[""9"", ""5"", ""6""]",9-5-6,2025-11-11,21:00,4500,11,lottomatik,3DLS0001095
6DL,6D Lotto,"[""5"", ""0"", ""2"", ""8"", ""6"", ""6""]",5-0-2-8-6-6,2025-11-11,21:00,1298975.8,0,lottomatik,6DLS0000156
LOTTO42,Lotto 6/42,"[""34"", ""10"", ""02"", ""16"", ""26"", ""29""]",34-10-02-16-26-29,2025-11-11,21:00,75610006.6,0,lottomatik,LOTTO42S0000156
SL49,Superlotto 6/49,"[""04"", ""25"", ""20"", ""14"", ""12"", ""05""]",04-25-20-14-12-05,2025-11-11,21:00,184998366.4,1,lottomatik,SL49S0000157
UL58,Ultra Lotto 6/58,"[""53"", ""08"", ""46"", ""40"", ""19"", ""18""]",53-08-46-40-19-18,2025-11-11,21:00,108810101.4,0,lottomatik,UL58S0000157
2DL-2PM,2D Lotto 2PM,"[""21"", ""04""]",21-04,2025-11-12,14:00,4000,8,lottomatik,2DLS0001096
3DL-2PM,3D Lotto 2PM,"[""4"", ""8"", ""7""]",4-8-7,2025-11-12,14:00,4500,7,lottomatik,3DLS0001096
2DL-5PM,2D Lotto 5PM,"[""24"", ""05""]",24-05,2025-11-12,17:00,4000,4,lottomatik,2DLS0001097
3DL-5PM,3D Lotto 5PM,"[""9"", ""8"", ""1""]",9-8-1,2025-11-12,17:00,4500,4,lottomatik,3DLS0001097
2DL-9PM,2D Lotto 9PM,"[""03"", ""30""]",03-30,2025-11-12,21:00,4000,4,lottomatik,2DLS0001098
3DL-9PM,3D Lotto 9PM,"[""1"", ""2"", ""3""]",1-2-3,2025-11-12,21:00,4500,25,lottomatik,3DLS0001098
4DL,4D Lotto,"[""3"", ""3"", ""7"", ""9""]",3-3-7-9,2025-11-12,21:00,873558,14,lottomatik,4DLS0000157
GL55,Grand Lotto 6/55,"[""10"", ""13"", ""16"", ""36"", ""05"", ""12""]",10-13-16-36-05-12,2025-11-12,21:00,116190560.2,0,lottomatik,GL55S0000158
ML45,Megalotto 6/45,"[""14"", ""26"", ""31"", ""36"", ""25"", ""45""]",14-26-31-36-25-45,2025-11-12,21:00,55425587.6,0,lottomatik,ML45S0000157
2DL-2PM,2D Lotto 2PM,"[""05"", ""07""]",05-07,2025-11-13,14:00,4000,6,lottomatik,2DLS0001099
3DL-2PM,3D Lotto 2PM,"[""4"", ""4"", ""3""]",4-4-3,2025-11-13,14:00,4500,2,lottomatik,3DLS0001099
2DL-5PM,2D Lotto 5PM,"[""14"", ""06""]",14-06,2025-11-13,17:00,4000,2,lottomatik,2DLS0001100
3DL-5PM,3D Lotto 5PM,"[""4"", ""0"", ""3""]",4-0-3,2025-11-13,17:00,4500,5,lottomatik,3DLS0001100
2DL-9PM,2D Lotto 9PM,"[""28"", ""25""]",28-25,2025-11-13,21:00,4000,0,lottomatik,2DLS0001101
3DL-9PM,3D Lotto 9PM,"[""7"", ""7"", ""3""]",7-7-3,2025-11-13,21:00,4500,4,lottomatik,3DLS0001101
6DL,6D Lotto,"[""2"", ""0"", ""5"", ""0"", ""3"", ""2""]",2-0-5-0-3-2,2025-11-13,21:00,1882941.08,0,lottomatik,6DLS0000157
LOTTO42,Lotto 6/42,"[""18"", ""28"", ""08"", ""30"", ""41"", ""06""]",18-28-08-30-41-06,2025-11-13,21:00,81810102,1,lottomatik,LOTTO42S0000157
SL49,Superlotto 6/49,"[""47"", ""29"", ""45"", ""48"", ""26"", ""46""]",47-29-45-48-26-46,2025-11-13,21:00,15840000,0,lottomatik,SL49S0000158
2DL-2PM,2D Lotto 2PM,"[""07"", ""12""]",07-12,2025-11-14,14:00,4000,3,lottomatik,2DLS0001102
3DL-2PM,3D Lotto 2PM,"[""3"", ""8"", ""7""]",3-8-7,2025-11-14,14:00,4500,6,lottomatik,3DLS0001102
2DL-5PM,2D Lotto 5PM,"[""15"", ""21""]",15-21,2025-11-14,17:00,4000,3,lottomatik,2DLS0001103
3DL-5PM,3D Lotto 5PM,"[""7"", ""0"", ""2""]",7-0-2,2025-11-14,17:00,4500,5,lottomatik,3DLS0001103
2DL-9PM,2D Lotto 9PM,"[""23"", ""16""]",23-16,2025-11-14,21:00,4000,5,lottomatik,2DLS0001104
3DL-9PM,3D Lotto 9PM,"[""7"", ""7"", ""7""]",7-7-7,2025-11-14,21:00,4500,42,lottomatik,3DLS0001104
4DL,4D Lotto,"[""8"", ""5"", ""1"", ""7""]",8-5-1-7,2025-11-14,21:00,454580,20,lottomatik,4DLS0000158
ML45,Megalotto 6/45,"[""22"", ""14"", ""16"", ""23"", ""36"", ""04""]",22-14-16-23-36-04,2025-11-14,21:00,59850072.4,0,lottomatik,ML45S0000158
UL58,Ultra Lotto 6/58,"[""39"", ""01"", ""08"", ""14"", ""48"", ""06""]",39-01-08-14-48-06,2025-11-14,21:00,114052697,0,lottomatik,UL58S0000158
2DL-2PM,2D Lotto 2PM,"[""06"", ""19""]",06-19,2025-11-15,14:00,4000,7,lottomatik,2DLS0001105
3DL-2PM,3D Lotto 2PM,"[""6"", ""3"", ""6""]",6-3-6,2025-11-15,14:00,4500,4,lottomatik,3DLS0001105
2DL-5PM,2D Lotto 5PM,"[""01"", ""27""]",01-27,2025-11-15,17:00,4000,9,lottomatik,2DLS0001106
3DL-5PM,3D Lotto 5PM,"[""7"", ""6"", ""6""]",7-6-6,2025-11-15,17:00,4500,0,lottomatik,3DLS0001106
2DL-9PM,2D Lotto 9PM,"[""23"", ""24""]",23-24,2025-11-15,21:00,4000,0,lottomatik,2DLS0001107
3DL-9PM,3D Lotto 9PM,"[""3"", ""7"", ""4""]",3-7-4,2025-11-15,21:00,4500,4,lottomatik,3DLS0001107
6DL,6D Lotto,"[""6"", ""6"", ""2"", ""1"", ""6"", ""3""]",6-6-2-1-6-3,2025-11-15,21:00,2223814.88,0,lottomatik,6DLS0000158
GL55,Grand Lotto 6/55,"[""11"", ""52"", ""14"", ""21"", ""30"", ""07""]",11-52-14-21-30-07,2025-11-15,21:00,122415464.6,0,lottomatik,GL55S0000159
LOTTO42,Lotto 6/42,"[""06"", ""11"", ""03"", ""09"", ""18"", ""29""]",06-11-03-09-18-29,2025-11-15,21:00,5940000,1,lottomatik,LOTTO42S0000158
2DL-2PM,2D Lotto 2PM,"[""06"", ""17""]",06-17,2025-11-16,14:00,4000,4,lottomatik,2DLS0001108
2DL-5PM,2D Lotto 5PM,"[""27"", ""03""]",27-03,2025-11-16,17:00,4000,0,lottomatik,2DLS0001109
3DL-5PM,3D Lotto 5PM,"[""5"", ""6"", ""0""]",5-6-0,2025-11-16,17:00,4500,1,lottomatik,3DLS0001109
2DL-9PM,2D Lotto 9PM,"[""10"", ""26""]",10-26,2025-11-16,21:00,4000,8,lottomatik,2DLS0001110
3DL-9PM,3D Lotto 9PM,"[""7"", ""0"", ""9""]",7-0-9,2025-11-16,21:00,4500,29,lottomatik,3DLS0001110
SL49,Superlotto 6/49,"[""01"", ""07"", ""32"", ""17"", ""34"", ""38""]",01-07-32-17-34-38,2025-11-16,21:00,15840000,0,lottomatik,SL49S0000159
UL58,Ultra Lotto 6/58,"[""37"", ""12"", ""13"", ""29"", ""10"", ""14""]",37-12-13-29-10-14,2025-11-16,21:00,119841821,0,lottomatik,UL58S0000159
2DL-2PM,2D Lotto 2PM,"[""06"", ""28""]",06-28,2025-11-17,14:00,4000,5,lottomatik,2DLS0001111
3DL-2PM,3D Lotto 2PM,"[""0"", ""5"", ""3""]",0-5-3,2025-11-17,14:00,4500,6,lottomatik,3DLS0001111
2DL-5PM,2D Lotto 5PM,"[""02"", ""21""]",02-21,2025-11-17,17:00,4000,0,lottomatik,2DLS0001112
3DL-5PM,3D Lotto 5PM,"[""7"", ""6"", ""8""]",7-6-8,2025-11-17,17:00,4500,8,lottomatik,3DLS0001112
2DL-9PM,2D Lotto 9PM,"[""03"", ""02""]",03-02,2025-11-17,21:00,4000,9,lottomatik,2DLS0001113
3DL-9PM,3D Lotto 9PM,"[""2"", ""3"", ""4""]",2-3-4,2025-11-17,21:00,4500,7,lottomatik,3DLS0001113
4DL,4D Lotto,"[""0"", ""3"", ""8"", ""8""]",0-3-8-8,2025-11-17,21:00,851580,5,lottomatik,4DLS0000159
GL55,Grand Lotto 6/55,"[""05"", ""44"", ""40"", ""12"", ""50"", ""22""]",05-44-40-12-50-22,2025-11-17,21:00,128198961,0,lottomatik,GL55S0000160
ML45,Megalotto 6/45,"[""28"", ""31"", ""04"", ""16"", ""24"", ""41""]",28-31-04-16-24-41,2025-11-17,21:00,64645410.6,0,lottomatik,ML45S0000159
2DL-2PM,2D Lotto 2PM,"[""13"", ""27""]",13-27,2025-11-18,14:00,4000,1,lottomatik,2DLS0001114
2DL-5PM,2D Lotto 5PM,"[""19"", ""05""]",19-05,2025-11-18,17:00,4000,5,lottomatik,2DLS0001115
2DL-9PM,2D Lotto 9PM,"[""08"", ""19""]",08-19,2025-11-18,21:00,4000,1,lottomatik,2DLS0001116
3DL-9PM,3D Lotto 9PM,"[""0"", ""1"", ""7""]",0-1-7,2025-11-18,21:00,4500,4,lottomatik,3DLS0001116
6DL,6D Lotto,"[""3"", ""3"", ""3"", ""7"", ""1"", ""5""]",3-3-3-7-1-5,2025-11-18,21:00,2462827.08,0,lottomatik,6DLS0000159
LOTTO42,Lotto 6/42,"[""18"", ""37"", ""26"", ""40"", ""21"", ""14""]",18-37-26-40-21-14,2025-11-18,21:00,5940000,0,lottomatik,LOTTO42S0000159
SL49,Superlotto 6/49,"[""37"", ""32"", ""43"", ""20"", ""34"", ""44""]",37-32-43-20-34-44,2025-11-18,21:00,15840000,0,lottomatik,SL49S0000160
UL58,Ultra Lotto 6/58,"[""49"", ""30"", ""44"", ""37"", ""05"", ""18""]",49-30-44-37-05-18,2025-11-18,21:00,125249742.2,0,lottomatik,UL58S0000160
2DL-2PM,2D Lotto 2PM,"[""15"", ""14""]",15-14,2025-11-19,14:00,4000,0,lottomatik,2DLS0001117
3DL-2PM,3D Lotto 2PM,"[""5"", ""1"", ""6""]",5-1-6,2025-11-19,14:00,4500,11,lottomatik,3DLS0001117
2DL-5PM,2D Lotto 5PM,"[""06"", ""28""]",06-28,2025-11-19,17:00,4000,4,lottomatik,2DLS0001118
3DL-5PM,3D Lotto 5PM,"[""2"", ""0"", ""2""]",2-0-2,2025-11-19,17:00,4500,1,lottomatik,3DLS0001118
2DL-9PM,2D Lotto 9PM,"[""14"", ""12""]",14-12,2025-11-19,21:00,4000,9,lottomatik,2DLS0001119
3DL-9PM,3D Lotto 9PM,"[""2"", ""7"", ""8""]",2-7-8,2025-11-19,21:00,4500,4,lottomatik,3DLS0001119
4DL,4D Lotto,"[""2"", ""7"", ""2"", ""1""]",2-7-2-1,2025-11-19,21:00,1010000,101,lottomatik,4DLS0000160
GL55,Grand Lotto 6/55,"[""28"", ""50"", ""32"", ""12"", ""08"", ""38""]",28-50-32-12-08-38,2025-11-19,21:00,133980882.2,0,lottomatik,GL55S0000161
ML45,Megalotto 6/45,"[""27"", ""33"", ""24"", ""29"", ""13"", ""05""]",27-33-24-29-13-05,2025-11-19,21:00,69295109.2,0,lottomatik,ML45S0000160
2DL-2PM,2D Lotto 2PM,"[""29"", ""05""]",29-05,2025-11-20,14:00,4000,1,lottomatik,2DLS0001120
2DL-5PM,2D Lotto 5PM,"[""21"", ""20""]",21-20,2025-11-20,17:00,4000,12,lottomatik,2DLS0001121
3DL-5PM,3D Lotto 5PM,"[""1"", ""9"", ""2""]",1-9-2,2025-11-20,17:00,4500,17,lottomatik,3DLS0001121
2DL-9PM,2D Lotto 9PM,"[""10"", ""12""]",10-12,2025-11-20,21:00,4000,21,lottomatik,2DLS0001122
3DL-9PM,3D Lotto 9PM,"[""3"", ""5"", ""8""]",3-5-8,2025-11-20,21:00,4500,4,lottomatik,3DLS0001122
6DL,6D Lotto,"[""6"", ""2"", ""0"", ""2"", ""8"", ""8""]",6-2-0-2-8-8,2025-11-20,21:00,3010576.96,0,lottomatik,6DLS0000160
LOTTO42,Lotto 6/42,"[""27"", ""16"", ""38"", ""30"", ""39"", ""10""]",27-16-38-30-39-10,2025-11-20,21:00,5971209.4,0,lottomatik,LOTTO42S0000160
SL49,Superlotto 6/49,"[""49"", ""19"", ""28"", ""40"", ""43"", ""09""]",49-19-28-40-43-09,2025-11-20,21:00,15840000,0,lottomatik,SL49S0000161
2DL-2PM,2D Lotto 2PM,"[""06"", ""15""]",06-15,2025-11-21,14:00,4000,6,lottomatik,2DLS0001123
2DL-5PM,2D Lotto 5PM,"[""08"", ""28""]",08-28,2025-11-21,17:00,4000,3,lottomatik,2DLS0001124
3DL-5PM,3D Lotto 5PM,"[""3"", ""9"", ""3""]",3-9-3,2025-11-21,17:00,4500,0,lottomatik,3DLS0001124
2DL-9PM,2D Lotto 9PM,"[""15"", ""23""]",15-23,2025-11-21,21:00,4000,7,lottomatik,2DLS0001125
3DL-9PM,3D Lotto 9PM,"[""1"", ""9"", ""4""]",1-9-4,2025-11-21,21:00,4500,13,lottomatik,3DLS0001125
4DL,4D Lotto,"[""9"", ""0"", ""2"", ""8""]",9-0-2-8,2025-11-21,21:00,200000,20,lottomatik,4DLS0000161
ML45,Megalotto 6/45,"[""19"", ""02"", ""41"", ""24"", ""04"", ""39""]",19-02-41-24-04-39,2025-11-21,21:00,74266503.2,0,lottomatik,ML45S0000161
UL58,Ultra Lotto 6/58,"[""34"", ""41"", ""22"", ""49"", ""52"", ""26""]",34-41-22-49-52-26,2025-11-21,21:00,131212842.2,0,lottomatik,UL58S0000161
2DL-2PM,2D Lotto 2PM,"[""22"", ""09""]",22-09,2025-11-22,14:00,4000,10,lottomatik,2DLS0001126
3DL-2PM,3D Lotto 2PM,"[""5"", ""1"", ""6""]",5-1-6,2025-11-22,14:00,4500,3,lottomatik,3DLS0001126
2DL-5PM,2D Lotto 5PM,"[""16"", ""08""]",16-08,2025-11-22,17:00,4000,5,lottomatik,2DLS0001127
2DL-9PM,2D Lotto 9PM,"[""15"", ""27""]",15-27,2025-11-22,21:00,4000,5,lottomatik,2DLS0001128
3DL-9PM,3D Lotto 9PM,"[""2"", ""1"", ""6""]",2-1-6,2025-11-22,21:00,4500,16,lottomatik,3DLS0001128
6DL,6D Lotto,"[""3"", ""9"", ""2"", ""5"", ""3"", ""6""]",3-9-2-5-3-6,2025-11-22,21:00,3577983.24,0,lottomatik,6DLS0000161
GL55,Grand Lotto 6/55,"[""03"", ""40"", ""11"", ""53"", ""39"", ""26""]",03-40-11-53-39-26,2025-11-22,21:00,140522916.6,0,lottomatik,GL55S0000162
LOTTO42,Lotto 6/42,"[""10"", ""30"", ""12"", ""15"", ""33"", ""20""]",10-30-12-15-33-20,2025-11-22,21:00,9211206.8,0,lottomatik,LOTTO42S0000161
2DL-2PM,2D Lotto 2PM,"[""12"", ""09""]",12-09,2025-11-23,14:00,4000,3,lottomatik,2DLS0001129
3DL-2PM,3D Lotto 2PM,"[""0"", ""7"", ""2""]",0-7-2,2025-11-23,14:00,4500,1,lottomatik,3DLS0001129
2DL-5PM,2D Lotto 5PM,"[""11"", ""18""]",11-18,2025-11-23,17:00,4000,5,lottomatik,2DLS0001130
3DL-5PM,3D Lotto 5PM,"[""2"", ""1"", ""8""]",2-1-8,2025-11-23,17:00,4500,8,lottomatik,3DLS0001130
2DL-9PM,2D Lotto 9PM,"[""10"", ""04""]",10-04,2025-11-23,21:00,4000,5,lottomatik,2DLS0001131
3DL-9PM,3D Lotto 9PM,"[""6"", ""3"", ""0""]",6-3-0,2025-11-23,21:00,4500,9,lottomatik,3DLS0001131
SL49,Superlotto 6/49,"[""30"", ""22"", ""47"", ""23"", ""18"", ""12""]",30-22-47-23-18-12,2025-11-23,21:00,17365848,0,lottomatik,SL49S0000162
UL58,Ultra Lotto 6/58,"[""14"", ""46"", ""39"", ""28"", ""26"", ""20""]",14-46-39-28-26-20,2025-11-23,21:00,137126644.6,0,lottomatik,UL58S0000162
2DL-2PM,2D Lotto 2PM,"[""03"", ""16""]",03-16,2025-11-24,14:00,4000,5,lottomatik,2DLS0001132
2DL-5PM,2D Lotto 5PM,"[""12"", ""18""]",12-18,2025-11-24,17:00,4000,4,lottomatik,2DLS0001133
2DL-9PM,2D Lotto 9PM,"[""13"", ""21""]",13-21,2025-11-24,21:00,4000,7,lottomatik,2DLS0001134
3DL-9PM,3D Lotto 9PM,"[""1"", ""7"", ""5""]",1-7-5,2025-11-24,21:00,4500,5,lottomatik,3DLS0001134
4DL,4D Lotto,"[""0"", ""2"", ""8"", ""1""]",0-2-8-1,2025-11-24,21:00,991644,17,lottomatik,4DLS0000162
GL55,Grand Lotto 6/55,"[""36"", ""43"", ""44"", ""45"", ""11"", ""41""]",36-43-44-45-11-41,2025-11-24,21:00,146296887,0,lottomatik,GL55S0000163
ML45,Megalotto 6/45,"[""25"", ""14"", ""28"", ""17"", ""20"", ""41""]",25-14-28-17-20-41,2025-11-24,21:00,79205340.6,0,lottomatik,ML45S0000162
2DL-2PM,2D Lotto 2PM,"[""16"", ""28""]",16-28,2025-11-25,14:00,4000,0,lottomatik,2DLS0001135
2DL-5PM,2D Lotto 5PM,"[""17"", ""07""]",17-07,2025-11-25,17:00,4000,2,lottomatik,2DLS0001136
3DL-5PM,3D Lotto 5PM,"[""9"", ""0"", ""8""]",9-0-8,2025-11-25,17:00,4500,3,lottomatik,3DLS0001136
2DL-9PM,2D Lotto 9PM,"[""10"", ""08""]",10-08,2025-11-25,21:00,4000,14,lottomatik,2DLS0001137
3DL-9PM,3D Lotto 9PM,"[""9"", ""0"", ""2""]",9-0-2,2025-11-25,21:00,4500,54,lottomatik,3DLS0001137
6DL,6D Lotto,"[""0"", ""2"", ""5"", ""7"", ""1"", ""6""]",0-2-5-7-1-6,2025-11-25,21:00,3983708.2,0,lottomatik,6DLS0000162
LOTTO42,Lotto 6/42,"[""22"", ""30"", ""27"", ""03"", ""34"", ""21""]",22-30-27-03-34-21,2025-11-25,21:00,12116541,0,lottomatik,LOTTO42S0000162
SL49,Superlotto 6/49,"[""27"", ""18"", ""13"", ""07"", ""16"", ""49""]",27-18-13-07-16-49,2025-11-25,21:00,20142114.2,0,lottomatik,SL49S0000163
UL58,Ultra Lotto 6/58,"[""40"", ""31"", ""06"", ""19"", ""36"", ""42""]",40-31-06-19-36-42,2025-11-25,21:00,142401985,0,lottomatik,UL58S0000163
2DL-2PM,2D Lotto 2PM,"[""09"", ""24""]",09-24,2025-11-26,14:00,4000,1,lottomatik,2DLS0001138
3DL-2PM,3D Lotto 2PM,"[""6"", ""0"", ""1""]",6-0-1,2025-11-26,14:00,4500,9,lottomatik,3DLS0001138
2DL-5PM,2D Lotto 5PM,"[""15"", ""27""]",15-27,2025-11-26,17:00,4000,4,lottomatik,2DLS0001139
3DL-5PM,3D Lotto 5PM,"[""8"", ""4"", ""4""]",8-4-4,2025-11-26,17:00,4500,4,lottomatik,3DLS0001139
2DL-9PM,2D Lotto 9PM,"[""18"", ""04""]",18-04,2025-11-26,21:00,4000,15,lottomatik,2DLS0001140
3DL-9PM,3D Lotto 9PM,"[""2"", ""9"", ""2""]",2-9-2,2025-11-26,21:00,4500,6,lottomatik,3DLS0001140
4DL,4D Lotto,"[""2"", ""8"", ""0"", ""4""]",2-8-0-4,2025-11-26,21:00,902475,21,lottomatik,4DLS0000163
GL55,Grand Lotto 6/55,"[""24"", ""42"", ""33"", ""19"", ""06"", ""20""]",24-42-33-19-06-20,2025-11-26,21:00,152234211.8,0,lottomatik,GL55S0000164
ML45,Megalotto 6/45,"[""29"", ""22"", ""25"", ""37"", ""41"", ""34""]",29-22-25-37-41-34,2025-11-26,21:00,84182510,1,lottomatik,ML45S0000163
2DL-2PM,2D Lotto 2PM,"[""27"", ""27""]",27-27,2025-11-27,14:00,4000,3,lottomatik,2DLS0001141
3DL-2PM,3D Lotto 2PM,"[""0"", ""6"", ""6""]",0-6-6,2025-11-27,14:00,4500,6,lottomatik,3DLS0001141
2DL-5PM,2D Lotto 5PM,"[""09"", ""16""]",09-16,2025-11-27,17:00,4000,14,lottomatik,2DLS0001142
3DL-5PM,3D Lotto 5PM,"[""0"", ""4"", ""9""]",0-4-9,2025-11-27,17:00,4500,5,lottomatik,3DLS0001142
2DL-9PM,2D Lotto 9PM,"[""15"", ""13""]",15-13,2025-11-27,21:00,4000,2,lottomatik,2DLS0001143
3DL-9PM,3D Lotto 9PM,"[""2"", ""4"", ""5""]",2-4-5,2025-11-27,21:00,4500,31,lottomatik,3DLS0001143
6DL,6D Lotto,"[""0"", ""9"", ""0"", ""7"", ""4"", ""4""]",0-9-0-7-4-4,2025-11-27,21:00,4278961.6,0,lottomatik,6DLS0000163
LOTTO42,Lotto 6/42,"[""42"", ""26"", ""04"", ""30"", ""21"", ""22""]",42-26-04-30-21-22,2025-11-27,21:00,15608485,0,lottomatik,LOTTO42S0000163
SL49,Superlotto 6/49,"[""03"", ""16"", ""07"", ""35"", ""42"", ""38""]",03-16-07-35-42-38,2025-11-27,21:00,23948578.8,0,lottomatik,SL49S0000164
2DL-2PM,2D Lotto 2PM,"[""07"", ""02""]",07-02,2025-11-28,14:00,4000,3,lottomatik,2DLS0001144
2DL-5PM,2D Lotto 5PM,"[""10"", ""08""]",10-08,2025-11-28,17:00,4000,2,lottomatik,2DLS0001145
3DL-5PM,3D Lotto 5PM,"[""6"", ""8"", ""4""]",6-8-4,2025-11-28,17:00,4500,1,lottomatik,3DLS0001145
2DL-9PM,2D Lotto 9PM,"[""18"", ""22""]",18-22,2025-11-28,21:00,4000,4,lottomatik,2DLS0001146
3DL-9PM,3D Lotto 9PM,"[""6"", ""3"", ""2""]",6-3-2,2025-11-28,21:00,4500,2,lottomatik,3DLS0001146
4DL,4D Lotto,"[""8"", ""5"", ""8"", ""5""]",8-5-8-5,2025-11-28,21:00,1022592,48,lottomatik,4DLS0000164
ML45,Megalotto 6/45,"[""01"", ""05"", ""37"", ""31"", ""18"", ""19""]",01-05-37-31-18-19,2025-11-28,21:00,8910000,1,lottomatik,ML45S0000164
UL58,Ultra Lotto 6/58,"[""33"", ""41"", ""32"", ""48"", ""16"", ""38""]",33-41-32-48-16-38,2025-11-28,21:00,148988345,0,lottomatik,UL58S0000164
2DL-2PM,2D Lotto 2PM,"[""03"", ""11""]",03-11,2025-11-29,14:00,4000,23,lottomatik,2DLS0001147
2DL-5PM,2D Lotto 5PM,"[""09"", ""08""]",09-08,2025-11-29,17:00,4000,11,lottomatik,2DLS0001148
3DL-5PM,3D Lotto 5PM,"[""2"", ""6"", ""2""]",2-6-2,2025-11-29,17:00,4500,0,lottomatik,3DLS0001148
2DL-9PM,2D Lotto 9PM,"[""20"", ""04""]",20-04,2025-11-29,21:00,4000,1,lottomatik,2DLS0001149
3DL-9PM,3D Lotto 9PM,"[""5"", ""9"", ""0""]",5-9-0,2025-11-29,21:00,4500,1,lottomatik,3DLS0001149
6DL,6D Lotto,"[""4"", ""2"", ""1"", ""7"", ""9"", ""4""]",4-2-1-7-9-4,2025-11-29,21:00,4807861.24,0,lottomatik,6DLS0000164
GL55,Grand Lotto 6/55,"[""17"", ""15"", ""41"", ""27"", ""25"", ""10""]",17-15-41-27-25-10,2025-11-29,21:00,158846527.4,0,lottomatik,GL55S0000165
LOTTO42,Lotto 6/42,"[""32"", ""14"", ""29"", ""26"", ""38"", ""27""]",32-14-29-26-38-27,2025-11-29,21:00,19230167.6,0,lottomatik,LOTTO42S0000164
2DL-2PM,2D Lotto 2PM,"[""16"", ""24""]",16-24,2025-11-30,14:00,4000,1,lottomatik,2DLS0001150
3DL-2PM,3D Lotto 2PM,"[""3"", ""8"", ""6""]",3-8-6,2025-11-30,14:00,4500,15,lottomatik,3DLS0001150
2DL-5PM,2D Lotto 5PM,"[""03"", ""19""]",03-19,2025-11-30,17:00,4000,1,lottomatik,2DLS0001151
3DL-5PM,3D Lotto 5PM,"[""3"", ""0"", ""8""]",3-0-8,2025-11-30,17:00,4500,21,lottomatik,3DLS0001151
2DL-9PM,2D Lotto 9PM,"[""08"", ""07""]",08-07,2025-11-30,21:00,4000,13,lottomatik,2DLS0001152
3DL-9PM,3D Lotto 9PM,"[""3"", ""5"", ""4""]",3-5-4,2025-11-30,21:00,4500,12,lottomatik,3DLS0001152
SL49,Superlotto 6/49,"[""06"", ""32"", ""03"", ""21"", ""10"", ""07""]",06-32-03-21-10-07,2025-11-30,21:00,27769526.4,0,lottomatik,SL49S0000165
UL58,Ultra Lotto 6/58,"[""26"", ""08"", ""20"", ""03"", ""58"", ""28""]",26-08-20-03-58-28,2025-11-30,21:00,155223593.8,1,lottomatik,UL58S0000165
2DL-2PM,2D Lotto 2PM,"[""12"", ""23""]",12-23,2025-12-01,14:00,4000,4,lottomatik,2DLS0001153
3DL-2PM,3D Lotto 2PM,"[""6"", ""6"", ""6""]",6-6-6,2025-12-01,14:00,4500,5,lottomatik,3DLS0001153
2DL-5PM,2D Lotto 5PM,"[""09"", ""21""]",09-21,2025-12-01,17:00,4000,8,lottomatik,2DLS0001154
3DL-5PM,3D Lotto 5PM,"[""0"", ""6"", ""3""]",0-6-3,2025-12-01,17:00,4500,2,lottomatik,3DLS0001154
2DL-9PM,2D Lotto 9PM,"[""09"", ""14""]",09-14,2025-12-01,21:00,4000,14,lottomatik,2DLS0001155
3DL-9PM,3D Lotto 9PM,"[""4"", ""7"", ""1""]",4-7-1,2025-12-01,21:00,4500,12,lottomatik,3DLS0001155
4DL,4D Lotto,"[""8"", ""3"", ""3"", ""6""]",8-3-3-6,2025-12-01,21:00,972342,7,lottomatik,4DLS0000165
GL55,Grand Lotto 6/55,"[""38"", ""41"", ""42"", ""02"", ""05"", ""49""]",38-41-42-02-05-49,2025-12-01,21:00,165699861.8,0,lottomatik,GL55S0000166
ML45,Megalotto 6/45,"[""22"", ""07"", ""01"", ""12"", ""28"", ""37""]",22-07-01-12-28-37,2025-12-01,21:00,8910000,0,lottomatik,ML45S0000165
2DL-2PM,2D Lotto 2PM,"[""17"", ""03""]",17-03,2025-12-02,14:00,4000,3,lottomatik,2DLS0001156
3DL-2PM,3D Lotto 2PM,"[""2"", ""4"", ""4""]",2-4-4,2025-12-02,14:00,4500,13,lottomatik,3DLS0001156
2DL-5PM,2D Lotto 5PM,"[""12"", ""26""]",12-26,2025-12-02,17:00,4000,10,lottomatik,2DLS0001157
3DL-5PM,3D Lotto 5PM,"[""5"", ""5"", ""1""]",5-5-1,2025-12-02,17:00,4500,0,lottomatik,3DLS0001157
2DL-9PM,2D Lotto 9PM,"[""29"", ""21""]",29-21,2025-12-02,21:00,4000,73,lottomatik,2DLS0001158
3DL-9PM,3D Lotto 9PM,"[""7"", ""1"", ""7""]",7-1-7,2025-12-02,21:00,4500,14,lottomatik,3DLS0001158
6DL,6D Lotto,"[""2"", ""6"", ""7"", ""4"", ""8"", ""9""]",2-6-7-4-8-9,2025-12-02,21:00,5462331,1,lottomatik,6DLS0000165
LOTTO42,Lotto 6/42,"[""30"", ""37"", ""23"", ""34"", ""33"", ""32""]",30-37-23-34-33-32,2025-12-02,21:00,23049025.2,0,lottomatik,LOTTO42S0000165
SL49,Superlotto 6/49,"[""09"", ""14"", ""48"", ""17"", ""44"", ""26""]",09-14-48-17-44-26,2025-12-02,21:00,31156886.8,0,lottomatik,SL49S0000166
UL58,Ultra Lotto 6/58,"[""40"", ""45"", ""54"", ""56"", ""24"", ""57""]",40-45-54-56-24-57,2025-12-02,21:00,49500000,0,lottomatik,UL58S0000166
2DL-2PM,2D Lotto 2PM,"[""28"", ""22""]",28-22,2025-12-03,14:00,4000,0,lottomatik,2DLS0001159
3DL-2PM,3D Lotto 2PM,"[""7"", ""0"", ""0""]",7-0-0,2025-12-03,14:00,4500,16,lottomatik,3DLS0001159
2DL-5PM,2D Lotto 5PM,"[""05"", ""10""]",05-10,2025-12-03,17:00,4000,8,lottomatik,2DLS0001160
3DL-5PM,3D Lotto 5PM,"[""0"", ""9"", ""6""]",0-9-6,2025-12-03,17:00,4500,2,lottomatik,3DLS0001160
2DL-9PM,2D Lotto 9PM,"[""20"", ""19""]",20-19,2025-12-03,21:00,4000,4,lottomatik,2DLS0001161
3DL-9PM,3D Lotto 9PM,"[""6"", ""4"", ""2""]",6-4-2,2025-12-03,21:00,4500,21,lottomatik,3DLS0001161
4DL,4D Lotto,"[""8"", ""3"", ""4"", ""7""]",8-3-4-7,2025-12-03,21:00,895293,21,lottomatik,4DLS0000166
GL55,Grand Lotto 6/55,"[""54"", ""50"", ""14"", ""02"", ""25"", ""38""]",54-50-14-02-25-38,2025-12-03,21:00,172931530.2,0,lottomatik,GL55S0000167
ML45,Megalotto 6/45,"[""01"", ""45"", ""31"", ""05"", ""29"", ""19""]",01-45-31-05-29-19,2025-12-03,21:00,8910000,0,lottomatik,ML45S0000166
2DL-2PM,2D Lotto 2PM,"[""11"", ""18""]",11-18,2025-12-04,14:00,4000,13,lottomatik,2DLS0001162
3DL-2PM,3D Lotto 2PM,"[""4"", ""8"", ""2""]",4-8-2,2025-12-04,14:00,4500,17,lottomatik,3DLS0001162
2DL-5PM,2D Lotto 5PM,"[""02"", ""22""]",02-22,2025-12-04,17:00,4000,1,lottomatik,2DLS0001163
3DL-5PM,3D Lotto 5PM,"[""6"", ""6"", ""2""]",6-6-2,2025-12-04,17:00,4500,0,lottomatik,3DLS0001163
2DL-9PM,2D Lotto 9PM,"[""31"", ""11""]",31-11,2025-12-04,21:00,4000,7,lottomatik,2DLS0001164
3DL-9PM,3D Lotto 9PM,"[""3"", ""9"", ""0""]",3-9-0,2025-12-04,21:00,4500,3,lottomatik,3DLS0001164
6DL,6D Lotto,"[""5"", ""3"", ""1"", ""6"", ""2"", ""8""]",5-3-1-6-2-8,2025-12-04,21:00,150000,0,lottomatik,6DLS0000166
LOTTO42,Lotto 6/42,"[""31"", ""41"", ""03"", ""11"", ""12"", ""29""]",31-41-03-11-12-29,2025-12-04,21:00,27190231.2,0,lottomatik,LOTTO42S0000166
SL49,Superlotto 6/49,"[""35"", ""24"", ""16"", ""26"", ""44"", ""28""]",35-24-16-26-44-28,2025-12-04,21:00,35274192,0,lottomatik,SL49S0000167
2DL-2PM,2D Lotto 2PM,"[""17"", ""16""]",17-16,2025-12-05,14:00,4000,2,lottomatik,2DLS0001165
2DL-5PM,2D Lotto 5PM,"[""11"", ""28""]",11-28,2025-12-05,17:00,4000,1,lottomatik,2DLS0001166
3DL-5PM,3D Lotto 5PM,"[""5"", ""0"", ""0""]",5-0-0,2025-12-05,17:00,4500,6,lottomatik,3DLS0001166
2DL-9PM,2D Lotto 9PM,"[""19"", ""10""]",19-10,2025-12-05,21:00,4000,17,lottomatik,2DLS0001167
3DL-9PM,3D Lotto 9PM,"[""9"", ""9"", ""6""]",9-9-6,2025-12-05,21:00,4500,14,lottomatik,3DLS0001167
4DL,4D Lotto,"[""5"", ""1"", ""7"", ""5""]",5-1-7-5,2025-12-05,21:00,984522,42,lottomatik,4DLS0000167
ML45,Megalotto 6/45,"[""13"", ""03"", ""45"", ""42"", ""21"", ""04""]",13-03-45-42-21-04,2025-12-05,21:00,10293441.6,0,lottomatik,ML45S0000167
UL58,Ultra Lotto 6/58,"[""13"", ""55"", ""28"", ""48"", ""36"", ""20""]",13-55-28-48-36-20,2025-12-05,21:00,49500000,0,lottomatik,UL58S0000167
2DL-2PM,2D Lotto 2PM,"[""12"", ""03""]",12-03,2025-12-06,14:00,4000,5,lottomatik,2DLS0001168
3DL-2PM,3D Lotto 2PM,"[""7"", ""3"", ""0""]",7-3-0,2025-12-06,14:00,4500,9,lottomatik,3DLS0001168
2DL-5PM,2D Lotto 5PM,"[""08"", ""22""]",08-22,2025-12-06,17:00,4000,11,lottomatik,2DLS0001169
3DL-5PM,3D Lotto 5PM,"[""6"", ""1"", ""7""]",6-1-7,2025-12-06,17:00,4500,16,lottomatik,3DLS0001169
2DL-9PM,2D Lotto 9PM,"[""09"", ""28""]",09-28,2025-12-06,21:00,4000,9,lottomatik,2DLS0001170
3DL-9PM,3D Lotto 9PM,"[""8"", ""2"", ""7""]",8-2-7,2025-12-06,21:00,4500,17,lottomatik,3DLS0001170
6DL,6D Lotto,"[""2"", ""6"", ""7"", ""6"", ""2"", ""0""]",2-6-7-6-2-0,2025-12-06,21:00,596528.56,0,lottomatik,6DLS0000167
GL55,Grand Lotto 6/55,"[""52"", ""08"", ""35"", ""37"", ""42"", ""32""]",52-08-35-37-42-32,2025-12-06,21:00,180675244.2,0,lottomatik,GL55S0000168
LOTTO42,Lotto 6/42,"[""37"", ""33"", ""36"", ""38"", ""14"", ""39""]",37-33-36-38-14-39,2025-12-06,21:00,31464216,0,lottomatik,LOTTO42S0000167
2DL-2PM,2D Lotto 2PM,"[""19"", ""28""]",19-28,2025-12-07,14:00,4000,0,lottomatik,2DLS0001171
3DL-2PM,3D Lotto 2PM,"[""2"", ""5"", ""5""]",2-5-5,2025-12-07,14:00,4500,6,lottomatik,3DLS0001171
2DL-5PM,2D Lotto 5PM,"[""20"", ""22""]",20-22,2025-12-07,17:00,4000,0,lottomatik,2DLS0001172
2DL-9PM,2D Lotto 9PM,"[""25"", ""16""]",25-16,2025-12-07,21:00,4000,1,lottomatik,2DLS0001173
3DL-9PM,3D Lotto 9PM,"[""1"", ""2"", ""6""]",1-2-6,2025-12-07,21:00,4500,30,lottomatik,3DLS0001173
SL49,Superlotto 6/49,"[""48"", ""43"", ""36"", ""10"", ""26"", ""44""]",48-43-36-10-26-44,2025-12-07,21:00,39517070.4,0,lottomatik,SL49S0000168
UL58,Ultra Lotto 6/58,"[""39"", ""34"", ""49"", ""56"", ""14"", ""33""]",39-34-49-56-14-33,2025-12-07,21:00,49500000,0,lottomatik,UL58S0000168
2DL-2PM,2D Lotto 2PM,"[""04"", ""09""]",04-09,2025-12-08,14:00,4000,27,lottomatik,2DLS0001174
3DL-2PM,3D Lotto 2PM,"[""6"", ""3"", ""9""]",6-3-9,2025-12-08,14:00,4500,12,lottomatik,3DLS0001174
2DL-5PM,2D Lotto 5PM,"[""29"", ""15""]",29-15,2025-12-08,17:00,4000,2,lottomatik,2DLS0001175
3DL-5PM,3D Lotto 5PM,"[""0"", ""2"", ""0""]",0-2-0,2025-12-08,17:00,4500,5,lottomatik,3DLS0001175
2DL-9PM,2D Lotto 9PM,"[""19"", ""16""]",19-16,2025-12-08,21:00,4000,7,lottomatik,2DLS0001176
3DL-9PM,3D Lotto 9PM,"[""8"", ""4"", ""4""]",8-4-4,2025-12-08,21:00,4500,6,lottomatik,3DLS0001176
4DL,4D Lotto,"[""6"", ""0"", ""5"", ""7""]",6-0-5-7,2025-12-08,21:00,937335,35,lottomatik,4DLS0000168
GL55,Grand Lotto 6/55,"[""36"", ""22"", ""49"", ""51"", ""45"", ""05""]",36-22-49-51-45-05,2025-12-08,21:00,188122816.2,0,lottomatik,GL55S0000169
ML45,Megalotto 6/45,"[""04"", ""10"", ""30"", ""19"", ""08"", ""38""]",04-10-30-19-08-38,2025-12-08,21:00,13840806.8,0,lottomatik,ML45S0000168
2DL-2PM,2D Lotto 2PM,"[""12"", ""26""]",12-26,2025-12-09,14:00,4000,10,lottomatik,2DLS0001177
3DL-2PM,3D Lotto 2PM,"[""5"", ""0"", ""5""]",5-0-5,2025-12-09,14:00,4500,7,lottomatik,3DLS0001177
2DL-5PM,2D Lotto 5PM,"[""15"", ""01""]",15-01,2025-12-09,17:00,4000,5,lottomatik,2DLS0001178
3DL-5PM,3D Lotto 5PM,"[""1"", ""7"", ""0""]",1-7-0,2025-12-09,17:00,4500,3,lottomatik,3DLS0001178
2DL-9PM,2D Lotto 9PM,"[""25"", ""16""]",25-16,2025-12-09,21:00,4000,2,lottomatik,2DLS0001179
3DL-9PM,3D Lotto 9PM,"[""0"", ""1"", ""9""]",0-1-9,2025-12-09,21:00,4500,23,lottomatik,3DLS0001179
6DL,6D Lotto,"[""1"", ""2"", ""4"", ""9"", ""2"", ""9""]",1-2-4-9-2-9,2025-12-09,21:00,646528.56,0,lottomatik,6DLS0000168
LOTTO42,Lotto 6/42,"[""36"", ""42"", ""07"", ""16"", ""01"", ""13""]",36-42-07-16-01-13,2025-12-09,21:00,35516146,0,lottomatik,LOTTO42S0000168
SL49,Superlotto 6/49,"[""09"", ""34"", ""32"", ""01"", ""42"", ""30""]",09-34-32-01-42-30,2025-12-09,21:00,42781444.2,0,lottomatik,SL49S0000169
UL58,Ultra Lotto 6/58,"[""22"", ""47"", ""26"", ""29"", ""36"", ""08""]",22-47-26-29-36-08,2025-12-09,21:00,49500000,0,lottomatik,UL58S0000169
2DL-2PM,2D Lotto 2PM,"[""18"", ""07""]",18-07,2025-12-10,14:00,4000,2,lottomatik,2DLS0001180
3DL-2PM,3D Lotto 2PM,"[""4"", ""4"", ""6""]",4-4-6,2025-12-10,14:00,4500,3,lottomatik,3DLS0001180
2DL-5PM,2D Lotto 5PM,"[""18"", ""25""]",18-25,2025-12-10,17:00,4000,11,lottomatik,2DLS0001181
3DL-5PM,3D Lotto 5PM,"[""0"", ""5"", ""5""]",0-5-5,2025-12-10,17:00,4500,3,lottomatik,3DLS0001181
2DL-9PM,2D Lotto 9PM,"[""25"", ""23""]",25-23,2025-12-10,21:00,4000,3,lottomatik,2DLS0001182
3DL-9PM,3D Lotto 9PM,"[""4"", ""8"", ""9""]",4-8-9,2025-12-10,21:00,4500,4,lottomatik,3DLS0001182
4DL,4D Lotto,"[""8"", ""2"", ""8"", ""7""]",8-2-8-7,2025-12-10,21:00,1018877,23,lottomatik,4DLS0000169
GL55,Grand Lotto 6/55,"[""53"", ""30"", ""06"", ""17"", ""11"", ""45""]",53-30-06-17-11-45,2025-12-10,21:00,195803522.2,0,lottomatik,GL55S0000170
ML45,Megalotto 6/45,"[""30"", ""42"", ""15"", ""25"", ""40"", ""28""]",30-42-15-25-40-28,2025-12-10,21:00,17420554.6,0,lottomatik,ML45S0000169
2DL-2PM,2D Lotto 2PM,"[""10"", ""10""]",10-10,2025-12-11,14:00,4000,15,lottomatik,2DLS0001183
3DL-2PM,3D Lotto 2PM,"[""6"", ""9"", ""2""]",6-9-2,2025-12-11,14:00,4500,2,lottomatik,3DLS0001183
2DL-5PM,2D Lotto 5PM,"[""07"", ""06""]",07-06,2025-12-11,17:00,4000,6,lottomatik,2DLS0001184
3DL-5PM,3D Lotto 5PM,"[""1"", ""9"", ""1""]",1-9-1,2025-12-11,17:00,4500,8,lottomatik,3DLS0001184
2DL-9PM,2D Lotto 9PM,"[""15"", ""04""]",15-04,2025-12-11,21:00,4000,1,lottomatik,2DLS0001185
3DL-9PM,3D Lotto 9PM,"[""9"", ""1"", ""9""]",9-1-9,2025-12-11,21:00,4500,13,lottomatik,3DLS0001185
6DL,6D Lotto,"[""5"", ""0"", ""9"", ""5"", ""6"", ""3""]",5-0-9-5-6-3,2025-12-11,21:00,1262347,0,lottomatik,6DLS0000169
LOTTO42,Lotto 6/42,"[""36"", ""26"", ""31"", ""03"", ""28"", ""21""]",36-26-31-03-28-21,2025-12-11,21:00,39894086.8,0,lottomatik,LOTTO42S0000169
SL49,Superlotto 6/49,"[""34"", ""45"", ""48"", ""31"", ""30"", ""44""]",34-45-48-31-30-44,2025-12-11,21:00,46850654,0,lottomatik,SL49S0000170
2DL-2PM,2D Lotto 2PM,"[""08"", ""23""]",08-23,2025-12-12,14:00,4000,5,lottomatik,2DLS0001186
3DL-2PM,3D Lotto 2PM,"[""0"", ""7"", ""2""]",0-7-2,2025-12-12,14:00,4500,2,lottomatik,3DLS0001186
2DL-5PM,2D Lotto 5PM,"[""14"", ""16""]",14-16,2025-12-12,17:00,4000,11,lottomatik,2DLS0001187
3DL-5PM,3D Lotto 5PM,"[""0"", ""6"", ""0""]",0-6-0,2025-12-12,17:00,4500,0,lottomatik,3DLS0001187
2DL-9PM,2D Lotto 9PM,"[""21"", ""08""]",21-08,2025-12-12,21:00,4000,5,lottomatik,2DLS0001188
3DL-9PM,3D Lotto 9PM,"[""3"", ""0"", ""6""]",3-0-6,2025-12-12,21:00,4500,13,lottomatik,3DLS0001188
4DL,4D Lotto,"[""2"", ""4"", ""2"", ""1""]",2-4-2-1,2025-12-12,21:00,587804,49,lottomatik,4DLS0000170
ML45,Megalotto 6/45,"[""27"", ""10"", ""24"", ""06"", ""25"", ""20""]",27-10-24-06-25-20,2025-12-12,21:00,21235078.2,0,lottomatik,ML45S0000170
UL58,Ultra Lotto 6/58,"[""27"", ""45"", ""48"", ""40"", ""15"", ""58""]",27-45-48-40-15-58,2025-12-12,21:00,49500000,0,lottomatik,UL58S0000170
2DL-2PM,2D Lotto 2PM,"[""21"", ""08""]",21-08,2025-12-13,14:00,4000,3,lottomatik,2DLS0001189
3DL-2PM,3D Lotto 2PM,"[""9"", ""3"", ""9""]",9-3-9,2025-12-13,14:00,4500,2,lottomatik,3DLS0001189
2DL-5PM,2D Lotto 5PM,"[""27"", ""05""]",27-05,2025-12-13,17:00,4000,2,lottomatik,2DLS0001190
3DL-5PM,3D Lotto 5PM,"[""1"", ""7"", ""7""]",1-7-7,2025-12-13,17:00,4500,2,lottomatik,3DLS0001190
2DL-9PM,2D Lotto 9PM,"[""19"", ""03""]",19-03,2025-12-13,21:00,4000,7,lottomatik,2DLS0001191
3DL-9PM,3D Lotto 9PM,"[""9"", ""8"", ""3""]",9-8-3,2025-12-13,21:00,4500,3,lottomatik,3DLS0001191
6DL,6D Lotto,"[""0"", ""0"", ""0"", ""3"", ""2"", ""9""]",0-0-0-3-2-9,2025-12-13,21:00,1616768.8,0,lottomatik,6DLS0000170
GL55,Grand Lotto 6/55,"[""46"", ""52"", ""09"", ""37"", ""40"", ""17""]",46-52-09-37-40-17,2025-12-13,21:00,204170773.4,0,lottomatik,GL55S0000171
LOTTO42,Lotto 6/42,"[""18"", ""03"", ""10"", ""33"", ""17"", ""22""]",18-03-10-33-17-22,2025-12-13,21:00,44542378.2,0,lottomatik,LOTTO42S0000170
2DL-2PM,2D Lotto 2PM,"[""28"", ""07""]",28-07,2025-12-14,14:00,4000,5,lottomatik,2DLS0001192
3DL-2PM,3D Lotto 2PM,"[""0"", ""6"", ""3""]",0-6-3,2025-12-14,14:00,4500,4,lottomatik,3DLS0001192
2DL-5PM,2D Lotto 5PM,"[""26"", ""22""]",26-22,2025-12-14,17:00,4000,5,lottomatik,2DLS0001193
3DL-5PM,3D Lotto 5PM,"[""7"", ""8"", ""7""]",7-8-7,2025-12-14,17:00,4500,9,lottomatik,3DLS0001193
2DL-9PM,2D Lotto 9PM,"[""05"", ""29""]",05-29,2025-12-14,21:00,4000,10,lottomatik,2DLS0001194
3DL-9PM,3D Lotto 9PM,"[""5"", ""0"", ""4""]",5-0-4,2025-12-14,21:00,4500,6,lottomatik,3DLS0001194
SL49,Superlotto 6/49,"[""42"", ""43"", ""37"", ""09"", ""45"", ""36""]",42-43-37-09-45-36,2025-12-14,21:00,51519188.2,0,lottomatik,SL49S0000171
UL58,Ultra Lotto 6/58,"[""49"", ""43"", ""14"", ""06"", ""18"", ""19""]",49-43-14-06-18-19,2025-12-14,21:00,49500000,0,lottomatik,UL58S0000171
2DL-2PM,2D Lotto 2PM,"[""09"", ""18""]",09-18,2025-12-15,14:00,4000,8,lottomatik,2DLS0001195
2DL-5PM,2D Lotto 5PM,"[""02"", ""16""]",02-16,2025-12-15,17:00,4000,8,lottomatik,2DLS0001196
3DL-5PM,3D Lotto 5PM,"[""3"", ""3"", ""7""]",3-3-7,2025-12-15,17:00,4500,0,lottomatik,3DLS0001196
2DL-9PM,2D Lotto 9PM,"[""17"", ""18""]",17-18,2025-12-15,21:00,4000,5,lottomatik,2DLS0001197
3DL-9PM,3D Lotto 9PM,"[""7"", ""5"", ""6""]",7-5-6,2025-12-15,21:00,4500,4,lottomatik,3DLS0001197
4DL,4D Lotto,"[""6"", ""8"", ""0"", ""7""]",6-8-0-7,2025-12-15,21:00,987636,13,lottomatik,4DLS0000171
GL55,Grand Lotto 6/55,"[""25"", ""54"", ""15"", ""38"", ""45"", ""28""]",25-54-15-38-45-28,2025-12-15,21:00,212219015.8,0,lottomatik,GL55S0000172
ML45,Megalotto 6/45,"[""10"", ""21"", ""23"", ""30"", ""01"", ""15""]",10-21-23-30-01-15,2025-12-15,21:00,25111918.2,1,lottomatik,ML45S0000171
2DL-2PM,2D Lotto 2PM,"[""29"", ""04""]",29-04,2025-12-16,14:00,4000,0,lottomatik,2DLS0001198
2DL-5PM,2D Lotto 5PM,"[""03"", ""05""]",03-05,2025-12-16,17:00,4000,4,lottomatik,2DLS0001199
3DL-5PM,3D Lotto 5PM,"[""4"", ""7"", ""5""]",4-7-5,2025-12-16,17:00,4500,1,lottomatik,3DLS0001199
2DL-9PM,2D Lotto 9PM,"[""30"", ""29""]",30-29,2025-12-16,21:00,4000,2,lottomatik,2DLS0001200
3DL-9PM,3D Lotto 9PM,"[""6"", ""0"", ""4""]",6-0-4,2025-12-16,21:00,4500,6,lottomatik,3DLS0001200
6DL,6D Lotto,"[""9"", ""4"", ""6"", ""6"", ""7"", ""4""]",9-4-6-6-7-4,2025-12-16,21:00,2459373.28,0,lottomatik,6DLS0000171
LOTTO42,Lotto 6/42,"[""15"", ""19"", ""24"", ""41"", ""42"", ""05""]",15-19-24-41-42-05,2025-12-16,21:00,49195100.4,1,lottomatik,LOTTO42S0000171
SL49,Superlotto 6/49,"[""10"", ""30"", ""13"", ""19"", ""32"", ""26""]",10-30-13-19-32-26,2025-12-16,21:00,55343237.6,0,lottomatik,SL49S0000172
UL58,Ultra Lotto 6/58,"[""35"", ""37"", ""14"", ""01"", ""43"", ""12""]",35-37-14-01-43-12,2025-12-16,21:00,49500000,0,lottomatik,UL58S0000172
2DL-2PM,2D Lotto 2PM,"[""19"", ""17""]",19-17,2025-12-17,14:00,4000,0,lottomatik,2DLS0001201
3DL-2PM,3D Lotto 2PM,"[""9"", ""4"", ""4""]",9-4-4,2025-12-17,14:00,4500,6,lottomatik,3DLS0001201
2DL-5PM,2D Lotto 5PM,"[""28"", ""30""]",28-30,2025-12-17,17:00,4000,2,lottomatik,2DLS0001202
3DL-5PM,3D Lotto 5PM,"[""2"", ""9"", ""6""]",2-9-6,2025-12-17,17:00,4500,2,lottomatik,3DLS0001202
2DL-2PM,2D Lotto 2PM,"[""19"", ""01""]",19-01,2025-12-18,14:00,4000,10,lottomatik,2DLS0001204
3DL-2PM,3D Lotto 2PM,"[""9"", ""0"", ""6""]",9-0-6,2025-12-18,14:00,4500,0,lottomatik,3DLS0001204
2DL-5PM,2D Lotto 5PM,"[""30"", ""18""]",30-18,2025-12-18,17:00,4000,5,lottomatik,2DLS0001205
3DL-5PM,3D Lotto 5PM,"[""1"", ""8"", ""6""]",1-8-6,2025-12-18,17:00,4500,2,lottomatik,3DLS0001205
2DL-9PM,2D Lotto 9PM,"[""31"", ""15""]",31-15,2025-12-18,21:00,4000,6,lottomatik,2DLS0001206
3DL-9PM,3D Lotto 9PM,"[""3"", ""2"", ""8""]",3-2-8,2025-12-18,21:00,4500,5,lottomatik,3DLS0001206
6DL,6D Lotto,"[""3"", ""0"", ""9"", ""7"", ""3"", ""9""]",3-0-9-7-3-9,2025-12-18,21:00,3342522.6,0,lottomatik,6DLS0000172
LOTTO42,Lotto 6/42,"[""03"", ""39"", ""17"", ""06"", ""10"", ""26""]",03-39-17-06-10-26,2025-12-18,21:00,5940000,0,lottomatik,LOTTO42S0000172
SL49,Superlotto 6/49,"[""17"", ""32"", ""07"", ""25"", ""45"", ""21""]",17-32-07-25-45-21,2025-12-18,21:00,60281173.2,0,lottomatik,SL49S0000173
2DL-5PM,2D Lotto 5PM,"[""08"", ""06""]",08-06,2025-12-19,17:00,4000,1,lottomatik,2DLS0001208
2DL-9PM,2D Lotto 9PM,"[""29"", ""21""]",29-21,2025-12-19,21:00,4000,1,lottomatik,2DLS0001209
3DL-9PM,3D Lotto 9PM,"[""0"", ""3"", ""9""]",0-3-9,2025-12-19,21:00,4500,4,lottomatik,3DLS0001209
4DL,4D Lotto,"[""5"", ""1"", ""7"", ""4""]",5-1-7-4,2025-12-19,21:00,1056770,55,lottomatik,4DLS0000173
ML45,Megalotto 6/45,"[""07"", ""43"", ""35"", ""44"", ""33"", ""41""]",07-43-35-44-33-41,2025-12-19,21:00,8910000,0,lottomatik,ML45S0000173
UL58,Ultra Lotto 6/58,"[""35"", ""23"", ""50"", ""07"", ""31"", ""02""]",35-23-50-07-31-02,2025-12-19,21:00,49500000,0,lottomatik,UL58S0000173
2DL-2PM,2D Lotto 2PM,"[""28"", ""23""]",28-23,2025-12-20,14:00,4000,7,lottomatik,2DLS0001210
3DL-2PM,3D Lotto 2PM,"[""3"", ""0"", ""5""]",3-0-5,2025-12-20,14:00,4500,10,lottomatik,3DLS0001210
2DL-5PM,2D Lotto 5PM,"[""25"", ""03""]",25-03,2025-12-20,17:00,4000,2,lottomatik,2DLS0001211
3DL-5PM,3D Lotto 5PM,"[""3"", ""2"", ""9""]",3-2-9,2025-12-20,17:00,4500,0,lottomatik,3DLS0001211
2DL-9PM,2D Lotto 9PM,"[""21"", ""31""]",21-31,2025-12-20,21:00,4000,7,lottomatik,2DLS0001212
3DL-9PM,3D Lotto 9PM,"[""6"", ""5"", ""5""]",6-5-5,2025-12-20,21:00,4500,4,lottomatik,3DLS0001212
6DL,6D Lotto,"[""0"", ""5"", ""1"", ""4"", ""9"", ""6""]",0-5-1-4-9-6,2025-12-20,21:00,3392522.6,0,lottomatik,6DLS0000173
GL55,Grand Lotto 6/55,"[""05"", ""45"", ""03"", ""35"", ""49"", ""42""]",05-45-03-35-49-42,2025-12-20,21:00,230550309,0,lottomatik,GL55S0000174
LOTTO42,Lotto 6/42,"[""03"", ""22"", ""21"", ""33"", ""04"", ""17""]",03-22-21-33-04-17,2025-12-20,21:00,6504897.6,0,lottomatik,LOTTO42S0000173
2DL-5PM,2D Lotto 5PM,"[""23"", ""14""]",23-14,2025-12-21,17:00,4000,5,lottomatik,2DLS0001214
3DL-5PM,3D Lotto 5PM,"[""6"", ""3"", ""0""]",6-3-0,2025-12-21,17:00,4500,4,lottomatik,3DLS0001214
2DL-9PM,2D Lotto 9PM,"[""11"", ""24""]",11-24,2025-12-21,21:00,4000,9,lottomatik,2DLS0001215
3DL-9PM,3D Lotto 9PM,"[""0"", ""4"", ""1""]",0-4-1,2025-12-21,21:00,4500,5,lottomatik,3DLS0001215
SL49,Superlotto 6/49,"[""24"", ""49"", ""06"", ""21"", ""04"", ""33""]",24-49-06-21-04-33,2025-12-21,21:00,65546126,0,lottomatik,SL49S0000174
UL58,Ultra Lotto 6/58,"[""08"", ""42"", ""51"", ""14"", ""17"", ""49""]",08-42-51-14-17-49,2025-12-21,21:00,49500000,0,lottomatik,UL58S0000174
2DL-2PM,2D Lotto 2PM,"[""17"", ""06""]",17-06,2025-12-22,14:00,4000,1,lottomatik,2DLS0001216
2DL-5PM,2D Lotto 5PM,"[""24"", ""27""]",24-27,2025-12-22,17:00,4000,5,lottomatik,2DLS0001217
3DL-5PM,3D Lotto 5PM,"[""9"", ""6"", ""2""]",9-6-2,2025-12-22,17:00,4500,2,lottomatik,3DLS0001217
2DL-9PM,2D Lotto 9PM,"[""22"", ""30""]",22-30,2025-12-22,21:00,4000,15,lottomatik,2DLS0001218
3DL-9PM,3D Lotto 9PM,"[""9"", ""4"", ""4""]",9-4-4,2025-12-22,21:00,4500,8,lottomatik,3DLS0001218
4DL,4D Lotto,"[""3"", ""2"", ""0"", ""1""]",3-2-0-1,2025-12-22,21:00,1014400,20,lottomatik,4DLS0000174
GL55,Grand Lotto 6/55,"[""53"", ""38"", ""23"", ""01"", ""10"", ""18""]",53-38-23-01-10-18,2025-12-22,21:00,240001724.6,0,lottomatik,GL55S0000175
ML45,Megalotto 6/45,"[""04"", ""41"", ""15"", ""16"", ""14"", ""36""]",04-41-15-16-14-36,2025-12-22,21:00,10504328.8,0,lottomatik,ML45S0000174
2DL-2PM,2D Lotto 2PM,"[""02"", ""15""]",02-15,2025-12-23,14:00,4000,11,lottomatik,2DLS0001219
2DL-5PM,2D Lotto 5PM,"[""27"", ""27""]",27-27,2025-12-23,17:00,4000,7,lottomatik,2DLS0001220
3DL-5PM,3D Lotto 5PM,"[""6"", ""2"", ""9""]",6-2-9,2025-12-23,17:00,4500,3,lottomatik,3DLS0001220
2DL-9PM,2D Lotto 9PM,"[""31"", ""28""]",31-28,2025-12-23,21:00,4000,7,lottomatik,2DLS0001221
3DL-9PM,3D Lotto 9PM,"[""3"", ""1"", ""7""]",3-1-7,2025-12-23,21:00,4500,15,lottomatik,3DLS0001221
6DL,6D Lotto,"[""1"", ""3"", ""3"", ""2"", ""5"", ""3""]",1-3-3-2-5-3,2025-12-23,21:00,3692000.6,0,lottomatik,6DLS0000174
LOTTO42,Lotto 6/42,"[""20"", ""02"", ""29"", ""31"", ""19"", ""12""]",20-02-29-31-19-12,2025-12-23,21:00,9716215.4,0,lottomatik,LOTTO42S0000174
SL49,Superlotto 6/49,"[""12"", ""10"", ""41"", ""16"", ""04"", ""27""]",12-10-41-16-04-27,2025-12-23,21:00,70588118.9,0,lottomatik,SL49S0000175
UL58,Ultra Lotto 6/58,"[""06"", ""43"", ""54"", ""12"", ""11"", ""13""]",06-43-54-12-11-13,2025-12-23,21:00,49500000,0,lottomatik,UL58S0000175
2DL-2PM,2D Lotto 2PM,"[""07"", ""05""]",07-05,2025-12-24,14:00,4000,11,lottomatik,2DLS0001222
3DL-2PM,3D Lotto 2PM,"[""6"", ""2"", ""5""]",6-2-5,2025-12-24,14:00,4500,13,lottomatik,3DLS0001222
2DL-5PM,2D Lotto 5PM,"[""17"", ""10""]",17-10,2025-12-24,17:00,4000,0,lottomatik,2DLS0001223
2DL-9PM,2D Lotto 9PM,"[""10"", ""05""]",10-05,2025-12-24,21:00,4000,14,lottomatik,2DLS0001224
3DL-9PM,3D Lotto 9PM,"[""9"", ""4"", ""6""]",9-4-6,2025-12-24,21:00,4500,2,lottomatik,3DLS0001224
4DL,4D Lotto,"[""9"", ""1"", ""5"", ""6""]",9-1-5-6,2025-12-24,21:00,841698,9,lottomatik,4DLS0000175
GL55,Grand Lotto 6/55,"[""18"", ""13"", ""39"", ""51"", ""19"", ""21""]",18-13-39-51-19-21,2025-12-24,21:00,248525475,0,lottomatik,GL55S0000176
ML45,Megalotto 6/45,"[""27"", ""24"", ""12"", ""18"", ""42"", ""03""]",27-24-12-18-42-03,2025-12-24,21:00,13829620.6,1,lottomatik,ML45S0000175
2DL-5PM,2D Lotto 5PM,"[""25"", ""26""]",25-26,2025-12-25,17:00,4000,2,lottomatik,2DLS0001226
3DL-5PM,3D Lotto 5PM,"[""8"", ""6"", ""0""]",8-6-0,2025-12-25,17:00,4500,0,lottomatik,3DLS0001226
2DL-9PM,2D Lotto 9PM,"[""20"", ""13""]",20-13,2025-12-25,21:00,4000,2,lottomatik,2DLS0001227
3DL-9PM,3D Lotto 9PM,"[""8"", ""6"", ""4""]",8-6-4,2025-12-25,21:00,4500,3,lottomatik,3DLS0001227
6DL,6D Lotto,"[""1"", ""0"", ""2"", ""0"", ""3"", ""0""]",1-0-2-0-3-0,2025-12-25,21:00,3741984,18,lottomatik,6DLS0000175
LOTTO42,Lotto 6/42,"[""18"", ""28"", ""38"", ""42"", ""12"", ""11""]",18-28-38-42-12-11,2025-12-25,21:00,11271463.8,0,lottomatik,LOTTO42S0000175
SL49,Superlotto 6/49,"[""44"", ""03"", ""29"", ""45"", ""34"", ""16""]",44-03-29-45-34-16,2025-12-25,21:00,73000006.1,0,lottomatik,SL49S0000176
2DL-2PM,2D Lotto 2PM,"[""02"", ""07""]",02-07,2025-12-26,14:00,4000,9,lottomatik,2DLS0001228
3DL-2PM,3D Lotto 2PM,"[""1"", ""2"", ""9""]",1-2-9,2025-12-26,14:00,4500,7,lottomatik,3DLS0001228
2DL-5PM,2D Lotto 5PM,"[""28"", ""02""]",28-02,2025-12-26,17:00,4000,2,lottomatik,2DLS0001229
2DL-9PM,2D Lotto 9PM,"[""11"", ""07""]",11-07,2025-12-26,21:00,4000,12,lottomatik,2DLS0001230
3DL-9PM,3D Lotto 9PM,"[""9"", ""3"", ""2""]",9-3-2,2025-12-26,21:00,4500,8,lottomatik,3DLS0001230
4DL,4D Lotto,"[""9"", ""6"", ""7"", ""7""]",9-6-7-7,2025-12-26,21:00,943880,8,lottomatik,4DLS0000176
ML45,Megalotto 6/45,"[""36"", ""20"", ""18"", ""32"", ""06"", ""24""]",36-20-18-32-06-24,2025-12-26,21:00,8910000,0,lottomatik,ML45S0000176
UL58,Ultra Lotto 6/58,"[""17"", ""04"", ""50"", ""19"", ""46"", ""28""]",17-04-50-19-46-28,2025-12-26,21:00,49500000,0,lottomatik,UL58S0000176
2DL-2PM,2D Lotto 2PM,"[""30"", ""20""]",30-20,2025-12-27,14:00,4000,2,lottomatik,2DLS0001231
3DL-2PM,3D Lotto 2PM,"[""2"", ""8"", ""3""]",2-8-3,2025-12-27,14:00,4500,13,lottomatik,3DLS0001231
2DL-5PM,2D Lotto 5PM,"[""31"", ""06""]",31-06,2025-12-27,17:00,4000,1,lottomatik,2DLS0001232
3DL-5PM,3D Lotto 5PM,"[""1"", ""6"", ""2""]",1-6-2,2025-12-27,17:00,4500,15,lottomatik,3DLS0001232
2DL-9PM,2D Lotto 9PM,"[""15"", ""07""]",15-07,2025-12-27,21:00,4000,3,lottomatik,2DLS0001233
3DL-9PM,3D Lotto 9PM,"[""9"", ""1"", ""0""]",9-1-0,2025-12-27,21:00,4500,11,lottomatik,3DLS0001233
6DL,6D Lotto,"[""0"", ""8"", ""0"", ""6"", ""3"", ""3""]",0-8-0-6-3-3,2025-12-27,21:00,339908.76,0,lottomatik,6DLS0000176
GL55,Grand Lotto 6/55,"[""41"", ""16"", ""45"", ""20"", ""52"", ""01""]",41-16-45-20-52-01,2025-12-27,21:00,258798014.2,0,lottomatik,GL55S0000177
LOTTO42,Lotto 6/42,"[""27"", ""20"", ""04"", ""35"", ""19"", ""42""]",27-20-04-35-19-42,2025-12-27,21:00,15202187.8,0,lottomatik,LOTTO42S0000176
2DL-5PM,2D Lotto 5PM,"[""27"", ""09""]",27-09,2025-12-28,17:00,4000,2,lottomatik,2DLS0001235
3DL-5PM,3D Lotto 5PM,"[""9"", ""7"", ""9""]",9-7-9,2025-12-28,17:00,4500,2,lottomatik,3DLS0001235
2DL-9PM,2D Lotto 9PM,"[""29"", ""17""]",29-17,2025-12-28,21:00,4000,0,lottomatik,2DLS0001236
3DL-9PM,3D Lotto 9PM,"[""4"", ""4"", ""4""]",4-4-4,2025-12-28,21:00,4500,20,lottomatik,3DLS0001236
SL49,Superlotto 6/49,"[""14"", ""21"", ""39"", ""34"", ""01"", ""18""]",14-21-39-34-01-18,2025-12-28,21:00,78914953.1,0,lottomatik,SL49S0000177
UL58,Ultra Lotto 6/58,"[""28"", ""44"", ""31"", ""12"", ""03"", ""23""]",28-44-31-12-03-23,2025-12-28,21:00,49500000,0,lottomatik,UL58S0000177
2DL-2PM,2D Lotto 2PM,"[""25"", ""28""]",25-28,2025-12-29,14:00,4000,6,lottomatik,2DLS0001237
2DL-5PM,2D Lotto 5PM,"[""25"", ""26""]",25-26,2025-12-29,17:00,4000,7,lottomatik,2DLS0001238
2DL-9PM,2D Lotto 9PM,"[""01"", ""09""]",01-09,2025-12-29,21:00,4000,15,lottomatik,2DLS0001239
3DL-9PM,3D Lotto 9PM,"[""5"", ""3"", ""2""]",5-3-2,2025-12-29,21:00,4500,8,lottomatik,3DLS0001239
4DL,4D Lotto,"[""5"", ""2"", ""1"", ""2""]",5-2-1-2,2025-12-29,21:00,480000,48,lottomatik,4DLS0000177
GL55,Grand Lotto 6/55,"[""44"", ""25"", ""14"", ""52"", ""45"", ""38""]",44-25-14-52-45-38,2025-12-29,21:00,269216884.2,0,lottomatik,GL55S0000178
ML45,Megalotto 6/45,"[""05"", ""35"", ""19"", ""38"", ""34"", ""08""]",05-35-19-38-34-08,2025-12-29,21:00,8910000,0,lottomatik,ML45S0000177
2DL-2PM,2D Lotto 2PM,"[""11"", ""19""]",11-19,2025-12-30,14:00,4000,17,lottomatik,2DLS0001240
3DL-2PM,3D Lotto 2PM,"[""7"", ""7"", ""6""]",7-7-6,2025-12-30,14:00,4500,6,lottomatik,3DLS0001240
2DL-5PM,2D Lotto 5PM,"[""29"", ""18""]",29-18,2025-12-30,17:00,4000,3,lottomatik,2DLS0001241
2DL-9PM,2D Lotto 9PM,"[""13"", ""18""]",13-18,2025-12-30,21:00,4000,12,lottomatik,2DLS0001242
3DL-9PM,3D Lotto 9PM,"[""3"", ""1"", ""5""]",3-1-5,2025-12-30,21:00,4500,9,lottomatik,3DLS0001242
6DL,6D Lotto,"[""1"", ""7"", ""5"", ""8"", ""0"", ""4""]",1-7-5-8-0-4,2025-12-30,21:00,878085.68,0,lottomatik,6DLS0000177
LOTTO42,Lotto 6/42,"[""06"", ""32"", ""29"", ""24"", ""37"", ""04""]",06-32-29-24-37-04,2025-12-30,21:00,19004723.6,1,lottomatik,LOTTO42S0000177
SL49,Superlotto 6/49,"[""08"", ""05"", ""36"", ""24"", ""29"", ""39""]",08-05-36-24-29-39,2025-12-30,21:00,83958495.3,0,lottomatik,SL49S0000178
UL58,Ultra Lotto 6/58,"[""20"", ""51"", ""13"", ""56"", ""37"", ""49""]",20-51-13-56-37-49,2025-12-30,21:00,202600000,0,lottomatik,UL58S0000178
2DL-5PM,2D Lotto 5PM,"[""20"", ""01""]",20-01,2025-12-31,17:00,4000,1,lottomatik,2DLS0001244
2DL-9PM,2D Lotto 9PM,"[""14"", ""27""]",14-27,2025-12-31,21:00,4000,3,lottomatik,2DLS0001245
3DL-9PM,3D Lotto 9PM,"[""9"", ""5"", ""4""]",9-5-4,2025-12-31,21:00,4500,0,lottomatik,3DLS0001245
4DL,4D Lotto,"[""1"", ""3"", ""2"", ""4""]",1-3-2-4,2025-12-31,21:00,810000,81,lottomatik,4DLS0000178
GL55,Grand Lotto 6/55,"[""50"", ""01"", ""41"", ""40"", ""32"", ""35""]",50-01-41-40-32-35,2025-12-31,21:00,278486984.6,0,lottomatik,GL55S0000179
ML45,Megalotto 6/45,"[""11"", ""20"", ""17"", ""22"", ""08"", ""26""]",11-20-17-22-08-26,2025-12-31,21:00,11021530,0,lottomatik,ML45S0000178
2DL-9PM,2D Lotto 9PM,"[""07"", ""21""]",07-21,2026-01-01,21:00,4000,3,lottomatik,2DLS0001248
3DL-9PM,3D Lotto 9PM,"[""5"", ""0"", ""7""]",5-0-7,2026-01-01,21:00,4500,1,lottomatik,3DLS0001248
6DL,6D Lotto,"[""6"", ""1"", ""6"", ""8"", ""3"", ""0""]",6-1-6-8-3-0,2026-01-01,21:00,1034226.48,0,lottomatik,6DLS0000178
LOTTO42,Lotto 6/42,"[""34"", ""35"", ""38"", ""01"", ""18"", ""41""]",34-35-38-01-18-41,2026-01-01,21:00,5940000,1,lottomatik,LOTTO42S0000178
SL49,Superlotto 6/49,"[""23"", ""30"", ""19"", ""18"", ""41"", ""21""]",23-30-19-18-41-21,2026-01-01,21:00,86393934.3,0,lottomatik,SL49S0000179
2DL-9PM,2D Lotto 9PM,"[""09"", ""22""]",09-22,2026-01-02,21:00,4000,3,lottomatik,2DLS0001251
3DL-9PM,3D Lotto 9PM,"[""4"", ""9"", ""1""]",4-9-1,2026-01-02,21:00,4500,14,lottomatik,3DLS0001251
4DL,4D Lotto,"[""7"", ""0"", ""5"", ""0""]",7-0-5-0,2026-01-02,21:00,669916,13,lottomatik,4DLS0000179
ML45,Megalotto 6/45,"[""44"", ""21"", ""19"", ""10"", ""18"", ""11""]",44-21-19-10-18-11,2026-01-02,21:00,14435567,1,lottomatik,ML45S0000179
UL58,Ultra Lotto 6/58,"[""44"", ""56"", ""17"", ""24"", ""30"", ""53""]",44-56-17-24-30-53,2026-01-02,21:00,202600000,0,lottomatik,UL58S0000179
2DL-5PM,2D Lotto 5PM,"[""18"", ""09""]",18-09,2026-01-03,17:00,4000,7,lottomatik,2DLS0001253
2DL-9PM,2D Lotto 9PM,"[""17"", ""31""]",17-31,2026-01-03,21:00,4000,2,lottomatik,2DLS0001254
3DL-9PM,3D Lotto 9PM,"[""2"", ""0"", ""4""]",2-0-4,2026-01-03,21:00,4500,9,lottomatik,3DLS0001254
6DL,6D Lotto,"[""8"", ""2"", ""9"", ""4"", ""8"", ""3""]",8-2-9-4-8-3,2026-01-03,21:00,1894485.12,0,lottomatik,6DLS0000179
GL55,Grand Lotto 6/55,"[""13"", ""42"", ""06"", ""45"", ""24"", ""33""]",13-42-06-45-24-33,2026-01-03,21:00,288616075,1,lottomatik,GL55S0000180
LOTTO42,Lotto 6/42,"[""41"", ""18"", ""32"", ""23"", ""10"", ""39""]",41-18-32-23-10-39,2026-01-03,21:00,5940000,0,lottomatik,LOTTO42S0000179
2DL-9PM,2D Lotto 9PM,"[""07"", ""23""]",07-23,2026-01-04,21:00,4000,3,lottomatik,2DLS0001257
3DL-9PM,3D Lotto 9PM,"[""0"", ""4"", ""9""]",0-4-9,2026-01-04,21:00,4500,10,lottomatik,3DLS0001257
SL49,Superlotto 6/49,"[""35"", ""19"", ""13"", ""39"", ""23"", ""24""]",35-19-13-39-23-24,2026-01-04,21:00,91996756.7,0,lottomatik,SL49S0000180
UL58,Ultra Lotto 6/58,"[""19"", ""50"", ""20"", ""51"", ""37"", ""52""]",19-50-20-51-37-52,2026-01-04,21:00,202600000,0,lottomatik,UL58S0000180
2DL-2PM,2D Lotto 2PM,"[""15"", ""04""]",15-04,2026-01-05,14:00,4000,0,lottomatik,2DLS0001258
3DL-2PM,3D Lotto 2PM,"[""6"", ""5"", ""8""]",6-5-8,2026-01-05,14:00,4500,13,lottomatik,3DLS0001258
2DL-5PM,2D Lotto 5PM,"[""20"", ""24""]",20-24,2026-01-05,17:00,4000,3,lottomatik,2DLS0001259
2DL-9PM,2D Lotto 9PM,"[""31"", ""20""]",31-20,2026-01-05,21:00,4000,3,lottomatik,2DLS0001260
3DL-9PM,3D Lotto 9PM,"[""2"", ""9"", ""7""]",2-9-7,2026-01-05,21:00,4500,17,lottomatik,3DLS0001260
4DL,4D Lotto,"[""0"", ""4"", ""9"", ""7""]",0-4-9-7,2026-01-05,21:00,1170970,19,lottomatik,4DLS0000180
GL55,Grand Lotto 6/55,"[""20"", ""15"", ""33"", ""50"", ""03"", ""45""]",20-15-33-50-03-45,2026-01-05,21:00,29700000,0,lottomatik,GL55S0000181
ML45,Megalotto 6/45,"[""09"", ""02"", ""03"", ""27"", ""21"", ""45""]",09-02-03-27-21-45,2026-01-05,21:00,8910000,0,lottomatik,ML45S0000180
2DL-2PM,2D Lotto 2PM,"[""13"", ""17""]",13-17,2026-01-06,14:00,4000,5,lottomatik,2DLS0001261
3DL-2PM,3D Lotto 2PM,"[""3"", ""8"", ""8""]",3-8-8,2026-01-06,14:00,4500,1,lottomatik,3DLS0001261
2DL-5PM,2D Lotto 5PM,"[""21"", ""07""]",21-07,2026-01-06,17:00,4000,0,lottomatik,2DLS0001262
3DL-5PM,3D Lotto 5PM,"[""3"", ""1"", ""8""]",3-1-8,2026-01-06,17:00,4500,9,lottomatik,3DLS0001262
2DL-9PM,2D Lotto 9PM,"[""18"", ""27""]",18-27,2026-01-06,21:00,4000,13,lottomatik,2DLS0001263
3DL-9PM,3D Lotto 9PM,"[""0"", ""4"", ""1""]",0-4-1,2026-01-06,21:00,4500,3,lottomatik,3DLS0001263
6DL,6D Lotto,"[""5"", ""6"", ""6"", ""2"", ""2"", ""8""]",5-6-6-2-2-8,2026-01-06,21:00,2444637.72,0,lottomatik,6DLS0000180
LOTTO42,Lotto 6/42,"[""11"", ""34"", ""09"", ""38"", ""12"", ""10""]",11-34-09-38-12-10,2026-01-06,21:00,6550096,0,lottomatik,LOTTO42S0000180
SL49,Superlotto 6/49,"[""48"", ""33"", ""27"", ""18"", ""05"", ""36""]",48-33-27-18-05-36,2026-01-06,21:00,97432130.7,0,lottomatik,SL49S0000181
UL58,Ultra Lotto 6/58,"[""12"", ""30"", ""03"", ""08"", ""34"", ""54""]",12-30-03-08-34-54,2026-01-06,21:00,209639379.6,0,lottomatik,UL58S0000181
2DL-2PM,2D Lotto 2PM,"[""11"", ""15""]",11-15,2026-01-07,14:00,4000,11,lottomatik,2DLS0001264
3DL-2PM,3D Lotto 2PM,"[""1"", ""5"", ""1""]",1-5-1,2026-01-07,14:00,4500,5,lottomatik,3DLS0001264
2DL-5PM,2D Lotto 5PM,"[""19"", ""29""]",19-29,2026-01-07,17:00,4000,5,lottomatik,2DLS0001265
3DL-5PM,3D Lotto 5PM,"[""8"", ""6"", ""4""]",8-6-4,2026-01-07,17:00,4500,3,lottomatik,3DLS0001265
2DL-9PM,2D Lotto 9PM,"[""06"", ""19""]",06-19,2026-01-07,21:00,4000,7,lottomatik,2DLS0001266
3DL-9PM,3D Lotto 9PM,"[""6"", ""5"", ""3""]",6-5-3,2026-01-07,21:00,4500,11,lottomatik,3DLS0001266
4DL,4D Lotto,"[""1"", ""2"", ""8"", ""5""]",1-2-8-5,2026-01-07,21:00,1069041,37,lottomatik,4DLS0000181
GL55,Grand Lotto 6/55,"[""34"", ""41"", ""44"", ""37"", ""38"", ""19""]",34-41-44-37-38-19,2026-01-07,21:00,29700000,0,lottomatik,GL55S0000182
ML45,Megalotto 6/45,"[""06"", ""03"", ""07"", ""24"", ""21"", ""09""]",06-03-07-24-21-09,2026-01-07,21:00,8910000,0,lottomatik,ML45S0000181
2DL-2PM,2D Lotto 2PM,"[""08"", ""24""]",08-24,2026-01-08,14:00,4000,11,lottomatik,2DLS0001267
3DL-2PM,3D Lotto 2PM,"[""3"", ""5"", ""2""]",3-5-2,2026-01-08,14:00,4500,5,lottomatik,3DLS0001267
2DL-5PM,2D Lotto 5PM,"[""06"", ""29""]",06-29,2026-01-08,17:00,4000,4,lottomatik,2DLS0001268
3DL-5PM,3D Lotto 5PM,"[""2"", ""8"", ""5""]",2-8-5,2026-01-08,17:00,4500,7,lottomatik,3DLS0001268
2DL-9PM,2D Lotto 9PM,"[""06"", ""06""]",06-06,2026-01-08,21:00,4000,64,lottomatik,2DLS0001269
3DL-9PM,3D Lotto 9PM,"[""9"", ""2"", ""3""]",9-2-3,2026-01-08,21:00,4500,3,lottomatik,3DLS0001269
6DL,6D Lotto,"[""6"", ""2"", ""6"", ""3"", ""4"", ""2""]",6-2-6-3-4-2,2026-01-08,21:00,2928944.04,0,lottomatik,6DLS0000181
LOTTO42,Lotto 6/42,"[""29"", ""32"", ""13"", ""17"", ""11"", ""09""]",29-32-13-17-11-09,2026-01-08,21:00,10042884.6,1,lottomatik,LOTTO42S0000181
SL49,Superlotto 6/49,"[""09"", ""11"", ""30"", ""12"", ""24"", ""26""]",09-11-30-12-24-26,2026-01-08,21:00,104548763.1,2,lottomatik,SL49S0000182
2DL-2PM,2D Lotto 2PM,"[""31"", ""29""]",31-29,2026-01-09,14:00,4000,0,lottomatik,2DLS0001270
3DL-2PM,3D Lotto 2PM,"[""5"", ""4"", ""8""]",5-4-8,2026-01-09,14:00,4500,4,lottomatik,3DLS0001270
2DL-5PM,2D Lotto 5PM,"[""08"", ""05""]",08-05,2026-01-09,17:00,4000,12,lottomatik,2DLS0001271
3DL-5PM,3D Lotto 5PM,"[""3"", ""4"", ""6""]",3-4-6,2026-01-09,17:00,4500,5,lottomatik,3DLS0001271
2DL-9PM,2D Lotto 9PM,"[""01"", ""22""]",01-22,2026-01-09,21:00,4000,6,lottomatik,2DLS0001272
3DL-9PM,3D Lotto 9PM,"[""1"", ""0"", ""7""]",1-0-7,2026-01-09,21:00,4500,10,lottomatik,3DLS0001272
4DL,4D Lotto,"[""8"", ""8"", ""4"", ""6""]",8-8-4-6,2026-01-09,21:00,1016094,23,lottomatik,4DLS0000182
ML45,Megalotto 6/45,"[""43"", ""35"", ""18"", ""16"", ""25"", ""13""]",43-35-18-16-25-13,2026-01-09,21:00,11187537,0,lottomatik,ML45S0000182
UL58,Ultra Lotto 6/58,"[""33"", ""15"", ""57"", ""23"", ""30"", ""53""]",33-15-57-23-30-53,2026-01-09,21:00,218282070.8,0,lottomatik,UL58S0000182
2DL-2PM,2D Lotto 2PM,"[""04"", ""30""]",04-30,2026-01-10,14:00,4000,3,lottomatik,2DLS0001273
3DL-2PM,3D Lotto 2PM,"[""5"", ""9"", ""0""]",5-9-0,2026-01-10,14:00,4500,0,lottomatik,3DLS0001273
2DL-5PM,2D Lotto 5PM,"[""25"", ""17""]",25-17,2026-01-10,17:00,4000,0,lottomatik,2DLS0001274
3DL-5PM,3D Lotto 5PM,"[""9"", ""8"", ""8""]",9-8-8,2026-01-10,17:00,4500,3,lottomatik,3DLS0001274
2DL-9PM,2D Lotto 9PM,"[""11"", ""01""]",11-01,2026-01-10,21:00,4000,57,lottomatik,2DLS0001275
3DL-9PM,3D Lotto 9PM,"[""1"", ""3"", ""7""]",1-3-7,2026-01-10,21:00,4500,12,lottomatik,3DLS0001275
6DL,6D Lotto,"[""2"", ""3"", ""8"", ""7"", ""9"", ""6""]",2-3-8-7-9-6,2026-01-10,21:00,3810077.36,0,lottomatik,6DLS0000182
GL55,Grand Lotto 6/55,"[""32"", ""13"", ""31"", ""08"", ""14"", ""44""]",32-13-31-08-14-44,2026-01-10,21:00,29700000,0,lottomatik,GL55S0000183
LOTTO42,Lotto 6/42,"[""20"", ""08"", ""10"", ""01"", ""04"", ""24""]",20-08-10-01-04-24,2026-01-10,21:00,5940000,2,lottomatik,LOTTO42S0000182
2DL-2PM,2D Lotto 2PM,"[""27"", ""12""]",27-12,2026-01-11,14:00,4000,4,lottomatik,2DLS0001276
3DL-2PM,3D Lotto 2PM,"[""3"", ""7"", ""2""]",3-7-2,2026-01-11,14:00,4500,1,lottomatik,3DLS0001276
2DL-5PM,2D Lotto 5PM,"[""19"", ""12""]",19-12,2026-01-11,17:00,4000,5,lottomatik,2DLS0001277
2DL-9PM,2D Lotto 9PM,"[""07"", ""21""]",07-21,2026-01-11,21:00,4000,3,lottomatik,2DLS0001278
3DL-9PM,3D Lotto 9PM,"[""5"", ""9"", ""8""]",5-9-8,2026-01-11,21:00,4500,9,lottomatik,3DLS0001278
SL49,Superlotto 6/49,"[""32"", ""26"", ""12"", ""22"", ""30"", ""36""]",32-26-12-22-30-36,2026-01-11,21:00,15840000,0,lottomatik,SL49S0000183
UL58,Ultra Lotto 6/58,"[""44"", ""51"", ""31"", ""32"", ""09"", ""35""]",44-51-31-32-09-35,2026-01-11,21:00,226887463.2,0,lottomatik,UL58S0000183
2DL-2PM,2D Lotto 2PM,"[""29"", ""24""]",29-24,2026-01-12,14:00,4000,3,lottomatik,2DLS0001279
3DL-2PM,3D Lotto 2PM,"[""7"", ""6"", ""1""]",7-6-1,2026-01-12,14:00,4500,2,lottomatik,3DLS0001279
2DL-5PM,2D Lotto 5PM,"[""29"", ""17""]",29-17,2026-01-12,17:00,4000,1,lottomatik,2DLS0001280
3DL-5PM,3D Lotto 5PM,"[""9"", ""2"", ""7""]",9-2-7,2026-01-12,17:00,4500,2,lottomatik,3DLS0001280
2DL-9PM,2D Lotto 9PM,"[""26"", ""13""]",26-13,2026-01-12,21:00,4000,11,lottomatik,2DLS0001281
3DL-9PM,3D Lotto 9PM,"[""7"", ""1"", ""1""]",7-1-1,2026-01-12,21:00,4500,19,lottomatik,3DLS0001281
4DL,4D Lotto,"[""1"", ""3"", ""2"", ""4""]",1-3-2-4,2026-01-12,21:00,1160000,116,lottomatik,4DLS0000183
GL55,Grand Lotto 6/55,"[""47"", ""43"", ""36"", ""09"", ""07"", ""11""]",47-43-36-09-07-11,2026-01-12,21:00,29700000,0,lottomatik,GL55S0000184
ML45,Megalotto 6/45,"[""09"", ""05"", ""11"", ""21"", ""06"", ""02""]",09-05-11-21-06-02,2026-01-12,21:00,15293132,0,lottomatik,ML45S0000183
2DL-2PM,2D Lotto 2PM,"[""03"", ""13""]",03-13,2026-01-13,14:00,4000,10,lottomatik,2DLS0001282
3DL-2PM,3D Lotto 2PM,"[""1"", ""7"", ""5""]",1-7-5,2026-01-13,14:00,4500,12,lottomatik,3DLS0001282
2DL-5PM,2D Lotto 5PM,"[""19"", ""26""]",19-26,2026-01-13,17:00,4000,1,lottomatik,2DLS0001283
3DL-5PM,3D Lotto 5PM,"[""4"", ""6"", ""9""]",4-6-9,2026-01-13,17:00,4500,3,lottomatik,3DLS0001283
2DL-9PM,2D Lotto 9PM,"[""21"", ""20""]",21-20,2026-01-13,21:00,4000,6,lottomatik,2DLS0001284
3DL-9PM,3D Lotto 9PM,"[""4"", ""8"", ""6""]",4-8-6,2026-01-13,21:00,4500,2,lottomatik,3DLS0001284
6DL,6D Lotto,"[""2"", ""2"", ""9"", ""4"", ""3"", ""3""]",2-2-9-4-3-3,2026-01-13,21:00,4475974.44,0,lottomatik,6DLS0000183
LOTTO42,Lotto 6/42,"[""20"", ""03"", ""29"", ""15"", ""39"", ""19""]",20-03-29-15-39-19,2026-01-13,21:00,5940000,0,lottomatik,LOTTO42S0000183
SL49,Superlotto 6/49,"[""15"", ""28"", ""26"", ""06"", ""27"", ""25""]",15-28-26-06-27-25,2026-01-13,21:00,15840000,1,lottomatik,SL49S0000184
UL58,Ultra Lotto 6/58,"[""28"", ""44"", ""11"", ""43"", ""33"", ""45""]",28-44-11-43-33-45,2026-01-13,21:00,235429574.8,0,lottomatik,UL58S0000184
2DL-2PM,2D Lotto 2PM,"[""25"", ""28""]",25-28,2026-01-14,14:00,4000,1,lottomatik,2DLS0001285
3DL-2PM,3D Lotto 2PM,"[""1"", ""5"", ""1""]",1-5-1,2026-01-14,14:00,4500,2,lottomatik,3DLS0001285
2DL-5PM,2D Lotto 5PM,"[""31"", ""10""]",31-10,2026-01-14,17:00,4000,5,lottomatik,2DLS0001286
3DL-5PM,3D Lotto 5PM,"[""6"", ""5"", ""0""]",6-5-0,2026-01-14,17:00,4500,14,lottomatik,3DLS0001286
2DL-9PM,2D Lotto 9PM,"[""16"", ""01""]",16-01,2026-01-14,21:00,4000,15,lottomatik,2DLS0001287
3DL-9PM,3D Lotto 9PM,"[""0"", ""6"", ""4""]",0-6-4,2026-01-14,21:00,4500,7,lottomatik,3DLS0001287
4DL,4D Lotto,"[""2"", ""4"", ""7"", ""7""]",2-4-7-7,2026-01-14,21:00,936100,37,lottomatik,4DLS0000184
GL55,Grand Lotto 6/55,"[""02"", ""48"", ""43"", ""41"", ""42"", ""11""]",02-48-43-41-42-11,2026-01-14,21:00,29700000,0,lottomatik,GL55S0000185
ML45,Megalotto 6/45,"[""43"", ""05"", ""10"", ""03"", ""16"", ""04""]",43-05-10-03-16-04,2026-01-14,21:00,19437030.2,0,lottomatik,ML45S0000184
2DL-2PM,2D Lotto 2PM,"[""13"", ""03""]",13-03,2026-01-15,14:00,4000,6,lottomatik,2DLS0001288
3DL-2PM,3D Lotto 2PM,"[""6"", ""1"", ""5""]",6-1-5,2026-01-15,14:00,4500,48,lottomatik,3DLS0001288
2DL-5PM,2D Lotto 5PM,"[""06"", ""23""]",06-23,2026-01-15,17:00,4000,4,lottomatik,2DLS0001289
3DL-5PM,3D Lotto 5PM,"[""6"", ""8"", ""5""]",6-8-5,2026-01-15,17:00,4500,1,lottomatik,3DLS0001289
2DL-9PM,2D Lotto 9PM,"[""01"", ""05""]",01-05,2026-01-15,21:00,4000,22,lottomatik,2DLS0001290
3DL-9PM,3D Lotto 9PM,"[""4"", ""1"", ""2""]",4-1-2,2026-01-15,21:00,4500,44,lottomatik,3DLS0001290
6DL,6D Lotto,"[""6"", ""6"", ""4"", ""2"", ""7"", ""5""]",6-6-4-2-7-5,2026-01-15,21:00,5216694,2,lottomatik,6DLS0000184
LOTTO42,Lotto 6/42,"[""22"", ""11"", ""06"", ""04"", ""20"", ""03""]",22-11-06-04-20-03,2026-01-15,21:00,6542028.2,0,lottomatik,LOTTO42S0000184
SL49,Superlotto 6/49,"[""14"", ""24"", ""10"", ""05"", ""15"", ""11""]",14-24-10-05-15-11,2026-01-15,21:00,15840000,1,lottomatik,SL49S0000185
2DL-2PM,2D Lotto 2PM,"[""25"", ""15""]",25-15,2026-01-16,14:00,4000,9,lottomatik,2DLS0001291
3DL-2PM,3D Lotto 2PM,"[""2"", ""8"", ""1""]",2-8-1,2026-01-16,14:00,4500,15,lottomatik,3DLS0001291
2DL-5PM,2D Lotto 5PM,"[""05"", ""22""]",05-22,2026-01-16,17:00,4000,2,lottomatik,2DLS0001292
3DL-5PM,3D Lotto 5PM,"[""2"", ""2"", ""0""]",2-2-0,2026-01-16,17:00,4500,2,lottomatik,3DLS0001292
2DL-9PM,2D Lotto 9PM,"[""02"", ""15""]",02-15,2026-01-16,21:00,4000,9,lottomatik,2DLS0001293
3DL-9PM,3D Lotto 9PM,"[""5"", ""9"", ""7""]",5-9-7,2026-01-16,21:00,4500,10,lottomatik,3DLS0001293
4DL,4D Lotto,"[""2"", ""3"", ""3"", ""6""]",2-3-3-6,2026-01-16,21:00,1074096,24,lottomatik,4DLS0000185
ML45,Megalotto 6/45,"[""42"", ""31"", ""06"", ""10"", ""40"", ""37""]",42-31-06-10-40-37,2026-01-16,21:00,23773759.6,0,lottomatik,ML45S0000185
UL58,Ultra Lotto 6/58,"[""17"", ""05"", ""35"", ""15"", ""19"", ""37""]",17-05-35-15-19-37,2026-01-16,21:00,245418490,0,lottomatik,UL58S0000185
2DL-2PM,2D Lotto 2PM,"[""12"", ""10""]",12-10,2026-01-17,14:00,4000,4,lottomatik,2DLS0001294
3DL-2PM,3D Lotto 2PM,"[""1"", ""5"", ""4""]",1-5-4,2026-01-17,14:00,4500,13,lottomatik,3DLS0001294
2DL-5PM,2D Lotto 5PM,"[""26"", ""05""]",26-05,2026-01-17,17:00,4000,2,lottomatik,2DLS0001295
3DL-5PM,3D Lotto 5PM,"[""6"", ""3"", ""3""]",6-3-3,2026-01-17,17:00,4500,2,lottomatik,3DLS0001295
2DL-9PM,2D Lotto 9PM,"[""19"", ""27""]",19-27,2026-01-17,21:00,4000,9,lottomatik,2DLS0001296
3DL-9PM,3D Lotto 9PM,"[""2"", ""1"", ""7""]",2-1-7,2026-01-17,21:00,4500,13,lottomatik,3DLS0001296
6DL,6D Lotto,"[""4"", ""8"", ""1"", ""5"", ""5"", ""3""]",4-8-1-5-5-3,2026-01-17,21:00,430691.8,0,lottomatik,6DLS0000185
GL55,Grand Lotto 6/55,"[""40"", ""07"", ""49"", ""19"", ""34"", ""23""]",40-07-49-19-34-23,2026-01-17,21:00,29700000,0,lottomatik,GL55S0000186
LOTTO42,Lotto 6/42,"[""04"", ""03"", ""23"", ""11"", ""18"", ""35""]",04-03-23-11-18-35,2026-01-17,21:00,10373797.4,0,lottomatik,LOTTO42S0000185
2DL-2PM,2D Lotto 2PM,"[""20"", ""25""]",20-25,2026-01-18,14:00,4000,2,lottomatik,2DLS0001297
3DL-2PM,3D Lotto 2PM,"[""8"", ""1"", ""6""]",8-1-6,2026-01-18,14:00,4500,17,lottomatik,3DLS0001297
2DL-5PM,2D Lotto 5PM,"[""01"", ""31""]",01-31,2026-01-18,17:00,4000,17,lottomatik,2DLS0001298
3DL-5PM,3D Lotto 5PM,"[""8"", ""8"", ""0""]",8-8-0,2026-01-18,17:00,4500,10,lottomatik,3DLS0001298
2DL-9PM,2D Lotto 9PM,"[""31"", ""15""]",31-15,2026-01-18,21:00,4000,1,lottomatik,2DLS0001299
3DL-9PM,3D Lotto 9PM,"[""8"", ""6"", ""0""]",8-6-0,2026-01-18,21:00,4500,28,lottomatik,3DLS0001299
SL49,Superlotto 6/49,"[""35"", ""32"", ""20"", ""37"", ""05"", ""19""]",35-32-20-37-05-19,2026-01-18,21:00,15840000,0,lottomatik,SL49S0000186
UL58,Ultra Lotto 6/58,"[""38"", ""55"", ""56"", ""02"", ""22"", ""03""]",38-55-56-02-22-03,2026-01-18,21:00,254932636.4,0,lottomatik,UL58S0000186
2DL-2PM,2D Lotto 2PM,"[""16"", ""13""]",16-13,2026-01-19,14:00,4000,1,lottomatik,2DLS0001300
3DL-2PM,3D Lotto 2PM,"[""9"", ""6"", ""3""]",9-6-3,2026-01-19,14:00,4500,17,lottomatik,3DLS0001300
2DL-5PM,2D Lotto 5PM,"[""24"", ""09""]",24-09,2026-01-19,17:00,4000,9,lottomatik,2DLS0001301
3DL-5PM,3D Lotto 5PM,"[""5"", ""3"", ""1""]",5-3-1,2026-01-19,17:00,4500,6,lottomatik,3DLS0001301
2DL-9PM,2D Lotto 9PM,"[""12"", ""23""]",12-23,2026-01-19,21:00,4000,15,lottomatik,2DLS0001302
3DL-9PM,3D Lotto 9PM,"[""3"", ""0"", ""4""]",3-0-4,2026-01-19,21:00,4500,3,lottomatik,3DLS0001302
4DL,4D Lotto,"[""0"", ""5"", ""6"", ""5""]",0-5-6-5,2026-01-19,21:00,906812,31,lottomatik,4DLS0000186
GL55,Grand Lotto 6/55,"[""28"", ""09"", ""41"", ""22"", ""48"", ""07""]",28-09-41-22-48-07,2026-01-19,21:00,29700000,0,lottomatik,GL55S0000187
ML45,Megalotto 6/45,"[""03"", ""15"", ""41"", ""10"", ""43"", ""17""]",03-15-41-10-43-17,2026-01-19,21:00,28466081.2,0,lottomatik,ML45S0000186
2DL-2PM,2D Lotto 2PM,"[""22"", ""13""]",22-13,2026-01-20,14:00,4000,4,lottomatik,2DLS0001303
3DL-2PM,3D Lotto 2PM,"[""2"", ""8"", ""6""]",2-8-6,2026-01-20,14:00,4500,13,lottomatik,3DLS0001303
2DL-5PM,2D Lotto 5PM,"[""08"", ""15""]",08-15,2026-01-20,17:00,4000,7,lottomatik,2DLS0001304
3DL-5PM,3D Lotto 5PM,"[""4"", ""1"", ""1""]",4-1-1,2026-01-20,17:00,4500,4,lottomatik,3DLS0001304
2DL-9PM,2D Lotto 9PM,"[""18"", ""27""]",18-27,2026-01-20,21:00,4000,17,lottomatik,2DLS0001305
3DL-9PM,3D Lotto 9PM,"[""1"", ""0"", ""9""]",1-0-9,2026-01-20,21:00,4500,36,lottomatik,3DLS0001305
6DL,6D Lotto,"[""8"", ""5"", ""0"", ""6"", ""0"", ""6""]",8-5-0-6-0-6,2026-01-20,21:00,1096377.68,0,lottomatik,6DLS0000186
LOTTO42,Lotto 6/42,"[""05"", ""02"", ""03"", ""14"", ""12"", ""06""]",05-02-03-14-12-06,2026-01-20,21:00,13872684,0,lottomatik,LOTTO42S0000186
SL49,Superlotto 6/49,"[""05"", ""15"", ""23"", ""02"", ""03"", ""04""]",05-15-23-02-03-04,2026-01-20,21:00,15840000,0,lottomatik,SL49S0000187
UL58,Ultra Lotto 6/58,"[""54"", ""52"", ""05"", ""22"", ""49"", ""20""]",54-52-05-22-49-20,2026-01-20,21:00,264032272,0,lottomatik,UL58S0000187
2DL-2PM,2D Lotto 2PM,"[""31"", ""15""]",31-15,2026-01-21,14:00,4000,2,lottomatik,2DLS0001306
3DL-2PM,3D Lotto 2PM,"[""2"", ""3"", ""1""]",2-3-1,2026-01-21,14:00,4500,24,lottomatik,3DLS0001306
2DL-5PM,2D Lotto 5PM,"[""19"", ""03""]",19-03,2026-01-21,17:00,4000,3,lottomatik,2DLS0001307
3DL-5PM,3D Lotto 5PM,"[""8"", ""5"", ""8""]",8-5-8,2026-01-21,17:00,4500,0,lottomatik,3DLS0001307
2DL-9PM,2D Lotto 9PM,"[""06"", ""15""]",06-15,2026-01-21,21:00,4000,7,lottomatik,2DLS0001308
3DL-9PM,3D Lotto 9PM,"[""7"", ""3"", ""7""]",7-3-7,2026-01-21,21:00,4500,2,lottomatik,3DLS0001308
4DL,4D Lotto,"[""8"", ""7"", ""6"", ""1""]",8-7-6-1,2026-01-21,21:00,989689,17,lottomatik,4DLS0000187
GL55,Grand Lotto 6/55,"[""34"", ""28"", ""48"", ""25"", ""55"", ""03""]",34-28-48-25-55-03,2026-01-21,21:00,33193409.2,0,lottomatik,GL55S0000188
ML45,Megalotto 6/45,"[""28"", ""12"", ""02"", ""15"", ""23"", ""13""]",28-12-02-15-23-13,2026-01-21,21:00,33350760.4,2,lottomatik,ML45S0000187
2DL-2PM,2D Lotto 2PM,"[""17"", ""14""]",17-14,2026-01-22,14:00,4000,1,lottomatik,2DLS0001309
3DL-2PM,3D Lotto 2PM,"[""6"", ""6"", ""6""]",6-6-6,2026-01-22,14:00,4500,8,lottomatik,3DLS0001309
2DL-5PM,2D Lotto 5PM,"[""01"", ""23""]",01-23,2026-01-22,17:00,4000,33,lottomatik,2DLS0001310
3DL-5PM,3D Lotto 5PM,"[""1"", ""7"", ""5""]",1-7-5,2026-01-22,17:00,4500,3,lottomatik,3DLS0001310
2DL-9PM,2D Lotto 9PM,"[""28"", ""29""]",28-29,2026-01-22,21:00,4000,2,lottomatik,2DLS0001311
3DL-9PM,3D Lotto 9PM,"[""5"", ""3"", ""7""]",5-3-7,2026-01-22,21:00,4500,14,lottomatik,3DLS0001311
6DL,6D Lotto,"[""2"", ""4"", ""3"", ""2"", ""2"", ""2""]",2-4-3-2-2-2,2026-01-22,21:00,1203941.56,0,lottomatik,6DLS0000187
LOTTO42,Lotto 6/42,"[""18"", ""24"", ""27"", ""39"", ""40"", ""21""]",18-24-27-39-40-21,2026-01-22,21:00,18289720.8,0,lottomatik,LOTTO42S0000187
SL49,Superlotto 6/49,"[""10"", ""26"", ""24"", ""36"", ""01"", ""48""]",10-26-24-36-01-48,2026-01-22,21:00,15840000,0,lottomatik,SL49S0000188
2DL-2PM,2D Lotto 2PM,"[""12"", ""02""]",12-02,2026-01-23,14:00,4000,4,lottomatik,2DLS0001312
3DL-2PM,3D Lotto 2PM,"[""2"", ""5"", ""0""]",2-5-0,2026-01-23,14:00,4500,8,lottomatik,3DLS0001312
2DL-5PM,2D Lotto 5PM,"[""24"", ""30""]",24-30,2026-01-23,17:00,4000,2,lottomatik,2DLS0001313
3DL-5PM,3D Lotto 5PM,"[""0"", ""1"", ""2""]",0-1-2,2026-01-23,17:00,4500,8,lottomatik,3DLS0001313
2DL-9PM,2D Lotto 9PM,"[""08"", ""13""]",08-13,2026-01-23,21:00,4000,10,lottomatik,2DLS0001314
3DL-9PM,3D Lotto 9PM,"[""6"", ""5"", ""8""]",6-5-8,2026-01-23,21:00,4500,4,lottomatik,3DLS0001314
4DL,4D Lotto,"[""0"", ""7"", ""4"", ""1""]",0-7-4-1,2026-01-23,21:00,1057712,8,lottomatik,4DLS0000188
ML45,Megalotto 6/45,"[""16"", ""01"", ""31"", ""27"", ""04"", ""43""]",16-01-31-27-04-43,2026-01-23,21:00,8910000,0,lottomatik,ML45S0000188
UL58,Ultra Lotto 6/58,"[""08"", ""33"", ""21"", ""13"", ""19"", ""25""]",08-33-21-13-19-25,2026-01-23,21:00,274658188.4,0,lottomatik,UL58S0000188
2DL-2PM,2D Lotto 2PM,"[""15"", ""28""]",15-28,2026-01-24,14:00,4000,2,lottomatik,2DLS0001315
3DL-2PM,3D Lotto 2PM,"[""1"", ""4"", ""2""]",1-4-2,2026-01-24,14:00,4500,34,lottomatik,3DLS0001315
2DL-5PM,2D Lotto 5PM,"[""08"", ""12""]",08-12,2026-01-24,17:00,4000,11,lottomatik,2DLS0001316
3DL-5PM,3D Lotto 5PM,"[""1"", ""9"", ""3""]",1-9-3,2026-01-24,17:00,4500,11,lottomatik,3DLS0001316
2DL-9PM,2D Lotto 9PM,"[""27"", ""26""]",27-26,2026-01-24,21:00,4000,9,lottomatik,2DLS0001317
3DL-9PM,3D Lotto 9PM,"[""9"", ""5"", ""5""]",9-5-5,2026-01-24,21:00,4500,1,lottomatik,3DLS0001317
6DL,6D Lotto,"[""4"", ""0"", ""8"", ""1"", ""7"", ""1""]",4-0-8-1-7-1,2026-01-24,21:00,1922653.16,0,lottomatik,6DLS0000188
GL55,Grand Lotto 6/55,"[""24"", ""19"", ""16"", ""33"", ""36"", ""06""]",24-19-16-33-36-06,2026-01-24,21:00,37485292.6,0,lottomatik,GL55S0000189
LOTTO42,Lotto 6/42,"[""21"", ""06"", ""41"", ""34"", ""17"", ""28""]",21-06-41-34-17-28,2026-01-24,21:00,22792270,0,lottomatik,LOTTO42S0000188
2DL-9PM,2D Lotto 9PM,"[""28"", ""04""]",28-04,2026-01-25,21:00,4000,3,lottomatik,2DLS0001320
3DL-9PM,3D Lotto 9PM,"[""9"", ""0"", ""8""]",9-0-8,2026-01-25,21:00,4500,9,lottomatik,3DLS0001320
SL49,Superlotto 6/49,"[""42"", ""44"", ""23"", ""03"", ""31"", ""26""]",42-44-23-03-31-26,2026-01-25,21:00,15840000,0,lottomatik,SL49S0000189
UL58,Ultra Lotto 6/58,"[""39"", ""37"", ""04"", ""11"", ""02"", ""09""]",39-37-04-11-02-09,2026-01-25,21:00,284636402.8,2,lottomatik,UL58S0000189
2DL-9PM,2D Lotto 9PM,"[""06"", ""01""]",06-01,2026-01-26,21:00,4000,17,lottomatik,2DLS0001323
3DL-9PM,3D Lotto 9PM,"[""2"", ""8"", ""9""]",2-8-9,2026-01-26,21:00,4500,7,lottomatik,3DLS0001323
4DL,4D Lotto,"[""5"", ""2"", ""8"", ""6""]",5-2-8-6,2026-01-26,21:00,995131,47,lottomatik,4DLS0000189
GL55,Grand Lotto 6/55,"[""19"", ""01"", ""37"", ""07"", ""41"", ""51""]",19-01-37-07-41-51,2026-01-26,21:00,41941563.2,0,lottomatik,GL55S0000190
ML45,Megalotto 6/45,"[""25"", ""22"", ""24"", ""42"", ""04"", ""33""]",25-22-24-42-04-33,2026-01-26,21:00,8910000,0,lottomatik,ML45S0000189
2DL-9PM,2D Lotto 9PM,"[""22"", ""06""]",22-06,2026-01-27,21:00,4000,16,lottomatik,2DLS0001326
3DL-9PM,3D Lotto 9PM,"[""1"", ""3"", ""8""]",1-3-8,2026-01-27,21:00,4500,16,lottomatik,3DLS0001326
6DL,6D Lotto,"[""2"", ""7"", ""1"", ""4"", ""5"", ""5""]",2-7-1-4-5-5,2026-01-27,21:00,1972653,1,lottomatik,6DLS0000189
LOTTO42,Lotto 6/42,"[""23"", ""34"", ""17"", ""35"", ""01"", ""27""]",23-34-17-35-01-27,2026-01-27,21:00,27507160,0,lottomatik,LOTTO42S0000189
SL49,Superlotto 6/49,"[""41"", ""23"", ""26"", ""33"", ""10"", ""20""]",41-23-26-33-10-20,2026-01-27,21:00,18196920.2,0,lottomatik,SL49S0000190
UL58,Ultra Lotto 6/58,"[""25"", ""50"", ""06"", ""46"", ""27"", ""07""]",25-50-06-46-27-07,2026-01-27,21:00,49500000,0,lottomatik,UL58S0000190
2DL-9PM,2D Lotto 9PM,"[""07"", ""02""]",07-02,2026-01-28,21:00,4000,22,lottomatik,2DLS0001329
3DL-9PM,3D Lotto 9PM,"[""3"", ""1"", ""0""]",3-1-0,2026-01-28,21:00,4500,54,lottomatik,3DLS0001329
4DL,4D Lotto,"[""2"", ""0"", ""3"", ""3""]",2-0-3-3,2026-01-28,21:00,981600,40,lottomatik,4DLS0000190
GL55,Grand Lotto 6/55,"[""13"", ""53"", ""36"", ""11"", ""39"", ""15""]",13-53-36-11-39-15,2026-01-28,21:00,46526553.8,0,lottomatik,GL55S0000191
ML45,Megalotto 6/45,"[""27"", ""35"", ""09"", ""08"", ""04"", ""03""]",27-35-09-08-04-03,2026-01-28,21:00,11144094.8,0,lottomatik,ML45S0000190
2DL-9PM,2D Lotto 9PM,"[""04"", ""16""]",04-16,2026-01-29,21:00,4000,8,lottomatik,2DLS0001332
3DL-9PM,3D Lotto 9PM,"[""2"", ""3"", ""3""]",2-3-3,2026-01-29,21:00,4500,34,lottomatik,3DLS0001332
6DL,6D Lotto,"[""6"", ""1"", ""5"", ""8"", ""6"", ""6""]",6-1-5-8-6-6,2026-01-29,21:00,161306.76,0,lottomatik,6DLS0000190
LOTTO42,Lotto 6/42,"[""16"", ""28"", ""08"", ""23"", ""42"", ""20""]",16-28-08-23-42-20,2026-01-29,21:00,32894927.4,1,lottomatik,LOTTO42S0000190
SL49,Superlotto 6/49,"[""10"", ""34"", ""07"", ""15"", ""05"", ""31""]",10-34-07-15-05-31,2026-01-29,21:00,21827053.8,0,lottomatik,SL49S0000191
2DL-2PM,2D Lotto 2PM,"[""21"", ""12""]",21-12,2026-01-30,14:00,4000,17,lottomatik,2DLS0001333
3DL-2PM,3D Lotto 2PM,"[""2"", ""0"", ""9""]",2-0-9,2026-01-30,14:00,4500,3,lottomatik,3DLS0001333
2DL-9PM,2D Lotto 9PM,"[""01"", ""25""]",01-25,2026-01-30,21:00,4000,9,lottomatik,2DLS0001335
3DL-9PM,3D Lotto 9PM,"[""6"", ""6"", ""7""]",6-6-7,2026-01-30,21:00,4500,1,lottomatik,3DLS0001335
4DL,4D Lotto,"[""2"", ""8"", ""8"", ""3""]",2-8-8-3,2026-01-30,21:00,1151628,19,lottomatik,4DLS0000191
ML45,Megalotto 6/45,"[""04"", ""03"", ""08"", ""42"", ""40"", ""33""]",04-03-08-42-40-33,2026-01-30,21:00,15223148.6,0,lottomatik,ML45S0000191
UL58,Ultra Lotto 6/58,"[""02"", ""45"", ""43"", ""57"", ""44"", ""49""]",02-45-43-57-44-49,2026-01-30,21:00,49500000,0,lottomatik,UL58S0000191
2DL-5PM,2D Lotto 5PM,"[""31"", ""24""]",31-24,2026-01-31,17:00,4000,4,lottomatik,2DLS0001337
2DL-9PM,2D Lotto 9PM,"[""03"", ""28""]",03-28,2026-01-31,21:00,4000,13,lottomatik,2DLS0001338
3DL-9PM,3D Lotto 9PM,"[""0"", ""1"", ""6""]",0-1-6,2026-01-31,21:00,4500,0,lottomatik,3DLS0001338
6DL,6D Lotto,"[""4"", ""7"", ""0"", ""4"", ""5"", ""9""]",4-7-0-4-5-9,2026-01-31,21:00,934256.84,0,lottomatik,6DLS0000191
GL55,Grand Lotto 6/55,"[""54"", ""37"", ""20"", ""15"", ""21"", ""10""]",54-37-20-15-21-10,2026-01-31,21:00,51794060,1,lottomatik,GL55S0000192
LOTTO42,Lotto 6/42,"[""23"", ""27"", ""16"", ""20"", ""28"", ""21""]",23-27-16-20-28-21,2026-01-31,21:00,5940000,1,lottomatik,LOTTO42S0000191
2DL-9PM,2D Lotto 9PM,"[""30"", ""19""]",30-19,2026-02-01,21:00,4000,3,lottomatik,2DLS0001341
3DL-9PM,3D Lotto 9PM,"[""2"", ""4"", ""1""]",2-4-1,2026-02-01,21:00,4500,15,lottomatik,3DLS0001341
SL49,Superlotto 6/49,"[""08"", ""10"", ""15"", ""25"", ""21"", ""02""]",08-10-15-25-21-02,2026-02-01,21:00,21827053.8,0,lottomatik,SL49S0000192
UL58,Ultra Lotto 6/58,"[""30"", ""17"", ""20"", ""28"", ""55"", ""23""]",30-17-20-28-55-23,2026-02-01,21:00,49500000,0,lottomatik,UL58S0000192
2DL-9PM,2D Lotto 9PM,"[""25"", ""14""]",25-14,2026-02-02,21:00,4000,7,lottomatik,2DLS0001344
3DL-9PM,3D Lotto 9PM,"[""3"", ""9"", ""8""]",3-9-8,2026-02-02,21:00,4500,10,lottomatik,3DLS0001344
4DL,4D Lotto,"[""4"", ""4"", ""0"", ""1""]",4-4-0-1,2026-02-02,21:00,10000,0,lottomatik,4DLS0000192
GL55,Grand Lotto 6/55,"[""44"", ""30"", ""17"", ""01"", ""19"", ""50""]",44-30-17-01-19-50,2026-02-02,21:00,45000000,0,lottomatik,GL55S0000193
ML45,Megalotto 6/45,"[""25"", ""06"", ""21"", ""01"", ""28"", ""10""]",25-06-21-01-28-10,2026-02-02,21:00,15223148.6,0,lottomatik,ML45S0000192
2DL-9PM,2D Lotto 9PM,"[""04"", ""26""]",04-26,2026-02-03,21:00,4000,15,lottomatik,2DLS0001347
3DL-9PM,3D Lotto 9PM,"[""6"", ""4"", ""3""]",6-4-3,2026-02-03,21:00,4500,11,lottomatik,3DLS0001347
6DL,6D Lotto,"[""4"", ""9"", ""4"", ""3"", ""7"", ""0""]",4-9-4-3-7-0,2026-02-03,21:00,934256.84,0,lottomatik,6DLS0000192
LOTTO42,Lotto 6/42,"[""33"", ""14"", ""10"", ""15"", ""24"", ""12""]",33-14-10-15-24-12,2026-02-03,21:00,6000000,0,lottomatik,LOTTO42S0000192
SL49,Superlotto 6/49,"[""39"", ""15"", ""02"", ""12"", ""07"", ""18""]",39-15-02-12-07-18,2026-02-03,21:00,29801761.84,0,lottomatik,SL49S0000193
UL58,Ultra Lotto 6/58,"[""35"", ""55"", ""40"", ""12"", ""13"", ""31""]",35-55-40-12-13-31,2026-02-03,21:00,75000000,0,lottomatik,UL58S0000193
2DL-9PM,2D Lotto 9PM,"[""09"", ""14""]",09-14,2026-02-04,21:00,4000,15,lottomatik,2DLS0001350
3DL-9PM,3D Lotto 9PM,"[""6"", ""2"", ""9""]",6-2-9,2026-02-04,21:00,4500,11,lottomatik,3DLS0001350
4DL,4D Lotto,"[""2"", ""6"", ""3"", ""4""]",2-6-3-4,2026-02-04,21:00,960696,24,lottomatik,4DLS0000193
GL55,Grand Lotto 6/55,"[""45"", ""49"", ""33"", ""43"", ""38"", ""54""]",45-49-33-43-38-54,2026-02-04,21:00,45000000,0,lottomatik,GL55S0000194
ML45,Megalotto 6/45,"[""03"", ""12"", ""31"", ""43"", ""22"", ""11""]",03-12-31-43-22-11,2026-02-04,21:00,19623493.37,0,lottomatik,ML45S0000193
2DL-9PM,2D Lotto 9PM,"[""17"", ""31""]",17-31,2026-02-05,21:00,4000,3,lottomatik,2DLS0001353
3DL-9PM,3D Lotto 9PM,"[""2"", ""7"", ""1""]",2-7-1,2026-02-05,21:00,4500,13,lottomatik,3DLS0001353
6DL,6D Lotto,"[""0"", ""3"", ""0"", ""5"", ""8"", ""9""]",0-3-0-5-8-9,2026-02-05,21:00,1800431,1,lottomatik,6DLS0000193
LOTTO42,Lotto 6/42,"[""10"", ""36"", ""30"", ""16"", ""29"", ""39""]",10-36-30-16-29-39,2026-02-05,21:00,10000000,0,lottomatik,LOTTO42S0000193
SL49,Superlotto 6/49,"[""12"", ""42"", ""17"", ""49"", ""16"", ""36""]",12-42-17-49-16-36,2026-02-05,21:00,34512702.58,0,lottomatik,SL49S0000194
2DL-9PM,2D Lotto 9PM,"[""31"", ""02""]",31-02,2026-02-06,21:00,4000,3,lottomatik,2DLS0001356
3DL-9PM,3D Lotto 9PM,"[""7"", ""0"", ""0""]",7-0-0,2026-02-06,21:00,4500,4,lottomatik,3DLS0001356
4DL,4D Lotto,"[""6"", ""1"", ""0"", ""0""]",6-1-0-0,2026-02-06,21:00,765452,31,lottomatik,4DLS0000194
ML45,Megalotto 6/45,"[""38"", ""35"", ""02"", ""44"", ""22"", ""39""]",38-35-02-44-22-39,2026-02-06,21:00,24129169.85,0,lottomatik,ML45S0000194
UL58,Ultra Lotto 6/58,"[""50"", ""28"", ""37"", ""34"", ""06"", ""11""]",50-28-37-34-06-11,2026-02-06,21:00,75000000,0,lottomatik,UL58S0000194
2DL-9PM,2D Lotto 9PM,"[""16"", ""26""]",16-26,2026-02-07,21:00,4000,6,lottomatik,2DLS0001359
3DL-9PM,3D Lotto 9PM,"[""9"", ""4"", ""8""]",9-4-8,2026-02-07,21:00,4500,3,lottomatik,3DLS0001359
6DL,6D Lotto,"[""1"", ""3"", ""4"", ""7"", ""7"", ""3""]",1-3-4-7-7-3,2026-02-07,21:00,281109.8,0,lottomatik,6DLS0000194
GL55,Grand Lotto 6/55,"[""55"", ""02"", ""43"", ""10"", ""14"", ""13""]",55-02-43-10-14-13,2026-02-07,21:00,45000000,0,lottomatik,GL55S0000195
LOTTO42,Lotto 6/42,"[""42"", ""10"", ""05"", ""13"", ""20"", ""19""]",42-10-05-13-20-19,2026-02-07,21:00,10000000,0,lottomatik,LOTTO42S0000194
2DL-9PM,2D Lotto 9PM,"[""28"", ""13""]",28-13,2026-02-08,21:00,4000,1,lottomatik,2DLS0001362
3DL-9PM,3D Lotto 9PM,"[""0"", ""7"", ""4""]",0-7-4,2026-02-08,21:00,4500,12,lottomatik,3DLS0001362
SL49,Superlotto 6/49,"[""14"", ""39"", ""04"", ""34"", ""11"", ""09""]",14-39-04-34-11-09,2026-02-08,21:00,34512702.58,0,lottomatik,SL49S0000195
UL58,Ultra Lotto 6/58,"[""58"", ""35"", ""30"", ""29"", ""13"", ""21""]",58-35-30-29-13-21,2026-02-08,21:00,75000000,0,lottomatik,UL58S0000195
2DL-9PM,2D Lotto 9PM,"[""12"", ""15""]",12-15,2026-02-09,21:00,4000,11,lottomatik,2DLS0001365
3DL-9PM,3D Lotto 9PM,"[""2"", ""0"", ""7""]",2-0-7,2026-02-09,21:00,4500,25,lottomatik,3DLS0001365
4DL,4D Lotto,"[""8"", ""7"", ""5"", ""0""]",8-7-5-0,2026-02-09,21:00,818424,27,lottomatik,4DLS0000195
GL55,Grand Lotto 6/55,"[""44"", ""39"", ""47"", ""31"", ""26"", ""02""]",44-39-47-31-26-02,2026-02-09,21:00,45000000,0,lottomatik,GL55S0000196
ML45,Megalotto 6/45,"[""04"", ""14"", ""30"", ""20"", ""18"", ""13""]",04-14-30-20-18-13,2026-02-09,21:00,28320023.07,0,lottomatik,ML45S0000195
2DL-9PM,2D Lotto 9PM,"[""20"", ""07""]",20-07,2026-02-10,21:00,4000,5,lottomatik,2DLS0001368
3DL-9PM,3D Lotto 9PM,"[""1"", ""3"", ""5""]",1-3-5,2026-02-10,21:00,4500,10,lottomatik,3DLS0001368
6DL,6D Lotto,"[""3"", ""6"", ""7"", ""5"", ""4"", ""9""]",3-6-7-5-4-9,2026-02-10,21:00,834364.8,0,lottomatik,6DLS0000195
LOTTO42,Lotto 6/42,"[""17"", ""03"", ""36"", ""42"", ""01"", ""34""]",17-03-36-42-01-34,2026-02-10,21:00,10000000,0,lottomatik,LOTTO42S0000195
SL49,Superlotto 6/49,"[""28"", ""03"", ""27"", ""34"", ""30"", ""20""]",28-03-27-34-30-20,2026-02-10,21:00,42401917.45,0,lottomatik,SL49S0000196
UL58,Ultra Lotto 6/58,"[""54"", ""26"", ""37"", ""35"", ""31"", ""29""]",54-26-37-35-31-29,2026-02-10,21:00,75000000,0,lottomatik,UL58S0000196
2DL-9PM,2D Lotto 9PM,"[""25"", ""17""]",25-17,2026-02-11,21:00,4000,6,lottomatik,2DLS0001371
3DL-9PM,3D Lotto 9PM,"[""6"", ""6"", ""2""]",6-6-2,2026-02-11,21:00,4500,3,lottomatik,3DLS0001371
4DL,4D Lotto,"[""4"", ""2"", ""3"", ""8""]",4-2-3-8,2026-02-11,21:00,878394,33,lottomatik,4DLS0000196
GL55,Grand Lotto 6/55,"[""03"", ""14"", ""25"", ""13"", ""23"", ""22""]",03-14-25-13-23-22,2026-02-11,21:00,45000000,0,lottomatik,GL55S0000197
ML45,Megalotto 6/45,"[""17"", ""15"", ""32"", ""45"", ""40"", ""12""]",17-15-32-45-40-12,2026-02-11,21:00,32709413.77,0,lottomatik,ML45S0000196
2DL-9PM,2D Lotto 9PM,"[""13"", ""16""]",13-16,2026-02-12,21:00,4000,10,lottomatik,2DLS0001374
3DL-9PM,3D Lotto 9PM,"[""5"", ""0"", ""1""]",5-0-1,2026-02-12,21:00,4500,19,lottomatik,3DLS0001374
6DL,6D Lotto,"[""3"", ""2"", ""2"", ""6"", ""0"", ""7""]",3-2-2-6-0-7,2026-02-12,21:00,1226369.36,0,lottomatik,6DLS0000196
LOTTO42,Lotto 6/42,"[""40"", ""23"", ""20"", ""28"", ""36"", ""07""]",40-23-20-28-36-07,2026-02-12,21:00,10000000,0,lottomatik,LOTTO42S0000196
SL49,Superlotto 6/49,"[""02"", ""37"", ""24"", ""21"", ""36"", ""40""]",02-37-24-21-36-40,2026-02-12,21:00,47053715.16,0,lottomatik,SL49S0000197
2DL-9PM,2D Lotto 9PM,"[""25"", ""15""]",25-15,2026-02-13,21:00,4000,12,lottomatik,2DLS0001377
3DL-9PM,3D Lotto 9PM,"[""9"", ""9"", ""5""]",9-9-5,2026-02-13,21:00,4500,9,lottomatik,3DLS0001377
4DL,4D Lotto,"[""2"", ""3"", ""2"", ""8""]",2-3-2-8,2026-02-13,21:00,1140000,114,lottomatik,4DLS0000197
ML45,Megalotto 6/45,"[""45"", ""08"", ""43"", ""03"", ""06"", ""32""]",45-08-43-03-06-32,2026-02-13,21:00,15000000,0,lottomatik,ML45S0000197
UL58,Ultra Lotto 6/58,"[""50"", ""41"", ""18"", ""34"", ""40"", ""58""]",50-41-18-34-40-58,2026-02-13,21:00,75000000,0,lottomatik,UL58S0000197
2DL-2PM,2D Lotto 2PM,"[""10"", ""27""]",10-27,2026-02-14,14:00,4000,4,lottomatik,2DLS0001378
2DL-9PM,2D Lotto 9PM,"[""28"", ""09""]",28-09,2026-02-14,21:00,4000,4,lottomatik,2DLS0001380
3DL-9PM,3D Lotto 9PM,"[""1"", ""5"", ""8""]",1-5-8,2026-02-14,21:00,4500,14,lottomatik,3DLS0001380
6DL,6D Lotto,"[""7"", ""3"", ""7"", ""1"", ""9"", ""0""]",7-3-7-1-9-0,2026-02-14,21:00,1970168.6,0,lottomatik,6DLS0000197
GL55,Grand Lotto 6/55,"[""42"", ""41"", ""48"", ""24"", ""22"", ""44""]",42-41-48-24-22-44,2026-02-14,21:00,45000000,0,lottomatik,GL55S0000198
LOTTO42,Lotto 6/42,"[""22"", ""08"", ""09"", ""12"", ""30"", ""32""]",22-08-09-12-30-32,2026-02-14,21:00,10000000,0,lottomatik,LOTTO42S0000197
2DL-9PM,2D Lotto 9PM,"[""30"", ""03""]",30-03,2026-02-15,21:00,4000,13,lottomatik,2DLS0001383
3DL-9PM,3D Lotto 9PM,"[""5"", ""3"", ""9""]",5-3-9,2026-02-15,21:00,4500,46,lottomatik,3DLS0001383
SL49,Superlotto 6/49,"[""27"", ""48"", ""40"", ""03"", ""25"", ""15""]",27-48-40-03-25-15,2026-02-15,21:00,47053715.16,0,lottomatik,SL49S0000198
UL58,Ultra Lotto 6/58,"[""56"", ""26"", ""57"", ""33"", ""52"", ""23""]",56-26-57-33-52-23,2026-02-15,21:00,75000000,0,lottomatik,UL58S0000198
2DL-9PM,2D Lotto 9PM,"[""27"", ""03""]",27-03,2026-02-16,21:00,4000,7,lottomatik,2DLS0001386
3DL-9PM,3D Lotto 9PM,"[""5"", ""3"", ""2""]",5-3-2,2026-02-16,21:00,4500,11,lottomatik,3DLS0001386
4DL,4D Lotto,"[""5"", ""9"", ""8"", ""9""]",5-9-8-9,2026-02-16,21:00,921679,11,lottomatik,4DLS0000198
GL55,Grand Lotto 6/55,"[""35"", ""16"", ""54"", ""21"", ""04"", ""06""]",35-16-54-21-04-06,2026-02-16,21:00,45000000,0,lottomatik,GL55S0000199
ML45,Megalotto 6/45,"[""21"", ""17"", ""10"", ""06"", ""03"", ""34""]",21-17-10-06-03-34,2026-02-16,21:00,15000000,0,lottomatik,ML45S0000198
2DL-9PM,2D Lotto 9PM,"[""01"", ""05""]",01-05,2026-02-17,21:00,4000,6,lottomatik,2DLS0001389
3DL-9PM,3D Lotto 9PM,"[""6"", ""5"", ""0""]",6-5-0,2026-02-17,21:00,4500,2,lottomatik,3DLS0001389
6DL,6D Lotto,"[""3"", ""4"", ""5"", ""6"", ""1"", ""2""]",3-4-5-6-1-2,2026-02-17,21:00,1970168.6,0,lottomatik,6DLS0000198
LOTTO42,Lotto 6/42,"[""12"", ""22"", ""36"", ""03"", ""41"", ""37""]",12-22-36-03-41-37,2026-02-17,21:00,10097279.28,0,lottomatik,LOTTO42S0000198
SL49,Superlotto 6/49,"[""17"", ""45"", ""15"", ""49"", ""26"", ""40""]",17-45-15-49-26-40,2026-02-17,21:00,55580313.8,0,lottomatik,SL49S0000199
UL58,Ultra Lotto 6/58,"[""30"", ""32"", ""56"", ""43"", ""27"", ""50""]",30-32-56-43-27-50,2026-02-17,21:00,75000000,0,lottomatik,UL58S0000199
2DL-5PM,2D Lotto 5PM,"[""15"", ""22""]",15-22,2026-02-18,17:00,4000,4,lottomatik,2DLS0001391
2DL-9PM,2D Lotto 9PM,"[""31"", ""27""]",31-27,2026-02-18,21:00,4000,1,lottomatik,2DLS0001392
3DL-9PM,3D Lotto 9PM,"[""7"", ""6"", ""8""]",7-6-8,2026-02-18,21:00,4500,29,lottomatik,3DLS0001392
4DL,4D Lotto,"[""6"", ""7"", ""6"", ""5""]",6-7-6-5,2026-02-18,21:00,780003,21,lottomatik,4DLS0000199
GL55,Grand Lotto 6/55,"[""14"", ""28"", ""37"", ""41"", ""10"", ""51""]",14-28-37-41-10-51,2026-02-18,21:00,45000000,0,lottomatik,GL55S0000200
ML45,Megalotto 6/45,"[""35"", ""05"", ""45"", ""04"", ""38"", ""23""]",35-05-45-04-38-23,2026-02-18,21:00,15000000,0,lottomatik,ML45S0000199
2DL-9PM,2D Lotto 9PM,"[""16"", ""26""]",16-26,2026-02-19,21:00,4000,11,lottomatik,2DLS0001395
3DL-9PM,3D Lotto 9PM,"[""9"", ""1"", ""7""]",9-1-7,2026-02-19,21:00,4500,29,lottomatik,3DLS0001395
6DL,6D Lotto,"[""1"", ""5"", ""4"", ""2"", ""9"", ""2""]",1-5-4-2-9-2,2026-02-19,21:00,509001.8,0,lottomatik,6DLS0000199
LOTTO42,Lotto 6/42,"[""38"", ""22"", ""41"", ""26"", ""13"", ""21""]",38-22-41-26-13-21,2026-02-19,21:00,13223463.01,0,lottomatik,LOTTO42S0000199
SL49,Superlotto 6/49,"[""09"", ""31"", ""40"", ""34"", ""42"", ""43""]",09-31-40-34-42-43,2026-02-19,21:00,60336205.73,0,lottomatik,SL49S0000200
2DL-9PM,2D Lotto 9PM,"[""26"", ""28""]",26-28,2026-02-20,21:00,4000,13,lottomatik,2DLS0001398
3DL-9PM,3D Lotto 9PM,"[""3"", ""0"", ""9""]",3-0-9,2026-02-20,21:00,4500,6,lottomatik,3DLS0001398
4DL,4D Lotto,"[""9"", ""5"", ""0"", ""0""]",9-5-0-0,2026-02-20,21:00,654003,21,lottomatik,4DLS0000200
ML45,Megalotto 6/45,"[""02"", ""31"", ""14"", ""20"", ""28"", ""17""]",02-31-14-20-28-17,2026-02-20,21:00,15000000,0,lottomatik,ML45S0000200
UL58,Ultra Lotto 6/58,"[""28"", ""48"", ""51"", ""58"", ""56"", ""53""]",28-48-51-58-56-53,2026-02-20,21:00,75000000,0,lottomatik,UL58S0000200
2DL-9PM,2D Lotto 9PM,"[""21"", ""21""]",21-21,2026-02-21,21:00,4000,10,lottomatik,2DLS0001401
3DL-9PM,3D Lotto 9PM,"[""9"", ""2"", ""5""]",9-2-5,2026-02-21,21:00,4500,29,lottomatik,3DLS0001401
6DL,6D Lotto,"[""1"", ""7"", ""5"", ""7"", ""3"", ""4""]",1-7-5-7-3-4,2026-02-21,21:00,989793,1,lottomatik,6DLS0000200
GL55,Grand Lotto 6/55,"[""09"", ""23"", ""03"", ""49"", ""50"", ""01""]",09-23-03-49-50-01,2026-02-21,21:00,45000000,2,lottomatik,GL55S0000201
LOTTO42,Lotto 6/42,"[""33"", ""38"", ""15"", ""20"", ""41"", ""37""]",33-38-15-20-41-37,2026-02-21,21:00,16668379.85,0,lottomatik,LOTTO42S0000200
2DL-9PM,2D Lotto 9PM,"[""28"", ""20""]",28-20,2026-02-22,21:00,4000,4,lottomatik,2DLS0001404
3DL-9PM,3D Lotto 9PM,"[""1"", ""7"", ""3""]",1-7-3,2026-02-22,21:00,4500,17,lottomatik,3DLS0001404
SL49,Superlotto 6/49,"[""14"", ""17"", ""05"", ""02"", ""43"", ""16""]",14-17-05-02-43-16,2026-02-22,21:00,60336205.73,0,lottomatik,SL49S0000201
UL58,Ultra Lotto 6/58,"[""36"", ""43"", ""13"", ""03"", ""12"", ""30""]",36-43-13-03-12-30,2026-02-22,21:00,75000000,0,lottomatik,UL58S0000201
2DL-9PM,2D Lotto 9PM,"[""12"", ""24""]",12-24,2026-02-23,21:00,4000,14,lottomatik,2DLS0001407
3DL-9PM,3D Lotto 9PM,"[""6"", ""7"", ""2""]",6-7-2,2026-02-23,21:00,4500,9,lottomatik,3DLS0001407
4DL,4D Lotto,"[""6"", ""4"", ""4"", ""6""]",6-4-4-6,2026-02-23,21:00,970368,19,lottomatik,4DLS0000201
GL55,Grand Lotto 6/55,"[""20"", ""23"", ""05"", ""35"", ""33"", ""45""]",20-23-05-35-33-45,2026-02-23,21:00,45000000,0,lottomatik,GL55S0000202
ML45,Megalotto 6/45,"[""39"", ""40"", ""30"", ""04"", ""17"", ""22""]",39-40-30-04-17-22,2026-02-23,21:00,15000000,0,lottomatik,ML45S0000201
2DL-9PM,2D Lotto 9PM,"[""25"", ""18""]",25-18,2026-02-24,21:00,4000,31,lottomatik,2DLS0001410
3DL-9PM,3D Lotto 9PM,"[""9"", ""4"", ""7""]",9-4-7,2026-02-24,21:00,4500,14,lottomatik,3DLS0001410
6DL,6D Lotto,"[""5"", ""0"", ""7"", ""0"", ""0"", ""8""]",5-0-7-0-0-8,2026-02-24,21:00,150000,0,lottomatik,6DLS0000201
LOTTO42,Lotto 6/42,"[""24"", ""12"", ""04"", ""35"", ""41"", ""15""]",24-12-04-35-41-15,2026-02-24,21:00,20493989.78,0,lottomatik,LOTTO42S0000201
SL49,Superlotto 6/49,"[""20"", ""06"", ""42"", ""13"", ""47"", ""28""]",20-06-42-13-47-28,2026-02-24,21:00,68974817.33,0,lottomatik,SL49S0000202
UL58,Ultra Lotto 6/58,"[""47"", ""26"", ""30"", ""41"", ""27"", ""49""]",47-26-30-41-27-49,2026-02-24,21:00,75000000,0,lottomatik,UL58S0000202
2DL-9PM,2D Lotto 9PM,"[""29"", ""12""]",29-12,2026-02-25,21:00,4000,19,lottomatik,2DLS0001413
3DL-9PM,3D Lotto 9PM,"[""4"", ""0"", ""4""]",4-0-4,2026-02-25,21:00,4500,36,lottomatik,3DLS0001413
4DL,4D Lotto,"[""7"", ""7"", ""3"", ""0""]",7-7-3-0,2026-02-25,21:00,582240,24,lottomatik,4DLS0000202
GL55,Grand Lotto 6/55,"[""23"", ""17"", ""52"", ""04"", ""34"", ""27""]",23-17-52-04-34-27,2026-02-25,21:00,45000000,0,lottomatik,GL55S0000203
ML45,Megalotto 6/45,"[""40"", ""03"", ""25"", ""15"", ""22"", ""02""]",40-03-25-15-22-02,2026-02-25,21:00,15000000,0,lottomatik,ML45S0000202
2DL-9PM,2D Lotto 9PM,"[""09"", ""22""]",09-22,2026-02-26,21:00,4000,20,lottomatik,2DLS0001416
3DL-9PM,3D Lotto 9PM,"[""5"", ""2"", ""1""]",5-2-1,2026-02-26,21:00,4500,15,lottomatik,3DLS0001416
6DL,6D Lotto,"[""3"", ""7"", ""2"", ""9"", ""1"", ""8""]",3-7-2-9-1-8,2026-02-26,21:00,651035.44,0,lottomatik,6DLS0000202
LOTTO42,Lotto 6/42,"[""09"", ""02"", ""11"", ""41"", ""20"", ""27""]",09-02-11-41-20-27,2026-02-26,21:00,23814718.62,0,lottomatik,LOTTO42S0000202
SL49,Superlotto 6/49,"[""22"", ""44"", ""13"", ""30"", ""26"", ""46""]",22-44-13-30-26-46,2026-02-26,21:00,73767003.45,0,lottomatik,SL49S0000203
2DL-9PM,2D Lotto 9PM,"[""18"", ""08""]",18-08,2026-02-27,21:00,4000,7,lottomatik,2DLS0001419
3DL-9PM,3D Lotto 9PM,"[""4"", ""7"", ""3""]",4-7-3,2026-02-27,21:00,4500,18,lottomatik,3DLS0001419
4DL,4D Lotto,"[""8"", ""7"", ""1"", ""0""]",8-7-1-0,2026-02-27,21:00,577011,19,lottomatik,4DLS0000203
ML45,Megalotto 6/45,"[""39"", ""30"", ""26"", ""29"", ""43"", ""15""]",39-30-26-29-43-15,2026-02-27,21:00,15000000,0,lottomatik,ML45S0000203
UL58,Ultra Lotto 6/58,"[""51"", ""32"", ""19"", ""41"", ""12"", ""01""]",51-32-19-41-12-01,2026-02-27,21:00,75000000,0,lottomatik,UL58S0000203
2DL-9PM,2D Lotto 9PM,"[""25"", ""24""]",25-24,2026-02-28,21:00,4000,3,lottomatik,2DLS0001422
3DL-9PM,3D Lotto 9PM,"[""9"", ""0"", ""6""]",9-0-6,2026-02-28,21:00,4500,9,lottomatik,3DLS0001422
6DL,6D Lotto,"[""9"", ""6"", ""9"", ""1"", ""5"", ""3""]",9-6-9-1-5-3,2026-02-28,21:00,1095870.28,0,lottomatik,6DLS0000203
GL55,Grand Lotto 6/55,"[""14"", ""51"", ""28"", ""06"", ""27"", ""08""]",14-51-28-06-27-08,2026-02-28,21:00,45000000,0,lottomatik,GL55S0000204
LOTTO42,Lotto 6/42,"[""30"", ""41"", ""20"", ""21"", ""34"", ""39""]",30-41-20-21-34-39,2026-02-28,21:00,27487043.32,0,lottomatik,LOTTO42S0000203
2DL-9PM,2D Lotto 9PM,"[""11"", ""21""]",11-21,2026-03-01,21:00,4000,6,lottomatik,2DLS0001425
3DL-9PM,3D Lotto 9PM,"[""9"", ""4"", ""4""]",9-4-4,2026-03-01,21:00,4500,1,lottomatik,3DLS0001425
SL49,Superlotto 6/49,"[""19"", ""23"", ""06"", ""17"", ""12"", ""37""]",19-23-06-17-12-37,2026-03-01,21:00,73767003.45,0,lottomatik,SL49S0000204
UL58,Ultra Lotto 6/58,"[""33"", ""57"", ""47"", ""07"", ""31"", ""23""]",33-57-47-07-31-23,2026-03-01,21:00,75000000,0,lottomatik,UL58S0000204
2DL-9PM,2D Lotto 9PM,"[""09"", ""31""]",09-31,2026-03-02,21:00,4000,1,lottomatik,2DLS0001428
3DL-9PM,3D Lotto 9PM,"[""0"", ""3"", ""2""]",0-3-2,2026-03-02,21:00,4500,46,lottomatik,3DLS0001428
4DL,4D Lotto,"[""7"", ""6"", ""3"", ""7""]",7-6-3-7,2026-03-02,21:00,940995,11,lottomatik,4DLS0000204
GL55,Grand Lotto 6/55,"[""05"", ""07"", ""18"", ""33"", ""38"", ""27""]",05-07-18-33-38-27,2026-03-02,21:00,45000000,0,lottomatik,GL55S0000205
ML45,Megalotto 6/45,"[""12"", ""25"", ""45"", ""40"", ""33"", ""27""]",12-25-45-40-33-27,2026-03-02,21:00,15000000,0,lottomatik,ML45S0000204
2DL-9PM,2D Lotto 9PM,"[""31"", ""28""]",31-28,2026-03-03,21:00,4000,2,lottomatik,2DLS0001431
3DL-9PM,3D Lotto 9PM,"[""9"", ""4"", ""4""]",9-4-4,2026-03-03,21:00,4500,4,lottomatik,3DLS0001431
6DL,6D Lotto,"[""7"", ""8"", ""4"", ""4"", ""7"", ""2""]",7-8-4-4-7-2,2026-03-03,21:00,1095870.28,0,lottomatik,6DLS0000204
LOTTO42,Lotto 6/42,"[""20"", ""27"", ""42"", ""16"", ""37"", ""41""]",20-27-42-16-37-41,2026-03-03,21:00,31696439.58,0,lottomatik,LOTTO42S0000204
SL49,Superlotto 6/49,"[""02"", ""44"", ""13"", ""29"", ""08"", ""41""]",02-44-13-29-08-41,2026-03-03,21:00,83669465.41,0,lottomatik,SL49S0000205
UL58,Ultra Lotto 6/58,"[""30"", ""40"", ""01"", ""24"", ""04"", ""21""]",30-40-01-24-04-21,2026-03-03,21:00,75000000,0,lottomatik,UL58S0000205
2DL-9PM,2D Lotto 9PM,"[""23"", ""27""]",23-27,2026-03-04,21:00,4000,5,lottomatik,2DLS0001434
3DL-9PM,3D Lotto 9PM,"[""6"", ""5"", ""4""]",6-5-4,2026-03-04,21:00,4500,12,lottomatik,3DLS0001434
4DL,4D Lotto,"[""2"", ""3"", ""5"", ""4""]",2-3-5-4,2026-03-04,21:00,827955,45,lottomatik,4DLS0000205
GL55,Grand Lotto 6/55,"[""33"", ""13"", ""44"", ""50"", ""47"", ""42""]",33-13-44-50-47-42,2026-03-04,21:00,45000000,0,lottomatik,GL55S0000206
ML45,Megalotto 6/45,"[""08"", ""28"", ""18"", ""06"", ""35"", ""42""]",08-28-18-06-35-42,2026-03-04,21:00,15000000,0,lottomatik,ML45S0000205
2DL-2PM,2D Lotto 2PM,"[""25"", ""08""]",25-08,2026-03-05,14:00,4000,7,lottomatik,2DLS0001435
2DL-9PM,2D Lotto 9PM,"[""18"", ""17""]",18-17,2026-03-05,21:00,4000,101,lottomatik,2DLS0001437
3DL-9PM,3D Lotto 9PM,"[""7"", ""6"", ""9""]",7-6-9,2026-03-05,21:00,4500,31,lottomatik,3DLS0001437
6DL,6D Lotto,"[""7"", ""2"", ""0"", ""8"", ""2"", ""6""]",7-2-0-8-2-6,2026-03-05,21:00,1749442,2,lottomatik,6DLS0000205
LOTTO42,Lotto 6/42,"[""33"", ""32"", ""18"", ""01"", ""10"", ""04""]",33-32-18-01-10-04,2026-03-05,21:00,35411962.61,0,lottomatik,LOTTO42S0000205
SL49,Superlotto 6/49,"[""23"", ""37"", ""48"", ""44"", ""39"", ""25""]",23-37-48-44-39-25,2026-03-05,21:00,88820774.31,0,lottomatik,SL49S0000206
2DL-9PM,2D Lotto 9PM,"[""22"", ""01""]",22-01,2026-03-06,21:00,4000,0,lottomatik,2DLS0001440
3DL-9PM,3D Lotto 9PM,"[""9"", ""9"", ""0""]",9-9-0,2026-03-06,21:00,4500,5,lottomatik,3DLS0001440
4DL,4D Lotto,"[""1"", ""0"", ""3"", ""0""]",1-0-3-0,2026-03-06,21:00,3030000,303,lottomatik,4DLS0000206
ML45,Megalotto 6/45,"[""33"", ""37"", ""02"", ""27"", ""04"", ""31""]",33-37-02-27-04-31,2026-03-06,21:00,15000000,0,lottomatik,ML45S0000206
UL58,Ultra Lotto 6/58,"[""37"", ""34"", ""13"", ""26"", ""06"", ""54""]",37-34-13-26-06-54,2026-03-06,21:00,75000000,0,lottomatik,UL58S0000206
2DL-9PM,2D Lotto 9PM,"[""15"", ""05""]",15-05,2026-03-07,21:00,4000,8,lottomatik,2DLS0001443
3DL-9PM,3D Lotto 9PM,"[""9"", ""5"", ""9""]",9-5-9,2026-03-07,21:00,4500,3,lottomatik,3DLS0001443
6DL,6D Lotto,"[""2"", ""7"", ""0"", ""8"", ""8"", ""2""]",2-7-0-8-8-2,2026-03-07,21:00,311276.92,0,lottomatik,6DLS0000206
GL55,Grand Lotto 6/55,"[""17"", ""44"", ""02"", ""05"", ""28"", ""45""]",17-44-02-05-28-45,2026-03-07,21:00,45000000,0,lottomatik,GL55S0000207
LOTTO42,Lotto 6/42,"[""40"", ""33"", ""31"", ""16"", ""12"", ""14""]",40-33-31-16-12-14,2026-03-07,21:00,10000000,0,lottomatik,LOTTO42S0000206
2DL-9PM,2D Lotto 9PM,"[""22"", ""23""]",22-23,2026-03-08,21:00,4000,8,lottomatik,2DLS0001446
3DL-9PM,3D Lotto 9PM,"[""6"", ""7"", ""7""]",6-7-7,2026-03-08,21:00,4500,0,lottomatik,3DLS0001446
SL49,Superlotto 6/49,"[""32"", ""14"", ""13"", ""07"", ""15"", ""26""]",32-14-13-07-15-26,2026-03-08,21:00,94530914.78,0,lottomatik,SL49S0000207
UL58,Ultra Lotto 6/58,"[""44"", ""07"", ""09"", ""28"", ""06"", ""17""]",44-07-09-28-06-17,2026-03-08,21:00,79557596.52,0,lottomatik,UL58S0000207
2DL-9PM,2D Lotto 9PM,"[""04"", ""04""]",04-04,2026-03-09,21:00,4000,8,lottomatik,2DLS0001449
3DL-9PM,3D Lotto 9PM,"[""7"", ""5"", ""5""]",7-5-5,2026-03-09,21:00,4500,3,lottomatik,3DLS0001449
4DL,4D Lotto,"[""2"", ""8"", ""8"", ""3""]",2-8-8-3,2026-03-09,21:00,969870,15,lottomatik,4DLS0000207
GL55,Grand Lotto 6/55,"[""38"", ""32"", ""08"", ""20"", ""19"", ""09""]",38-32-08-20-19-09,2026-03-09,21:00,45000000,1,lottomatik,GL55S0000208
ML45,Megalotto 6/45,"[""23"", ""24"", ""03"", ""38"", ""04"", ""21""]",23-24-03-38-04-21,2026-03-09,21:00,15000000,0,lottomatik,ML45S0000207
2DL-9PM,2D Lotto 9PM,"[""18"", ""08""]",18-08,2026-03-10,21:00,4000,7,lottomatik,2DLS0001452
3DL-9PM,3D Lotto 9PM,"[""9"", ""2"", ""3""]",9-2-3,2026-03-10,21:00,4500,7,lottomatik,3DLS0001452
6DL,6D Lotto,"[""3"", ""6"", ""8"", ""4"", ""5"", ""4""]",3-6-8-4-5-4,2026-03-10,21:00,486906.28,0,lottomatik,6DLS0000207
LOTTO42,Lotto 6/42,"[""03"", ""29"", ""12"", ""33"", ""10"", ""16""]",03-29-12-33-10-16,2026-03-10,21:00,10000000,0,lottomatik,LOTTO42S0000207
SL49,Superlotto 6/49,"[""42"", ""46"", ""32"", ""19"", ""44"", ""16""]",42-46-32-19-44-16,2026-03-10,21:00,99658844.67,0,lottomatik,SL49S0000208
UL58,Ultra Lotto 6/58,"[""42"", ""58"", ""35"", ""02"", ""51"", ""26""]",42-58-35-02-51-26,2026-03-10,21:00,87396535.7,0,lottomatik,UL58S0000208
2DL-9PM,2D Lotto 9PM,"[""28"", ""27""]",28-27,2026-03-11,21:00,4000,8,lottomatik,2DLS0001455
3DL-9PM,3D Lotto 9PM,"[""5"", ""5"", ""7""]",5-5-7,2026-03-11,21:00,4500,4,lottomatik,3DLS0001455
4DL,4D Lotto,"[""2"", ""9"", ""7"", ""0""]",2-9-7-0,2026-03-11,21:00,765630,15,lottomatik,4DLS0000208
GL55,Grand Lotto 6/55,"[""50"", ""24"", ""34"", ""21"", ""45"", ""03""]",50-24-34-21-45-03,2026-03-11,21:00,45000000,0,lottomatik,GL55S0000209
ML45,Megalotto 6/45,"[""19"", ""36"", ""10"", ""23"", ""31"", ""20""]",19-36-10-23-31-20,2026-03-11,21:00,15000000,0,lottomatik,ML45S0000208
2DL-9PM,2D Lotto 9PM,"[""30"", ""21""]",30-21,2026-03-12,21:00,4000,0,lottomatik,2DLS0001458
3DL-9PM,3D Lotto 9PM,"[""7"", ""3"", ""2""]",7-3-2,2026-03-12,21:00,4500,21,lottomatik,3DLS0001458
6DL,6D Lotto,"[""0"", ""1"", ""7"", ""7"", ""9"", ""1""]",0-1-7-7-9-1,2026-03-12,21:00,917754.6,0,lottomatik,6DLS0000208
LOTTO42,Lotto 6/42,"[""35"", ""02"", ""40"", ""36"", ""13"", ""16""]",35-02-40-36-13-16,2026-03-12,21:00,10000000,0,lottomatik,LOTTO42S0000208
SL49,Superlotto 6/49,"[""38"", ""34"", ""03"", ""01"", ""10"", ""41""]",38-34-03-01-10-41,2026-03-12,21:00,99658844.67,0,lottomatik,SL49S0000209
2DL-2PM,2D Lotto 2PM,"[""27"", ""30""]",27-30,2026-03-14,14:00,4000,5,lottomatik,2DLS0001462
3DL-2PM,3D Lotto 2PM,"[""6"", ""0"", ""6""]",6-0-6,2026-03-14,14:00,4500,7,lottomatik,3DLS0001462
2DL-5PM,2D Lotto 5PM,"[""18"", ""06""]",18-06,2026-03-14,17:00,4000,4,lottomatik,2DLS0001463
3DL-5PM,3D Lotto 5PM,"[""6"", ""2"", ""7""]",6-2-7,2026-03-14,17:00,4500,3,lottomatik,3DLS0001463
2DL-9PM,2D Lotto 9PM,"[""30"", ""15""]",30-15,2026-03-14,21:00,4000,16,lottomatik,2DLS0001464
3DL-9PM,3D Lotto 9PM,"[""1"", ""1"", ""8""]",1-1-8,2026-03-14,21:00,4500,15,lottomatik,3DLS0001464
6DL,6D Lotto,"[""6"", ""8"", ""2"", ""6"", ""2"", ""7""]",6-8-2-6-2-7,2026-03-14,21:00,967754.6,0,lottomatik,6DLS0000209
GL55,Grand Lotto 6/55,"[""24"", ""33"", ""48"", ""42"", ""05"", ""22""]",24-33-48-42-05-22,2026-03-14,21:00,45000000,0,lottomatik,GL55S0000210
LOTTO42,Lotto 6/42,"[""26"", ""13"", ""35"", ""11"", ""18"", ""32""]",26-13-35-11-18-32,2026-03-14,21:00,10000000,0,lottomatik,LOTTO42S0000209
2DL-2PM,2D Lotto 2PM,"[""09"", ""07""]",09-07,2026-03-15,14:00,4000,7,lottomatik,2DLS0001465
2DL-5PM,2D Lotto 5PM,"[""19"", ""31""]",19-31,2026-03-15,17:00,4000,1,lottomatik,2DLS0001466
3DL-5PM,3D Lotto 5PM,"[""7"", ""9"", ""6""]",7-9-6,2026-03-15,17:00,4500,1,lottomatik,3DLS0001466
2DL-9PM,2D Lotto 9PM,"[""20"", ""20""]",20-20,2026-03-15,21:00,4000,3,lottomatik,2DLS0001467
3DL-9PM,3D Lotto 9PM,"[""1"", ""1"", ""8""]",1-1-8,2026-03-15,21:00,4500,10,lottomatik,3DLS0001467
SL49,Superlotto 6/49,"[""23"", ""09"", ""25"", ""32"", ""22"", ""24""]",23-09-25-32-22-24,2026-03-15,21:00,112171638.12,0,lottomatik,SL49S0000210
UL58,Ultra Lotto 6/58,"[""51"", ""54"", ""37"", ""36"", ""42"", ""57""]",51-54-37-36-42-57,2026-03-15,21:00,92255713.46,0,lottomatik,UL58S0000210
2DL-2PM,2D Lotto 2PM,"[""18"", ""07""]",18-07,2026-03-16,14:00,4000,6,lottomatik,2DLS0001468
2DL-9PM,2D Lotto 9PM,"[""31"", ""01""]",31-01,2026-03-16,21:00,4000,3,lottomatik,2DLS0001470
3DL-9PM,3D Lotto 9PM,"[""4"", ""7"", ""8""]",4-7-8,2026-03-16,21:00,4500,31,lottomatik,3DLS0001470
4DL,4D Lotto,"[""5"", ""4"", ""8"", ""4""]",5-4-8-4,2026-03-16,21:00,953472,32,lottomatik,4DLS0000210
GL55,Grand Lotto 6/55,"[""42"", ""27"", ""16"", ""54"", ""50"", ""20""]",42-27-16-54-50-20,2026-03-16,21:00,45000000,0,lottomatik,GL55S0000211
ML45,Megalotto 6/45,"[""45"", ""34"", ""06"", ""14"", ""24"", ""08""]",45-34-06-14-24-08,2026-03-16,21:00,20803484,1,lottomatik,ML45S0000210
2DL-9PM,2D Lotto 9PM,"[""12"", ""31""]",12-31,2026-03-17,21:00,4000,6,lottomatik,2DLS0001473
3DL-9PM,3D Lotto 9PM,"[""4"", ""4"", ""9""]",4-4-9,2026-03-17,21:00,4500,8,lottomatik,3DLS0001473
6DL,6D Lotto,"[""1"", ""8"", ""3"", ""4"", ""2"", ""1""]",1-8-3-4-2-1,2026-03-17,21:00,1255019.68,0,lottomatik,6DLS0000210
LOTTO42,Lotto 6/42,"[""17"", ""36"", ""05"", ""07"", ""08"", ""38""]",17-36-05-07-08-38,2026-03-17,21:00,12747984.35,0,lottomatik,LOTTO42S0000210
SL49,Superlotto 6/49,"[""33"", ""09"", ""22"", ""37"", ""44"", ""25""]",33-09-22-37-44-25,2026-03-17,21:00,117854307.91,0,lottomatik,SL49S0000211
UL58,Ultra Lotto 6/58,"[""29"", ""52"", ""49"", ""55"", ""25"", ""09""]",29-52-49-55-25-09,2026-03-17,21:00,100331631.91,1,lottomatik,UL58S0000211
2DL-2PM,2D Lotto 2PM,"[""20"", ""14""]",20-14,2026-03-18,14:00,4000,13,lottomatik,2DLS0001474
2DL-9PM,2D Lotto 9PM,"[""31"", ""02""]",31-02,2026-03-18,21:00,4000,8,lottomatik,2DLS0001476
3DL-9PM,3D Lotto 9PM,"[""5"", ""5"", ""9""]",5-5-9,2026-03-18,21:00,4500,3,lottomatik,3DLS0001476
4DL,4D Lotto,"[""5"", ""5"", ""6"", ""4""]",5-5-6-4,2026-03-18,21:00,848172,13,lottomatik,4DLS0000211
GL55,Grand Lotto 6/55,"[""05"", ""06"", ""15"", ""53"", ""17"", ""55""]",05-06-15-53-17-55,2026-03-18,21:00,45000000,0,lottomatik,GL55S0000212
ML45,Megalotto 6/45,"[""10"", ""34"", ""01"", ""12"", ""45"", ""41""]",10-34-01-12-45-41,2026-03-18,21:00,15000000,0,lottomatik,ML45S0000211
2DL-9PM,2D Lotto 9PM,"[""27"", ""28""]",27-28,2026-03-19,21:00,4000,2,lottomatik,2DLS0001479
3DL-9PM,3D Lotto 9PM,"[""6"", ""2"", ""3""]",6-2-3,2026-03-19,21:00,4500,21,lottomatik,3DLS0001479
6DL,6D Lotto,"[""8"", ""7"", ""0"", ""5"", ""6"", ""8""]",8-7-0-5-6-8,2026-03-19,21:00,1909936.6,0,lottomatik,6DLS0000211
LOTTO42,Lotto 6/42,"[""25"", ""29"", ""17"", ""41"", ""23"", ""13""]",25-29-17-41-23-13,2026-03-19,21:00,15639575.61,0,lottomatik,LOTTO42S0000211
SL49,Superlotto 6/49,"[""21"", ""20"", ""32"", ""04"", ""43"", ""13""]",21-20-32-04-43-13,2026-03-19,21:00,124187419.45,0,lottomatik,SL49S0000212
2DL-2PM,2D Lotto 2PM,"[""11"", ""14""]",11-14,2026-03-20,14:00,4000,13,lottomatik,2DLS0001480
2DL-5PM,2D Lotto 5PM,"[""14"", ""19""]",14-19,2026-03-20,17:00,4000,0,lottomatik,2DLS0001481
2DL-9PM,2D Lotto 9PM,"[""24"", ""09""]",24-09,2026-03-20,21:00,4000,8,lottomatik,2DLS0001482
3DL-9PM,3D Lotto 9PM,"[""0"", ""1"", ""3""]",0-1-3,2026-03-20,21:00,4500,16,lottomatik,3DLS0001482
4DL,4D Lotto,"[""0"", ""5"", ""8"", ""0""]",0-5-8-0,2026-03-20,21:00,893820,10,lottomatik,4DLS0000212
ML45,Megalotto 6/45,"[""31"", ""28"", ""19"", ""25"", ""04"", ""03""]",31-28-19-25-04-03,2026-03-20,21:00,15000000,0,lottomatik,ML45S0000212
UL58,Ultra Lotto 6/58,"[""47"", ""19"", ""23"", ""34"", ""20"", ""37""]",47-19-23-34-20-37,2026-03-20,21:00,75000000,0,lottomatik,UL58S0000212
2DL-5PM,2D Lotto 5PM,"[""08"", ""14""]",08-14,2026-03-21,17:00,4000,4,lottomatik,2DLS0001484
2DL-9PM,2D Lotto 9PM,"[""25"", ""26""]",25-26,2026-03-21,21:00,4000,11,lottomatik,2DLS0001485
3DL-9PM,3D Lotto 9PM,"[""5"", ""3"", ""7""]",5-3-7,2026-03-21,21:00,4500,22,lottomatik,3DLS0001485
6DL,6D Lotto,"[""3"", ""8"", ""0"", ""0"", ""4"", ""6""]",3-8-0-0-4-6,2026-03-21,21:00,2677569.24,0,lottomatik,6DLS0000212
GL55,Grand Lotto 6/55,"[""02"", ""18"", ""47"", ""12"", ""32"", ""11""]",02-18-47-12-32-11,2026-03-21,21:00,45000000,0,lottomatik,GL55S0000213
LOTTO42,Lotto 6/42,"[""18"", ""12"", ""37"", ""02"", ""30"", ""24""]",18-12-37-02-30-24,2026-03-21,21:00,10000000,0,lottomatik,LOTTO42S0000212
2DL-2PM,2D Lotto 2PM,"[""28"", ""30""]",28-30,2026-03-22,14:00,4000,0,lottomatik,2DLS0001486
2DL-9PM,2D Lotto 9PM,"[""02"", ""30""]",02-30,2026-03-22,21:00,4000,8,lottomatik,2DLS0001488
3DL-9PM,3D Lotto 9PM,"[""4"", ""3"", ""2""]",4-3-2,2026-03-22,21:00,4500,12,lottomatik,3DLS0001488
SL49,Superlotto 6/49,"[""31"", ""16"", ""45"", ""10"", ""47"", ""32""]",31-16-45-10-47-32,2026-03-22,21:00,124187419.45,0,lottomatik,SL49S0000213
UL58,Ultra Lotto 6/58,"[""14"", ""08"", ""22"", ""50"", ""58"", ""19""]",14-08-22-50-58-19,2026-03-22,21:00,75000000,0,lottomatik,UL58S0000213
2DL-5PM,2D Lotto 5PM,"[""23"", ""27""]",23-27,2026-03-23,17:00,4000,1,lottomatik,2DLS0001490
2DL-9PM,2D Lotto 9PM,"[""08"", ""16""]",08-16,2026-03-23,21:00,4000,9,lottomatik,2DLS0001491
3DL-9PM,3D Lotto 9PM,"[""2"", ""0"", ""6""]",2-0-6,2026-03-23,21:00,4500,14,lottomatik,3DLS0001491
4DL,4D Lotto,"[""4"", ""1"", ""4"", ""4""]",4-1-4-4,2026-03-23,21:00,668984,34,lottomatik,4DLS0000213
GL55,Grand Lotto 6/55,"[""43"", ""33"", ""10"", ""26"", ""42"", ""14""]",43-33-10-26-42-14,2026-03-23,21:00,45000000,0,lottomatik,GL55S0000214
ML45,Megalotto 6/45,"[""24"", ""43"", ""28"", ""08"", ""04"", ""27""]",24-43-28-08-04-27,2026-03-23,21:00,15000000,0,lottomatik,ML45S0000213
2DL-9PM,2D Lotto 9PM,"[""21"", ""30""]",21-30,2026-03-24,21:00,4000,11,lottomatik,2DLS0001494
3DL-9PM,3D Lotto 9PM,"[""2"", ""5"", ""5""]",2-5-5,2026-03-24,21:00,4500,14,lottomatik,3DLS0001494
6DL,6D Lotto,"[""8"", ""7"", ""4"", ""4"", ""4"", ""6""]",8-7-4-4-4-6,2026-03-24,21:00,3333865.8,0,lottomatik,6DLS0000213
LOTTO42,Lotto 6/42,"[""13"", ""41"", ""27"", ""29"", ""42"", ""08""]",13-41-27-29-42-08,2026-03-24,21:00,10000000,0,lottomatik,LOTTO42S0000213
SL49,Superlotto 6/49,"[""31"", ""16"", ""32"", ""19"", ""45"", ""26""]",31-16-32-19-45-26,2026-03-24,21:00,137337665.06,0,lottomatik,SL49S0000214
UL58,Ultra Lotto 6/58,"[""16"", ""20"", ""12"", ""18"", ""48"", ""50""]",16-20-12-18-48-50,2026-03-24,21:00,75000000,0,lottomatik,UL58S0000214
2DL-2PM,2D Lotto 2PM,"[""24"", ""12""]",24-12,2026-03-25,14:00,4000,4,lottomatik,2DLS0001495
2DL-5PM,2D Lotto 5PM,"[""09"", ""14""]",09-14,2026-03-25,17:00,4000,5,lottomatik,2DLS0001496
2DL-9PM,2D Lotto 9PM,"[""13"", ""25""]",13-25,2026-03-25,21:00,4000,23,lottomatik,2DLS0001497
3DL-9PM,3D Lotto 9PM,"[""4"", ""4"", ""3""]",4-4-3,2026-03-25,21:00,4500,0,lottomatik,3DLS0001497
4DL,4D Lotto,"[""0"", ""3"", ""0"", ""2""]",0-3-0-2,2026-03-25,21:00,873126,37,lottomatik,4DLS0000214
GL55,Grand Lotto 6/55,"[""29"", ""25"", ""44"", ""39"", ""13"", ""05""]",29-25-44-39-13-05,2026-03-25,21:00,45000000,0,lottomatik,GL55S0000215
ML45,Megalotto 6/45,"[""17"", ""24"", ""15"", ""29"", ""10"", ""05""]",17-24-15-29-10-05,2026-03-25,21:00,15000000,0,lottomatik,ML45S0000214
2DL-2PM,2D Lotto 2PM,"[""15"", ""28""]",15-28,2026-03-26,14:00,4000,3,lottomatik,2DLS0001498
2DL-9PM,2D Lotto 9PM,"[""31"", ""28""]",31-28,2026-03-26,21:00,4000,4,lottomatik,2DLS0001500
3DL-9PM,3D Lotto 9PM,"[""9"", ""3"", ""4""]",9-3-4,2026-03-26,21:00,4500,17,lottomatik,3DLS0001500
6DL,6D Lotto,"[""1"", ""7"", ""8"", ""9"", ""4"", ""7""]",1-7-8-9-4-7,2026-03-26,21:00,3954081.52,0,lottomatik,6DLS0000214
LOTTO42,Lotto 6/42,"[""29"", ""15"", ""03"", ""18"", ""23"", ""30""]",29-15-03-18-23-30,2026-03-26,21:00,10000000,0,lottomatik,LOTTO42S0000214
SL49,Superlotto 6/49,"[""46"", ""04"", ""19"", ""25"", ""33"", ""02""]",46-04-19-25-33-02,2026-03-26,21:00,144085930.99,0,lottomatik,SL49S0000215
2DL-2PM,2D Lotto 2PM,"[""08"", ""31""]",08-31,2026-03-27,14:00,4000,5,lottomatik,2DLS0001501
2DL-5PM,2D Lotto 5PM,"[""02"", ""17""]",02-17,2026-03-27,17:00,4000,2,lottomatik,2DLS0001502
2DL-9PM,2D Lotto 9PM,"[""25"", ""09""]",25-09,2026-03-27,21:00,4000,8,lottomatik,2DLS0001503
3DL-9PM,3D Lotto 9PM,"[""5"", ""3"", ""4""]",5-3-4,2026-03-27,21:00,4500,56,lottomatik,3DLS0001503
4DL,4D Lotto,"[""9"", ""5"", ""7"", ""6""]",9-5-7-6,2026-03-27,21:00,910793,13,lottomatik,4DLS0000215
ML45,Megalotto 6/45,"[""19"", ""38"", ""36"", ""31"", ""27"", ""02""]",19-38-36-31-27-02,2026-03-27,21:00,15000000,0,lottomatik,ML45S0000215
UL58,Ultra Lotto 6/58,"[""12"", ""57"", ""16"", ""01"", ""42"", ""51""]",12-57-16-01-42-51,2026-03-27,21:00,75000000,0,lottomatik,UL58S0000215
2DL-2PM,2D Lotto 2PM,"[""05"", ""02""]",05-02,2026-03-28,14:00,4000,6,lottomatik,2DLS0001504
2DL-5PM,2D Lotto 5PM,"[""09"", ""09""]",09-09,2026-03-28,17:00,4000,7,lottomatik,2DLS0001505
2DL-9PM,2D Lotto 9PM,"[""22"", ""19""]",22-19,2026-03-28,21:00,4000,4,lottomatik,2DLS0001506
3DL-9PM,3D Lotto 9PM,"[""4"", ""1"", ""2""]",4-1-2,2026-03-28,21:00,4500,23,lottomatik,3DLS0001506
6DL,6D Lotto,"[""5"", ""5"", ""8"", ""0"", ""2"", ""2""]",5-5-8-0-2-2,2026-03-28,21:00,4614173.28,0,lottomatik,6DLS0000215
GL55,Grand Lotto 6/55,"[""01"", ""18"", ""51"", ""19"", ""21"", ""05""]",01-18-51-19-21-05,2026-03-28,21:00,45000000,0,lottomatik,GL55S0000216
LOTTO42,Lotto 6/42,"[""11"", ""23"", ""09"", ""05"", ""01"", ""03""]",11-23-09-05-01-03,2026-03-28,21:00,10000000,0,lottomatik,LOTTO42S0000215
2DL-2PM,2D Lotto 2PM,"[""26"", ""31""]",26-31,2026-03-29,14:00,4000,2,lottomatik,2DLS0001507
2DL-5PM,2D Lotto 5PM,"[""29"", ""23""]",29-23,2026-03-29,17:00,4000,6,lottomatik,2DLS0001508
2DL-9PM,2D Lotto 9PM,"[""26"", ""01""]",26-01,2026-03-29,21:00,4000,8,lottomatik,2DLS0001509
3DL-9PM,3D Lotto 9PM,"[""6"", ""8"", ""1""]",6-8-1,2026-03-29,21:00,4500,31,lottomatik,3DLS0001509
SL49,Superlotto 6/49,"[""15"", ""09"", ""33"", ""18"", ""22"", ""06""]",15-09-33-18-22-06,2026-03-29,21:00,151405859.6,0,lottomatik,SL49S0000216
UL58,Ultra Lotto 6/58,"[""45"", ""49"", ""34"", ""52"", ""09"", ""28""]",45-49-34-52-09-28,2026-03-29,21:00,75000000,0,lottomatik,UL58S0000216
2DL-2PM,2D Lotto 2PM,"[""17"", ""22""]",17-22,2026-03-30,14:00,4000,1,lottomatik,2DLS0001510
2DL-9PM,2D Lotto 9PM,"[""24"", ""08""]",24-08,2026-03-30,21:00,4000,8,lottomatik,2DLS0001512
3DL-9PM,3D Lotto 9PM,"[""9"", ""5"", ""9""]",9-5-9,2026-03-30,21:00,4500,7,lottomatik,3DLS0001512
4DL,4D Lotto,"[""3"", ""6"", ""7"", ""7""]",3-6-7-7,2026-03-30,21:00,798264,12,lottomatik,4DLS0000216
GL55,Grand Lotto 6/55,"[""27"", ""34"", ""31"", ""54"", ""23"", ""03""]",27-34-31-54-23-03,2026-03-30,21:00,45000000,0,lottomatik,GL55S0000217
ML45,Megalotto 6/45,"[""03"", ""27"", ""24"", ""07"", ""43"", ""13""]",03-27-24-07-43-13,2026-03-30,21:00,15000000,0,lottomatik,ML45S0000216
2DL-2PM,2D Lotto 2PM,"[""18"", ""13""]",18-13,2026-03-31,14:00,4000,6,lottomatik,2DLS0001513
2DL-9PM,2D Lotto 9PM,"[""08"", ""20""]",08-20,2026-03-31,21:00,4000,13,lottomatik,2DLS0001515
3DL-9PM,3D Lotto 9PM,"[""0"", ""9"", ""4""]",0-9-4,2026-03-31,21:00,4500,12,lottomatik,3DLS0001515
6DL,6D Lotto,"[""8"", ""3"", ""7"", ""4"", ""1"", ""7""]",8-3-7-4-1-7,2026-03-31,21:00,5033295,1,lottomatik,6DLS0000216
LOTTO42,Lotto 6/42,"[""16"", ""22"", ""03"", ""30"", ""36"", ""04""]",16-22-03-30-36-04,2026-03-31,21:00,10000000,0,lottomatik,LOTTO42S0000216
SL49,Superlotto 6/49,"[""22"", ""42"", ""18"", ""28"", ""08"", ""17""]",22-42-18-28-08-17,2026-03-31,21:00,157949154.16,0,lottomatik,SL49S0000217
UL58,Ultra Lotto 6/58,"[""36"", ""07"", ""29"", ""26"", ""58"", ""09""]",36-07-29-26-58-09,2026-03-31,21:00,75000000,0,lottomatik,UL58S0000217
2DL-5PM,2D Lotto 5PM,"[""11"", ""31""]",11-31,2026-04-01,17:00,4000,3,lottomatik,2DLS0001517
3DL-5PM,3D Lotto 5PM,"[""8"", ""9"", ""7""]",8-9-7,2026-04-01,17:00,4500,4,lottomatik,3DLS0001517
2DL-9PM,2D Lotto 9PM,"[""07"", ""01""]",07-01,2026-04-01,21:00,4000,18,lottomatik,2DLS0001518
3DL-9PM,3D Lotto 9PM,"[""5"", ""4"", ""1""]",5-4-1,2026-04-01,21:00,4500,19,lottomatik,3DLS0001518
4DL,4D Lotto,"[""7"", ""5"", ""0"", ""2""]",7-5-0-2,2026-04-01,21:00,890640,20,lottomatik,4DLS0000217
GL55,Grand Lotto 6/55,"[""32"", ""42"", ""17"", ""55"", ""50"", ""19""]",32-42-17-55-50-19,2026-04-01,21:00,45000000,0,lottomatik,GL55S0000218
ML45,Megalotto 6/45,"[""20"", ""11"", ""17"", ""16"", ""03"", ""37""]",20-11-17-16-03-37,2026-04-01,21:00,15000000,0,lottomatik,ML45S0000217
2DL-9PM,2D Lotto 9PM,"[""06"", ""24""]",06-24,2026-04-05,21:00,4000,11,lottomatik,2DLS0001521
3DL-9PM,3D Lotto 9PM,"[""2"", ""7"", ""8""]",2-7-8,2026-04-05,21:00,4500,5,lottomatik,3DLS0001521
SL49,Superlotto 6/49,"[""39"", ""30"", ""18"", ""29"", ""44"", ""42""]",39-30-18-29-44-42,2026-04-05,21:00,164359332.52,0,lottomatik,SL49S0000218
UL58,Ultra Lotto 6/58,"[""33"", ""40"", ""53"", ""22"", ""32"", ""08""]",33-40-53-22-32-08,2026-04-05,21:00,75000000,0,lottomatik,UL58S0000218
2DL-2PM,2D Lotto 2PM,"[""14"", ""20""]",14-20,2026-04-06,14:00,4000,3,lottomatik,2DLS0001522
2DL-9PM,2D Lotto 9PM,"[""20"", ""19""]",20-19,2026-04-06,21:00,4000,5,lottomatik,2DLS0001524
3DL-9PM,3D Lotto 9PM,"[""6"", ""3"", ""5""]",6-3-5,2026-04-06,21:00,4500,10,lottomatik,3DLS0001524
4DL,4D Lotto,"[""8"", ""4"", ""5"", ""5""]",8-4-5-5,2026-04-06,21:00,799857,9,lottomatik,4DLS0000218
GL55,Grand Lotto 6/55,"[""54"", ""28"", ""47"", ""36"", ""35"", ""29""]",54-28-47-36-35-29,2026-04-06,21:00,45000000,0,lottomatik,GL55S0000219
ML45,Megalotto 6/45,"[""13"", ""33"", ""37"", ""10"", ""44"", ""19""]",13-33-37-10-44-19,2026-04-06,21:00,15000000,0,lottomatik,ML45S0000218
2DL-2PM,2D Lotto 2PM,"[""01"", ""28""]",01-28,2026-04-07,14:00,4000,8,lottomatik,2DLS0001525
2DL-5PM,2D Lotto 5PM,"[""03"", ""20""]",03-20,2026-04-07,17:00,4000,8,lottomatik,2DLS0001526
2DL-9PM,2D Lotto 9PM,"[""21"", ""23""]",21-23,2026-04-07,21:00,4000,7,lottomatik,2DLS0001527
3DL-9PM,3D Lotto 9PM,"[""0"", ""8"", ""2""]",0-8-2,2026-04-07,21:00,4500,14,lottomatik,3DLS0001527
6DL,6D Lotto,"[""2"", ""4"", ""0"", ""7"", ""7"", ""5""]",2-4-0-7-7-5,2026-04-07,21:00,150000,0,lottomatik,6DLS0000217
LOTTO42,Lotto 6/42,"[""06"", ""37"", ""23"", ""02"", ""39"", ""31""]",06-37-23-02-39-31,2026-04-07,21:00,10000000,0,lottomatik,LOTTO42S0000217
SL49,Superlotto 6/49,"[""25"", ""04"", ""46"", ""44"", ""28"", ""36""]",25-04-46-44-28-36,2026-04-07,21:00,171028544.44,1,lottomatik,SL49S0000219
UL58,Ultra Lotto 6/58,"[""17"", ""31"", ""50"", ""43"", ""15"", ""10""]",17-31-50-43-15-10,2026-04-07,21:00,75000000,0,lottomatik,UL58S0000219
2DL-2PM,2D Lotto 2PM,"[""21"", ""16""]",21-16,2026-04-08,14:00,4000,9,lottomatik,2DLS0001528
2DL-5PM,2D Lotto 5PM,"[""02"", ""31""]",02-31,2026-04-08,17:00,4000,0,lottomatik,2DLS0001529
2DL-9PM,2D Lotto 9PM,"[""02"", ""03""]",02-03,2026-04-08,21:00,4000,17,lottomatik,2DLS0001530
3DL-9PM,3D Lotto 9PM,"[""7"", ""3"", ""0""]",7-3-0,2026-04-08,21:00,4500,16,lottomatik,3DLS0001530
4DL,4D Lotto,"[""3"", ""1"", ""6"", ""1""]",3-1-6-1,2026-04-08,21:00,765380,14,lottomatik,4DLS0000219
GL55,Grand Lotto 6/55,"[""23"", ""24"", ""09"", ""40"", ""13"", ""17""]",23-24-09-40-13-17,2026-04-08,21:00,45000000,0,lottomatik,GL55S0000220
ML45,Megalotto 6/45,"[""22"", ""25"", ""37"", ""15"", ""05"", ""28""]",22-25-37-15-05-28,2026-04-08,21:00,15000000,0,lottomatik,ML45S0000219
2DL-2PM,2D Lotto 2PM,"[""11"", ""05""]",11-05,2026-04-09,14:00,4000,16,lottomatik,2DLS0001531
2DL-9PM,2D Lotto 9PM,"[""06"", ""11""]",06-11,2026-04-09,21:00,4000,23,lottomatik,2DLS0001533
3DL-9PM,3D Lotto 9PM,"[""7"", ""4"", ""9""]",7-4-9,2026-04-09,21:00,4500,18,lottomatik,3DLS0001533
6DL,6D Lotto,"[""2"", ""4"", ""1"", ""4"", ""2"", ""9""]",2-4-1-4-2-9,2026-04-09,21:00,386391.96,0,lottomatik,6DLS0000218
LOTTO42,Lotto 6/42,"[""41"", ""38"", ""03"", ""05"", ""11"", ""06""]",41-38-03-05-11-06,2026-04-09,21:00,10000000,0,lottomatik,LOTTO42S0000218
SL49,Superlotto 6/49,"[""10"", ""27"", ""28"", ""02"", ""14"", ""06""]",10-27-28-02-14-06,2026-04-09,21:00,25000000,0,lottomatik,SL49S0000220
2DL-2PM,2D Lotto 2PM,"[""01"", ""20""]",01-20,2026-04-10,14:00,4000,1,lottomatik,2DLS0001534
3DL-2PM,3D Lotto 2PM,"[""9"", ""7"", ""9""]",9-7-9,2026-04-10,14:00,4500,1,lottomatik,3DLS0001534
2DL-5PM,2D Lotto 5PM,"[""15"", ""20""]",15-20,2026-04-10,17:00,4000,3,lottomatik,2DLS0001535
3DL-5PM,3D Lotto 5PM,"[""4"", ""7"", ""6""]",4-7-6,2026-04-10,17:00,4500,5,lottomatik,3DLS0001535
2DL-9PM,2D Lotto 9PM,"[""10"", ""12""]",10-12,2026-04-10,21:00,4000,6,lottomatik,2DLS0001536
3DL-9PM,3D Lotto 9PM,"[""4"", ""7"", ""3""]",4-7-3,2026-04-10,21:00,4500,7,lottomatik,3DLS0001536
4DL,4D Lotto,"[""1"", ""6"", ""9"", ""0""]",1-6-9-0,2026-04-10,21:00,975750,15,lottomatik,4DLS0000220
ML45,Megalotto 6/45,"[""16"", ""19"", ""09"", ""07"", ""05"", ""44""]",16-19-09-07-05-44,2026-04-10,21:00,16222728.43,0,lottomatik,ML45S0000220
UL58,Ultra Lotto 6/58,"[""50"", ""06"", ""14"", ""24"", ""57"", ""38""]",50-06-14-24-57-38,2026-04-10,21:00,75000000,0,lottomatik,UL58S0000220
2DL-2PM,2D Lotto 2PM,"[""07"", ""03""]",07-03,2026-04-11,14:00,4000,12,lottomatik,2DLS0001537
2DL-9PM,2D Lotto 9PM,"[""28"", ""08""]",28-08,2026-04-11,21:00,4000,6,lottomatik,2DLS0001539
3DL-9PM,3D Lotto 9PM,"[""4"", ""1"", ""9""]",4-1-9,2026-04-11,21:00,4500,22,lottomatik,3DLS0001539
6DL,6D Lotto,"[""0"", ""4"", ""0"", ""6"", ""1"", ""4""]",0-4-0-6-1-4,2026-04-11,21:00,436391,1,lottomatik,6DLS0000219
GL55,Grand Lotto 6/55,"[""52"", ""10"", ""50"", ""53"", ""26"", ""28""]",52-10-50-53-26-28,2026-04-11,21:00,45000000,0,lottomatik,GL55S0000221
LOTTO42,Lotto 6/42,"[""20"", ""17"", ""39"", ""35"", ""10"", ""34""]",20-17-39-35-10-34,2026-04-11,21:00,10000000,0,lottomatik,LOTTO42S0000219
2DL-2PM,2D Lotto 2PM,"[""01"", ""21""]",01-21,2026-04-12,14:00,4000,3,lottomatik,2DLS0001540
2DL-9PM,2D Lotto 9PM,"[""02"", ""21""]",02-21,2026-04-12,21:00,4000,3,lottomatik,2DLS0001542
3DL-9PM,3D Lotto 9PM,"[""2"", ""1"", ""1""]",2-1-1,2026-04-12,21:00,4500,15,lottomatik,3DLS0001542
SL49,Superlotto 6/49,"[""49"", ""29"", ""07"", ""26"", ""43"", ""48""]",49-29-07-26-43-48,2026-04-12,21:00,25000000,0,lottomatik,SL49S0000221
UL58,Ultra Lotto 6/58,"[""02"", ""21"", ""42"", ""34"", ""31"", ""08""]",02-21-42-34-31-08,2026-04-12,21:00,75000000,0,lottomatik,UL58S0000221
2DL-5PM,2D Lotto 5PM,"[""29"", ""17""]",29-17,2026-04-13,17:00,4000,0,lottomatik,2DLS0001544
2DL-9PM,2D Lotto 9PM,"[""01"", ""19""]",01-19,2026-04-13,21:00,4000,5,lottomatik,2DLS0001545
3DL-9PM,3D Lotto 9PM,"[""7"", ""5"", ""0""]",7-5-0,2026-04-13,21:00,4500,0,lottomatik,3DLS0001545
4DL,4D Lotto,"[""6"", ""6"", ""0"", ""7""]",6-6-0-7,2026-04-13,21:00,881310,10,lottomatik,4DLS0000221
GL55,Grand Lotto 6/55,"[""51"", ""54"", ""39"", ""50"", ""24"", ""40""]",51-54-39-50-24-40,2026-04-13,21:00,48290931.86,0,lottomatik,GL55S0000222
ML45,Megalotto 6/45,"[""39"", ""19"", ""26"", ""17"", ""02"", ""44""]",39-19-26-17-02-44,2026-04-13,21:00,19548917.9,0,lottomatik,ML45S0000221
2DL-5PM,2D Lotto 5PM,"[""14"", ""07""]",14-07,2026-04-14,17:00,4000,13,lottomatik,2DLS0001547
3DL-5PM,3D Lotto 5PM,"[""3"", ""6"", ""8""]",3-6-8,2026-04-14,17:00,4500,30,lottomatik,3DLS0001547
2DL-9PM,2D Lotto 9PM,"[""30"", ""31""]",30-31,2026-04-14,21:00,4000,6,lottomatik,2DLS0001548
3DL-9PM,3D Lotto 9PM,"[""7"", ""6"", ""0""]",7-6-0,2026-04-14,21:00,4500,1,lottomatik,3DLS0001548
6DL,6D Lotto,"[""3"", ""8"", ""0"", ""0"", ""1"", ""2""]",3-8-0-0-1-2,2026-04-14,21:00,276942.4,0,lottomatik,6DLS0000220
LOTTO42,Lotto 6/42,"[""15"", ""09"", ""17"", ""12"", ""10"", ""07""]",15-09-17-12-10-07,2026-04-14,21:00,10000000,0,lottomatik,LOTTO42S0000220
SL49,Superlotto 6/49,"[""23"", ""47"", ""11"", ""35"", ""38"", ""20""]",23-47-11-35-38-20,2026-04-14,21:00,25000000,0,lottomatik,SL49S0000222
UL58,Ultra Lotto 6/58,"[""30"", ""19"", ""20"", ""58"", ""09"", ""22""]",30-19-20-58-09-22,2026-04-14,21:00,75000000,0,lottomatik,UL58S0000222
2DL-2PM,2D Lotto 2PM,"[""02"", ""07""]",02-07,2026-04-15,14:00,4000,19,lottomatik,2DLS0001549
2DL-5PM,2D Lotto 5PM,"[""14"", ""17""]",14-17,2026-04-15,17:00,4000,4,lottomatik,2DLS0001550
2DL-9PM,2D Lotto 9PM,"[""21"", ""13""]",21-13,2026-04-15,21:00,4000,8,lottomatik,2DLS0001551
3DL-9PM,3D Lotto 9PM,"[""2"", ""5"", ""0""]",2-5-0,2026-04-15,21:00,4500,8,lottomatik,3DLS0001551
4DL,4D Lotto,"[""7"", ""5"", ""7"", ""8""]",7-5-7-8,2026-04-15,21:00,858000,25,lottomatik,4DLS0000222
GL55,Grand Lotto 6/55,"[""32"", ""43"", ""20"", ""46"", ""09"", ""15""]",32-43-20-46-09-15,2026-04-15,21:00,51762661.04,0,lottomatik,GL55S0000223
ML45,Megalotto 6/45,"[""27"", ""21"", ""26"", ""37"", ""39"", ""43""]",27-21-26-37-39-43,2026-04-15,21:00,23059737.57,0,lottomatik,ML45S0000222
2DL-2PM,2D Lotto 2PM,"[""02"", ""11""]",02-11,2026-04-16,14:00,4000,15,lottomatik,2DLS0001552
2DL-5PM,2D Lotto 5PM,"[""07"", ""28""]",07-28,2026-04-16,17:00,4000,6,lottomatik,2DLS0001553
2DL-9PM,2D Lotto 9PM,"[""27"", ""04""]",27-04,2026-04-16,21:00,4000,29,lottomatik,2DLS0001554
3DL-9PM,3D Lotto 9PM,"[""8"", ""6"", ""8""]",8-6-8,2026-04-16,21:00,4500,5,lottomatik,3DLS0001554
6DL,6D Lotto,"[""6"", ""7"", ""0"", ""5"", ""3"", ""4""]",6-7-0-5-3-4,2026-04-16,21:00,679368.32,0,lottomatik,6DLS0000221
LOTTO42,Lotto 6/42,"[""42"", ""41"", ""17"", ""27"", ""06"", ""07""]",42-41-17-27-06-07,2026-04-16,21:00,10000000,0,lottomatik,LOTTO42S0000221
SL49,Superlotto 6/49,"[""27"", ""35"", ""24"", ""31"", ""09"", ""34""]",27-35-24-31-09-34,2026-04-16,21:00,25000000,0,lottomatik,SL49S0000223
2DL-5PM,2D Lotto 5PM,"[""18"", ""04""]",18-04,2026-04-17,17:00,4000,39,lottomatik,2DLS0001556
3DL-5PM,3D Lotto 5PM,"[""4"", ""7"", ""0""]",4-7-0,2026-04-17,17:00,4500,2,lottomatik,3DLS0001556
2DL-9PM,2D Lotto 9PM,"[""09"", ""02""]",09-02,2026-04-17,21:00,4000,10,lottomatik,2DLS0001557
3DL-9PM,3D Lotto 9PM,"[""6"", ""7"", ""2""]",6-7-2,2026-04-17,21:00,4500,2,lottomatik,3DLS0001557
4DL,4D Lotto,"[""8"", ""9"", ""3"", ""3""]",8-9-3-3,2026-04-17,21:00,918060,13,lottomatik,4DLS0000223
ML45,Megalotto 6/45,"[""41"", ""12"", ""32"", ""08"", ""30"", ""24""]",41-12-32-08-30-24,2026-04-17,21:00,26616490.02,0,lottomatik,ML45S0000223
UL58,Ultra Lotto 6/58,"[""24"", ""28"", ""20"", ""52"", ""26"", ""36""]",24-28-20-52-26-36,2026-04-17,21:00,75000000,0,lottomatik,UL58S0000223
2DL-2PM,2D Lotto 2PM,"[""03"", ""16""]",03-16,2026-04-18,14:00,4000,13,lottomatik,2DLS0001558
2DL-9PM,2D Lotto 9PM,"[""04"", ""06""]",04-06,2026-04-18,21:00,4000,3,lottomatik,2DLS0001560
3DL-9PM,3D Lotto 9PM,"[""6"", ""5"", ""0""]",6-5-0,2026-04-18,21:00,4500,18,lottomatik,3DLS0001560
6DL,6D Lotto,"[""5"", ""0"", ""3"", ""2"", ""4"", ""2""]",5-0-3-2-4-2,2026-04-18,21:00,1283325.68,0,lottomatik,6DLS0000222
GL55,Grand Lotto 6/55,"[""04"", ""25"", ""09"", ""54"", ""15"", ""31""]",04-25-09-54-15-31,2026-04-18,21:00,55224665.03,0,lottomatik,GL55S0000224
LOTTO42,Lotto 6/42,"[""21"", ""35"", ""29"", ""05"", ""36"", ""37""]",21-35-29-05-36-37,2026-04-18,21:00,11897182.5,0,lottomatik,LOTTO42S0000222
2DL-5PM,2D Lotto 5PM,"[""11"", ""31""]",11-31,2026-04-19,17:00,4000,1,lottomatik,2DLS0001562
2DL-9PM,2D Lotto 9PM,"[""01"", ""13""]",01-13,2026-04-19,21:00,4000,2,lottomatik,2DLS0001563
3DL-9PM,3D Lotto 9PM,"[""5"", ""3"", ""1""]",5-3-1,2026-04-19,21:00,4500,13,lottomatik,3DLS0001563
SL49,Superlotto 6/49,"[""16"", ""43"", ""21"", ""35"", ""14"", ""37""]",16-43-21-35-14-37,2026-04-19,21:00,25000000,0,lottomatik,SL49S0000224
UL58,Ultra Lotto 6/58,"[""40"", ""50"", ""13"", ""33"", ""15"", ""58""]",40-50-13-33-15-58,2026-04-19,21:00,75000000,0,lottomatik,UL58S0000224
2DL-9PM,2D Lotto 9PM,"[""11"", ""22""]",11-22,2026-04-20,21:00,4000,9,lottomatik,2DLS0001566
3DL-9PM,3D Lotto 9PM,"[""6"", ""7"", ""0""]",6-7-0,2026-04-20,21:00,4500,2,lottomatik,3DLS0001566
4DL,4D Lotto,"[""5"", ""8"", ""7"", ""4""]",5-8-7-4,2026-04-20,21:00,891336,24,lottomatik,4DLS0000224
GL55,Grand Lotto 6/55,"[""33"", ""36"", ""17"", ""40"", ""22"", ""45""]",33-36-17-40-22-45,2026-04-20,21:00,58762800.2,0,lottomatik,GL55S0000225
ML45,Megalotto 6/45,"[""34"", ""12"", ""29"", ""08"", ""27"", ""17""]",34-12-29-08-27-17,2026-04-20,21:00,30311222.26,0,lottomatik,ML45S0000224
2DL-9PM,2D Lotto 9PM,"[""15"", ""01""]",15-01,2026-04-21,21:00,4000,4,lottomatik,2DLS0001569
3DL-9PM,3D Lotto 9PM,"[""9"", ""1"", ""6""]",9-1-6,2026-04-21,21:00,4500,27,lottomatik,3DLS0001569
6DL,6D Lotto,"[""1"", ""5"", ""9"", ""8"", ""0"", ""2""]",1-5-9-8-0-2,2026-04-21,21:00,1864623.16,0,lottomatik,6DLS0000223
LOTTO42,Lotto 6/42,"[""22"", ""04"", ""33"", ""11"", ""09"", ""15""]",22-04-33-11-09-15,2026-04-21,21:00,14893152.56,0,lottomatik,LOTTO42S0000223
SL49,Superlotto 6/49,"[""45"", ""10"", ""36"", ""43"", ""13"", ""19""]",45-10-36-43-13-19,2026-04-21,21:00,25000000,0,lottomatik,SL49S0000225
UL58,Ultra Lotto 6/58,"[""58"", ""34"", ""43"", ""05"", ""40"", ""03""]",58-34-43-05-40-03,2026-04-21,21:00,75000000,0,lottomatik,UL58S0000225
2DL-9PM,2D Lotto 9PM,"[""24"", ""16""]",24-16,2026-04-22,21:00,4000,6,lottomatik,2DLS0001572
3DL-9PM,3D Lotto 9PM,"[""5"", ""0"", ""8""]",5-0-8,2026-04-22,21:00,4500,69,lottomatik,3DLS0001572
4DL,4D Lotto,"[""3"", ""7"", ""9"", ""1""]",3-7-9-1,2026-04-22,21:00,935364,6,lottomatik,4DLS0000225
GL55,Grand Lotto 6/55,"[""30"", ""43"", ""51"", ""44"", ""46"", ""32""]",30-43-51-44-46-32,2026-04-22,21:00,62292600.08,0,lottomatik,GL55S0000226
ML45,Megalotto 6/45,"[""10"", ""37"", ""11"", ""43"", ""18"", ""15""]",10-37-11-43-18-15,2026-04-22,21:00,34154880.29,0,lottomatik,ML45S0000225
2DL-5PM,2D Lotto 5PM,"[""06"", ""03""]",06-03,2026-04-23,17:00,4000,3,lottomatik,2DLS0001574
2DL-9PM,2D Lotto 9PM,"[""22"", ""06""]",22-06,2026-04-23,21:00,4000,8,lottomatik,2DLS0001575
3DL-9PM,3D Lotto 9PM,"[""2"", ""2"", ""9""]",2-2-9,2026-04-23,21:00,4500,13,lottomatik,3DLS0001575
6DL,6D Lotto,"[""3"", ""9"", ""0"", ""3"", ""6"", ""5""]",3-9-0-3-6-5,2026-04-23,21:00,2544480.8,0,lottomatik,6DLS0000224
LOTTO42,Lotto 6/42,"[""09"", ""23"", ""41"", ""37"", ""24"", ""10""]",09-23-41-37-24-10,2026-04-23,21:00,17860503.83,0,lottomatik,LOTTO42S0000224
SL49,Superlotto 6/49,"[""11"", ""35"", ""40"", ""01"", ""18"", ""08""]",11-35-40-01-18-08,2026-04-23,21:00,25000000,0,lottomatik,SL49S0000226
2DL-2PM,2D Lotto 2PM,"[""12"", ""15""]",12-15,2026-04-24,14:00,4000,2,lottomatik,2DLS0001576
2DL-5PM,2D Lotto 5PM,"[""08"", ""19""]",08-19,2026-04-24,17:00,4000,12,lottomatik,2DLS0001577
2DL-9PM,2D Lotto 9PM,"[""26"", ""08""]",26-08,2026-04-24,21:00,4000,17,lottomatik,2DLS0001578
3DL-9PM,3D Lotto 9PM,"[""7"", ""3"", ""1""]",7-3-1,2026-04-24,21:00,4500,12,lottomatik,3DLS0001578
4DL,4D Lotto,"[""4"", ""2"", ""6"", ""7""]",4-2-6-7,2026-04-24,21:00,706916,28,lottomatik,4DLS0000226
ML45,Megalotto 6/45,"[""41"", ""15"", ""38"", ""11"", ""33"", ""43""]",41-15-38-11-33-43,2026-04-24,21:00,37882594.88,0,lottomatik,ML45S0000226
UL58,Ultra Lotto 6/58,"[""37"", ""42"", ""36"", ""21"", ""47"", ""27""]",37-42-36-21-47-27,2026-04-24,21:00,75000000,0,lottomatik,UL58S0000226
2DL-2PM,2D Lotto 2PM,"[""29"", ""21""]",29-21,2026-04-25,14:00,4000,4,lottomatik,2DLS0001579
2DL-5PM,2D Lotto 5PM,"[""03"", ""05""]",03-05,2026-04-25,17:00,4000,11,lottomatik,2DLS0001580
2DL-9PM,2D Lotto 9PM,"[""24"", ""21""]",24-21,2026-04-25,21:00,4000,10,lottomatik,2DLS0001581
3DL-9PM,3D Lotto 9PM,"[""9"", ""0"", ""5""]",9-0-5,2026-04-25,21:00,4500,7,lottomatik,3DLS0001581
6DL,6D Lotto,"[""9"", ""4"", ""0"", ""8"", ""5"", ""7""]",9-4-0-8-5-7,2026-04-25,21:00,3383904.64,0,lottomatik,6DLS0000225
GL55,Grand Lotto 6/55,"[""41"", ""43"", ""35"", ""15"", ""10"", ""40""]",41-43-35-15-10-40,2026-04-25,21:00,66008898.49,0,lottomatik,GL55S0000227
LOTTO42,Lotto 6/42,"[""26"", ""32"", ""19"", ""01"", ""22"", ""17""]",26-32-19-01-22-17,2026-04-25,21:00,21185563.23,0,lottomatik,LOTTO42S0000225
2DL-9PM,2D Lotto 9PM,"[""24"", ""29""]",24-29,2026-04-26,21:00,4000,11,lottomatik,2DLS0001584
3DL-9PM,3D Lotto 9PM,"[""5"", ""6"", ""4""]",5-6-4,2026-04-26,21:00,4500,13,lottomatik,3DLS0001584
SL49,Superlotto 6/49,"[""44"", ""48"", ""09"", ""33"", ""01"", ""34""]",44-48-09-33-01-34,2026-04-26,21:00,25000000,0,lottomatik,SL49S0000227
UL58,Ultra Lotto 6/58,"[""48"", ""56"", ""29"", ""39"", ""55"", ""45""]",48-56-29-39-55-45,2026-04-26,21:00,75000000,0,lottomatik,UL58S0000227
2DL-2PM,2D Lotto 2PM,"[""31"", ""24""]",31-24,2026-04-27,14:00,4000,10,lottomatik,2DLS0001585
2DL-5PM,2D Lotto 5PM,"[""19"", ""09""]",19-09,2026-04-27,17:00,4000,3,lottomatik,2DLS0001586
2DL-9PM,2D Lotto 9PM,"[""18"", ""03""]",18-03,2026-04-27,21:00,4000,1,lottomatik,2DLS0001587
3DL-9PM,3D Lotto 9PM,"[""7"", ""8"", ""5""]",7-8-5,2026-04-27,21:00,4500,9,lottomatik,3DLS0001587
4DL,4D Lotto,"[""4"", ""6"", ""4"", ""7""]",4-6-4-7,2026-04-27,21:00,863940,34,lottomatik,4DLS0000227
GL55,Grand Lotto 6/55,"[""43"", ""19"", ""20"", ""12"", ""21"", ""51""]",43-19-20-12-21-51,2026-04-27,21:00,69508293.74,0,lottomatik,GL55S0000228
ML45,Megalotto 6/45,"[""06"", ""04"", ""05"", ""27"", ""34"", ""11""]",06-04-05-27-34-11,2026-04-27,21:00,41679165.33,0,lottomatik,ML45S0000227
2DL-5PM,2D Lotto 5PM,"[""10"", ""13""]",10-13,2026-04-28,17:00,4000,9,lottomatik,2DLS0001589
2DL-9PM,2D Lotto 9PM,"[""20"", ""30""]",20-30,2026-04-28,21:00,4000,17,lottomatik,2DLS0001590
3DL-9PM,3D Lotto 9PM,"[""6"", ""3"", ""0""]",6-3-0,2026-04-28,21:00,4500,18,lottomatik,3DLS0001590
6DL,6D Lotto,"[""8"", ""1"", ""5"", ""2"", ""1"", ""5""]",8-1-5-2-1-5,2026-04-28,21:00,3596241.68,0,lottomatik,6DLS0000226
LOTTO42,Lotto 6/42,"[""15"", ""09"", ""12"", ""16"", ""37"", ""35""]",15-09-12-16-37-35,2026-04-28,21:00,24655209.6,0,lottomatik,LOTTO42S0000226
SL49,Superlotto 6/49,"[""27"", ""09"", ""34"", ""05"", ""16"", ""42""]",27-09-34-05-16-42,2026-04-28,21:00,30227489.87,0,lottomatik,SL49S0000228
UL58,Ultra Lotto 6/58,"[""09"", ""47"", ""32"", ""39"", ""45"", ""33""]",09-47-32-39-45-33,2026-04-28,21:00,75000000,0,lottomatik,UL58S0000228
2DL-5PM,2D Lotto 5PM,"[""12"", ""16""]",12-16,2026-04-29,17:00,4000,5,lottomatik,2DLS0001592
2DL-9PM,2D Lotto 9PM,"[""06"", ""14""]",06-14,2026-04-29,21:00,4000,10,lottomatik,2DLS0001593
3DL-9PM,3D Lotto 9PM,"[""4"", ""1"", ""7""]",4-1-7,2026-04-29,21:00,4500,26,lottomatik,3DLS0001593
4DL,4D Lotto,"[""5"", ""4"", ""8"", ""8""]",5-4-8-8,2026-04-29,21:00,813456,18,lottomatik,4DLS0000228
GL55,Grand Lotto 6/55,"[""42"", ""02"", ""54"", ""35"", ""41"", ""49""]",42-02-54-35-41-49,2026-04-29,21:00,73371278.43,0,lottomatik,GL55S0000229
ML45,Megalotto 6/45,"[""27"", ""35"", ""23"", ""22"", ""43"", ""33""]",27-35-23-22-43-33,2026-04-29,21:00,15000000,0,lottomatik,ML45S0000228
2DL-5PM,2D Lotto 5PM,"[""25"", ""10""]",25-10,2026-04-30,17:00,4000,4,lottomatik,2DLS0001595
2DL-9PM,2D Lotto 9PM,"[""05"", ""02""]",05-02,2026-04-30,21:00,4000,36,lottomatik,2DLS0001596
3DL-9PM,3D Lotto 9PM,"[""0"", ""6"", ""0""]",0-6-0,2026-04-30,21:00,4500,2,lottomatik,3DLS0001596
6DL,6D Lotto,"[""0"", ""0"", ""3"", ""7"", ""6"", ""0""]",0-0-3-7-6-0,2026-04-30,21:00,4369460.4,0,lottomatik,6DLS0000227
LOTTO42,Lotto 6/42,"[""07"", ""24"", ""41"", ""42"", ""29"", ""40""]",07-24-41-42-29-40,2026-04-30,21:00,27872450.5,0,lottomatik,LOTTO42S0000227
SL49,Superlotto 6/49,"[""40"", ""41"", ""24"", ""23"", ""46"", ""42""]",40-41-24-23-46-42,2026-04-30,21:00,33781767.72,0,lottomatik,SL49S0000229
2DL-2PM,2D Lotto 2PM,"[""30"", ""21""]",30-21,2026-05-01,14:00,4000,0,lottomatik,2DLS0001597
2DL-5PM,2D Lotto 5PM,"[""05"", ""01""]",05-01,2026-05-01,17:00,4000,50,lottomatik,2DLS0001598
2DL-9PM,2D Lotto 9PM,"[""11"", ""12""]",11-12,2026-05-01,21:00,4000,7,lottomatik,2DLS0001599
3DL-9PM,3D Lotto 9PM,"[""5"", ""3"", ""5""]",5-3-5,2026-05-01,21:00,4500,5,lottomatik,3DLS0001599
4DL,4D Lotto,"[""7"", ""2"", ""6"", ""9""]",7-2-6-9,2026-05-01,21:00,790296,34,lottomatik,4DLS0000229
ML45,Megalotto 6/45,"[""19"", ""08"", ""23"", ""41"", ""04"", ""11""]",19-08-23-41-04-11,2026-05-01,21:00,15000000,0,lottomatik,ML45S0000229
UL58,Ultra Lotto 6/58,"[""53"", ""37"", ""16"", ""45"", ""05"", ""29""]",53-37-16-45-05-29,2026-05-01,21:00,75000000,0,lottomatik,UL58S0000229
2DL-9PM,2D Lotto 9PM,"[""12"", ""05""]",12-05,2026-05-02,21:00,4000,32,lottomatik,2DLS0001602
3DL-9PM,3D Lotto 9PM,"[""2"", ""7"", ""5""]",2-7-5,2026-05-02,21:00,4500,9,lottomatik,3DLS0001602
6DL,6D Lotto,"[""0"", ""1"", ""6"", ""9"", ""4"", ""9""]",0-1-6-9-4-9,2026-05-02,21:00,4889011.32,0,lottomatik,6DLS0000228
GL55,Grand Lotto 6/55,"[""48"", ""33"", ""17"", ""02"", ""37"", ""10""]",48-33-17-02-37-10,2026-05-02,21:00,77324854.25,0,lottomatik,GL55S0000230
LOTTO42,Lotto 6/42,"[""22"", ""34"", ""42"", ""19"", ""03"", ""25""]",22-34-42-19-03-25,2026-05-02,21:00,31621223.97,0,lottomatik,LOTTO42S0000228
2DL-2PM,2D Lotto 2PM,"[""11"", ""28""]",11-28,2026-05-03,14:00,4000,2,lottomatik,2DLS0001603
2DL-5PM,2D Lotto 5PM,"[""14"", ""25""]",14-25,2026-05-03,17:00,4000,1,lottomatik,2DLS0001604
2DL-9PM,2D Lotto 9PM,"[""10"", ""09""]",10-09,2026-05-03,21:00,4000,10,lottomatik,2DLS0001605
3DL-9PM,3D Lotto 9PM,"[""7"", ""5"", ""0""]",7-5-0,2026-05-03,21:00,4500,34,lottomatik,3DLS0001605
SL49,Superlotto 6/49,"[""37"", ""35"", ""44"", ""47"", ""43"", ""14""]",37-35-44-47-43-14,2026-05-03,21:00,33781767.72,0,lottomatik,SL49S0000230
UL58,Ultra Lotto 6/58,"[""32"", ""53"", ""51"", ""15"", ""36"", ""17""]",32-53-51-15-36-17,2026-05-03,21:00,75000000,0,lottomatik,UL58S0000230
2DL-9PM,2D Lotto 9PM,"[""27"", ""15""]",27-15,2026-05-04,21:00,4000,15,lottomatik,2DLS0001608
3DL-9PM,3D Lotto 9PM,"[""9"", ""2"", ""4""]",9-2-4,2026-05-04,21:00,4500,3,lottomatik,3DLS0001608
4DL,4D Lotto,"[""9"", ""0"", ""0"", ""3""]",9-0-0-3,2026-05-04,21:00,740345,5,lottomatik,4DLS0000230
GL55,Grand Lotto 6/55,"[""33"", ""13"", ""47"", ""46"", ""17"", ""25""]",33-13-47-46-17-25,2026-05-04,21:00,81488086.77,0,lottomatik,GL55S0000231
ML45,Megalotto 6/45,"[""34"", ""28"", ""21"", ""41"", ""08"", ""05""]",34-28-21-41-08-05,2026-05-04,21:00,15000000,0,lottomatik,ML45S0000230
2DL-2PM,2D Lotto 2PM,"[""11"", ""03""]",11-03,2026-05-05,14:00,4000,15,lottomatik,2DLS0001609
2DL-5PM,2D Lotto 5PM,"[""16"", ""09""]",16-09,2026-05-05,17:00,4000,2,lottomatik,2DLS0001610
2DL-9PM,2D Lotto 9PM,"[""30"", ""23""]",30-23,2026-05-05,21:00,4000,1,lottomatik,2DLS0001611
3DL-9PM,3D Lotto 9PM,"[""3"", ""7"", ""6""]",3-7-6,2026-05-05,21:00,4500,11,lottomatik,3DLS0001611
6DL,6D Lotto,"[""6"", ""2"", ""0"", ""4"", ""9"", ""1""]",6-2-0-4-9-1,2026-05-05,21:00,4889011.32,0,lottomatik,6DLS0000229
LOTTO42,Lotto 6/42,"[""31"", ""28"", ""19"", ""03"", ""02"", ""04""]",31-28-19-03-02-04,2026-05-05,21:00,10000000,0,lottomatik,LOTTO42S0000229
SL49,Superlotto 6/49,"[""44"", ""03"", ""08"", ""31"", ""06"", ""49""]",44-03-08-31-06-49,2026-05-05,21:00,37460171.7,0,lottomatik,SL49S0000231
UL58,Ultra Lotto 6/58,"[""01"", ""58"", ""25"", ""43"", ""26"", ""16""]",01-58-25-43-26-16,2026-05-05,21:00,75000000,0,lottomatik,UL58S0000231
2DL-2PM,2D Lotto 2PM,"[""13"", ""08""]",13-08,2026-05-06,14:00,4000,12,lottomatik,2DLS0001612
2DL-5PM,2D Lotto 5PM,"[""16"", ""26""]",16-26,2026-05-06,17:00,4000,4,lottomatik,2DLS0001613
2DL-9PM,2D Lotto 9PM,"[""06"", ""03""]",06-03,2026-05-06,21:00,4000,7,lottomatik,2DLS0001614
3DL-9PM,3D Lotto 9PM,"[""2"", ""7"", ""6""]",2-7-6,2026-05-06,21:00,4500,17,lottomatik,3DLS0001614
4DL,4D Lotto,"[""0"", ""9"", ""2"", ""6""]",0-9-2-6,2026-05-06,21:00,580000,58,lottomatik,4DLS0000231
GL55,Grand Lotto 6/55,"[""05"", ""40"", ""27"", ""24"", ""55"", ""22""]",05-40-27-24-55-22,2026-05-06,21:00,85767922.62,0,lottomatik,GL55S0000232
ML45,Megalotto 6/45,"[""01"", ""03"", ""24"", ""18"", ""11"", ""10""]",01-03-24-18-11-10,2026-05-06,21:00,15000000,0,lottomatik,ML45S0000231
2DL-2PM,2D Lotto 2PM,"[""28"", ""22""]",28-22,2026-05-07,14:00,4000,1,lottomatik,2DLS0001615
2DL-5PM,2D Lotto 5PM,"[""14"", ""17""]",14-17,2026-05-07,17:00,4000,2,lottomatik,2DLS0001616
2DL-9PM,2D Lotto 9PM,"[""19"", ""16""]",19-16,2026-05-07,21:00,4000,10,lottomatik,2DLS0001617
3DL-9PM,3D Lotto 9PM,"[""9"", ""4"", ""4""]",9-4-4,2026-05-07,21:00,4500,5,lottomatik,3DLS0001617
6DL,6D Lotto,"[""4"", ""0"", ""6"", ""8"", ""8"", ""7""]",4-0-6-8-8-7,2026-05-07,21:00,6600139.48,0,lottomatik,6DLS0000230
LOTTO42,Lotto 6/42,"[""28"", ""20"", ""36"", ""29"", ""11"", ""27""]",28-20-36-29-11-27,2026-05-07,21:00,10000000,0,lottomatik,LOTTO42S0000230
SL49,Superlotto 6/49,"[""47"", ""11"", ""24"", ""33"", ""48"", ""02""]",47-11-24-33-48-02,2026-05-07,21:00,25000000,0,lottomatik,SL49S0000232
2DL-5PM,2D Lotto 5PM,"[""27"", ""07""]",27-07,2026-05-08,17:00,4000,3,lottomatik,2DLS0001619
2DL-9PM,2D Lotto 9PM,"[""29"", ""27""]",29-27,2026-05-08,21:00,4000,18,lottomatik,2DLS0001620
3DL-9PM,3D Lotto 9PM,"[""2"", ""1"", ""5""]",2-1-5,2026-05-08,21:00,4500,20,lottomatik,3DLS0001620
4DL,4D Lotto,"[""6"", ""3"", ""8"", ""9""]",6-3-8-9,2026-05-08,21:00,820725,31,lottomatik,4DLS0000232
ML45,Megalotto 6/45,"[""04"", ""32"", ""23"", ""12"", ""22"", ""09""]",04-32-23-12-22-09,2026-05-08,21:00,15000000,0,lottomatik,ML45S0000232
UL58,Ultra Lotto 6/58,"[""35"", ""20"", ""54"", ""51"", ""08"", ""02""]",35-20-54-51-08-02,2026-05-08,21:00,75000000,0,lottomatik,UL58S0000232
2DL-9PM,2D Lotto 9PM,"[""14"", ""25""]",14-25,2026-05-09,21:00,4000,34,lottomatik,2DLS0001623
3DL-9PM,3D Lotto 9PM,"[""7"", ""1"", ""2""]",7-1-2,2026-05-09,21:00,4500,20,lottomatik,3DLS0001623
6DL,6D Lotto,"[""3"", ""1"", ""7"", ""3"", ""2"", ""8""]",3-1-7-3-2-8,2026-05-09,21:00,7126947,0,lottomatik,6DLS0000231
GL55,Grand Lotto 6/55,"[""42"", ""48"", ""19"", ""43"", ""05"", ""02""]",42-48-19-43-05-02,2026-05-09,21:00,90484406.48,0,lottomatik,GL55S0000233
LOTTO42,Lotto 6/42,"[""27"", ""06"", ""42"", ""13"", ""12"", ""04""]",27-06-42-13-12-04,2026-05-09,21:00,10000000,0,lottomatik,LOTTO42S0000231
2DL-2PM,2D Lotto 2PM,"[""23"", ""25""]",23-25,2026-05-10,14:00,4000,1,lottomatik,2DLS0001624
2DL-5PM,2D Lotto 5PM,"[""21"", ""27""]",21-27,2026-05-10,17:00,4000,1,lottomatik,2DLS0001625
2DL-9PM,2D Lotto 9PM,"[""21"", ""01""]",21-01,2026-05-10,21:00,4000,1,lottomatik,2DLS0001626
3DL-9PM,3D Lotto 9PM,"[""2"", ""6"", ""6""]",2-6-6,2026-05-10,21:00,4500,5,lottomatik,3DLS0001626
SL49,Superlotto 6/49,"[""03"", ""16"", ""11"", ""04"", ""14"", ""38""]",03-16-11-04-14-38,2026-05-10,21:00,25000000,0,lottomatik,SL49S0000233
UL58,Ultra Lotto 6/58,"[""54"", ""45"", ""08"", ""21"", ""52"", ""31""]",54-45-08-21-52-31,2026-05-10,21:00,75000000,0,lottomatik,UL58S0000233
2DL-9PM,2D Lotto 9PM,"[""01"", ""26""]",01-26,2026-05-11,21:00,4000,11,lottomatik,2DLS0001629
3DL-9PM,3D Lotto 9PM,"[""3"", ""0"", ""8""]",3-0-8,2026-05-11,21:00,4500,16,lottomatik,3DLS0001629
4DL,4D Lotto,"[""6"", ""5"", ""1"", ""6""]",6-5-1-6,2026-05-11,21:00,491130,18,lottomatik,4DLS0000233
GL55,Grand Lotto 6/55,"[""40"", ""52"", ""32"", ""46"", ""20"", ""07""]",40-52-32-46-20-07,2026-05-11,21:00,95026257.54,0,lottomatik,GL55S0000234
ML45,Megalotto 6/45,"[""19"", ""21"", ""39"", ""41"", ""38"", ""44""]",19-21-39-41-38-44,2026-05-11,21:00,15000000,0,lottomatik,ML45S0000233
2DL-9PM,2D Lotto 9PM,"[""28"", ""03""]",28-03,2026-05-12,21:00,4000,7,lottomatik,2DLS0001632
3DL-9PM,3D Lotto 9PM,"[""7"", ""0"", ""3""]",7-0-3,2026-05-12,21:00,4500,2,lottomatik,3DLS0001632
6DL,6D Lotto,"[""0"", ""6"", ""4"", ""0"", ""3"", ""7""]",0-6-4-0-3-7,2026-05-12,21:00,7984167.24,0,lottomatik,6DLS0000232
LOTTO42,Lotto 6/42,"[""41"", ""38"", ""12"", ""14"", ""37"", ""25""]",41-38-12-14-37-25,2026-05-12,21:00,10000000,0,lottomatik,LOTTO42S0000232
SL49,Superlotto 6/49,"[""24"", ""15"", ""06"", ""44"", ""40"", ""23""]",24-15-06-44-40-23,2026-05-12,21:00,25000000,0,lottomatik,SL49S0000234
UL58,Ultra Lotto 6/58,"[""56"", ""16"", ""28"", ""36"", ""50"", ""25""]",56-16-28-36-50-25,2026-05-12,21:00,75000000,0,lottomatik,UL58S0000234
2DL-2PM,2D Lotto 2PM,"[""11"", ""26""]",11-26,2026-05-13,14:00,4000,0,lottomatik,2DLS0001633
2DL-5PM,2D Lotto 5PM,"[""13"", ""25""]",13-25,2026-05-13,17:00,4000,3,lottomatik,2DLS0001634
2DL-9PM,2D Lotto 9PM,"[""04"", ""02""]",04-02,2026-05-13,21:00,4000,18,lottomatik,2DLS0001635
3DL-9PM,3D Lotto 9PM,"[""0"", ""3"", ""8""]",0-3-8,2026-05-13,21:00,4500,29,lottomatik,3DLS0001635
4DL,4D Lotto,"[""0"", ""9"", ""9"", ""4""]",0-9-9-4,2026-05-13,21:00,883564,11,lottomatik,4DLS0000234
GL55,Grand Lotto 6/55,"[""39"", ""29"", ""45"", ""02"", ""38"", ""43""]",39-29-45-02-38-43,2026-05-13,21:00,95026257.54,0,lottomatik,GL55S0000235
ML45,Megalotto 6/45,"[""31"", ""33"", ""45"", ""29"", ""16"", ""23""]",31-33-45-29-16-23,2026-05-13,21:00,15000000,0,lottomatik,ML45S0000234
2DL-9PM,2D Lotto 9PM,"[""13"", ""25""]",13-25,2026-05-14,21:00,4000,5,lottomatik,2DLS0001638
3DL-9PM,3D Lotto 9PM,"[""2"", ""0"", ""2""]",2-0-2,2026-05-14,21:00,4500,13,lottomatik,3DLS0001638
6DL,6D Lotto,"[""4"", ""3"", ""4"", ""7"", ""2"", ""0""]",4-3-4-7-2-0,2026-05-14,21:00,8676734,1,lottomatik,6DLS0000233
LOTTO42,Lotto 6/42,"[""23"", ""40"", ""20"", ""06"", ""34"", ""33""]",23-40-20-06-34-33,2026-05-14,21:00,10000000,0,lottomatik,LOTTO42S0000233
SL49,Superlotto 6/49,"[""04"", ""25"", ""24"", ""12"", ""19"", ""43""]",04-25-24-12-19-43,2026-05-14,21:00,25000000,0,lottomatik,SL49S0000235
2DL-2PM,2D Lotto 2PM,"[""25"", ""11""]",25-11,2026-05-15,14:00,4000,13,lottomatik,2DLS0001639
2DL-5PM,2D Lotto 5PM,"[""13"", ""08""]",13-08,2026-05-15,17:00,4000,0,lottomatik,2DLS0001640
2DL-9PM,2D Lotto 9PM,"[""05"", ""07""]",05-07,2026-05-15,21:00,4000,29,lottomatik,2DLS0001641
3DL-9PM,3D Lotto 9PM,"[""6"", ""6"", ""0""]",6-6-0,2026-05-15,21:00,4500,3,lottomatik,3DLS0001641
4DL,4D Lotto,"[""9"", ""1"", ""9"", ""3""]",9-1-9-3,2026-05-15,21:00,1006031,13,lottomatik,4DLS0000235
ML45,Megalotto 6/45,"[""12"", ""27"", ""42"", ""33"", ""15"", ""01""]",12-27-42-33-15-01,2026-05-15,21:00,15000000,0,lottomatik,ML45S0000235
UL58,Ultra Lotto 6/58,"[""02"", ""01"", ""38"", ""15"", ""14"", ""47""]",02-01-38-15-14-47,2026-05-15,21:00,75000000,0,lottomatik,UL58S0000235
2DL-5PM,2D Lotto 5PM,"[""27"", ""14""]",27-14,2026-05-16,17:00,4000,2,lottomatik,2DLS0001643
3DL-5PM,3D Lotto 5PM,"[""7"", ""1"", ""2""]",7-1-2,2026-05-16,17:00,4500,4,lottomatik,3DLS0001643
2DL-9PM,2D Lotto 9PM,"[""03"", ""06""]",03-06,2026-05-16,21:00,4000,9,lottomatik,2DLS0001644
3DL-9PM,3D Lotto 9PM,"[""3"", ""6"", ""8""]",3-6-8,2026-05-16,21:00,4500,16,lottomatik,3DLS0001644
6DL,6D Lotto,"[""8"", ""4"", ""8"", ""1"", ""4"", ""3""]",8-4-8-1-4-3,2026-05-16,21:00,583460.2,0,lottomatik,6DLS0000234
GL55,Grand Lotto 6/55,"[""09"", ""06"", ""19"", ""46"", ""39"", ""48""]",09-06-19-46-39-48,2026-05-16,21:00,104852560.66,0,lottomatik,GL55S0000236
LOTTO42,Lotto 6/42,"[""07"", ""28"", ""26"", ""32"", ""25"", ""12""]",07-28-26-32-25-12,2026-05-16,21:00,11439487.99,0,lottomatik,LOTTO42S0000234
2DL-2PM,2D Lotto 2PM,"[""10"", ""09""]",10-09,2026-05-17,14:00,4000,7,lottomatik,2DLS0001645
2DL-5PM,2D Lotto 5PM,"[""10"", ""28""]",10-28,2026-05-17,17:00,4000,1,lottomatik,2DLS0001646
2DL-9PM,2D Lotto 9PM,"[""29"", ""19""]",29-19,2026-05-17,21:00,4000,2,lottomatik,2DLS0001647
3DL-9PM,3D Lotto 9PM,"[""4"", ""3"", ""1""]",4-3-1,2026-05-17,21:00,4500,5,lottomatik,3DLS0001647
SL49,Superlotto 6/49,"[""27"", ""14"", ""46"", ""18"", ""11"", ""17""]",27-14-46-18-11-17,2026-05-17,21:00,25000000,0,lottomatik,SL49S0000236
UL58,Ultra Lotto 6/58,"[""39"", ""37"", ""35"", ""45"", ""16"", ""52""]",39-37-35-45-16-52,2026-05-17,21:00,75000000,0,lottomatik,UL58S0000236
2DL-2PM,2D Lotto 2PM,"[""07"", ""08""]",07-08,2026-05-18,14:00,4000,11,lottomatik,2DLS0001648
2DL-5PM,2D Lotto 5PM,"[""08"", ""16""]",08-16,2026-05-18,17:00,4000,10,lottomatik,2DLS0001649
3DL-5PM,3D Lotto 5PM,"[""1"", ""1"", ""1""]",1-1-1,2026-05-18,17:00,4500,7,lottomatik,3DLS0001649
2DL-9PM,2D Lotto 9PM,"[""29"", ""17""]",29-17,2026-05-18,21:00,4000,3,lottomatik,2DLS0001650
3DL-9PM,3D Lotto 9PM,"[""9"", ""3"", ""1""]",9-3-1,2026-05-18,21:00,4500,25,lottomatik,3DLS0001650
4DL,4D Lotto,"[""1"", ""1"", ""1"", ""2""]",1-1-1-2,2026-05-18,21:00,1950000,195,lottomatik,4DLS0000236
GL55,Grand Lotto 6/55,"[""47"", ""44"", ""26"", ""29"", ""38"", ""51""]",47-44-26-29-38-51,2026-05-18,21:00,110063860.04,0,lottomatik,GL55S0000237
ML45,Megalotto 6/45,"[""39"", ""24"", ""07"", ""04"", ""37"", ""23""]",39-24-07-04-37-23,2026-05-18,21:00,15000000,0,lottomatik,ML45S0000236
2DL-2PM,2D Lotto 2PM,"[""04"", ""21""]",04-21,2026-05-19,14:00,4000,35,lottomatik,2DLS0001651
2DL-9PM,2D Lotto 9PM,"[""16"", ""27""]",16-27,2026-05-19,21:00,4000,3,lottomatik,2DLS0001653
3DL-9PM,3D Lotto 9PM,"[""4"", ""7"", ""1""]",4-7-1,2026-05-19,21:00,4500,9,lottomatik,3DLS0001653
6DL,6D Lotto,"[""5"", ""2"", ""4"", ""5"", ""5"", ""1""]",5-2-4-5-5-1,2026-05-19,21:00,1010029.88,0,lottomatik,6DLS0000235
LOTTO42,Lotto 6/42,"[""15"", ""06"", ""31"", ""16"", ""22"", ""25""]",15-06-31-16-22-25,2026-05-19,21:00,14559320.23,0,lottomatik,LOTTO42S0000235
SL49,Superlotto 6/49,"[""49"", ""35"", ""44"", ""04"", ""14"", ""05""]",49-35-44-04-14-05,2026-05-19,21:00,25000000,0,lottomatik,SL49S0000237
UL58,Ultra Lotto 6/58,"[""06"", ""38"", ""09"", ""26"", ""48"", ""14""]",06-38-09-26-48-14,2026-05-19,21:00,75000000,0,lottomatik,UL58S0000237
2DL-2PM,2D Lotto 2PM,"[""24"", ""24""]",24-24,2026-05-20,14:00,4000,8,lottomatik,2DLS0001654
2DL-5PM,2D Lotto 5PM,"[""05"", ""08""]",05-08,2026-05-20,17:00,4000,12,lottomatik,2DLS0001655
2DL-9PM,2D Lotto 9PM,"[""24"", ""27""]",24-27,2026-05-20,21:00,4000,15,lottomatik,2DLS0001656
3DL-9PM,3D Lotto 9PM,"[""8"", ""9"", ""9""]",8-9-9,2026-05-20,21:00,4500,1,lottomatik,3DLS0001656
4DL,4D Lotto,"[""7"", ""3"", ""0"", ""8""]",7-3-0-8,2026-05-20,21:00,758592,18,lottomatik,4DLS0000237
GL55,Grand Lotto 6/55,"[""41"", ""08"", ""45"", ""27"", ""09"", ""10""]",41-08-45-27-09-10,2026-05-20,21:00,115358791.87,1,lottomatik,GL55S0000238
ML45,Megalotto 6/45,"[""16"", ""45"", ""11"", ""32"", ""23"", ""37""]",16-45-11-32-23-37,2026-05-20,21:00,15451056.13,0,lottomatik,ML45S0000237
2DL-2PM,2D Lotto 2PM,"[""31"", ""31""]",31-31,2026-05-21,14:00,4000,1,lottomatik,2DLS0001657
2DL-5PM,2D Lotto 5PM,"[""09"", ""24""]",09-24,2026-05-21,17:00,4000,16,lottomatik,2DLS0001658
2DL-9PM,2D Lotto 9PM,"[""19"", ""06""]",19-06,2026-05-21,21:00,4000,27,lottomatik,2DLS0001659
3DL-9PM,3D Lotto 9PM,"[""0"", ""8"", ""0""]",0-8-0,2026-05-21,21:00,4500,4,lottomatik,3DLS0001659
6DL,6D Lotto,"[""1"", ""7"", ""3"", ""5"", ""8"", ""7""]",1-7-3-5-8-7,2026-05-21,21:00,1590315.28,0,lottomatik,6DLS0000236
LOTTO42,Lotto 6/42,"[""33"", ""08"", ""05"", ""17"", ""18"", ""41""]",33-08-05-17-18-41,2026-05-21,21:00,17376838.36,0,lottomatik,LOTTO42S0000236
SL49,Superlotto 6/49,"[""09"", ""28"", ""21"", ""02"", ""37"", ""23""]",09-28-21-02-37-23,2026-05-21,21:00,25000000,0,lottomatik,SL49S0000238
2DL-2PM,2D Lotto 2PM,"[""15"", ""06""]",15-06,2026-05-22,14:00,4000,7,lottomatik,2DLS0001660
2DL-5PM,2D Lotto 5PM,"[""08"", ""27""]",08-27,2026-05-22,17:00,4000,7,lottomatik,2DLS0001661
2DL-9PM,2D Lotto 9PM,"[""22"", ""18""]",22-18,2026-05-22,21:00,4000,6,lottomatik,2DLS0001662
3DL-9PM,3D Lotto 9PM,"[""1"", ""5"", ""0""]",1-5-0,2026-05-22,21:00,4500,17,lottomatik,3DLS0001662
4DL,4D Lotto,"[""1"", ""7"", ""0"", ""0""]",1-7-0-0,2026-05-22,21:00,819536,23,lottomatik,4DLS0000238
ML45,Megalotto 6/45,"[""27"", ""09"", ""42"", ""37"", ""34"", ""03""]",27-09-42-37-34-03,2026-05-22,21:00,18546872.34,0,lottomatik,ML45S0000238
UL58,Ultra Lotto 6/58,"[""45"", ""20"", ""16"", ""33"", ""40"", ""28""]",45-20-16-33-40-28,2026-05-22,21:00,75000000,0,lottomatik,UL58S0000238
2DL-9PM,2D Lotto 9PM,"[""22"", ""28""]",22-28,2026-05-23,21:00,4000,1,lottomatik,2DLS0001665
3DL-9PM,3D Lotto 9PM,"[""2"", ""8"", ""7""]",2-8-7,2026-05-23,21:00,4500,17,lottomatik,3DLS0001665
6DL,6D Lotto,"[""1"", ""9"", ""3"", ""3"", ""1"", ""5""]",1-9-3-3-1-5,2026-05-23,21:00,1640315,1,lottomatik,6DLS0000237
GL55,Grand Lotto 6/55,"[""52"", ""36"", ""38"", ""12"", ""48"", ""42""]",52-36-38-12-48-42,2026-05-23,21:00,45000000,0,lottomatik,GL55S0000239
LOTTO42,Lotto 6/42,"[""12"", ""18"", ""03"", ""17"", ""05"", ""08""]",12-18-03-17-05-08,2026-05-23,21:00,20654909.15,0,lottomatik,LOTTO42S0000237
2DL-2PM,2D Lotto 2PM,"[""02"", ""18""]",02-18,2026-05-24,14:00,4000,8,lottomatik,2DLS0001666
2DL-5PM,2D Lotto 5PM,"[""14"", ""02""]",14-02,2026-05-24,17:00,4000,11,lottomatik,2DLS0001667
2DL-9PM,2D Lotto 9PM,"[""12"", ""15""]",12-15,2026-05-24,21:00,4000,2,lottomatik,2DLS0001668
3DL-9PM,3D Lotto 9PM,"[""1"", ""6"", ""6""]",1-6-6,2026-05-24,21:00,4500,0,lottomatik,3DLS0001668
SL49,Superlotto 6/49,"[""33"", ""24"", ""12"", ""13"", ""04"", ""09""]",33-24-12-13-04-09,2026-05-24,21:00,25000000,0,lottomatik,SL49S0000239
UL58,Ultra Lotto 6/58,"[""50"", ""12"", ""20"", ""57"", ""14"", ""21""]",50-12-20-57-14-21,2026-05-24,21:00,75000000,0,lottomatik,UL58S0000239
2DL-2PM,2D Lotto 2PM,"[""26"", ""08""]",26-08,2026-05-25,14:00,4000,7,lottomatik,2DLS0001669
2DL-9PM,2D Lotto 9PM,"[""28"", ""05""]",28-05,2026-05-25,21:00,4000,28,lottomatik,2DLS0001671
3DL-9PM,3D Lotto 9PM,"[""2"", ""8"", ""5""]",2-8-5,2026-05-25,21:00,4500,7,lottomatik,3DLS0001671
4DL,4D Lotto,"[""1"", ""9"", ""5"", ""7""]",1-9-5-7,2026-05-25,21:00,1580000,158,lottomatik,4DLS0000239
GL55,Grand Lotto 6/55,"[""48"", ""42"", ""23"", ""18"", ""55"", ""33""]",48-42-23-18-55-33,2026-05-25,21:00,45000000,0,lottomatik,GL55S0000240
ML45,Megalotto 6/45,"[""21"", ""13"", ""43"", ""28"", ""05"", ""17""]",21-13-43-28-05-17,2026-05-25,21:00,21822707.74,0,lottomatik,ML45S0000239
2DL-2PM,2D Lotto 2PM,"[""02"", ""29""]",02-29,2026-05-26,14:00,4000,0,lottomatik,2DLS0001672
3DL-2PM,3D Lotto 2PM,"[""6"", ""0"", ""5""]",6-0-5,2026-05-26,14:00,4500,9,lottomatik,3DLS0001672
2DL-5PM,2D Lotto 5PM,"[""10"", ""09""]",10-09,2026-05-26,17:00,4000,4,lottomatik,2DLS0001673
3DL-5PM,3D Lotto 5PM,"[""7"", ""0"", ""0""]",7-0-0,2026-05-26,17:00,4500,0,lottomatik,3DLS0001673
2DL-9PM,2D Lotto 9PM,"[""10"", ""20""]",10-20,2026-05-26,21:00,4000,20,lottomatik,2DLS0001674
3DL-9PM,3D Lotto 9PM,"[""9"", ""3"", ""5""]",9-3-5,2026-05-26,21:00,4500,6,lottomatik,3DLS0001674
6DL,6D Lotto,"[""3"", ""8"", ""4"", ""9"", ""9"", ""9""]",3-8-4-9-9-9,2026-05-26,21:00,556649.48,0,lottomatik,6DLS0000238
LOTTO42,Lotto 6/42,"[""15"", ""08"", ""34"", ""13"", ""25"", ""38""]",15-08-34-13-25-38,2026-05-26,21:00,10000000,0,lottomatik,LOTTO42S0000238
SL49,Superlotto 6/49,"[""10"", ""49"", ""30"", ""21"", ""48"", ""45""]",10-49-30-21-48-45,2026-05-26,21:00,25000000,0,lottomatik,SL49S0000240
UL58,Ultra Lotto 6/58,"[""02"", ""11"", ""12"", ""16"", ""55"", ""46""]",02-11-12-16-55-46,2026-05-26,21:00,75000000,0,lottomatik,UL58S0000240
2DL-2PM,2D Lotto 2PM,"[""11"", ""18""]",11-18,2026-05-27,14:00,4000,11,lottomatik,2DLS0001675
3DL-2PM,3D Lotto 2PM,"[""1"", ""5"", ""2""]",1-5-2,2026-05-27,14:00,4500,26,lottomatik,3DLS0001675
2DL-5PM,2D Lotto 5PM,"[""14"", ""05""]",14-05,2026-05-27,17:00,4000,7,lottomatik,2DLS0001676
2DL-9PM,2D Lotto 9PM,"[""19"", ""04""]",19-04,2026-05-27,21:00,4000,43,lottomatik,2DLS0001677
3DL-9PM,3D Lotto 9PM,"[""0"", ""0"", ""1""]",0-0-1,2026-05-27,21:00,4500,12,lottomatik,3DLS0001677
4DL,4D Lotto,"[""4"", ""8"", ""6"", ""0""]",4-8-6-0,2026-05-27,21:00,781356,19,lottomatik,4DLS0000240
GL55,Grand Lotto 6/55,"[""33"", ""46"", ""43"", ""19"", ""38"", ""42""]",33-46-43-19-38-42,2026-05-27,21:00,45000000,0,lottomatik,GL55S0000241
ML45,Megalotto 6/45,"[""23"", ""08"", ""09"", ""36"", ""43"", ""18""]",23-08-09-36-43-18,2026-05-27,21:00,25359201.44,0,lottomatik,ML45S0000240
2DL-2PM,2D Lotto 2PM,"[""16"", ""31""]",16-31,2026-05-28,14:00,4000,1,lottomatik,2DLS0001678
3DL-2PM,3D Lotto 2PM,"[""1"", ""1"", ""0""]",1-1-0,2026-05-28,14:00,4500,20,lottomatik,3DLS0001678
2DL-5PM,2D Lotto 5PM,"[""20"", ""27""]",20-27,2026-05-28,17:00,4000,7,lottomatik,2DLS0001679
3DL-5PM,3D Lotto 5PM,"[""4"", ""2"", ""1""]",4-2-1,2026-05-28,17:00,4500,17,lottomatik,3DLS0001679
2DL-9PM,2D Lotto 9PM,"[""07"", ""11""]",07-11,2026-05-28,21:00,4000,20,lottomatik,2DLS0001680
3DL-9PM,3D Lotto 9PM,"[""8"", ""6"", ""0""]",8-6-0,2026-05-28,21:00,4500,14,lottomatik,3DLS0001680
6DL,6D Lotto,"[""9"", ""0"", ""2"", ""9"", ""1"", ""6""]",9-0-2-9-1-6,2026-05-28,21:00,701831.2,0,lottomatik,6DLS0000239
LOTTO42,Lotto 6/42,"[""39"", ""38"", ""34"", ""21"", ""10"", ""03""]",39-38-34-21-10-03,2026-05-28,21:00,10000000,0,lottomatik,LOTTO42S0000239
SL49,Superlotto 6/49,"[""39"", ""40"", ""01"", ""47"", ""29"", ""17""]",39-40-01-47-29-17,2026-05-28,21:00,25000000,0,lottomatik,SL49S0000241
2DL-2PM,2D Lotto 2PM,"[""03"", ""01""]",03-01,2026-05-29,14:00,4000,19,lottomatik,2DLS0001681
2DL-5PM,2D Lotto 5PM,"[""21"", ""05""]",21-05,2026-05-29,17:00,4000,13,lottomatik,2DLS0001682
2DL-9PM,2D Lotto 9PM,"[""14"", ""22""]",14-22,2026-05-29,21:00,4000,11,lottomatik,2DLS0001683
3DL-9PM,3D Lotto 9PM,"[""9"", ""6"", ""8""]",9-6-8,2026-05-29,21:00,4500,9,lottomatik,3DLS0001683
4DL,4D Lotto,"[""6"", ""1"", ""2"", ""2""]",6-1-2-2,2026-05-29,21:00,462180,30,lottomatik,4DLS0000241
ML45,Megalotto 6/45,"[""27"", ""45"", ""38"", ""35"", ""25"", ""10""]",27-45-38-35-25-10,2026-05-29,21:00,28760977.68,0,lottomatik,ML45S0000241
UL58,Ultra Lotto 6/58,"[""47"", ""21"", ""43"", ""20"", ""05"", ""37""]",47-21-43-20-05-37,2026-05-29,21:00,75000000,0,lottomatik,UL58S0000241
2DL-2PM,2D Lotto 2PM,"[""11"", ""30""]",11-30,2026-05-30,14:00,4000,17,lottomatik,2DLS0001684
2DL-5PM,2D Lotto 5PM,"[""19"", ""30""]",19-30,2026-05-30,17:00,4000,2,lottomatik,2DLS0001685
3DL-5PM,3D Lotto 5PM,"[""0"", ""4"", ""2""]",0-4-2,2026-05-30,17:00,4500,5,lottomatik,3DLS0001685
2DL-9PM,2D Lotto 9PM,"[""16"", ""14""]",16-14,2026-05-30,21:00,4000,4,lottomatik,2DLS0001686
3DL-9PM,3D Lotto 9PM,"[""3"", ""6"", ""5""]",3-6-5,2026-05-30,21:00,4500,4,lottomatik,3DLS0001686
6DL,6D Lotto,"[""5"", ""5"", ""4"", ""2"", ""9"", ""7""]",5-5-4-2-9-7,2026-05-30,21:00,1483441.08,0,lottomatik,6DLS0000240
GL55,Grand Lotto 6/55,"[""19"", ""37"", ""21"", ""39"", ""09"", ""22""]",19-37-21-39-09-22,2026-05-30,21:00,45000000,0,lottomatik,GL55S0000242
LOTTO42,Lotto 6/42,"[""03"", ""21"", ""02"", ""14"", ""33"", ""01""]",03-21-02-14-33-01,2026-05-30,21:00,10000000,0,lottomatik,LOTTO42S0000240
2DL-2PM,2D Lotto 2PM,"[""27"", ""07""]",27-07,2026-05-31,14:00,4000,7,lottomatik,2DLS0001687
2DL-5PM,2D Lotto 5PM,"[""04"", ""06""]",04-06,2026-05-31,17:00,4000,7,lottomatik,2DLS0001688
3DL-5PM,3D Lotto 5PM,"[""3"", ""8"", ""7""]",3-8-7,2026-05-31,17:00,4500,1,lottomatik,3DLS0001688
2DL-9PM,2D Lotto 9PM,"[""04"", ""21""]",04-21,2026-05-31,21:00,4000,14,lottomatik,2DLS0001689
3DL-9PM,3D Lotto 9PM,"[""7"", ""5"", ""4""]",7-5-4,2026-05-31,21:00,4500,11,lottomatik,3DLS0001689
SL49,Superlotto 6/49,"[""18"", ""21"", ""07"", ""43"", ""11"", ""03""]",18-21-07-43-11-03,2026-05-31,21:00,25000000,0,lottomatik,SL49S0000242
UL58,Ultra Lotto 6/58,"[""09"", ""53"", ""43"", ""39"", ""03"", ""47""]",09-53-43-39-03-47,2026-05-31,21:00,75000000,0,lottomatik,UL58S0000242
2DL-2PM,2D Lotto 2PM,"[""29"", ""05""]",29-05,2026-06-01,14:00,4000,2,lottomatik,2DLS0001690
3DL-2PM,3D Lotto 2PM,"[""9"", ""7"", ""6""]",9-7-6,2026-06-01,14:00,4500,12,lottomatik,3DLS0001690
2DL-5PM,2D Lotto 5PM,"[""14"", ""19""]",14-19,2026-06-01,17:00,4000,10,lottomatik,2DLS0001691
2DL-9PM,2D Lotto 9PM,"[""04"", ""29""]",04-29,2026-06-01,21:00,4000,7,lottomatik,2DLS0001692
3DL-9PM,3D Lotto 9PM,"[""1"", ""7"", ""2""]",1-7-2,2026-06-01,21:00,4500,11,lottomatik,3DLS0001692
4DL,4D Lotto,"[""2"", ""0"", ""4"", ""6""]",2-0-4-6,2026-06-01,21:00,845613,27,lottomatik,4DLS0000242
GL55,Grand Lotto 6/55,"[""36"", ""04"", ""09"", ""44"", ""42"", ""24""]",36-04-09-44-42-24,2026-06-01,21:00,45000000,0,lottomatik,GL55S0000243
ML45,Megalotto 6/45,"[""28"", ""38"", ""41"", ""35"", ""40"", ""05""]",28-38-41-35-40-05,2026-06-01,21:00,32333006.68,0,lottomatik,ML45S0000242
2DL-2PM,2D Lotto 2PM,"[""31"", ""12""]",31-12,2026-06-02,14:00,4000,0,lottomatik,2DLS0001693
2DL-5PM,2D Lotto 5PM,"[""01"", ""03""]",01-03,2026-06-02,17:00,4000,1,lottomatik,2DLS0001694
3DL-5PM,3D Lotto 5PM,"[""8"", ""7"", ""2""]",8-7-2,2026-06-02,17:00,4500,14,lottomatik,3DLS0001694
2DL-9PM,2D Lotto 9PM,"[""20"", ""22""]",20-22,2026-06-02,21:00,4000,1,lottomatik,2DLS0001695
3DL-9PM,3D Lotto 9PM,"[""4"", ""2"", ""6""]",4-2-6,2026-06-02,21:00,4500,38,lottomatik,3DLS0001695
6DL,6D Lotto,"[""2"", ""9"", ""1"", ""0"", ""0"", ""7""]",2-9-1-0-0-7,2026-06-02,21:00,1574769,3,lottomatik,6DLS0000241
LOTTO42,Lotto 6/42,"[""18"", ""16"", ""37"", ""13"", ""35"", ""23""]",18-16-37-13-35-23,2026-06-02,21:00,10000000,0,lottomatik,LOTTO42S0000241
SL49,Superlotto 6/49,"[""36"", ""27"", ""05"", ""14"", ""40"", ""08""]",36-27-05-14-40-08,2026-06-02,21:00,25000000,0,lottomatik,SL49S0000243
UL58,Ultra Lotto 6/58,"[""39"", ""36"", ""12"", ""41"", ""04"", ""20""]",39-36-12-41-04-20,2026-06-02,21:00,75000000,0,lottomatik,UL58S0000243
2DL-2PM,2D Lotto 2PM,"[""31"", ""04""]",31-04,2026-06-03,14:00,4000,2,lottomatik,2DLS0001696
3DL-2PM,3D Lotto 2PM,"[""5"", ""6"", ""2""]",5-6-2,2026-06-03,14:00,4500,22,lottomatik,3DLS0001696
2DL-5PM,2D Lotto 5PM,"[""15"", ""12""]",15-12,2026-06-03,17:00,4000,3,lottomatik,2DLS0001697
3DL-5PM,3D Lotto 5PM,"[""7"", ""6"", ""8""]",7-6-8,2026-06-03,17:00,4500,6,lottomatik,3DLS0001697
2DL-9PM,2D Lotto 9PM,"[""21"", ""16""]",21-16,2026-06-03,21:00,4000,18,lottomatik,2DLS0001698
3DL-9PM,3D Lotto 9PM,"[""6"", ""4"", ""7""]",6-4-7,2026-06-03,21:00,4500,5,lottomatik,3DLS0001698
4DL,4D Lotto,"[""3"", ""4"", ""0"", ""9""]",3-4-0-9,2026-06-03,21:00,812340,15,lottomatik,4DLS0000243
GL55,Grand Lotto 6/55,"[""19"", ""42"", ""53"", ""02"", ""46"", ""03""]",19-42-53-02-46-03,2026-06-03,21:00,45000000,0,lottomatik,GL55S0000244
ML45,Megalotto 6/45,"[""23"", ""45"", ""06"", ""18"", ""04"", ""02""]",23-45-06-18-04-02,2026-06-03,21:00,36124029.88,0,lottomatik,ML45S0000243
2DL-2PM,2D Lotto 2PM,"[""13"", ""14""]",13-14,2026-06-04,14:00,4000,6,lottomatik,2DLS0001699
2DL-5PM,2D Lotto 5PM,"[""16"", ""27""]",16-27,2026-06-04,17:00,4000,0,lottomatik,2DLS0001700
2DL-9PM,2D Lotto 9PM,"[""24"", ""12""]",24-12,2026-06-04,21:00,4000,12,lottomatik,2DLS0001701
3DL-9PM,3D Lotto 9PM,"[""9"", ""0"", ""0""]",9-0-0,2026-06-04,21:00,4500,3,lottomatik,3DLS0001701
6DL,6D Lotto,"[""3"", ""4"", ""2"", ""6"", ""8"", ""5""]",3-4-2-6-8-5,2026-06-04,21:00,150000,0,lottomatik,6DLS0000242
LOTTO42,Lotto 6/42,"[""02"", ""39"", ""30"", ""10"", ""14"", ""29""]",02-39-30-10-14-29,2026-06-04,21:00,11344599.3,0,lottomatik,LOTTO42S0000242
SL49,Superlotto 6/49,"[""27"", ""03"", ""02"", ""11"", ""16"", ""25""]",27-03-02-11-16-25,2026-06-04,21:00,25000000,0,lottomatik,SL49S0000244
2DL-2PM,2D Lotto 2PM,"[""14"", ""28""]",14-28,2026-06-05,14:00,4000,0,lottomatik,2DLS0001702
2DL-5PM,2D Lotto 5PM,"[""14"", ""28""]",14-28,2026-06-05,17:00,4000,1,lottomatik,2DLS0001703
3DL-5PM,3D Lotto 5PM,"[""8"", ""4"", ""4""]",8-4-4,2026-06-05,17:00,4500,2,lottomatik,3DLS0001703
2DL-9PM,2D Lotto 9PM,"[""06"", ""29""]",06-29,2026-06-05,21:00,4000,18,lottomatik,2DLS0001704
3DL-9PM,3D Lotto 9PM,"[""9"", ""0"", ""7""]",9-0-7,2026-06-05,21:00,4500,26,lottomatik,3DLS0001704
4DL,4D Lotto,"[""2"", ""7"", ""9"", ""5""]",2-7-9-5,2026-06-05,21:00,993564,44,lottomatik,4DLS0000244
ML45,Megalotto 6/45,"[""01"", ""38"", ""18"", ""42"", ""04"", ""44""]",01-38-18-42-04-44,2026-06-05,21:00,39948344.77,0,lottomatik,ML45S0000244
UL58,Ultra Lotto 6/58,"[""20"", ""45"", ""13"", ""31"", ""07"", ""27""]",20-45-13-31-07-27,2026-06-05,21:00,75000000,0,lottomatik,UL58S0000244
2DL-5PM,2D Lotto 5PM,"[""18"", ""29""]",18-29,2026-06-06,17:00,4000,2,lottomatik,2DLS0001706
3DL-5PM,3D Lotto 5PM,"[""9"", ""6"", ""0""]",9-6-0,2026-06-06,17:00,4500,4,lottomatik,3DLS0001706
2DL-9PM,2D Lotto 9PM,"[""13"", ""24""]",13-24,2026-06-06,21:00,4000,1,lottomatik,2DLS0001707
3DL-9PM,3D Lotto 9PM,"[""8"", ""6"", ""5""]",8-6-5,2026-06-06,21:00,4500,3,lottomatik,3DLS0001707
6DL,6D Lotto,"[""9"", ""8"", ""1"", ""3"", ""9"", ""2""]",9-8-1-3-9-2,2026-06-06,21:00,485321.72,0,lottomatik,6DLS0000243
GL55,Grand Lotto 6/55,"[""32"", ""36"", ""29"", ""19"", ""08"", ""30""]",32-36-29-19-08-30,2026-06-06,21:00,45000000,0,lottomatik,GL55S0000245
LOTTO42,Lotto 6/42,"[""33"", ""38"", ""34"", ""28"", ""36"", ""07""]",33-38-34-28-36-07,2026-06-06,21:00,14404418.27,0,lottomatik,LOTTO42S0000243
2DL-9PM,2D Lotto 9PM,"[""03"", ""30""]",03-30,2026-06-07,21:00,4000,5,lottomatik,2DLS0001710
3DL-9PM,3D Lotto 9PM,"[""7"", ""9"", ""3""]",7-9-3,2026-06-07,21:00,4500,2,lottomatik,3DLS0001710
SL49,Superlotto 6/49,"[""41"", ""31"", ""44"", ""25"", ""42"", ""33""]",41-31-44-25-42-33,2026-06-07,21:00,25000000,0,lottomatik,SL49S0000245
UL58,Ultra Lotto 6/58,"[""53"", ""01"", ""04"", ""45"", ""51"", ""22""]",53-01-04-45-51-22,2026-06-07,21:00,75000000,0,lottomatik,UL58S0000245
2DL-2PM,2D Lotto 2PM,"[""11"", ""16""]",11-16,2026-06-08,14:00,4000,6,lottomatik,2DLS0001711
2DL-5PM,2D Lotto 5PM,"[""09"", ""08""]",09-08,2026-06-08,17:00,4000,5,lottomatik,2DLS0001712
2DL-9PM,2D Lotto 9PM,"[""29"", ""16""]",29-16,2026-06-08,21:00,4000,6,lottomatik,2DLS0001713
3DL-9PM,3D Lotto 9PM,"[""1"", ""1"", ""7""]",1-1-7,2026-06-08,21:00,4500,5,lottomatik,3DLS0001713
4DL,4D Lotto,"[""5"", ""0"", ""3"", ""5""]",5-0-3-5,2026-06-08,21:00,884534,14,lottomatik,4DLS0000245
GL55,Grand Lotto 6/55,"[""50"", ""43"", ""24"", ""01"", ""07"", ""15""]",50-43-24-01-07-15,2026-06-08,21:00,45000000,0,lottomatik,GL55S0000246
ML45,Megalotto 6/45,"[""20"", ""27"", ""43"", ""15"", ""04"", ""14""]",20-27-43-15-04-14,2026-06-08,21:00,43744766.73,0,lottomatik,ML45S0000245
2DL-2PM,2D Lotto 2PM,"[""19"", ""30""]",19-30,2026-06-09,14:00,4000,7,lottomatik,2DLS0001714
2DL-5PM,2D Lotto 5PM,"[""02"", ""21""]",02-21,2026-06-09,17:00,4000,0,lottomatik,2DLS0001715
2DL-9PM,2D Lotto 9PM,"[""10"", ""04""]",10-04,2026-06-09,21:00,4000,14,lottomatik,2DLS0001716
3DL-9PM,3D Lotto 9PM,"[""5"", ""5"", ""3""]",5-5-3,2026-06-09,21:00,4500,9,lottomatik,3DLS0001716
6DL,6D Lotto,"[""6"", ""3"", ""7"", ""5"", ""4"", ""1""]",6-3-7-5-4-1,2026-06-09,21:00,1072500.24,0,lottomatik,6DLS0000244
LOTTO42,Lotto 6/42,"[""40"", ""03"", ""36"", ""41"", ""28"", ""18""]",40-03-36-41-28-18,2026-06-09,21:00,17763940.65,0,lottomatik,LOTTO42S0000244
SL49,Superlotto 6/49,"[""43"", ""22"", ""15"", ""04"", ""03"", ""17""]",43-22-15-04-03-17,2026-06-09,21:00,25000000,0,lottomatik,SL49S0000246
UL58,Ultra Lotto 6/58,"[""42"", ""07"", ""23"", ""41"", ""56"", ""44""]",42-07-23-41-56-44,2026-06-09,21:00,75000000,0,lottomatik,UL58S0000246
2DL-2PM,2D Lotto 2PM,"[""19"", ""19""]",19-19,2026-06-10,14:00,4000,2,lottomatik,2DLS0001717
3DL-2PM,3D Lotto 2PM,"[""1"", ""5"", ""7""]",1-5-7,2026-06-10,14:00,4500,10,lottomatik,3DLS0001717
2DL-5PM,2D Lotto 5PM,"[""28"", ""09""]",28-09,2026-06-10,17:00,4000,2,lottomatik,2DLS0001718
2DL-9PM,2D Lotto 9PM,"[""25"", ""11""]",25-11,2026-06-10,21:00,4000,20,lottomatik,2DLS0001719
3DL-9PM,3D Lotto 9PM,"[""3"", ""1"", ""6""]",3-1-6,2026-06-10,21:00,4500,29,lottomatik,3DLS0001719
4DL,4D Lotto,"[""7"", ""2"", ""7"", ""4""]",7-2-7-4,2026-06-10,21:00,794367,27,lottomatik,4DLS0000246
GL55,Grand Lotto 6/55,"[""53"", ""19"", ""08"", ""34"", ""38"", ""52""]",53-19-08-34-38-52,2026-06-10,21:00,45000000,0,lottomatik,GL55S0000247
ML45,Megalotto 6/45,"[""14"", ""45"", ""44"", ""42"", ""28"", ""20""]",14-45-44-42-28-20,2026-06-10,21:00,52078362.76,0,lottomatik,ML45S0000246
2DL-2PM,2D Lotto 2PM,"[""29"", ""21""]",29-21,2026-06-11,14:00,4000,3,lottomatik,2DLS0001720
2DL-5PM,2D Lotto 5PM,"[""05"", ""16""]",05-16,2026-06-11,17:00,4000,7,lottomatik,2DLS0001721
3DL-5PM,3D Lotto 5PM,"[""3"", ""9"", ""5""]",3-9-5,2026-06-11,17:00,4500,0,lottomatik,3DLS0001721
2DL-9PM,2D Lotto 9PM,"[""16"", ""09""]",16-09,2026-06-11,21:00,4000,14,lottomatik,2DLS0001722
3DL-9PM,3D Lotto 9PM,"[""2"", ""5"", ""1""]",2-5-1,2026-06-11,21:00,4500,8,lottomatik,3DLS0001722
6DL,6D Lotto,"[""2"", ""8"", ""8"", ""7"", ""8"", ""4""]",2-8-8-7-8-4,2026-06-11,21:00,1598502.96,0,lottomatik,6DLS0000245
LOTTO42,Lotto 6/42,"[""12"", ""22"", ""24"", ""38"", ""07"", ""13""]",12-22-24-38-07-13,2026-06-11,21:00,20676273.22,0,lottomatik,LOTTO42S0000245
SL49,Superlotto 6/49,"[""40"", ""13"", ""14"", ""24"", ""08"", ""21""]",40-13-14-24-08-21,2026-06-11,21:00,25000000,0,lottomatik,SL49S0000247
2DL-2PM,2D Lotto 2PM,"[""19"", ""17""]",19-17,2026-06-12,14:00,4000,3,lottomatik,2DLS0001723
3DL-2PM,3D Lotto 2PM,"[""8"", ""4"", ""8""]",8-4-8,2026-06-12,14:00,4500,1,lottomatik,3DLS0001723
2DL-5PM,2D Lotto 5PM,"[""07"", ""01""]",07-01,2026-06-12,17:00,4000,5,lottomatik,2DLS0001724
3DL-5PM,3D Lotto 5PM,"[""5"", ""6"", ""0""]",5-6-0,2026-06-12,17:00,4500,0,lottomatik,3DLS0001724
2DL-9PM,2D Lotto 9PM,"[""09"", ""05""]",09-05,2026-06-12,21:00,4000,19,lottomatik,2DLS0001725
3DL-9PM,3D Lotto 9PM,"[""5"", ""8"", ""4""]",5-8-4,2026-06-12,21:00,4500,5,lottomatik,3DLS0001725
4DL,4D Lotto,"[""4"", ""0"", ""3"", ""3""]",4-0-3-3,2026-06-12,21:00,822552,12,lottomatik,4DLS0000247
ML45,Megalotto 6/45,"[""44"", ""13"", ""22"", ""14"", ""04"", ""33""]",44-13-22-14-04-33,2026-06-12,21:00,52078362.76,0,lottomatik,ML45S0000247
UL58,Ultra Lotto 6/58,"[""40"", ""27"", ""10"", ""09"", ""53"", ""29""]",40-27-10-09-53-29,2026-06-12,21:00,128000000,0,lottomatik,UL58S0000247
2DL-2PM,2D Lotto 2PM,"[""11"", ""26""]",11-26,2026-06-13,14:00,4000,8,lottomatik,2DLS0001726
2DL-5PM,2D Lotto 5PM,"[""18"", ""17""]",18-17,2026-06-13,17:00,4000,12,lottomatik,2DLS0001727
2DL-9PM,2D Lotto 9PM,"[""26"", ""30""]",26-30,2026-06-13,21:00,4000,7,lottomatik,2DLS0001728
3DL-9PM,3D Lotto 9PM,"[""6"", ""8"", ""8""]",6-8-8,2026-06-13,21:00,4500,2,lottomatik,3DLS0001728
6DL,6D Lotto,"[""9"", ""7"", ""2"", ""4"", ""8"", ""1""]",9-7-2-4-8-1,2026-06-13,21:00,1886352.2,0,lottomatik,6DLS0000246
GL55,Grand Lotto 6/55,"[""16"", ""43"", ""21"", ""22"", ""26"", ""50""]",16-43-21-22-26-50,2026-06-13,21:00,45000000,0,lottomatik,GL55S0000248
LOTTO42,Lotto 6/42,"[""17"", ""42"", ""13"", ""36"", ""01"", ""31""]",17-42-13-36-01-31,2026-06-13,21:00,23936399.01,0,lottomatik,LOTTO42S0000246
2DL-2PM,2D Lotto 2PM,"[""03"", ""15""]",03-15,2026-06-14,14:00,4000,0,lottomatik,2DLS0001729
3DL-2PM,3D Lotto 2PM,"[""0"", ""6"", ""9""]",0-6-9,2026-06-14,14:00,4500,3,lottomatik,3DLS0001729
2DL-5PM,2D Lotto 5PM,"[""28"", ""02""]",28-02,2026-06-14,17:00,4000,9,lottomatik,2DLS0001730
3DL-5PM,3D Lotto 5PM,"[""1"", ""4"", ""4""]",1-4-4,2026-06-14,17:00,4500,1,lottomatik,3DLS0001730
2DL-9PM,2D Lotto 9PM,"[""10"", ""07""]",10-07,2026-06-14,21:00,4000,3,lottomatik,2DLS0001731
3DL-9PM,3D Lotto 9PM,"[""3"", ""4"", ""9""]",3-4-9,2026-06-14,21:00,4500,3,lottomatik,3DLS0001731
SL49,Superlotto 6/49,"[""16"", ""07"", ""47"", ""08"", ""04"", ""06""]",16-07-47-08-04-06,2026-06-14,21:00,25000000,0,lottomatik,SL49S0000248
UL58,Ultra Lotto 6/58,"[""17"", ""03"", ""25"", ""57"", ""30"", ""43""]",17-03-25-57-30-43,2026-06-14,21:00,128000000,0,lottomatik,UL58S0000248
2DL-2PM,2D Lotto 2PM,"[""02"", ""13""]",02-13,2026-06-15,14:00,4000,8,lottomatik,2DLS0001732
2DL-5PM,2D Lotto 5PM,"[""19"", ""10""]",19-10,2026-06-15,17:00,4000,17,lottomatik,2DLS0001733
2DL-9PM,2D Lotto 9PM,"[""26"", ""24""]",26-24,2026-06-15,21:00,4000,1,lottomatik,2DLS0001734
3DL-9PM,3D Lotto 9PM,"[""5"", ""9"", ""9""]",5-9-9,2026-06-15,21:00,4500,0,lottomatik,3DLS0001734
4DL,4D Lotto,"[""5"", ""8"", ""0"", ""8""]",5-8-0-8,2026-06-15,21:00,743184,16,lottomatik,4DLS0000248
GL55,Grand Lotto 6/55,"[""08"", ""44"", ""43"", ""24"", ""04"", ""11""]",08-44-43-24-04-11,2026-06-15,21:00,45000000,0,lottomatik,GL55S0000249
ML45,Megalotto 6/45,"[""44"", ""14"", ""10"", ""21"", ""35"", ""18""]",44-14-10-21-35-18,2026-06-15,21:00,60460246.55,0,lottomatik,ML45S0000248
2DL-2PM,2D Lotto 2PM,"[""29"", ""08""]",29-08,2026-06-16,14:00,4000,9,lottomatik,2DLS0001735
3DL-2PM,3D Lotto 2PM,"[""9"", ""8"", ""7""]",9-8-7,2026-06-16,14:00,4500,5,lottomatik,3DLS0001735
2DL-5PM,2D Lotto 5PM,"[""24"", ""03""]",24-03,2026-06-16,17:00,4000,4,lottomatik,2DLS0001736
3DL-5PM,3D Lotto 5PM,"[""0"", ""1"", ""1""]",0-1-1,2026-06-16,17:00,4500,3,lottomatik,3DLS0001736
2DL-9PM,2D Lotto 9PM,"[""22"", ""29""]",22-29,2026-06-16,21:00,4000,9,lottomatik,2DLS0001737
3DL-9PM,3D Lotto 9PM,"[""0"", ""8"", ""6""]",0-8-6,2026-06-16,21:00,4500,1,lottomatik,3DLS0001737
6DL,6D Lotto,"[""7"", ""4"", ""7"", ""0"", ""8"", ""9""]",7-4-7-0-8-9,2026-06-16,21:00,2691966.48,0,lottomatik,6DLS0000247
LOTTO42,Lotto 6/42,"[""35"", ""38"", ""39"", ""32"", ""37"", ""16""]",35-38-39-32-37-16,2026-06-16,21:00,27366567.2,0,lottomatik,LOTTO42S0000247
SL49,Superlotto 6/49,"[""28"", ""20"", ""36"", ""33"", ""02"", ""17""]",28-20-36-33-02-17,2026-06-16,21:00,30733975.33,0,lottomatik,SL49S0000249
UL58,Ultra Lotto 6/58,"[""26"", ""08"", ""55"", ""48"", ""05"", ""51""]",26-08-55-48-05-51,2026-06-16,21:00,128000000,0,lottomatik,UL58S0000249
2DL-2PM,2D Lotto 2PM,"[""04"", ""31""]",04-31,2026-06-17,14:00,4000,1,lottomatik,2DLS0001738
3DL-2PM,3D Lotto 2PM,"[""1"", ""9"", ""8""]",1-9-8,2026-06-17,14:00,4500,32,lottomatik,3DLS0001738
2DL-5PM,2D Lotto 5PM,"[""05"", ""17""]",05-17,2026-06-17,17:00,4000,16,lottomatik,2DLS0001739
3DL-5PM,3D Lotto 5PM,"[""0"", ""0"", ""7""]",0-0-7,2026-06-17,17:00,4500,2,lottomatik,3DLS0001739
2DL-9PM,2D Lotto 9PM,"[""07"", ""26""]",07-26,2026-06-17,21:00,4000,7,lottomatik,2DLS0001740
3DL-9PM,3D Lotto 9PM,"[""5"", ""1"", ""3""]",5-1-3,2026-06-17,21:00,4500,10,lottomatik,3DLS0001740
4DL,4D Lotto,"[""5"", ""5"", ""6"", ""6""]",5-5-6-6,2026-06-17,21:00,800025,25,lottomatik,4DLS0000249
GL55,Grand Lotto 6/55,"[""55"", ""31"", ""46"", ""37"", ""48"", ""01""]",55-31-46-37-48-01,2026-06-17,21:00,45000000,0,lottomatik,GL55S0000250
ML45,Megalotto 6/45,"[""34"", ""35"", ""09"", ""10"", ""19"", ""32""]",34-35-09-10-19-32,2026-06-17,21:00,65011179.41,0,lottomatik,ML45S0000249
2DL-2PM,2D Lotto 2PM,"[""09"", ""21""]",09-21,2026-06-18,14:00,4000,7,lottomatik,2DLS0001741
3DL-2PM,3D Lotto 2PM,"[""1"", ""3"", ""1""]",1-3-1,2026-06-18,14:00,4500,6,lottomatik,3DLS0001741
2DL-5PM,2D Lotto 5PM,"[""22"", ""19""]",22-19,2026-06-18,17:00,4000,11,lottomatik,2DLS0001742
3DL-5PM,3D Lotto 5PM,"[""4"", ""5"", ""3""]",4-5-3,2026-06-18,17:00,4500,1,lottomatik,3DLS0001742
2DL-9PM,2D Lotto 9PM,"[""28"", ""27""]",28-27,2026-06-18,21:00,4000,11,lottomatik,2DLS0001743
3DL-9PM,3D Lotto 9PM,"[""1"", ""0"", ""2""]",1-0-2,2026-06-18,21:00,4500,9,lottomatik,3DLS0001743
6DL,6D Lotto,"[""1"", ""9"", ""2"", ""7"", ""0"", ""7""]",1-9-2-7-0-7,2026-06-18,21:00,2741966.48,0,lottomatik,6DLS0000248
LOTTO42,Lotto 6/42,"[""07"", ""36"", ""31"", ""03"", ""35"", ""42""]",07-36-31-03-35-42,2026-06-18,21:00,34256895.81,0,lottomatik,LOTTO42S0000248
SL49,Superlotto 6/49,"[""27"", ""26"", ""21"", ""06"", ""20"", ""16""]",27-26-21-06-20-16,2026-06-18,21:00,30733975.33,0,lottomatik,SL49S0000250
2DL-2PM,2D Lotto 2PM,"[""24"", ""24""]",24-24,2026-06-19,14:00,4000,6,lottomatik,2DLS0001744
3DL-2PM,3D Lotto 2PM,"[""9"", ""4"", ""7""]",9-4-7,2026-06-19,14:00,4500,6,lottomatik,3DLS0001744
2DL-5PM,2D Lotto 5PM,"[""10"", ""03""]",10-03,2026-06-19,17:00,4000,9,lottomatik,2DLS0001745
3DL-5PM,3D Lotto 5PM,"[""4"", ""3"", ""6""]",4-3-6,2026-06-19,17:00,4500,3,lottomatik,3DLS0001745
2DL-9PM,2D Lotto 9PM,"[""08"", ""31""]",08-31,2026-06-19,21:00,4000,8,lottomatik,2DLS0001746
3DL-9PM,3D Lotto 9PM,"[""3"", ""7"", ""2""]",3-7-2,2026-06-19,21:00,4500,15,lottomatik,3DLS0001746
4DL,4D Lotto,"[""0"", ""3"", ""8"", ""0""]",0-3-8-0,2026-06-19,21:00,915616,8,lottomatik,4DLS0000250
ML45,Megalotto 6/45,"[""27"", ""15"", ""09"", ""13"", ""12"", ""08""]",27-15-09-13-12-08,2026-06-19,21:00,65011179.41,0,lottomatik,ML45S0000250
UL58,Ultra Lotto 6/58,"[""43"", ""53"", ""08"", ""45"", ""20"", ""11""]",43-53-08-45-20-11,2026-06-19,21:00,128000000,0,lottomatik,UL58S0000250
2DL-2PM,2D Lotto 2PM,"[""02"", ""13""]",02-13,2026-06-20,14:00,4000,12,lottomatik,2DLS0001747
2DL-5PM,2D Lotto 5PM,"[""29"", ""15""]",29-15,2026-06-20,17:00,4000,3,lottomatik,2DLS0001748
3DL-5PM,3D Lotto 5PM,"[""5"", ""0"", ""2""]",5-0-2,2026-06-20,17:00,4500,4,lottomatik,3DLS0001748
2DL-9PM,2D Lotto 9PM,"[""16"", ""04""]",16-04,2026-06-20,21:00,4000,14,lottomatik,2DLS0001749
3DL-9PM,3D Lotto 9PM,"[""6"", ""4"", ""9""]",6-4-9,2026-06-20,21:00,4500,6,lottomatik,3DLS0001749
6DL,6D Lotto,"[""3"", ""9"", ""8"", ""3"", ""5"", ""9""]",3-9-8-3-5-9,2026-06-20,21:00,3500574.68,0,lottomatik,6DLS0000249
GL55,Grand Lotto 6/55,"[""24"", ""10"", ""55"", ""36"", ""04"", ""41""]",24-10-55-36-04-41,2026-06-20,21:00,45000000,0,lottomatik,GL55S0000251
LOTTO42,Lotto 6/42,"[""24"", ""39"", ""23"", ""05"", ""38"", ""12""]",24-39-23-05-38-12,2026-06-20,21:00,34256895.81,0,lottomatik,LOTTO42S0000249
2DL-2PM,2D Lotto 2PM,"[""09"", ""22""]",09-22,2026-06-21,14:00,4000,7,lottomatik,2DLS0001750
2DL-5PM,2D Lotto 5PM,"[""03"", ""01""]",03-01,2026-06-21,17:00,4000,1,lottomatik,2DLS0001751
2DL-9PM,2D Lotto 9PM,"[""11"", ""07""]",11-07,2026-06-21,21:00,4000,15,lottomatik,2DLS0001752
3DL-9PM,3D Lotto 9PM,"[""1"", ""3"", ""4""]",1-3-4,2026-06-21,21:00,4500,2,lottomatik,3DLS0001752
SL49,Superlotto 6/49,"[""44"", ""13"", ""27"", ""33"", ""24"", ""42""]",44-13-27-33-24-42,2026-06-21,21:00,33840811.77,0,lottomatik,SL49S0000251
UL58,Ultra Lotto 6/58,"[""15"", ""05"", ""45"", ""11"", ""17"", ""39""]",15-05-45-11-17-39,2026-06-21,21:00,128000000,0,lottomatik,UL58S0000251
2DL-2PM,2D Lotto 2PM,"[""19"", ""04""]",19-04,2026-06-22,14:00,4000,19,lottomatik,2DLS0001753
2DL-5PM,2D Lotto 5PM,"[""12"", ""31""]",12-31,2026-06-22,17:00,4000,0,lottomatik,2DLS0001754
2DL-9PM,2D Lotto 9PM,"[""02"", ""29""]",02-29,2026-06-22,21:00,4000,7,lottomatik,2DLS0001755
3DL-9PM,3D Lotto 9PM,"[""6"", ""7"", ""4""]",6-7-4,2026-06-22,21:00,4500,11,lottomatik,3DLS0001755
4DL,4D Lotto,"[""0"", ""9"", ""2"", ""3""]",0-9-2-3,2026-06-22,21:00,790000,79,lottomatik,4DLS0000251
GL55,Grand Lotto 6/55,"[""37"", ""32"", ""23"", ""35"", ""53"", ""18""]",37-32-23-35-53-18,2026-06-22,21:00,45000000,0,lottomatik,GL55S0000252
ML45,Megalotto 6/45,"[""28"", ""03"", ""24"", ""31"", ""18"", ""16""]",28-03-24-31-18-16,2026-06-22,21:00,73961863.3,0,lottomatik,ML45S0000251
2DL-5PM,2D Lotto 5PM,"[""13"", ""09""]",13-09,2026-06-23,17:00,4000,4,lottomatik,2DLS0001757
2DL-9PM,2D Lotto 9PM,"[""01"", ""26""]",01-26,2026-06-23,21:00,4000,8,lottomatik,2DLS0001758
3DL-9PM,3D Lotto 9PM,"[""6"", ""1"", ""4""]",6-1-4,2026-06-23,21:00,4500,7,lottomatik,3DLS0001758
6DL,6D Lotto,"[""9"", ""9"", ""8"", ""1"", ""8"", ""6""]",9-9-8-1-8-6,2026-06-23,21:00,3500574.68,0,lottomatik,6DLS0000250
LOTTO42,Lotto 6/42,"[""30"", ""20"", ""11"", ""07"", ""36"", ""01""]",30-20-11-07-36-01,2026-06-23,21:00,41522778.58,0,lottomatik,LOTTO42S0000250
SL49,Superlotto 6/49,"[""44"", ""08"", ""32"", ""42"", ""12"", ""27""]",44-08-32-42-12-27,2026-06-23,21:00,37124132.84,0,lottomatik,SL49S0000252
UL58,Ultra Lotto 6/58,"[""04"", ""21"", ""41"", ""40"", ""39"", ""52""]",04-21-41-40-39-52,2026-06-23,21:00,128000000,0,lottomatik,UL58S0000252
2DL-2PM,2D Lotto 2PM,"[""31"", ""22""]",31-22,2026-06-24,14:00,4000,0,lottomatik,2DLS0001759
2DL-5PM,2D Lotto 5PM,"[""07"", ""10""]",07-10,2026-06-24,17:00,4000,9,lottomatik,2DLS0001760
2DL-9PM,2D Lotto 9PM,"[""24"", ""23""]",24-23,2026-06-24,21:00,4000,7,lottomatik,2DLS0001761
3DL-9PM,3D Lotto 9PM,"[""0"", ""5"", ""0""]",0-5-0,2026-06-24,21:00,4500,6,lottomatik,3DLS0001761
4DL,4D Lotto,"[""2"", ""5"", ""5"", ""9""]",2-5-5-9,2026-06-24,21:00,784520,40,lottomatik,4DLS0000252
GL55,Grand Lotto 6/55,"[""22"", ""51"", ""17"", ""23"", ""54"", ""29""]",22-51-17-23-54-29,2026-06-24,21:00,45000000,0,lottomatik,GL55S0000253
ML45,Megalotto 6/45,"[""41"", ""29"", ""27"", ""21"", ""33"", ""19""]",41-29-27-21-33-19,2026-06-24,21:00,78580468.32,0,lottomatik,ML45S0000252
2DL-5PM,2D Lotto 5PM,"[""16"", ""30""]",16-30,2026-06-25,17:00,4000,6,lottomatik,2DLS0001763
3DL-5PM,3D Lotto 5PM,"[""1"", ""2"", ""7""]",1-2-7,2026-06-25,17:00,4500,3,lottomatik,3DLS0001763
2DL-9PM,2D Lotto 9PM,"[""07"", ""21""]",07-21,2026-06-25,21:00,4000,20,lottomatik,2DLS0001764
3DL-9PM,3D Lotto 9PM,"[""7"", ""6"", ""4""]",7-6-4,2026-06-25,21:00,4500,5,lottomatik,3DLS0001764
6DL,6D Lotto,"[""3"", ""1"", ""8"", ""0"", ""7"", ""2""]",3-1-8-0-7-2,2026-06-25,21:00,5107190.28,0,lottomatik,6DLS0000251
LOTTO42,Lotto 6/42,"[""26"", ""35"", ""12"", ""08"", ""25"", ""23""]",26-35-12-08-25-23,2026-06-25,21:00,45493326.06,0,lottomatik,LOTTO42S0000251
SL49,Superlotto 6/49,"[""49"", ""19"", ""15"", ""46"", ""25"", ""36""]",49-19-15-46-25-36,2026-06-25,21:00,39677280.77,0,lottomatik,SL49S0000253
2DL-2PM,2D Lotto 2PM,"[""01"", ""12""]",01-12,2026-06-26,14:00,4000,4,lottomatik,2DLS0001765
2DL-5PM,2D Lotto 5PM,"[""31"", ""25""]",31-25,2026-06-26,17:00,4000,5,lottomatik,2DLS0001766
2DL-9PM,2D Lotto 9PM,"[""16"", ""24""]",16-24,2026-06-26,21:00,4000,6,lottomatik,2DLS0001767
3DL-9PM,3D Lotto 9PM,"[""6"", ""5"", ""9""]",6-5-9,2026-06-26,21:00,4500,4,lottomatik,3DLS0001767
4DL,4D Lotto,"[""0"", ""4"", ""0"", ""7""]",0-4-0-7,2026-06-26,21:00,815136,42,lottomatik,4DLS0000253
ML45,Megalotto 6/45,"[""09"", ""41"", ""22"", ""45"", ""05"", ""10""]",09-41-22-45-05-10,2026-06-26,21:00,78580468.32,0,lottomatik,ML45S0000253
UL58,Ultra Lotto 6/58,"[""53"", ""54"", ""44"", ""57"", ""51"", ""07""]",53-54-44-57-51-07,2026-06-26,21:00,128000000,0,lottomatik,UL58S0000253
2DL-2PM,2D Lotto 2PM,"[""30"", ""19""]",30-19,2026-06-27,14:00,4000,5,lottomatik,2DLS0001768
2DL-5PM,2D Lotto 5PM,"[""22"", ""23""]",22-23,2026-06-27,17:00,4000,4,lottomatik,2DLS0001769
2DL-9PM,2D Lotto 9PM,"[""04"", ""29""]",04-29,2026-06-27,21:00,4000,3,lottomatik,2DLS0001770
3DL-9PM,3D Lotto 9PM,"[""9"", ""5"", ""8""]",9-5-8,2026-06-27,21:00,4500,7,lottomatik,3DLS0001770
6DL,6D Lotto,"[""8"", ""0"", ""4"", ""7"", ""2"", ""1""]",8-0-4-7-2-1,2026-06-27,21:00,5404454.28,0,lottomatik,6DLS0000252
GL55,Grand Lotto 6/55,"[""38"", ""27"", ""33"", ""32"", ""49"", ""31""]",38-27-33-32-49-31,2026-06-27,21:00,50310159.2,0,lottomatik,GL55S0000254
LOTTO42,Lotto 6/42,"[""24"", ""31"", ""03"", ""36"", ""35"", ""23""]",24-31-03-36-35-23,2026-06-27,21:00,45493326.06,0,lottomatik,LOTTO42S0000252
2DL-5PM,2D Lotto 5PM,"[""19"", ""25""]",19-25,2026-06-28,17:00,4000,2,lottomatik,2DLS0001772
2DL-9PM,2D Lotto 9PM,"[""17"", ""13""]",17-13,2026-06-28,21:00,4000,6,lottomatik,2DLS0001773
3DL-9PM,3D Lotto 9PM,"[""7"", ""7"", ""0""]",7-7-0,2026-06-28,21:00,4500,5,lottomatik,3DLS0001773
SL49,Superlotto 6/49,"[""32"", ""01"", ""35"", ""23"", ""14"", ""29""]",32-01-35-23-14-29,2026-06-28,21:00,42703181.17,0,lottomatik,SL49S0000254
UL58,Ultra Lotto 6/58,"[""46"", ""56"", ""08"", ""01"", ""03"", ""05""]",46-56-08-01-03-05,2026-06-28,21:00,128000000,0,lottomatik,UL58S0000254
2DL-2PM,2D Lotto 2PM,"[""21"", ""24""]",21-24,2026-06-29,14:00,4000,0,lottomatik,2DLS0001774
2DL-5PM,2D Lotto 5PM,"[""27"", ""30""]",27-30,2026-06-29,17:00,4000,4,lottomatik,2DLS0001775
2DL-9PM,2D Lotto 9PM,"[""25"", ""04""]",25-04,2026-06-29,21:00,4000,10,lottomatik,2DLS0001776
3DL-9PM,3D Lotto 9PM,"[""9"", ""2"", ""6""]",9-2-6,2026-06-29,21:00,4500,22,lottomatik,3DLS0001776
4DL,4D Lotto,"[""0"", ""4"", ""1"", ""3""]",0-4-1-3,2026-06-29,21:00,740000,74,lottomatik,4DLS0000254
GL55,Grand Lotto 6/55,"[""01"", ""17"", ""50"", ""25"", ""26"", ""12""]",01-17-50-25-26-12,2026-06-29,21:00,50310159.2,0,lottomatik,GL55S0000255
ML45,Megalotto 6/45,"[""33"", ""13"", ""06"", ""21"", ""18"", ""44""]",33-13-06-21-18-44,2026-06-29,21:00,87900272.4,0,lottomatik,ML45S0000254
2DL-2PM,2D Lotto 2PM,"[""21"", ""16""]",21-16,2026-06-30,14:00,4000,7,lottomatik,2DLS0001777
2DL-5PM,2D Lotto 5PM,"[""07"", ""16""]",07-16,2026-06-30,17:00,4000,4,lottomatik,2DLS0001778
3DL-5PM,3D Lotto 5PM,"[""3"", ""8"", ""6""]",3-8-6,2026-06-30,17:00,4500,4,lottomatik,3DLS0001778
2DL-9PM,2D Lotto 9PM,"[""28"", ""30""]",28-30,2026-06-30,21:00,4000,11,lottomatik,2DLS0001779
3DL-9PM,3D Lotto 9PM,"[""3"", ""1"", ""8""]",3-1-8,2026-06-30,21:00,4500,15,lottomatik,3DLS0001779
6DL,6D Lotto,"[""5"", ""8"", ""2"", ""8"", ""1"", ""6""]",5-8-2-8-1-6,2026-06-30,21:00,5404454.28,0,lottomatik,6DLS0000253
LOTTO42,Lotto 6/42,"[""01"", ""10"", ""24"", ""27"", ""08"", ""26""]",01-10-24-27-08-26,2026-06-30,21:00,53206155.29,0,lottomatik,LOTTO42S0000253
SL49,Superlotto 6/49,"[""26"", ""47"", ""05"", ""44"", ""10"", ""22""]",26-47-05-44-10-22,2026-06-30,21:00,46214516.39,0,lottomatik,SL49S0000255
UL58,Ultra Lotto 6/58,"[""14"", ""43"", ""54"", ""52"", ""11"", ""58""]",14-43-54-52-11-58,2026-06-30,21:00,128000000,0,lottomatik,UL58S0000255
2DL-2PM,2D Lotto 2PM,"[""07"", ""15""]",07-15,2026-07-01,14:00,4000,18,lottomatik,2DLS0001780
2DL-5PM,2D Lotto 5PM,"[""22"", ""09""]",22-09,2026-07-01,17:00,4000,2,lottomatik,2DLS0001781
2DL-9PM,2D Lotto 9PM,"[""19"", ""25""]",19-25,2026-07-01,21:00,4000,13,lottomatik,2DLS0001782
3DL-9PM,3D Lotto 9PM,"[""2"", ""0"", ""8""]",2-0-8,2026-07-01,21:00,4500,55,lottomatik,3DLS0001782
4DL,4D Lotto,"[""7"", ""0"", ""5"", ""8""]",7-0-5-8,2026-07-01,21:00,10000,4,lottomatik,4DLS0000255
GL55,Grand Lotto 6/55,"[""26"", ""42"", ""06"", ""46"", ""44"", ""32""]",26-42-06-46-44-32,2026-07-01,21:00,53059980.4,0,lottomatik,GL55S0000256
ML45,Megalotto 6/45,"[""04"", ""02"", ""36"", ""19"", ""24"", ""17""]",04-02-36-19-24-17,2026-07-01,21:00,93074075.44,0,lottomatik,ML45S0000255
2DL-2PM,2D Lotto 2PM,"[""17"", ""09""]",17-09,2026-07-02,14:00,4000,14,lottomatik,2DLS0001783
2DL-5PM,2D Lotto 5PM,"[""08"", ""18""]",08-18,2026-07-02,17:00,4000,36,lottomatik,2DLS0001784
2DL-9PM,2D Lotto 9PM,"[""14"", ""18""]",14-18,2026-07-02,21:00,4000,16,lottomatik,2DLS0001785
3DL-9PM,3D Lotto 9PM,"[""6"", ""9"", ""3""]",6-9-3,2026-07-02,21:00,4500,10,lottomatik,3DLS0001785
6DL,6D Lotto,"[""7"", ""0"", ""6"", ""8"", ""9"", ""5""]",7-0-6-8-9-5,2026-07-02,21:00,5615989.32,0,lottomatik,6DLS0000254
LOTTO42,Lotto 6/42,"[""29"", ""09"", ""31"", ""33"", ""19"", ""24""]",29-09-31-33-19-24,2026-07-02,21:00,57645619.6,1,lottomatik,LOTTO42S0000254
SL49,Superlotto 6/49,"[""23"", ""22"", ""38"", ""05"", ""48"", ""44""]",23-22-38-05-48-44,2026-07-02,21:00,48740361.17,0,lottomatik,SL49S0000256
2DL-2PM,2D Lotto 2PM,"[""18"", ""15""]",18-15,2026-07-03,14:00,4000,3,lottomatik,2DLS0001786
2DL-5PM,2D Lotto 5PM,"[""29"", ""17""]",29-17,2026-07-03,17:00,4000,3,lottomatik,2DLS0001787
3DL-5PM,3D Lotto 5PM,"[""1"", ""8"", ""4""]",1-8-4,2026-07-03,17:00,4500,3,lottomatik,3DLS0001787
2DL-9PM,2D Lotto 9PM,"[""21"", ""11""]",21-11,2026-07-03,21:00,4000,14,lottomatik,2DLS0001788
3DL-9PM,3D Lotto 9PM,"[""2"", ""3"", ""1""]",2-3-1,2026-07-03,21:00,4500,30,lottomatik,3DLS0001788
4DL,4D Lotto,"[""9"", ""0"", ""0"", ""5""]",9-0-0-5,2026-07-03,21:00,785859,17,lottomatik,4DLS0000256
ML45,Megalotto 6/45,"[""43"", ""02"", ""13"", ""05"", ""36"", ""01""]",43-02-13-05-36-01,2026-07-03,21:00,93074075.44,0,lottomatik,ML45S0000256
UL58,Ultra Lotto 6/58,"[""15"", ""25"", ""54"", ""27"", ""08"", ""56""]",15-25-54-27-08-56,2026-07-03,21:00,128000000,0,lottomatik,UL58S0000256
2DL-2PM,2D Lotto 2PM,"[""16"", ""24""]",16-24,2026-07-04,14:00,4000,0,lottomatik,2DLS0001789
2DL-5PM,2D Lotto 5PM,"[""21"", ""07""]",21-07,2026-07-04,17:00,4000,5,lottomatik,2DLS0001790
2DL-9PM,2D Lotto 9PM,"[""03"", ""04""]",03-04,2026-07-04,21:00,4000,10,lottomatik,2DLS0001791
3DL-9PM,3D Lotto 9PM,"[""1"", ""2"", ""2""]",1-2-2,2026-07-04,21:00,4500,9,lottomatik,3DLS0001791
6DL,6D Lotto,"[""7"", ""6"", ""3"", ""9"", ""1"", ""1""]",7-6-3-9-1-1,2026-07-04,21:00,6996428.2,0,lottomatik,6DLS0000255
GL55,Grand Lotto 6/55,"[""14"", ""15"", ""23"", ""13"", ""45"", ""09""]",14-15-23-13-45-09,2026-07-04,21:00,59618683.19,0,lottomatik,GL55S0000257
LOTTO42,Lotto 6/42,"[""06"", ""05"", ""25"", ""12"", ""23"", ""08""]",06-05-25-12-23-08,2026-07-04,21:00,10000000,0,lottomatik,LOTTO42S0000255
2DL-2PM,2D Lotto 2PM,"[""28"", ""13""]",28-13,2026-07-05,14:00,4000,1,lottomatik,2DLS0001792
2DL-5PM,2D Lotto 5PM,"[""19"", ""08""]",19-08,2026-07-05,17:00,4000,8,lottomatik,2DLS0001793
3DL-5PM,3D Lotto 5PM,"[""8"", ""3"", ""7""]",8-3-7,2026-07-05,17:00,4500,2,lottomatik,3DLS0001793
2DL-9PM,2D Lotto 9PM,"[""01"", ""18""]",01-18,2026-07-05,21:00,4000,1,lottomatik,2DLS0001794
3DL-9PM,3D Lotto 9PM,"[""0"", ""7"", ""8""]",0-7-8,2026-07-05,21:00,4500,5,lottomatik,3DLS0001794
SL49,Superlotto 6/49,"[""14"", ""15"", ""33"", ""40"", ""02"", ""34""]",14-15-33-40-02-34,2026-07-05,21:00,51969005.87,0,lottomatik,SL49S0000257
UL58,Ultra Lotto 6/58,"[""16"", ""38"", ""47"", ""49"", ""33"", ""46""]",16-38-47-49-33-46,2026-07-05,21:00,128000000,0,lottomatik,UL58S0000257
2DL-2PM,2D Lotto 2PM,"[""22"", ""01""]",22-01,2026-07-06,14:00,4000,3,lottomatik,2DLS0001795
3DL-2PM,3D Lotto 2PM,"[""1"", ""8"", ""9""]",1-8-9,2026-07-06,14:00,4500,2,lottomatik,3DLS0001795
2DL-5PM,2D Lotto 5PM,"[""04"", ""12""]",04-12,2026-07-06,17:00,4000,16,lottomatik,2DLS0001796
3DL-5PM,3D Lotto 5PM,"[""0"", ""3"", ""6""]",0-3-6,2026-07-06,17:00,4500,2,lottomatik,3DLS0001796
2DL-9PM,2D Lotto 9PM,"[""05"", ""12""]",05-12,2026-07-06,21:00,4000,25,lottomatik,2DLS0001797
3DL-9PM,3D Lotto 9PM,"[""7"", ""8"", ""2""]",7-8-2,2026-07-06,21:00,4500,19,lottomatik,3DLS0001797
4DL,4D Lotto,"[""1"", ""0"", ""0"", ""8""]",1-0-0-8,2026-07-06,21:00,1270000,127,lottomatik,4DLS0000257
GL55,Grand Lotto 6/55,"[""49"", ""04"", ""25"", ""55"", ""18"", ""42""]",49-04-25-55-18-42,2026-07-06,21:00,63065055.92,0,lottomatik,GL55S0000258
ML45,Megalotto 6/45,"[""03"", ""36"", ""06"", ""32"", ""16"", ""45""]",03-36-06-32-16-45,2026-07-06,21:00,15000000,0,lottomatik,ML45S0000257
2DL-2PM,2D Lotto 2PM,"[""20"", ""02""]",20-02,2026-07-07,14:00,4000,3,lottomatik,2DLS0001798
2DL-9PM,2D Lotto 9PM,"[""04"", ""18""]",04-18,2026-07-07,21:00,4000,16,lottomatik,2DLS0001800
3DL-9PM,3D Lotto 9PM,"[""0"", ""9"", ""3""]",0-9-3,2026-07-07,21:00,4500,54,lottomatik,3DLS0001800
6DL,6D Lotto,"[""7"", ""0"", ""0"", ""3"", ""8"", ""2""]",7-0-0-3-8-2,2026-07-07,21:00,6996428.2,0,lottomatik,6DLS0000256
LOTTO42,Lotto 6/42,"[""20"", ""16"", ""12"", ""35"", ""05"", ""06""]",20-16-12-35-05-06,2026-07-07,21:00,10000000,0,lottomatik,LOTTO42S0000256
SL49,Superlotto 6/49,"[""26"", ""18"", ""42"", ""19"", ""11"", ""03""]",26-18-42-19-11-03,2026-07-07,21:00,58966175.5,0,lottomatik,SL49S0000258
UL58,Ultra Lotto 6/58,"[""50"", ""22"", ""58"", ""57"", ""43"", ""29""]",50-22-58-57-43-29,2026-07-07,21:00,128000000,0,lottomatik,UL58S0000258
2DL-2PM,2D Lotto 2PM,"[""30"", ""06""]",30-06,2026-07-08,14:00,4000,13,lottomatik,2DLS0001801
3DL-2PM,3D Lotto 2PM,"[""6"", ""7"", ""8""]",6-7-8,2026-07-08,14:00,4500,7,lottomatik,3DLS0001801
2DL-5PM,2D Lotto 5PM,"[""21"", ""12""]",21-12,2026-07-08,17:00,4000,9,lottomatik,2DLS0001802
3DL-5PM,3D Lotto 5PM,"[""1"", ""9"", ""7""]",1-9-7,2026-07-08,17:00,4500,5,lottomatik,3DLS0001802
2DL-9PM,2D Lotto 9PM,"[""03"", ""11""]",03-11,2026-07-08,21:00,4000,25,lottomatik,2DLS0001803
3DL-9PM,3D Lotto 9PM,"[""3"", ""7"", ""6""]",3-7-6,2026-07-08,21:00,4500,10,lottomatik,3DLS0001803
4DL,4D Lotto,"[""6"", ""0"", ""1"", ""8""]",6-0-1-8,2026-07-08,21:00,272520,15,lottomatik,4DLS0000258
GL55,Grand Lotto 6/55,"[""20"", ""32"", ""48"", ""52"", ""46"", ""54""]",20-32-48-52-46-54,2026-07-08,21:00,66672826.45,0,lottomatik,GL55S0000259
ML45,Megalotto 6/45,"[""13"", ""05"", ""30"", ""25"", ""22"", ""11""]",13-05-30-25-22-11,2026-07-08,21:00,15000000,0,lottomatik,ML45S0000258
2DL-2PM,2D Lotto 2PM,"[""15"", ""18""]",15-18,2026-07-09,14:00,4000,3,lottomatik,2DLS0001804
3DL-2PM,3D Lotto 2PM,"[""8"", ""8"", ""3""]",8-8-3,2026-07-09,14:00,4500,6,lottomatik,3DLS0001804
2DL-5PM,2D Lotto 5PM,"[""17"", ""07""]",17-07,2026-07-09,17:00,4000,8,lottomatik,2DLS0001805
3DL-5PM,3D Lotto 5PM,"[""2"", ""4"", ""4""]",2-4-4,2026-07-09,17:00,4500,0,lottomatik,3DLS0001805
2DL-9PM,2D Lotto 9PM,"[""04"", ""18""]",04-18,2026-07-09,21:00,4000,1,lottomatik,2DLS0001806
3DL-9PM,3D Lotto 9PM,"[""3"", ""2"", ""4""]",3-2-4,2026-07-09,21:00,4500,12,lottomatik,3DLS0001806
6DL,6D Lotto,"[""1"", ""8"", ""6"", ""4"", ""9"", ""4""]",1-8-6-4-9-4,2026-07-09,21:00,7878503.32,1,lottomatik,6DLS0000257
LOTTO42,Lotto 6/42,"[""38"", ""29"", ""27"", ""28"", ""42"", ""02""]",38-29-27-28-42-02,2026-07-09,21:00,10000000,0,lottomatik,LOTTO42S0000257
SL49,Superlotto 6/49,"[""44"", ""23"", ""21"", ""16"", ""36"", ""10""]",44-23-21-16-36-10,2026-07-09,21:00,63053297.45,0,lottomatik,SL49S0000259
2DL-2PM,2D Lotto 2PM,"[""16"", ""30""]",16-30,2026-07-10,14:00,4000,1,lottomatik,2DLS0001807
2DL-5PM,2D Lotto 5PM,"[""17"", ""06""]",17-06,2026-07-10,17:00,4000,1,lottomatik,2DLS0001808
3DL-5PM,3D Lotto 5PM,"[""8"", ""4"", ""0""]",8-4-0,2026-07-10,17:00,4500,2,lottomatik,3DLS0001808
2DL-9PM,2D Lotto 9PM,"[""29"", ""14""]",29-14,2026-07-10,21:00,4000,0,lottomatik,2DLS0001809
3DL-9PM,3D Lotto 9PM,"[""8"", ""6"", ""4""]",8-6-4,2026-07-10,21:00,4500,4,lottomatik,3DLS0001809
4DL,4D Lotto,"[""5"", ""3"", ""9"", ""0""]",5-3-9-0,2026-07-10,21:00,10000,0,lottomatik,4DLS0000259
ML45,Megalotto 6/45,"[""43"", ""31"", ""01"", ""44"", ""25"", ""40""]",43-31-01-44-25-40,2026-07-10,21:00,15000000,0,lottomatik,ML45S0000259
UL58,Ultra Lotto 6/58,"[""18"", ""58"", ""41"", ""35"", ""46"", ""02""]",18-58-41-35-46-02,2026-07-10,21:00,128000000,0,lottomatik,UL58S0000259
2DL-2PM,2D Lotto 2PM,"[""20"", ""05""]",20-05,2026-07-11,14:00,4000,22,lottomatik,2DLS0001810
3DL-2PM,3D Lotto 2PM,"[""1"", ""1"", ""2""]",1-1-2,2026-07-11,14:00,4500,10,lottomatik,3DLS0001810
2DL-5PM,2D Lotto 5PM,"[""18"", ""01""]",18-01,2026-07-11,17:00,4000,8,lottomatik,2DLS0001811
2DL-9PM,2D Lotto 9PM,"[""10"", ""16""]",10-16,2026-07-11,21:00,4000,6,lottomatik,2DLS0001812
3DL-9PM,3D Lotto 9PM,"[""1"", ""5"", ""9""]",1-5-9,2026-07-11,21:00,4500,12,lottomatik,3DLS0001812
6DL,6D Lotto,"[""6"", ""6"", ""4"", ""6"", ""7"", ""1""]",6-6-4-6-7-1,2026-07-11,21:00,651876.56,0,lottomatik,6DLS0000258
GL55,Grand Lotto 6/55,"[""38"", ""47"", ""42"", ""44"", ""31"", ""39""]",38-47-42-44-31-39,2026-07-11,21:00,70431947.88,0,lottomatik,GL55S0000260
LOTTO42,Lotto 6/42,"[""40"", ""21"", ""23"", ""33"", ""41"", ""10""]",40-21-23-33-41-10,2026-07-11,21:00,10000000,0,lottomatik,LOTTO42S0000258
2DL-2PM,2D Lotto 2PM,"[""06"", ""22""]",06-22,2026-07-12,14:00,4000,23,lottomatik,2DLS0001813
2DL-5PM,2D Lotto 5PM,"[""20"", ""11""]",20-11,2026-07-12,17:00,4000,1,lottomatik,2DLS0001814
3DL-5PM,3D Lotto 5PM,"[""0"", ""6"", ""3""]",0-6-3,2026-07-12,17:00,4500,2,lottomatik,3DLS0001814
2DL-9PM,2D Lotto 9PM,"[""27"", ""11""]",27-11,2026-07-12,21:00,4000,6,lottomatik,2DLS0001815
3DL-9PM,3D Lotto 9PM,"[""0"", ""5"", ""5""]",0-5-5,2026-07-12,21:00,4500,3,lottomatik,3DLS0001815
SL49,Superlotto 6/49,"[""17"", ""47"", ""49"", ""46"", ""35"", ""32""]",17-47-49-46-35-32,2026-07-12,21:00,63053297.45,0,lottomatik,SL49S0000260
UL58,Ultra Lotto 6/58,"[""18"", ""04"", ""11"", ""34"", ""43"", ""38""]",18-04-11-34-43-38,2026-07-12,21:00,128000000,0,lottomatik,UL58S0000260
2DL-2PM,2D Lotto 2PM,"[""30"", ""13""]",30-13,2026-07-13,14:00,4000,6,lottomatik,2DLS0001816
3DL-2PM,3D Lotto 2PM,"[""3"", ""9"", ""5""]",3-9-5,2026-07-13,14:00,4500,8,lottomatik,3DLS0001816
2DL-5PM,2D Lotto 5PM,"[""26"", ""09""]",26-09,2026-07-13,17:00,4000,2,lottomatik,2DLS0001817
3DL-5PM,3D Lotto 5PM,"[""9"", ""1"", ""5""]",9-1-5,2026-07-13,17:00,4500,3,lottomatik,3DLS0001817
2DL-9PM,2D Lotto 9PM,"[""11"", ""23""]",11-23,2026-07-13,21:00,4000,5,lottomatik,2DLS0001818
3DL-9PM,3D Lotto 9PM,"[""9"", ""5"", ""8""]",9-5-8,2026-07-13,21:00,4500,6,lottomatik,3DLS0001818
4DL,4D Lotto,"[""8"", ""9"", ""1"", ""1""]",8-9-1-1,2026-07-13,21:00,425440,32,lottomatik,4DLS0000260
GL55,Grand Lotto 6/55,"[""51"", ""15"", ""26"", ""37"", ""06"", ""55""]",51-15-26-37-06-55,2026-07-13,21:00,73989083.89,0,lottomatik,GL55S0000261
ML45,Megalotto 6/45,"[""43"", ""32"", ""26"", ""22"", ""16"", ""33""]",43-32-26-22-16-33,2026-07-13,21:00,15000000,0,lottomatik,ML45S0000260
2DL-2PM,2D Lotto 2PM,"[""21"", ""06""]",21-06,2026-07-14,14:00,4000,7,lottomatik,2DLS0001819
3DL-2PM,3D Lotto 2PM,"[""1"", ""3"", ""4""]",1-3-4,2026-07-14,14:00,4500,1,lottomatik,3DLS0001819
2DL-5PM,2D Lotto 5PM,"[""22"", ""03""]",22-03,2026-07-14,17:00,4000,0,lottomatik,2DLS0001820
3DL-5PM,3D Lotto 5PM,"[""5"", ""9"", ""8""]",5-9-8,2026-07-14,17:00,4500,1,lottomatik,3DLS0001820
2DL-9PM,2D Lotto 9PM,"[""10"", ""23""]",10-23,2026-07-14,21:00,4000,10,lottomatik,2DLS0001821
3DL-9PM,3D Lotto 9PM,"[""5"", ""6"", ""3""]",5-6-3,2026-07-14,21:00,4500,3,lottomatik,3DLS0001821
6DL,6D Lotto,"[""9"", ""9"", ""3"", ""2"", ""5"", ""4""]",9-9-3-2-5-4,2026-07-14,21:00,1249271,1,lottomatik,6DLS0000259
LOTTO42,Lotto 6/42,"[""21"", ""27"", ""38"", ""06"", ""18"", ""35""]",21-27-38-06-18-35,2026-07-14,21:00,11400166.51,0,lottomatik,LOTTO42S0000259
SL49,Superlotto 6/49,"[""18"", ""11"", ""37"", ""22"", ""36"", ""17""]",18-11-37-22-36-17,2026-07-14,21:00,70248761.21,0,lottomatik,SL49S0000261
UL58,Ultra Lotto 6/58,"[""01"", ""23"", ""17"", ""48"", ""58"", ""34""]",01-23-17-48-58-34,2026-07-14,21:00,132124267.28,0,lottomatik,UL58S0000261
2DL-2PM,2D Lotto 2PM,"[""10"", ""29""]",10-29,2026-07-15,14:00,4000,7,lottomatik,2DLS0001822
3DL-2PM,3D Lotto 2PM,"[""8"", ""5"", ""7""]",8-5-7,2026-07-15,14:00,4500,2,lottomatik,3DLS0001822
2DL-5PM,2D Lotto 5PM,"[""07"", ""16""]",07-16,2026-07-15,17:00,4000,11,lottomatik,2DLS0001823
3DL-5PM,3D Lotto 5PM,"[""6"", ""0"", ""4""]",6-0-4,2026-07-15,17:00,4500,1,lottomatik,3DLS0001823
2DL-9PM,2D Lotto 9PM,"[""14"", ""25""]",14-25,2026-07-15,21:00,4000,8,lottomatik,2DLS0001824
3DL-9PM,3D Lotto 9PM,"[""6"", ""6"", ""5""]",6-6-5,2026-07-15,21:00,4500,2,lottomatik,3DLS0001824
4DL,4D Lotto,"[""1"", ""5"", ""9"", ""0""]",1-5-9-0,2026-07-15,21:00,971760,40,lottomatik,4DLS0000261
GL55,Grand Lotto 6/55,"[""20"", ""03"", ""48"", ""09"", ""33"", ""13""]",20-03-48-09-33-13,2026-07-15,21:00,77749422,0,lottomatik,GL55S0000262
ML45,Megalotto 6/45,"[""04"", ""24"", ""45"", ""09"", ""44"", ""21""]",04-24-45-09-44-21,2026-07-15,21:00,15000000,0,lottomatik,ML45S0000261
2DL-2PM,2D Lotto 2PM,"[""16"", ""05""]",16-05,2026-07-16,14:00,4000,8,lottomatik,2DLS0001825
3DL-2PM,3D Lotto 2PM,"[""8"", ""4"", ""5""]",8-4-5,2026-07-16,14:00,4500,2,lottomatik,3DLS0001825
2DL-5PM,2D Lotto 5PM,"[""27"", ""06""]",27-06,2026-07-16,17:00,4000,5,lottomatik,2DLS0001826
3DL-5PM,3D Lotto 5PM,"[""7"", ""6"", ""6""]",7-6-6,2026-07-16,17:00,4500,4,lottomatik,3DLS0001826
2DL-9PM,2D Lotto 9PM,"[""16"", ""27""]",16-27,2026-07-16,21:00,4000,16,lottomatik,2DLS0001827
3DL-9PM,3D Lotto 9PM,"[""7"", ""8"", ""2""]",7-8-2,2026-07-16,21:00,4500,34,lottomatik,3DLS0001827
6DL,6D Lotto,"[""3"", ""5"", ""8"", ""7"", ""6"", ""5""]",3-5-8-7-6-5,2026-07-16,21:00,479741.48,0,lottomatik,6DLS0000260
LOTTO42,Lotto 6/42,"[""02"", ""13"", ""25"", ""06"", ""30"", ""42""]",02-13-25-06-30-42,2026-07-16,21:00,13973560.81,0,lottomatik,LOTTO42S0000260
SL49,Superlotto 6/49,"[""05"", ""34"", ""18"", ""26"", ""23"", ""09""]",05-34-18-26-23-09,2026-07-16,21:00,74564647.92,0,lottomatik,SL49S0000262
2DL-2PM,2D Lotto 2PM,"[""01"", ""25""]",01-25,2026-07-17,14:00,4000,1,lottomatik,2DLS0001828
3DL-2PM,3D Lotto 2PM,"[""3"", ""4"", ""0""]",3-4-0,2026-07-17,14:00,4500,4,lottomatik,3DLS0001828
2DL-5PM,2D Lotto 5PM,"[""15"", ""06""]",15-06,2026-07-17,17:00,4000,2,lottomatik,2DLS0001829
3DL-5PM,3D Lotto 5PM,"[""7"", ""2"", ""4""]",7-2-4,2026-07-17,17:00,4500,17,lottomatik,3DLS0001829
2DL-9PM,2D Lotto 9PM,"[""15"", ""22""]",15-22,2026-07-17,21:00,4000,13,lottomatik,2DLS0001830
3DL-9PM,3D Lotto 9PM,"[""8"", ""9"", ""1""]",8-9-1,2026-07-17,21:00,4500,12,lottomatik,3DLS0001830
4DL,4D Lotto,"[""2"", ""0"", ""7"", ""7""]",2-0-7-7,2026-07-17,21:00,719275,25,lottomatik,4DLS0000262
ML45,Megalotto 6/45,"[""17"", ""42"", ""10"", ""15"", ""06"", ""14""]",17-42-10-15-06-14,2026-07-17,21:00,15000000,0,lottomatik,ML45S0000262
UL58,Ultra Lotto 6/58,"[""41"", ""10"", ""43"", ""32"", ""54"", ""56""]",41-10-43-32-54-56,2026-07-17,21:00,137992907.31,0,lottomatik,UL58S0000262
2DL-2PM,2D Lotto 2PM,"[""15"", ""05""]",15-05,2026-07-18,14:00,4000,18,lottomatik,2DLS0001831
3DL-2PM,3D Lotto 2PM,"[""5"", ""7"", ""2""]",5-7-2,2026-07-18,14:00,4500,5,lottomatik,3DLS0001831
2DL-5PM,2D Lotto 5PM,"[""03"", ""08""]",03-08,2026-07-18,17:00,4000,17,lottomatik,2DLS0001832
3DL-5PM,3D Lotto 5PM,"[""4"", ""5"", ""8""]",4-5-8,2026-07-18,17:00,4500,3,lottomatik,3DLS0001832
2DL-9PM,2D Lotto 9PM,"[""19"", ""10""]",19-10,2026-07-18,21:00,4000,21,lottomatik,2DLS0001833
3DL-9PM,3D Lotto 9PM,"[""8"", ""0"", ""8""]",8-0-8,2026-07-18,21:00,4500,3,lottomatik,3DLS0001833
6DL,6D Lotto,"[""3"", ""2"", ""4"", ""5"", ""3"", ""6""]",3-2-4-5-3-6,2026-07-18,21:00,1093341.28,0,lottomatik,6DLS0000261
GL55,Grand Lotto 6/55,"[""06"", ""02"", ""21"", ""25"", ""44"", ""48""]",06-02-21-25-44-48,2026-07-18,21:00,81616980.58,0,lottomatik,GL55S0000263
LOTTO42,Lotto 6/42,"[""27"", ""32"", ""39"", ""26"", ""12"", ""07""]",27-32-39-26-12-07,2026-07-18,21:00,16967295.47,0,lottomatik,LOTTO42S0000261
2DL-2PM,2D Lotto 2PM,"[""03"", ""05""]",03-05,2026-07-19,14:00,4000,6,lottomatik,2DLS0001834
2DL-5PM,2D Lotto 5PM,"[""15"", ""28""]",15-28,2026-07-19,17:00,4000,0,lottomatik,2DLS0001835
3DL-5PM,3D Lotto 5PM,"[""6"", ""0"", ""8""]",6-0-8,2026-07-19,17:00,4500,1,lottomatik,3DLS0001835
2DL-9PM,2D Lotto 9PM,"[""19"", ""17""]",19-17,2026-07-19,21:00,4000,1,lottomatik,2DLS0001836
3DL-9PM,3D Lotto 9PM,"[""9"", ""8"", ""7""]",9-8-7,2026-07-19,21:00,4500,11,lottomatik,3DLS0001836
SL49,Superlotto 6/49,"[""02"", ""41"", ""15"", ""28"", ""37"", ""25""]",02-41-15-28-37-25,2026-07-19,21:00,74564647.92,0,lottomatik,SL49S0000263
UL58,Ultra Lotto 6/58,"[""15"", ""01"", ""33"", ""19"", ""08"", ""09""]",15-01-33-19-08-09,2026-07-19,21:00,143365843.33,0,lottomatik,UL58S0000263
2DL-2PM,2D Lotto 2PM,"[""14"", ""03""]",14-03,2026-07-20,14:00,4000,6,lottomatik,2DLS0001837
3DL-2PM,3D Lotto 2PM,"[""4"", ""2"", ""0""]",4-2-0,2026-07-20,14:00,4500,4,lottomatik,3DLS0001837
2DL-5PM,2D Lotto 5PM,"[""18"", ""08""]",18-08,2026-07-20,17:00,4000,5,lottomatik,2DLS0001838
3DL-5PM,3D Lotto 5PM,"[""0"", ""9"", ""3""]",0-9-3,2026-07-20,17:00,4500,0,lottomatik,3DLS0001838
2DL-9PM,2D Lotto 9PM,"[""31"", ""08""]",31-08,2026-07-20,21:00,4000,24,lottomatik,2DLS0001839
3DL-9PM,3D Lotto 9PM,"[""4"", ""4"", ""8""]",4-4-8,2026-07-20,21:00,4500,9,lottomatik,3DLS0001839
4DL,4D Lotto,"[""3"", ""7"", ""0"", ""8""]",3-7-0-8,2026-07-20,21:00,676500,25,lottomatik,4DLS0000263
GL55,Grand Lotto 6/55,"[""29"", ""20"", ""23"", ""03"", ""14"", ""40""]",29-20-23-03-14-40,2026-07-20,21:00,85413885.1,0,lottomatik,GL55S0000264
ML45,Megalotto 6/45,"[""11"", ""38"", ""08"", ""05"", ""19"", ""42""]",11-38-08-05-19-42,2026-07-20,21:00,15000000,0,lottomatik,ML45S0000263
2DL-2PM,2D Lotto 2PM,"[""17"", ""16""]",17-16,2026-07-21,14:00,4000,3,lottomatik,2DLS0001840
3DL-2PM,3D Lotto 2PM,"[""7"", ""5"", ""9""]",7-5-9,2026-07-21,14:00,4500,2,lottomatik,3DLS0001840
2DL-5PM,2D Lotto 5PM,"[""05"", ""09""]",05-09,2026-07-21,17:00,4000,12,lottomatik,2DLS0001841
3DL-5PM,3D Lotto 5PM,"[""0"", ""4"", ""2""]",0-4-2,2026-07-21,17:00,4500,0,lottomatik,3DLS0001841
2DL-9PM,2D Lotto 9PM,"[""27"", ""24""]",27-24,2026-07-21,21:00,4000,8,lottomatik,2DLS0001842
3DL-9PM,3D Lotto 9PM,"[""6"", ""6"", ""7""]",6-6-7,2026-07-21,21:00,4500,0,lottomatik,3DLS0001842
6DL,6D Lotto,"[""4"", ""6"", ""8"", ""1"", ""7"", ""0""]",4-6-8-1-7-0,2026-07-21,21:00,1093341.28,0,lottomatik,6DLS0000262
LOTTO42,Lotto 6/42,"[""17"", ""41"", ""13"", ""10"", ""38"", ""16""]",17-41-13-10-38-16,2026-07-21,21:00,10000000,0,lottomatik,LOTTO42S0000262
SL49,Superlotto 6/49,"[""48"", ""15"", ""37"", ""44"", ""08"", ""42""]",48-15-37-44-08-42,2026-07-21,21:00,82277097.7,0,lottomatik,SL49S0000264
UL58,Ultra Lotto 6/58,"[""47"", ""49"", ""17"", ""31"", ""28"", ""30""]",47-49-17-31-28-30,2026-07-21,21:00,148191891.86,0,lottomatik,UL58S0000264
2DL-2PM,2D Lotto 2PM,"[""01"", ""16""]",01-16,2026-07-22,14:00,4000,10,lottomatik,2DLS0001843
3DL-2PM,3D Lotto 2PM,"[""1"", ""8"", ""6""]",1-8-6,2026-07-22,14:00,4500,9,lottomatik,3DLS0001843
2DL-5PM,2D Lotto 5PM,"[""28"", ""23""]",28-23,2026-07-22,17:00,4000,5,lottomatik,2DLS0001844
3DL-5PM,3D Lotto 5PM,"[""1"", ""0"", ""5""]",1-0-5,2026-07-22,17:00,4500,11,lottomatik,3DLS0001844
2DL-9PM,2D Lotto 9PM,"[""08"", ""12""]",08-12,2026-07-22,21:00,4000,21,lottomatik,2DLS0001845
3DL-9PM,3D Lotto 9PM,"[""1"", ""2"", ""3""]",1-2-3,2026-07-22,21:00,4500,25,lottomatik,3DLS0001845
4DL,4D Lotto,"[""0"", ""4"", ""8"", ""4""]",0-4-8-4,2026-07-22,21:00,911722,14,lottomatik,4DLS0000264
GL55,Grand Lotto 6/55,"[""15"", ""24"", ""36"", ""10"", ""48"", ""55""]",15-24-36-10-48-55,2026-07-22,21:00,89205403.23,0,lottomatik,GL55S0000265
ML45,Megalotto 6/45,"[""08"", ""14"", ""39"", ""29"", ""01"", ""13""]",08-14-39-29-01-13,2026-07-22,21:00,15000000,0,lottomatik,ML45S0000264
2DL-2PM,2D Lotto 2PM,"[""04"", ""05""]",04-05,2026-07-23,14:00,4000,20,lottomatik,2DLS0001846
3DL-2PM,3D Lotto 2PM,"[""2"", ""8"", ""1""]",2-8-1,2026-07-23,14:00,4500,18,lottomatik,3DLS0001846
2DL-5PM,2D Lotto 5PM,"[""19"", ""31""]",19-31,2026-07-23,17:00,4000,1,lottomatik,2DLS0001847
3DL-5PM,3D Lotto 5PM,"[""2"", ""7"", ""4""]",2-7-4,2026-07-23,17:00,4500,7,lottomatik,3DLS0001847
2DL-9PM,2D Lotto 9PM,"[""17"", ""22""]",17-22,2026-07-23,21:00,4000,3,lottomatik,2DLS0001848
3DL-9PM,3D Lotto 9PM,"[""1"", ""0"", ""9""]",1-0-9,2026-07-23,21:00,4500,24,lottomatik,3DLS0001848
6DL,6D Lotto,"[""0"", ""3"", ""2"", ""6"", ""4"", ""2""]",0-3-2-6-4-2,2026-07-23,21:00,1477391.56,0,lottomatik,6DLS0000263
LOTTO42,Lotto 6/42,"[""32"", ""03"", ""01"", ""22"", ""33"", ""21""]",32-03-01-22-33-21,2026-07-23,21:00,10000000,0,lottomatik,LOTTO42S0000263
SL49,Superlotto 6/49,"[""39"", ""38"", ""01"", ""36"", ""11"", ""26""]",39-38-01-36-11-26,2026-07-23,21:00,86718438.59,0,lottomatik,SL49S0000265
2DL-2PM,2D Lotto 2PM,"[""26"", ""12""]",26-12,2026-07-24,14:00,4000,12,lottomatik,2DLS0001849
3DL-2PM,3D Lotto 2PM,"[""1"", ""3"", ""8""]",1-3-8,2026-07-24,14:00,4500,4,lottomatik,3DLS0001849
2DL-5PM,2D Lotto 5PM,"[""22"", ""21""]",22-21,2026-07-24,17:00,4000,2,lottomatik,2DLS0001850
3DL-5PM,3D Lotto 5PM,"[""4"", ""2"", ""0""]",4-2-0,2026-07-24,17:00,4500,15,lottomatik,3DLS0001850
2DL-9PM,2D Lotto 9PM,"[""29"", ""27""]",29-27,2026-07-24,21:00,4000,19,lottomatik,2DLS0001851
3DL-9PM,3D Lotto 9PM,"[""1"", ""2"", ""9""]",1-2-9,2026-07-24,21:00,4500,15,lottomatik,3DLS0001851
4DL,4D Lotto,"[""7"", ""5"", ""6"", ""7""]",7-5-6-7,2026-07-24,21:00,818050,25,lottomatik,4DLS0000265
ML45,Megalotto 6/45,"[""14"", ""20"", ""19"", ""31"", ""02"", ""11""]",14-20-19-31-02-11,2026-07-24,21:00,17800795.73,0,lottomatik,ML45S0000265
UL58,Ultra Lotto 6/58,"[""47"", ""54"", ""26"", ""10"", ""05"", ""36""]",47-54-26-10-05-36,2026-07-24,21:00,153993280.14,0,lottomatik,UL58S0000265
2DL-2PM,2D Lotto 2PM,"[""28"", ""29""]",28-29,2026-07-25,14:00,4000,12,lottomatik,2DLS0001852
3DL-2PM,3D Lotto 2PM,"[""7"", ""6"", ""5""]",7-6-5,2026-07-25,14:00,4500,16,lottomatik,3DLS0001852
2DL-5PM,2D Lotto 5PM,"[""03"", ""31""]",03-31,2026-07-25,17:00,4000,2,lottomatik,2DLS0001853
3DL-5PM,3D Lotto 5PM,"[""8"", ""6"", ""6""]",8-6-6,2026-07-25,17:00,4500,1,lottomatik,3DLS0001853
2DL-9PM,2D Lotto 9PM,"[""19"", ""02""]",19-02,2026-07-25,21:00,4000,7,lottomatik,2DLS0001854
3DL-9PM,3D Lotto 9PM,"[""3"", ""4"", ""0""]",3-4-0,2026-07-25,21:00,4500,6,lottomatik,3DLS0001854
6DL,6D Lotto,"[""6"", ""2"", ""6"", ""1"", ""8"", ""3""]",6-2-6-1-8-3,2026-07-25,21:00,1921534.44,0,lottomatik,6DLS0000264
GL55,Grand Lotto 6/55,"[""50"", ""05"", ""12"", ""26"", ""02"", ""20""]",50-05-12-26-02-20,2026-07-25,21:00,93164926.34,0,lottomatik,GL55S0000266
LOTTO42,Lotto 6/42,"[""39"", ""27"", ""35"", ""15"", ""19"", ""12""]",39-27-35-15-19-12,2026-07-25,21:00,10000000,0,lottomatik,LOTTO42S0000264
2DL-2PM,2D Lotto 2PM,"[""09"", ""08""]",09-08,2026-07-26,14:00,4000,10,lottomatik,2DLS0001855
2DL-5PM,2D Lotto 5PM,"[""19"", ""22""]",19-22,2026-07-26,17:00,4000,0,lottomatik,2DLS0001856
3DL-5PM,3D Lotto 5PM,"[""6"", ""5"", ""6""]",6-5-6,2026-07-26,17:00,4500,1,lottomatik,3DLS0001856
2DL-9PM,2D Lotto 9PM,"[""14"", ""09""]",14-09,2026-07-26,21:00,4000,22,lottomatik,2DLS0001857
3DL-9PM,3D Lotto 9PM,"[""8"", ""5"", ""4""]",8-5-4,2026-07-26,21:00,4500,0,lottomatik,3DLS0001857
SL49,Superlotto 6/49,"[""04"", ""10"", ""19"", ""14"", ""13"", ""05""]",04-10-19-14-13-05,2026-07-26,21:00,86718438.59,0,lottomatik,SL49S0000266
UL58,Ultra Lotto 6/58,"[""50"", ""11"", ""30"", ""44"", ""33"", ""07""]",50-11-30-44-33-07,2026-07-26,21:00,159512434.42,0,lottomatik,UL58S0000266
2DL-2PM,2D Lotto 2PM,"[""29"", ""24""]",29-24,2026-07-27,14:00,4000,6,lottomatik,2DLS0001858
2DL-5PM,2D Lotto 5PM,"[""04"", ""12""]",04-12,2026-07-27,17:00,4000,3,lottomatik,2DLS0001859
3DL-5PM,3D Lotto 5PM,"[""5"", ""1"", ""3""]",5-1-3,2026-07-27,17:00,4500,1,lottomatik,3DLS0001859
2DL-9PM,2D Lotto 9PM,"[""14"", ""25""]",14-25,2026-07-27,21:00,4000,2,lottomatik,2DLS0001860
3DL-9PM,3D Lotto 9PM,"[""3"", ""2"", ""6""]",3-2-6,2026-07-27,21:00,4500,11,lottomatik,3DLS0001860
4DL,4D Lotto,"[""9"", ""1"", ""9"", ""5""]",9-1-9-5,2026-07-27,21:00,924320,20,lottomatik,4DLS0000266
GL55,Grand Lotto 6/55,"[""06"", ""53"", ""42"", ""49"", ""55"", ""46""]",06-53-42-49-55-46,2026-07-27,21:00,97179402.15,0,lottomatik,GL55S0000267
ML45,Megalotto 6/45,"[""14"", ""42"", ""34"", ""26"", ""05"", ""37""]",14-42-34-26-05-37,2026-07-27,21:00,15000000,0,lottomatik,ML45S0000266
2DL-2PM,2D Lotto 2PM,"[""30"", ""11""]",30-11,2026-07-28,14:00,4000,5,lottomatik,2DLS0001861
3DL-2PM,3D Lotto 2PM,"[""2"", ""1"", ""6""]",2-1-6,2026-07-28,14:00,4500,23,lottomatik,3DLS0001861
2DL-5PM,2D Lotto 5PM,"[""23"", ""05""]",23-05,2026-07-28,17:00,4000,4,lottomatik,2DLS0001862
3DL-5PM,3D Lotto 5PM,"[""3"", ""2"", ""4""]",3-2-4,2026-07-28,17:00,4500,2,lottomatik,3DLS0001862
2DL-9PM,2D Lotto 9PM,"[""28"", ""07""]",28-07,2026-07-28,21:00,4000,75,lottomatik,2DLS0001863
3DL-9PM,3D Lotto 9PM,"[""2"", ""5"", ""1""]",2-5-1,2026-07-28,21:00,4500,15,lottomatik,3DLS0001863
6DL,6D Lotto,"[""2"", ""5"", ""8"", ""7"", ""9"", ""4""]",2-5-8-7-9-4,2026-07-28,21:00,1921534.44,0,lottomatik,6DLS0000265
LOTTO42,Lotto 6/42,"[""41"", ""03"", ""07"", ""39"", ""25"", ""24""]",41-03-07-39-25-24,2026-07-28,21:00,10000000,0,lottomatik,LOTTO42S0000265
SL49,Superlotto 6/49,"[""05"", ""13"", ""15"", ""37"", ""21"", ""40""]",05-13-15-37-21-40,2026-07-28,21:00,25000000,0,lottomatik,SL49S0000267
UL58,Ultra Lotto 6/58,"[""32"", ""48"", ""34"", ""55"", ""30"", ""07""]",32-48-34-55-30-07,2026-07-28,21:00,164653649.18,0,lottomatik,UL58S0000267
2DL-2PM,2D Lotto 2PM,"[""26"", ""24""]",26-24,2026-07-29,14:00,4000,3,lottomatik,2DLS0001864
2DL-5PM,2D Lotto 5PM,"[""14"", ""01""]",14-01,2026-07-29,17:00,4000,4,lottomatik,2DLS0001865
2DL-9PM,2D Lotto 9PM,"[""28"", ""06""]",28-06,2026-07-29,21:00,4000,11,lottomatik,2DLS0001866
3DL-9PM,3D Lotto 9PM,"[""3"", ""2"", ""3""]",3-2-3,2026-07-29,21:00,4500,65,lottomatik,3DLS0001866
4DL,4D Lotto,"[""6"", ""9"", ""4"", ""7""]",6-9-4-7,2026-07-29,21:00,772618,11,lottomatik,4DLS0000267
GL55,Grand Lotto 6/55,"[""09"", ""04"", ""33"", ""23"", ""46"", ""14""]",09-04-33-23-46-14,2026-07-29,21:00,101243333.98,0,lottomatik,GL55S0000268
ML45,Megalotto 6/45,"[""22"", ""39"", ""43"", ""07"", ""13"", ""08""]",22-39-43-07-13-08,2026-07-29,21:00,15000000,0,lottomatik,ML45S0000267
2DL-2PM,2D Lotto 2PM,"[""03"", ""14""]",03-14,2026-07-30,14:00,4000,5,lottomatik,2DLS0001867
2DL-5PM,2D Lotto 5PM,"[""22"", ""15""]",22-15,2026-07-30,17:00,4000,7,lottomatik,2DLS0001868
3DL-5PM,3D Lotto 5PM,"[""2"", ""0"", ""9""]",2-0-9,2026-07-30,17:00,4500,10,lottomatik,3DLS0001868
2DL-9PM,2D Lotto 9PM,"[""17"", ""13""]",17-13,2026-07-30,21:00,4000,11,lottomatik,2DLS0001869
3DL-9PM,3D Lotto 9PM,"[""2"", ""6"", ""0""]",2-6-0,2026-07-30,21:00,4500,15,lottomatik,3DLS0001869
6DL,6D Lotto,"[""0"", ""9"", ""5"", ""7"", ""6"", ""1""]",0-9-5-7-6-1,2026-07-30,21:00,2901231.16,0,lottomatik,6DLS0000266
LOTTO42,Lotto 6/42,"[""26"", ""17"", ""23"", ""39"", ""15"", ""38""]",26-17-23-39-15-38,2026-07-30,21:00,10466741.76,0,lottomatik,LOTTO42S0000266
SL49,Superlotto 6/49,"[""36"", ""25"", ""44"", ""02"", ""47"", ""01""]",36-25-44-02-47-01,2026-07-30,21:00,25069159.31,0,lottomatik,SL49S0000268
2DL-2PM,2D Lotto 2PM,"[""29"", ""05""]",29-05,2026-07-31,14:00,4000,3,lottomatik,2DLS0001870
3DL-2PM,3D Lotto 2PM,"[""4"", ""5"", ""3""]",4-5-3,2026-07-31,14:00,4500,11,lottomatik,3DLS0001870
2DL-5PM,2D Lotto 5PM,"[""18"", ""02""]",18-02,2026-07-31,17:00,4000,4,lottomatik,2DLS0001871
3DL-5PM,3D Lotto 5PM,"[""3"", ""2"", ""4""]",3-2-4,2026-07-31,17:00,4500,5,lottomatik,3DLS0001871
2DL-9PM,2D Lotto 9PM,"[""24"", ""31""]",24-31,2026-07-31,21:00,4000,10,lottomatik,2DLS0001872
3DL-9PM,3D Lotto 9PM,"[""0"", ""9"", ""7""]",0-9-7,2026-07-31,21:00,4500,6,lottomatik,3DLS0001872
4DL,4D Lotto,"[""1"", ""7"", ""0"", ""4""]",1-7-0-4,2026-07-31,21:00,798836,38,lottomatik,4DLS0000268
ML45,Megalotto 6/45,"[""05"", ""08"", ""29"", ""12"", ""38"", ""31""]",05-08-29-12-38-31,2026-07-31,21:00,15000000,0,lottomatik,ML45S0000268
UL58,Ultra Lotto 6/58,"[""15"", ""18"", ""36"", ""54"", ""11"", ""52""]",15-18-36-54-11-52,2026-07-31,21:00,170883452.24,0,lottomatik,UL58S0000268
2DL-2PM,2D Lotto 2PM,"[""03"", ""13""]",03-13,2026-08-01,14:00,4000,9,lottomatik,2DLS0001873
3DL-2PM,3D Lotto 2PM,"[""3"", ""8"", ""8""]",3-8-8,2026-08-01,14:00,4500,5,lottomatik,3DLS0001873
2DL-5PM,2D Lotto 5PM,"[""29"", ""26""]",29-26,2026-08-01,17:00,4000,15,lottomatik,2DLS0001874
3DL-5PM,3D Lotto 5PM,"[""4"", ""8"", ""3""]",4-8-3,2026-08-01,17:00,4500,3,lottomatik,3DLS0001874
2DL-9PM,2D Lotto 9PM,"[""25"", ""28""]",25-28,2026-08-01,21:00,4000,16,lottomatik,2DLS0001875
3DL-9PM,3D Lotto 9PM,"[""4"", ""5"", ""3""]",4-5-3,2026-08-01,21:00,4500,10,lottomatik,3DLS0001875
6DL,6D Lotto,"[""9"", ""0"", ""6"", ""3"", ""5"", ""9""]",9-0-6-3-5-9,2026-08-01,21:00,3621527.48,0,lottomatik,6DLS0000267
GL55,Grand Lotto 6/55,"[""48"", ""28"", ""49"", ""44"", ""54"", ""38""]",48-28-49-44-54-38,2026-08-01,21:00,106120099.39,0,lottomatik,GL55S0000269
LOTTO42,Lotto 6/42,"[""01"", ""10"", ""18"", ""02"", ""28"", ""39""]",01-10-18-02-28-39,2026-08-01,21:00,13369052.18,0,lottomatik,LOTTO42S0000267
2DL-2PM,2D Lotto 2PM,"[""23"", ""02""]",23-02,2026-08-02,14:00,4000,4,lottomatik,2DLS0001876
3DL-2PM,3D Lotto 2PM,"[""8"", ""8"", ""1""]",8-8-1,2026-08-02,14:00,4500,13,lottomatik,3DLS0001876
2DL-5PM,2D Lotto 5PM,"[""25"", ""19""]",25-19,2026-08-02,17:00,4000,1,lottomatik,2DLS0001877
3DL-5PM,3D Lotto 5PM,"[""9"", ""2"", ""9""]",9-2-9,2026-08-02,17:00,4500,0,lottomatik,3DLS0001877
2DL-9PM,2D Lotto 9PM,"[""20"", ""09""]",20-09,2026-08-02,21:00,4000,11,lottomatik,2DLS0001878
3DL-9PM,3D Lotto 9PM,"[""3"", ""5"", ""0""]",3-5-0,2026-08-02,21:00,4500,6,lottomatik,3DLS0001878
SL49,Superlotto 6/49,"[""37"", ""16"", ""01"", ""23"", ""35"", ""07""]",37-16-01-23-35-07,2026-08-02,21:00,25069159.31,0,lottomatik,SL49S0000269
UL58,Ultra Lotto 6/58,"[""41"", ""38"", ""09"", ""23"", ""24"", ""35""]",41-38-09-23-24-35,2026-08-02,21:00,176930017.96,0,lottomatik,UL58S0000269
2DL-2PM,2D Lotto 2PM,"[""30"", ""22""]",30-22,2026-08-03,14:00,4000,1,lottomatik,2DLS0001879
3DL-2PM,3D Lotto 2PM,"[""7"", ""8"", ""2""]",7-8-2,2026-08-03,14:00,4500,13,lottomatik,3DLS0001879
2DL-5PM,2D Lotto 5PM,"[""10"", ""10""]",10-10,2026-08-03,17:00,4000,6,lottomatik,2DLS0001880
2DL-9PM,2D Lotto 9PM,"[""14"", ""23""]",14-23,2026-08-03,21:00,4000,12,lottomatik,2DLS0001881
3DL-9PM,3D Lotto 9PM,"[""2"", ""0"", ""5""]",2-0-5,2026-08-03,21:00,4500,7,lottomatik,3DLS0001881
4DL,4D Lotto,"[""9"", ""1"", ""9"", ""8""]",9-1-9-8,2026-08-03,21:00,909258,21,lottomatik,4DLS0000269
GL55,Grand Lotto 6/55,"[""53"", ""02"", ""17"", ""44"", ""34"", ""05""]",53-02-17-44-34-05,2026-08-03,21:00,110824717.35,0,lottomatik,GL55S0000270
ML45,Megalotto 6/45,"[""27"", ""29"", ""34"", ""08"", ""32"", ""36""]",27-29-34-08-32-36,2026-08-03,21:00,15000000,0,lottomatik,ML45S0000269
2DL-2PM,2D Lotto 2PM,"[""07"", ""02""]",07-02,2026-08-04,14:00,4000,14,lottomatik,2DLS0001882
3DL-2PM,3D Lotto 2PM,"[""3"", ""9"", ""5""]",3-9-5,2026-08-04,14:00,4500,7,lottomatik,3DLS0001882
2DL-5PM,2D Lotto 5PM,"[""10"", ""28""]",10-28,2026-08-04,17:00,4000,6,lottomatik,2DLS0001883
3DL-5PM,3D Lotto 5PM,"[""2"", ""4"", ""6""]",2-4-6,2026-08-04,17:00,4500,14,lottomatik,3DLS0001883
2DL-9PM,2D Lotto 9PM,"[""19"", ""17""]",19-17,2026-08-04,21:00,4000,6,lottomatik,2DLS0001884
3DL-9PM,3D Lotto 9PM,"[""3"", ""8"", ""2""]",3-8-2,2026-08-04,21:00,4500,5,lottomatik,3DLS0001884
6DL,6D Lotto,"[""0"", ""5"", ""0"", ""4"", ""9"", ""7""]",0-5-0-4-9-7,2026-08-04,21:00,3621527.48,0,lottomatik,6DLS0000268
LOTTO42,Lotto 6/42,"[""01"", ""26"", ""42"", ""15"", ""34"", ""19""]",01-26-42-15-34-19,2026-08-04,21:00,16531794.06,0,lottomatik,LOTTO42S0000268
SL49,Superlotto 6/49,"[""11"", ""20"", ""12"", ""36"", ""44"", ""26""]",11-20-12-36-44-26,2026-08-04,21:00,25187181.56,1,lottomatik,SL49S0000270
UL58,Ultra Lotto 6/58,"[""35"", ""14"", ""07"", ""13"", ""46"", ""55""]",35-14-07-13-46-55,2026-08-04,21:00,182425805.15,0,lottomatik,UL58S0000270
2DL-2PM,2D Lotto 2PM,"[""20"", ""23""]",20-23,2026-08-05,14:00,4000,7,lottomatik,2DLS0001885
3DL-2PM,3D Lotto 2PM,"[""8"", ""0"", ""6""]",8-0-6,2026-08-05,14:00,4500,6,lottomatik,3DLS0001885
2DL-5PM,2D Lotto 5PM,"[""13"", ""18""]",13-18,2026-08-05,17:00,4000,5,lottomatik,2DLS0001886
3DL-5PM,3D Lotto 5PM,"[""5"", ""6"", ""2""]",5-6-2,2026-08-05,17:00,4500,7,lottomatik,3DLS0001886
2DL-9PM,2D Lotto 9PM,"[""21"", ""02""]",21-02,2026-08-05,21:00,4000,1,lottomatik,2DLS0001887
3DL-9PM,3D Lotto 9PM,"[""7"", ""2"", ""8""]",7-2-8,2026-08-05,21:00,4500,19,lottomatik,3DLS0001887
4DL,4D Lotto,"[""2"", ""8"", ""8"", ""4""]",2-8-8-4,2026-08-05,21:00,863500,11,lottomatik,4DLS0000270
GL55,Grand Lotto 6/55,"[""40"", ""20"", ""39"", ""41"", ""26"", ""42""]",40-20-39-41-26-42,2026-08-05,21:00,115231478.82,0,lottomatik,GL55S0000271
ML45,Megalotto 6/45,"[""02"", ""11"", ""29"", ""31"", ""28"", ""06""]",02-11-29-31-28-06,2026-08-05,21:00,15000000,0,lottomatik,ML45S0000270
