game_code,game,numbers,combination,draw_date,draw_time,jackpot,winners
3DL-2PM,3D Lotto 2PM,"[""0"", ""4"", ""6""]",0-4-6,2023-12-23,14:00,0,0
2DL-5PM,2D Lotto 5PM,"[""15"", ""29""]",15-29,2023-12-23,17:00,0,0
3DL-5PM,3D Lotto 5PM,"[""5"", ""3"", ""3""]",5-3-3,2023-12-23,17:00,0,0
2DL-9PM,2D Lotto 9PM,"[""12"", ""30""]",12-30,2023-12-23,21:00,0,0
3DL-9PM,3D Lotto 9PM,"[""9"", ""4"", ""3""]",9-4-3,2023-12-23,21:00,0,0
6DL,6D Lotto,"[""4"", ""1"", ""5"", ""0"", ""4"", ""4""]",4-1-5-0-4-4,2023-12-23,21:00,0,0
GL55,Grand Lotto 6/55,"[""25"", ""21"", ""07"", ""49"", ""32"", ""22""]",25-21-07-49-32-22,2023-12-23,21:00,0,0
LOTTO42,Lotto 6/42,"[""33"", ""11"", ""38"", ""37"", ""32"", ""06""]",33-11-38-37-32-06,2023-12-23,21:00,0,0
2DL-2PM,2D Lotto 2PM,"[""08"", ""04""]",08-04,2023-12-24,14:00,0,0
3DL-2PM,3D Lotto 2PM,"[""0"", ""5"", ""4""]",0-5-4,2023-12-24,14:00,0,0
2DL-5PM,2D Lotto 5PM,"[""11"", ""11""]",11-11,2023-12-24,17:00,0,0
3DL-5PM,3D Lotto 5PM,"[""7"", ""7"", ""0""]",7-7-0,2023-12-24,17:00,0,0
2DL-9PM,2D Lotto 9PM,"[""06"", ""14""]",06-14,2023-12-24,21:00,0,0
3DL-9PM,3D Lotto 9PM,"[""9"", ""1"", ""3""]",9-1-3,2023-12-24,21:00,0,0
SL49,Superlotto 6/49,"[""08"", ""12"", ""23"", ""29"", ""24"", ""44""]",08-12-23-29-24-44,2023-12-24,21:00,0,0
UL58,Ultra Lotto 6/58,"[""05"", ""06"", ""25"", ""13"", ""17"", ""16""]",05-06-25-13-17-16,2023-12-24,21:00,0,0
2DL-2PM,2D Lotto 2PM,"[""11"", ""02""]",11-02,2023-12-26,14:00,0,0
3DL-2PM,3D Lotto 2PM,"[""3"", ""4"", ""7""]",3-4-7,2023-12-26,14:00,0,0
2DL-5PM,2D Lotto 5PM,"[""04"", ""26""]",04-26,2023-12-26,17:00,0,0
3DL-5PM,3D Lotto 5PM,"[""8"", ""9"", ""0""]",8-9-0,2023-12-26,17:00,0,0
2DL-9PM,2D Lotto 9PM,"[""27"", ""12""]",27-12,2023-12-26,21:00,0,0
3DL-9PM,3D Lotto 9PM,"[""7"", ""6"", ""9""]",7-6-9,2023-12-26,21:00,0,0
6DL,6D Lotto,"[""6"", ""5"", ""2"", ""2"", ""2"", ""7""]",6-5-2-2-2-7,2023-12-26,21:00,0,0
LOTTO42,Lotto 6/42,"[""07"", ""32"", ""17"", ""01"", ""08"", ""09""]",07-32-17-01-08-09,2023-12-26,21:00,0,0
SL49,Superlotto 6/49,"[""30"", ""06"", ""48"", ""14"", ""49"", ""37""]",30-06-48-14-49-37,2023-12-26,21:00,0,0
UL58,Ultra Lotto 6/58,"[""42"", ""49"", ""16"", ""09"", ""06"", ""47""]",42-49-16-09-06-47,2023-12-26,21:00,0,0
2DL-2PM,2D Lotto 2PM,"[""18"", ""12""]",18-12,2023-12-27,14:00,0,0
3DL-2PM,3D Lotto 2PM,"[""9"", ""5"", ""2""]",9-5-2,2023-12-27,14:00,0,0
2DL-5PM,2D Lotto 5PM,"[""10"", ""28""]",10-28,2023-12-27,17:00,0,0
3DL-5PM,3D Lotto 5PM,"[""3"", ""0"", ""8""]",3-0-8,2023-12-27,17:00,0,0
2DL-9PM,2D Lotto 9PM,"[""31"", ""08""]",31-08,2023-12-27,21:00,0,0
3DL-9PM,3D Lotto 9PM,"[""0"", ""0"", ""4""]",0-0-4,2023-12-27,21:00,0,0
4DL,4D Lotto,"[""9"", ""7"", ""0"", ""3""]",9-7-0-3,2023-12-27,21:00,0,0
GL55,Grand Lotto 6/55,"[""27"", ""05"", ""51"", ""43"", ""54"", ""12""]",27-05-51-43-54-12,2023-12-27,21:00,0,0
ML45,Megalotto 6/45,"[""25"", ""18"", ""37"", ""13"", ""17"", ""39""]",25-18-37-13-17-39,2023-12-27,21:00,0,0
2DL-2PM,2D Lotto 2PM,"[""02"", ""20""]",02-20,2023-12-28,14:00,0,0
3DL-2PM,3D Lotto 2PM,"[""2"", ""1"", ""6""]",2-1-6,2023-12-28,14:00,0,0
2DL-5PM,2D Lotto 5PM,"[""12"", ""14""]",12-14,2023-12-28,17:00,0,0
3DL-5PM,3D Lotto 5PM,"[""5"", ""3"", ""1""]",5-3-1,2023-12-28,17:00,0,0
2DL-9PM,2D Lotto 9PM,"[""12"", ""31""]",12-31,2023-12-28,21:00,0,0
3DL-9PM,3D Lotto 9PM,"[""4"", ""3"", ""0""]",4-3-0,2023-12-28,21:00,0,0
6DL,6D Lotto,"[""1"", ""7"", ""7"", ""8"", ""1"", ""2""]",1-7-7-8-1-2,2023-12-28,21:00,0,0
LOTTO42,Lotto 6/42,"[""18"", ""34"", ""01"", ""11"", ""28"", ""04""]",18-34-01-11-28-04,2023-12-28,21:00,0,0
SL49,Superlotto 6/49,"[""06"", ""19"", ""07"", ""40"", ""43"", ""25""]",06-19-07-40-43-25,2023-12-28,21:00,0,0
2DL-2PM,2D Lotto 2PM,"[""04"", ""09""]",04-09,2023-12-29,14:00,0,0
3DL-2PM,3D Lotto 2PM,"[""5"", ""1"", ""0""]",5-1-0,2023-12-29,14:00,0,0
2DL-5PM,2D Lotto 5PM,"[""19"", ""03""]",19-03,2023-12-29,17:00,0,0
3DL-5PM,3D Lotto 5PM,"[""3"", ""5"", ""4""]",3-5-4,2023-12-29,17:00,0,0
2DL-9PM,2D Lotto 9PM,"[""24"", ""11""]",24-11,2023-12-29,21:00,0,0
3DL-9PM,3D Lotto 9PM,"[""9"", ""2"", ""8""]",9-2-8,2023-12-29,21:00,0,0
4DL,4D Lotto,"[""3"", ""7"", ""4"", ""5""]",3-7-4-5,2023-12-29,21:00,0,0
ML45,Megalotto 6/45,"[""06"", ""12"", ""28"", ""04"", ""16"", ""17""]",06-12-28-04-16-17,2023-12-29,21:00,0,0
UL58,Ultra Lotto 6/58,"[""19"", ""35"", ""25"", ""42"", ""58"", ""05""]",19-35-25-42-58-05,2023-12-29,21:00,0,0
2DL-2PM,2D Lotto 2PM,"[""17"", ""06""]",17-06,2023-12-30,14:00,0,0
3DL-2PM,3D Lotto 2PM,"[""5"", ""7"", ""1""]",5-7-1,2023-12-30,14:00,0,0
2DL-5PM,2D Lotto 5PM,"[""28"", ""07""]",28-07,2023-12-30,17:00,0,0
3DL-5PM,3D Lotto 5PM,"[""5"", ""9"", ""8""]",5-9-8,2023-12-30,17:00,0,0
2DL-9PM,2D Lotto 9PM,"[""24"", ""20""]",24-20,2023-12-30,21:00,0,0
3DL-9PM,3D Lotto 9PM,"[""4"", ""0"", ""7""]",4-0-7,2023-12-30,21:00,0,0
6DL,6D Lotto,"[""9"", ""3"", ""8"", ""0"", ""2"", ""9""]",9-3-8-0-2-9,2023-12-30,21:00,0,0
GL55,Grand Lotto 6/55,"[""22"", ""05"", ""51"", ""48"", ""01"", ""25""]",22-05-51-48-01-25,2023-12-30,21:00,0,0
LOTTO42,Lotto 6/42,"[""12"", ""09"", ""18"", ""11"", ""05"", ""35""]",12-09-18-11-05-35,2023-12-30,21:00,0,0
2DL-2PM,2D Lotto 2PM,"[""11"", ""11""]",11-11,2023-12-31,14:00,0,0
3DL-2PM,3D Lotto 2PM,"[""6"", ""7"", ""6""]",6-7-6,2023-12-31,14:00,0,0
2DL-5PM,2D Lotto 5PM,"[""17"", ""01""]",17-01,2023-12-31,17:00,0,0
3DL-5PM,3D Lotto 5PM,"[""3"", ""3"", ""6""]",3-3-6,2023-12-31,17:00,0,0
2DL-9PM,2D Lotto 9PM,"[""16"", ""07""]",16-07,2023-12-31,21:00,0,0
3DL-9PM,3D Lotto 9PM,"[""1"", ""5"", ""6""]",1-5-6,2023-12-31,21:00,0,0
SL49,Superlotto 6/49,"[""15"", ""06"", ""41"", ""22"", ""49"", ""44""]",15-06-41-22-49-44,2023-12-31,21:00,0,0
UL58,Ultra Lotto 6/58,"[""44"", ""24"", ""30"", ""31"", ""01"", ""32""]",44-24-30-31-01-32,2023-12-31,21:00,0,0
2DL-2PM,2D Lotto 2PM,"[""12"", ""24""]",12-24,2024-01-02,14:00,0,0
3DL-2PM,3D Lotto 2PM,"[""5"", ""5"", ""2""]",5-5-2,2024-01-02,14:00,0,0
2DL-5PM,2D Lotto 5PM,"[""08"", ""31""]",08-31,2024-01-02,17:00,0,0
3DL-5PM,3D Lotto 5PM,"[""4"", ""8"", ""2""]",4-8-2,2024-01-02,17:00,0,0
2DL-9PM,2D Lotto 9PM,"[""05"", ""21""]",05-21,2024-01-02,21:00,0,0
3DL-9PM,3D Lotto 9PM,"[""5"", ""4"", ""7""]",5-4-7,2024-01-02,21:00,0,0
6DL,6D Lotto,"[""1"", ""1"", ""2"", ""7"", ""2"", ""5""]",1-1-2-7-2-5,2024-01-02,21:00,0,0
LOTTO42,Lotto 6/42,"[""04"", ""22"", ""07"", ""10"", ""29"", ""14""]",04-22-07-10-29-14,2024-01-02,21:00,0,0
SL49,Superlotto 6/49,"[""07"", ""33"", ""42"", ""16"", ""32"", ""05""]",07-33-42-16-32-05,2024-01-02,21:00,0,0
UL58,Ultra Lotto 6/58,"[""58"", ""07"", ""40"", ""09"", ""56"", ""29""]",58-07-40-09-56-29,2024-01-02,21:00,0,0
2DL-2PM,2D Lotto 2PM,"[""23"", ""21""]",23-21,2024-01-03,14:00,0,0
3DL-2PM,3D Lotto 2PM,"[""2"", ""1"", ""4""]",2-1-4,2024-01-03,14:00,0,0
2DL-5PM,2D Lotto 5PM,"[""20"", ""09""]",20-09,2024-01-03,17:00,0,0
3DL-5PM,3D Lotto 5PM,"[""5"", ""9"", ""3""]",5-9-3,2024-01-03,17:00,0,0
2DL-9PM,2D Lotto 9PM,"[""07"", ""09""]",07-09,2024-01-03,21:00,0,0
3DL-9PM,3D Lotto 9PM,"[""0"", ""3"", ""0""]",0-3-0,2024-01-03,21:00,0,0
4DL,4D Lotto,"[""1"", ""1"", ""3"", ""9""]",1-1-3-9,2024-01-03,21:00,0,0
GL55,Grand Lotto 6/55,"[""52"", ""04"", ""24"", ""42"", ""26"", ""39""]",52-04-24-42-26-39,2024-01-03,21:00,0,0
ML45,Megalotto 6/45,"[""37"", ""29"", ""14"", ""17"", ""16"", ""22""]",37-29-14-17-16-22,2024-01-03,21:00,0,0
2DL-2PM,2D Lotto 2PM,"[""14"", ""12""]",14-12,2024-01-04,14:00,0,0
3DL-2PM,3D Lotto 2PM,"[""8"", ""6"", ""6""]",8-6-6,2024-01-04,14:00,0,0
2DL-5PM,2D Lotto 5PM,"[""30"", ""18""]",30-18,2024-01-04,17:00,0,0
3DL-5PM,3D Lotto 5PM,"[""8"", ""2"", ""1""]",8-2-1,2024-01-04,17:00,0,0
2DL-9PM,2D Lotto 9PM,"[""07"", ""16""]",07-16,2024-01-04,21:00,0,0
3DL-9PM,3D Lotto 9PM,"[""1"", ""4"", ""3""]",1-4-3,2024-01-04,21:00,0,0
6DL,6D Lotto,"[""0"", ""7"", ""8"", ""4"", ""1"", ""3""]",0-7-8-4-1-3,2024-01-04,21:00,0,0
LOTTO42,Lotto 6/42,"[""22"", ""16"", ""09"", ""01"", ""42"", ""10""]",22-16-09-01-42-10,2024-01-04,21:00,0,0
SL49,Superlotto 6/49,"[""34"", ""04"", ""17"", ""28"", ""11"", ""30""]",34-04-17-28-11-30,2024-01-04,21:00,0,0
2DL-2PM,2D Lotto 2PM,"[""05"", ""13""]",05-13,2024-01-05,14:00,0,0
3DL-2PM,3D Lotto 2PM,"[""6"", ""0"", ""4""]",6-0-4,2024-01-05,14:00,0,0
2DL-5PM,2D Lotto 5PM,"[""07"", ""13""]",07-13,2024-01-05,17:00,0,0
3DL-5PM,3D Lotto 5PM,"[""5"", ""7"", ""6""]",5-7-6,2024-01-05,17:00,0,0
2DL-9PM,2D Lotto 9PM,"[""04"", ""29""]",04-29,2024-01-05,21:00,0,0
3DL-9PM,3D Lotto 9PM,"[""1"", ""2"", ""3""]",1-2-3,2024-01-05,21:00,0,0
4DL,4D Lotto,"[""6"", ""3"", ""4"", ""4""]",6-3-4-4,2024-01-05,21:00,0,0
ML45,Megalotto 6/45,"[""13"", ""18"", ""41"", ""29"", ""33"", ""37""]",13-18-41-29-33-37,2024-01-05,21:00,0,0
UL58,Ultra Lotto 6/58,"[""46"", ""54"", ""05"", ""35"", ""04"", ""13""]",46-54-05-35-04-13,2024-01-05,21:00,0,0
2DL-2PM,2D Lotto 2PM,"[""21"", ""06""]",21-06,2024-01-06,14:00,0,0
3DL-2PM,3D Lotto 2PM,"[""4"", ""1"", ""3""]",4-1-3,2024-01-06,14:00,0,0
2DL-5PM,2D Lotto 5PM,"[""23"", ""10""]",23-10,2024-01-06,17:00,0,0
3DL-5PM,3D Lotto 5PM,"[""9"", ""5"", ""1""]",9-5-1,2024-01-06,17:00,0,0
2DL-9PM,2D Lotto 9PM,"[""21"", ""13""]",21-13,2024-01-06,21:00,0,0
3DL-9PM,3D Lotto 9PM,"[""9"", ""9"", ""7""]",9-9-7,2024-01-06,21:00,0,0
6DL,6D Lotto,"[""9"", ""0"", ""8"", ""5"", ""3"", ""4""]",9-0-8-5-3-4,2024-01-06,21:00,0,0
GL55,Grand Lotto 6/55,"[""16"", ""47"", ""23"", ""40"", ""54"", ""06""]",16-47-23-40-54-06,2024-01-06,21:00,0,0
LOTTO42,Lotto 6/42,"[""10"", ""30"", ""34"", ""09"", ""14"", ""21""]",10-30-34-09-14-21,2024-01-06,21:00,0,0
2DL-2PM,2D Lotto 2PM,"[""10"", ""12""]",10-12,2024-01-07,14:00,0,0
3DL-2PM,3D Lotto 2PM,"[""5"", ""3"", ""3""]",5-3-3,2024-01-07,14:00,0,0
2DL-5PM,2D Lotto 5PM,"[""30"", ""23""]",30-23,2024-01-07,17:00,0,0
3DL-5PM,3D Lotto 5PM,"[""7"", ""2"", ""1""]",7-2-1,2024-01-07,17:00,0,0
2DL-9PM,2D Lotto 9PM,"[""25"", ""29""]",25-29,2024-01-07,21:00,0,0
3DL-9PM,3D Lotto 9PM,"[""9"", ""1"", ""5""]",9-1-5,2024-01-07,21:00,0,0
SL49,Superlotto 6/49,"[""03"", ""47"", ""13"", ""12"", ""07"", ""01""]",03-47-13-12-07-01,2024-01-07,21:00,0,0
UL58,Ultra Lotto 6/58,"[""37"", ""28"", ""08"", ""18"", ""40"", ""38""]",37-28-08-18-40-38,2024-01-07,21:00,0,0
2DL-2PM,2D Lotto 2PM,"[""19"", ""13""]",19-13,2024-01-08,14:00,0,0
3DL-2PM,3D Lotto 2PM,"[""0"", ""2"", ""4""]",0-2-4,2024-01-08,14:00,0,0
2DL-5PM,2D Lotto 5PM,"[""30"", ""28""]",30-28,2024-01-08,17:00,0,0
3DL-5PM,3D Lotto 5PM,"[""7"", ""3"", ""4""]",7-3-4,2024-01-08,17:00,0,0
2DL-9PM,2D Lotto 9PM,"[""10"", ""21""]",10-21,2024-01-08,21:00,0,0
3DL-9PM,3D Lotto 9PM,"[""5"", ""3"", ""5""]",5-3-5,2024-01-08,21:00,0,0
4DL,4D Lotto,"[""0"", ""7"", ""7"", ""2""]",0-7-7-2,2024-01-08,21:00,0,0
GL55,Grand Lotto 6/55,"[""08"", ""18"", ""24"", ""17"", ""28"", ""04""]",08-18-24-17-28-04,2024-01-08,21:00,0,0
ML45,Megalotto 6/45,"[""09"", ""07"", ""29"", ""28"", ""11"", ""18""]",09-07-29-28-11-18,2024-01-08,21:00,0,0
2DL-2PM,2D Lotto 2PM,"[""01"", ""08""]",01-08,2024-01-09,14:00,0,0
3DL-2PM,3D Lotto 2PM,"[""9"", ""5"", ""7""]",9-5-7,2024-01-09,14:00,0,0
2DL-5PM,2D Lotto 5PM,"[""09"", ""14""]",09-14,2024-01-09,17:00,0,0
3DL-5PM,3D Lotto 5PM,"[""3"", ""0"", ""5""]",3-0-5,2024-01-09,17:00,0,0
2DL-9PM,2D Lotto 9PM,"[""16"", ""16""]",16-16,2024-01-09,21:00,0,0
3DL-9PM,3D Lotto 9PM,"[""4"", ""1"", ""5""]",4-1-5,2024-01-09,21:00,0,0
6DL,6D Lotto,"[""8"", ""3"", ""6"", ""7"", ""7"", ""5""]",8-3-6-7-7-5,2024-01-09,21:00,0,0
LOTTO42,Lotto 6/42,"[""04"", ""39"", ""23"", ""19"", ""17"", ""36""]",04-39-23-19-17-36,2024-01-09,21:00,0,0
SL49,Superlotto 6/49,"[""24"", ""39"", ""41"", ""29"", ""22"", ""20""]",24-39-41-29-22-20,2024-01-09,21:00,0,0
UL58,Ultra Lotto 6/58,"[""10"", ""34"", ""39"", ""45"", ""52"", ""24""]",10-34-39-45-52-24,2024-01-09,21:00,0,0
2DL-2PM,2D Lotto 2PM,"[""14"", ""09""]",14-09,2024-01-10,14:00,0,0
3DL-2PM,3D Lotto 2PM,"[""1"", ""9"", ""8""]",1-9-8,2024-01-10,14:00,0,0
2DL-5PM,2D Lotto 5PM,"[""17"", ""05""]",17-05,2024-01-10,17:00,0,0
3DL-5PM,3D Lotto 5PM,"[""0"", ""4"", ""0""]",0-4-0,2024-01-10,17:00,0,0
2DL-9PM,2D Lotto 9PM,"[""08"", ""27""]",08-27,2024-01-10,21:00,0,0
3DL-9PM,3D Lotto 9PM,"[""8"", ""1"", ""0""]",8-1-0,2024-01-10,21:00,0,0
4DL,4D Lotto,"[""0"", ""9"", ""3"", ""1""]",0-9-3-1,2024-01-10,21:00,0,0
GL55,Grand Lotto 6/55,"[""50"", ""53"", ""22"", ""32"", ""07"", ""42""]",50-53-22-32-07-42,2024-01-10,21:00,0,0
ML45,Megalotto 6/45,"[""25"", ""27"", ""12"", ""33"", ""36"", ""02""]",25-27-12-33-36-02,2024-01-10,21:00,0,0
2DL-2PM,2D Lotto 2PM,"[""12"", ""19""]",12-19,2024-01-11,14:00,0,0
3DL-2PM,3D Lotto 2PM,"[""0"", ""7"", ""3""]",0-7-3,2024-01-11,14:00,0,0
2DL-5PM,2D Lotto 5PM,"[""04"", ""13""]",04-13,2024-01-11,17:00,0,0
3DL-5PM,3D Lotto 5PM,"[""5"", ""2"", ""1""]",5-2-1,2024-01-11,17:00,0,0
2DL-9PM,2D Lotto 9PM,"[""01"", ""03""]",01-03,2024-01-11,21:00,0,0
3DL-9PM,3D Lotto 9PM,"[""9"", ""9"", ""1""]",9-9-1,2024-01-11,21:00,0,0
6DL,6D Lotto,"[""4"", ""9"", ""8"", ""4"", ""6"", ""6""]",4-9-8-4-6-6,2024-01-11,21:00,0,0
LOTTO42,Lotto 6/42,"[""20"", ""05"", ""34"", ""09"", ""26"", ""19""]",20-05-34-09-26-19,2024-01-11,21:00,0,0
SL49,Superlotto 6/49,"[""37"", ""45"", ""47"", ""12"", ""22"", ""08""]",37-45-47-12-22-08,2024-01-11,21:00,0,0
2DL-2PM,2D Lotto 2PM,"[""23"", ""01""]",23-01,2024-01-12,14:00,0,0
3DL-2PM,3D Lotto 2PM,"[""4"", ""4"", ""7""]",4-4-7,2024-01-12,14:00,0,0
2DL-5PM,2D Lotto 5PM,"[""15"", ""03""]",15-03,2024-01-12,17:00,0,0
3DL-5PM,3D Lotto 5PM,"[""4"", ""3"", ""7""]",4-3-7,2024-01-12,17:00,0,0
2DL-9PM,2D Lotto 9PM,"[""15"", ""20""]",15-20,2024-01-12,21:00,0,0
3DL-9PM,3D Lotto 9PM,"[""2"", ""4"", ""1""]",2-4-1,2024-01-12,21:00,0,0
4DL,4D Lotto,"[""2"", ""7"", ""3"", ""8""]",2-7-3-8,2024-01-12,21:00,0,0
ML45,Megalotto 6/45,"[""06"", ""34"", ""11"", ""32"", ""40"", ""02""]",06-34-11-32-40-02,2024-01-12,21:00,0,0
UL58,Ultra Lotto 6/58,"[""06"", ""44"", ""20"", ""22"", ""37"", ""25""]",06-44-20-22-37-25,2024-01-12,21:00,0,0
2DL-2PM,2D Lotto 2PM,"[""29"", ""20""]",29-20,2024-01-13,14:00,0,0
3DL-2PM,3D Lotto 2PM,"[""9"", ""4"", ""7""]",9-4-7,2024-01-13,14:00,0,0
2DL-5PM,2D Lotto 5PM,"[""13"", ""30""]",13-30,2024-01-13,17:00,0,0
3DL-5PM,3D Lotto 5PM,"[""1"", ""3"", ""2""]",1-3-2,2024-01-13,17:00,0,0
2DL-9PM,2D Lotto 9PM,"[""10"", ""14""]",10-14,2024-01-13,21:00,0,0
3DL-9PM,3D Lotto 9PM,"[""0"", ""2"", ""4""]",0-2-4,2024-01-13,21:00,0,0
6DL,6D Lotto,"[""4"", ""4"", ""5"", ""1"", ""3"", ""9""]",4-4-5-1-3-9,2024-01-13,21:00,0,0
GL55,Grand Lotto 6/55,"[""11"", ""28"", ""53"", ""54"", ""03"", ""37""]",11-28-53-54-03-37,2024-01-13,21:00,0,0
LOTTO42,Lotto 6/42,"[""42"", ""30"", ""17"", ""04"", ""15"", ""14""]",42-30-17-04-15-14,2024-01-13,21:00,0,0
2DL-2PM,2D Lotto 2PM,"[""21"", ""24""]",21-24,2024-01-14,14:00,0,0
3DL-2PM,3D Lotto 2PM,"[""5"", ""5"", ""0""]",5-5-0,2024-01-14,14:00,0,0
2DL-5PM,2D Lotto 5PM,"[""22"", ""05""]",22-05,2024-01-14,17:00,0,0
3DL-5PM,3D Lotto 5PM,"[""8"", ""6"", ""9""]",8-6-9,2024-01-14,17:00,0,0
2DL-9PM,2D Lotto 9PM,"[""26"", ""14""]",26-14,2024-01-14,21:00,0,0
3DL-9PM,3D Lotto 9PM,"[""3"", ""1"", ""0""]",3-1-0,2024-01-14,21:00,0,0
SL49,Superlotto 6/49,"[""29"", ""35"", ""24"", ""20"", ""02"", ""43""]",29-35-24-20-02-43,2024-01-14,21:00,0,0
UL58,Ultra Lotto 6/58,"[""23"", ""40"", ""08"", ""42"", ""45"", ""55""]",23-40-08-42-45-55,2024-01-14,21:00,0,0
2DL-2PM,2D Lotto 2PM,"[""10"", ""06""]",10-06,2024-01-15,14:00,0,0
3DL-2PM,3D Lotto 2PM,"[""8"", ""4"", ""9""]",8-4-9,2024-01-15,14:00,0,0
2DL-5PM,2D Lotto 5PM,"[""06"", ""27""]",06-27,2024-01-15,17:00,0,0
3DL-5PM,3D Lotto 5PM,"[""9"", ""7"", ""7""]",9-7-7,2024-01-15,17:00,0,0
2DL-9PM,2D Lotto 9PM,"[""16"", ""10""]",16-10,2024-01-15,21:00,0,0
3DL-9PM,3D Lotto 9PM,"[""1"", ""3"", ""8""]",1-3-8,2024-01-15,21:00,0,0
4DL,4D Lotto,"[""0"", ""0"", ""5"", ""3""]",0-0-5-3,2024-01-15,21:00,0,0
GL55,Grand Lotto 6/55,"[""45"", ""35"", ""55"", ""47"", ""37"", ""42""]",45-35-55-47-37-42,2024-01-15,21:00,0,0
ML45,Megalotto 6/45,"[""07"", ""22"", ""04"", ""23"", ""27"", ""40""]",07-22-04-23-27-40,2024-01-15,21:00,0,0
2DL-2PM,2D Lotto 2PM,"[""31"", ""28""]",31-28,2024-01-16,14:00,0,0
3DL-2PM,3D Lotto 2PM,"[""3"", ""1"", ""7""]",3-1-7,2024-01-16,14:00,0,0
2DL-5PM,2D Lotto 5PM,"[""12"", ""02""]",12-02,2024-01-16,17:00,0,0
3DL-5PM,3D Lotto 5PM,"[""4"", ""0"", ""8""]",4-0-8,2024-01-16,17:00,0,0
2DL-9PM,2D Lotto 9PM,"[""06"", ""14""]",06-14,2024-01-16,21:00,0,0
3DL-9PM,3D Lotto 9PM,"[""5"", ""8"", ""4""]",5-8-4,2024-01-16,21:00,0,0
6DL,6D Lotto,"[""1"", ""3"", ""6"", ""6"", ""7"", ""6""]",1-3-6-6-7-6,2024-01-16,21:00,0,0
LOTTO42,Lotto 6/42,"[""03"", ""29"", ""18"", ""30"", ""07"", ""22""]",03-29-18-30-07-22,2024-01-16,21:00,0,0
SL49,Superlotto 6/49,"[""26"", ""33"", ""14"", ""48"", ""06"", ""42""]",26-33-14-48-06-42,2024-01-16,21:00,0,0
UL58,Ultra Lotto 6/58,"[""39"", ""45"", ""18"", ""26"", ""58"", ""05""]",39-45-18-26-58-05,2024-01-16,21:00,0,0
2DL-2PM,2D Lotto 2PM,"[""18"", ""26""]",18-26,2024-01-17,14:00,0,0
3DL-2PM,3D Lotto 2PM,"[""5"", ""7"", ""1""]",5-7-1,2024-01-17,14:00,0,0
2DL-5PM,2D Lotto 5PM,"[""30"", ""14""]",30-14,2024-01-17,17:00,0,0
3DL-5PM,3D Lotto 5PM,"[""7"", ""7"", ""0""]",7-7-0,2024-01-17,17:00,0,0
2DL-9PM,2D Lotto 9PM,"[""12"", ""06""]",12-06,2024-01-17,21:00,0,0
3DL-9PM,3D Lotto 9PM,"[""1"", ""2"", ""9""]",1-2-9,2024-01-17,21:00,0,0
4DL,4D Lotto,"[""2"", ""5"", ""6"", ""8""]",2-5-6-8,2024-01-17,21:00,0,0
GL55,Grand Lotto 6/55,"[""24"", ""50"", ""52"", ""09"", ""51"", ""03""]",24-50-52-09-51-03,2024-01-17,21:00,0,0
ML45,Megalotto 6/45,"[""28"", ""05"", ""33"", ""01"", ""23"", ""20""]",28-05-33-01-23-20,2024-01-17,21:00,0,0
2DL-2PM,2D Lotto 2PM,"[""08"", ""08""]",08-08,2024-01-18,14:00,0,0
3DL-2PM,3D Lotto 2PM,"[""8"", ""4"", ""0""]",8-4-0,2024-01-18,14:00,0,0
2DL-5PM,2D Lotto 5PM,"[""18"", ""16""]",18-16,2024-01-18,17:00,0,0
3DL-5PM,3D Lotto 5PM,"[""5"", ""1"", ""7""]",5-1-7,2024-01-18,17:00,0,0
2DL-9PM,2D Lotto 9PM,"[""20"", ""26""]",20-26,2024-01-18,21:00,0,0
3DL-9PM,3D Lotto 9PM,"[""9"", ""1"", ""5""]",9-1-5,2024-01-18,21:00,0,0
6DL,6D Lotto,"[""7"", ""8"", ""3"", ""4"", ""0"", ""0""]",7-8-3-4-0-0,2024-01-18,21:00,0,0
LOTTO42,Lotto 6/42,"[""41"", ""08"", ""06"", ""03"", ""10"", ""04""]",41-08-06-03-10-04,2024-01-18,21:00,0,0
SL49,Superlotto 6/49,"[""32"", ""42"", ""01"", ""04"", ""10"", ""02""]",32-42-01-04-10-02,2024-01-18,21:00,0,0
2DL-2PM,2D Lotto 2PM,"[""25"", ""07""]",25-07,2024-01-19,14:00,0,0
3DL-2PM,3D Lotto 2PM,"[""5"", ""4"", ""5""]",5-4-5,2024-01-19,14:00,0,0
2DL-5PM,2D Lotto 5PM,"[""16"", ""15""]",16-15,2024-01-19,17:00,0,0
3DL-5PM,3D Lotto 5PM,"[""5"", ""0"", ""5""]",5-0-5,2024-01-19,17:00,0,0
2DL-9PM,2D Lotto 9PM,"[""24"", ""22""]",24-22,2024-01-19,21:00,0,0
3DL-9PM,3D Lotto 9PM,"[""4"", ""7"", ""4""]",4-7-4,2024-01-19,21:00,0,0
4DL,4D Lotto,"[""3"", ""4"", ""1"", ""9""]",3-4-1-9,2024-01-19,21:00,0,0
ML45,Megalotto 6/45,"[""14"", ""19"", ""43"", ""35"", ""24"", ""01""]",14-19-43-35-24-01,2024-01-19,21:00,0,0
UL58,Ultra Lotto 6/58,"[""11"", ""20"", ""58"", ""31"", ""44"", ""35""]",11-20-58-31-44-35,2024-01-19,21:00,0,0
2DL-2PM,2D Lotto 2PM,"[""02"", ""12""]",02-12,2024-01-20,14:00,0,0
3DL-2PM,3D Lotto 2PM,"[""8"", ""2"", ""6""]",8-2-6,2024-01-20,14:00,0,0
2DL-5PM,2D Lotto 5PM,"[""31"", ""08""]",31-08,2024-01-20,17:00,0,0
3DL-5PM,3D Lotto 5PM,"[""5"", ""0"", ""6""]",5-0-6,2024-01-20,17:00,0,0
2DL-9PM,2D Lotto 9PM,"[""16"", ""24""]",16-24,2024-01-20,21:00,0,0
3DL-9PM,3D Lotto 9PM,"[""3"", ""7"", ""4""]",3-7-4,2024-01-20,21:00,0,0
6DL,6D Lotto,"[""5"", ""2"", ""1"", ""9"", ""8"", ""0""]",5-2-1-9-8-0,2024-01-20,21:00,0,0
GL55,Grand Lotto 6/55,"[""21"", ""48"", ""10"", ""29"", ""44"", ""30""]",21-48-10-29-44-30,2024-01-20,21:00,0,0
LOTTO42,Lotto 6/42,"[""10"", ""04"", ""42"", ""28"", ""33"", ""24""]",10-04-42-28-33-24,2024-01-20,21:00,0,0
2DL-2PM,2D Lotto 2PM,"[""29"", ""08""]",29-08,2024-01-21,14:00,0,0
3DL-2PM,3D Lotto 2PM,"[""2"", ""2"", ""7""]",2-2-7,2024-01-21,14:00,0,0
2DL-5PM,2D Lotto 5PM,"[""10"", ""17""]",10-17,2024-01-21,17:00,0,0
3DL-5PM,3D Lotto 5PM,"[""7"", ""2"", ""3""]",7-2-3,2024-01-21,17:00,0,0
2DL-9PM,2D Lotto 9PM,"[""12"", ""29""]",12-29,2024-01-21,21:00,0,0
3DL-9PM,3D Lotto 9PM,"[""1"", ""7"", ""3""]",1-7-3,2024-01-21,21:00,0,0
SL49,Superlotto 6/49,"[""42"", ""31"", ""22"", ""34"", ""25"", ""03""]",42-31-22-34-25-03,2024-01-21,21:00,0,0
UL58,Ultra Lotto 6/58,"[""01"", ""46"", ""33"", ""43"", ""24"", ""17""]",01-46-33-43-24-17,2024-01-21,21:00,0,0
2DL-2PM,2D Lotto 2PM,"[""03"", ""23""]",03-23,2024-01-22,14:00,0,0
3DL-2PM,3D Lotto 2PM,"[""6"", ""1"", ""5""]",6-1-5,2024-01-22,14:00,0,0
2DL-5PM,2D Lotto 5PM,"[""14"", ""24""]",14-24,2024-01-22,17:00,0,0
3DL-5PM,3D Lotto 5PM,"[""4"", ""2"", ""3""]",4-2-3,2024-01-22,17:00,0,0
2DL-9PM,2D Lotto 9PM,"[""15"", ""23""]",15-23,2024-01-22,21:00,0,0
3DL-9PM,3D Lotto 9PM,"[""5"", ""5"", ""6""]",5-5-6,2024-01-22,21:00,0,0
4DL,4D Lotto,"[""7"", ""4"", ""6"", ""6""]",7-4-6-6,2024-01-22,21:00,0,0
GL55,Grand Lotto 6/55,"[""02"", ""33"", ""10"", ""51"", ""13"", ""23""]",02-33-10-51-13-23,2024-01-22,21:00,0,0
ML45,Megalotto 6/45,"[""26"", ""18"", ""22"", ""14"", ""33"", ""10""]",26-18-22-14-33-10,2024-01-22,21:00,0,0
2DL-2PM,2D Lotto 2PM,"[""10"", ""09""]",10-09,2024-01-23,14:00,0,0
3DL-2PM,3D Lotto 2PM,"[""6"", ""1"", ""3""]",6-1-3,2024-01-23,14:00,0,0
2DL-5PM,2D Lotto 5PM,"[""01"", ""28""]",01-28,2024-01-23,17:00,0,0
3DL-5PM,3D Lotto 5PM,"[""6"", ""6"", ""0""]",6-6-0,2024-01-23,17:00,0,0
2DL-9PM,2D Lotto 9PM,"[""03"", ""23""]",03-23,2024-01-23,21:00,0,0
3DL-9PM,3D Lotto 9PM,"[""4"", ""4"", ""1""]",4-4-1,2024-01-23,21:00,0,0
6DL,6D Lotto,"[""5"", ""9"", ""9"", ""5"", ""1"", ""6""]",5-9-9-5-1-6,2024-01-23,21:00,0,0
LOTTO42,Lotto 6/42,"[""06"", ""20"", ""24"", ""13"", ""15"", ""37""]",06-20-24-13-15-37,2024-01-23,21:00,0,0
SL49,Superlotto 6/49,"[""47"", ""44"", ""38"", ""37"", ""11"", ""13""]",47-44-38-37-11-13,2024-01-23,21:00,0,0
UL58,Ultra Lotto 6/58,"[""44"", ""37"", ""47"", ""25"", ""31"", ""30""]",44-37-47-25-31-30,2024-01-23,21:00,0,0
2DL-2PM,2D Lotto 2PM,"[""27"", ""11""]",27-11,2024-01-24,14:00,0,0
3DL-2PM,3D Lotto 2PM,"[""4"", ""5"", ""7""]",4-5-7,2024-01-24,14:00,0,0
2DL-5PM,2D Lotto 5PM,"[""23"", ""12""]",23-12,2024-01-24,17:00,0,0
3DL-5PM,3D Lotto 5PM,"[""2"", ""2"", ""6""]",2-2-6,2024-01-24,17:00,0,0
2DL-9PM,2D Lotto 9PM,"[""17"", ""15""]",17-15,2024-01-24,21:00,0,0
3DL-9PM,3D Lotto 9PM,"[""0"", ""2"", ""5""]",0-2-5,2024-01-24,21:00,0,0
4DL,4D Lotto,"[""5"", ""9"", ""9"", ""2""]",5-9-9-2,2024-01-24,21:00,0,0
GL55,Grand Lotto 6/55,"[""48"", ""46"", ""30"", ""29"", ""15"", ""42""]",48-46-30-29-15-42,2024-01-24,21:00,0,0
ML45,Megalotto 6/45,"[""05"", ""12"", ""19"", ""01"", ""28"", ""08""]",05-12-19-01-28-08,2024-01-24,21:00,0,0
2DL-2PM,2D Lotto 2PM,"[""04"", ""20""]",04-20,2024-01-25,14:00,0,0
3DL-2PM,3D Lotto 2PM,"[""8"", ""5"", ""2""]",8-5-2,2024-01-25,14:00,0,0
2DL-5PM,2D Lotto 5PM,"[""21"", ""06""]",21-06,2024-01-25,17:00,0,0
3DL-5PM,3D Lotto 5PM,"[""5"", ""0"", ""0""]",5-0-0,2024-01-25,17:00,0,0
2DL-9PM,2D Lotto 9PM,"[""09"", ""04""]",09-04,2024-01-25,21:00,0,0
3DL-9PM,3D Lotto 9PM,"[""0"", ""6"", ""7""]",0-6-7,2024-01-25,21:00,0,0
6DL,6D Lotto,"[""9"", ""8"", ""1"", ""4"", ""1"", ""7""]",9-8-1-4-1-7,2024-01-25,21:00,0,0
LOTTO42,Lotto 6/42,"[""31"", ""28"", ""05"", ""26"", ""10"", ""40""]",31-28-05-26-10-40,2024-01-25,21:00,0,0
SL49,Superlotto 6/49,"[""45"", ""31"", ""46"", ""26"", ""07"", ""19""]",45-31-46-26-07-19,2024-01-25,21:00,0,0
2DL-2PM,2D Lotto 2PM,"[""22"", ""14""]",22-14,2024-01-26,14:00,0,0
3DL-2PM,3D Lotto 2PM,"[""3"", ""3"", ""2""]",3-3-2,2024-01-26,14:00,0,0
2DL-5PM,2D Lotto 5PM,"[""04"", ""11""]",04-11,2024-01-26,17:00,0,0
3DL-5PM,3D Lotto 5PM,"[""9"", ""6"", ""0""]",9-6-0,2024-01-26,17:00,0,0
2DL-9PM,2D Lotto 9PM,"[""11"", ""17""]",11-17,2024-01-26,21:00,0,0
3DL-9PM,3D Lotto 9PM,"[""4"", ""0"", ""2""]",4-0-2,2024-01-26,21:00,0,0
4DL,4D Lotto,"[""6"", ""8"", ""5"", ""4""]",6-8-5-4,2024-01-26,21:00,0,0
ML45,Megalotto 6/45,"[""01"", ""31"", ""36"", ""02"", ""42"", ""09""]",01-31-36-02-42-09,2024-01-26,21:00,0,0
UL58,Ultra Lotto 6/58,"[""25"", ""33"", ""09"", ""50"", ""38"", ""06""]",25-33-09-50-38-06,2024-01-26,21:00,0,0
2DL-2PM,2D Lotto 2PM,"[""31"", ""23""]",31-23,2024-01-27,14:00,0,0
3DL-2PM,3D Lotto 2PM,"[""3"", ""2"", ""6""]",3-2-6,2024-01-27,14:00,0,0
2DL-5PM,2D Lotto 5PM,"[""08"", ""29""]",08-29,2024-01-27,17:00,0,0
3DL-5PM,3D Lotto 5PM,"[""7"", ""6"", ""6""]",7-6-6,2024-01-27,17:00,0,0
2DL-9PM,2D Lotto 9PM,"[""25"", ""03""]",25-03,2024-01-27,21:00,0,0
3DL-9PM,3D Lotto 9PM,"[""2"", ""5"", ""7""]",2-5-7,2024-01-27,21:00,0,0
6DL,6D Lotto,"[""1"", ""0"", ""3"", ""3"", ""7"", ""0""]",1-0-3-3-7-0,2024-01-27,21:00,0,0
GL55,Grand Lotto 6/55,"[""02"", ""25"", ""06"", ""35"", ""13"", ""07""]",02-25-06-35-13-07,2024-01-27,21:00,0,0
LOTTO42,Lotto 6/42,"[""42"", ""14"", ""25"", ""36"", ""31"", ""40""]",42-14-25-36-31-40,2024-01-27,21:00,0,0
2DL-2PM,2D Lotto 2PM,"[""18"", ""26""]",18-26,2024-01-28,14:00,0,0
3DL-2PM,3D Lotto 2PM,"[""9"", ""5"", ""4""]",9-5-4,2024-01-28,14:00,0,0
2DL-5PM,2D Lotto 5PM,"[""09"", ""22""]",09-22,2024-01-28,17:00,0,0
3DL-5PM,3D Lotto 5PM,"[""6"", ""9"", ""8""]",6-9-8,2024-01-28,17:00,0,0
2DL-9PM,2D Lotto 9PM,"[""05"", ""14""]",05-14,2024-01-28,21:00,0,0
3DL-9PM,3D Lotto 9PM,"[""4"", ""5"", ""8""]",4-5-8,2024-01-28,21:00,0,0
SL49,Superlotto 6/49,"[""20"", ""39"", ""07"", ""40"", ""13"", ""41""]",20-39-07-40-13-41,2024-01-28,21:00,0,0
UL58,Ultra Lotto 6/58,"[""51"", ""18"", ""54"", ""10"", ""49"", ""35""]",51-18-54-10-49-35,2024-01-28,21:00,0,0
2DL-2PM,2D Lotto 2PM,"[""10"", ""30""]",10-30,2024-01-29,14:00,0,0
3DL-2PM,3D Lotto 2PM,"[""8"", ""1"", ""0""]",8-1-0,2024-01-29,14:00,0,0
2DL-5PM,2D Lotto 5PM,"[""10"", ""01""]",10-01,2024-01-29,17:00,0,0
3DL-5PM,3D Lotto 5PM,"[""4"", ""0"", ""6""]",4-0-6,2024-01-29,17:00,0,0
2DL-9PM,2D Lotto 9PM,"[""20"", ""08""]",20-08,2024-01-29,21:00,0,0
3DL-9PM,3D Lotto 9PM,"[""2"", ""2"", ""4""]",2-2-4,2024-01-29,21:00,0,0
4DL,4D Lotto,"[""6"", ""7"", ""7"", ""3""]",6-7-7-3,2024-01-29,21:00,0,0
GL55,Grand Lotto 6/55,"[""09"", ""53"", ""17"", ""51"", ""43"", ""52""]",09-53-17-51-43-52,2024-01-29,21:00,0,0
ML45,Megalotto 6/45,"[""38"", ""23"", ""45"", ""11"", ""21"", ""33""]",38-23-45-11-21-33,2024-01-29,21:00,0,0
2DL-2PM,2D Lotto 2PM,"[""21"", ""21""]",21-21,2024-01-30,14:00,0,0
3DL-2PM,3D Lotto 2PM,"[""9"", ""5"", ""2""]",9-5-2,2024-01-30,14:00,0,0
2DL-5PM,2D Lotto 5PM,"[""03"", ""15""]",03-15,2024-01-30,17:00,0,0
3DL-5PM,3D Lotto 5PM,"[""8"", ""5"", ""7""]",8-5-7,2024-01-30,17:00,0,0
2DL-9PM,2D Lotto 9PM,"[""30"", ""09""]",30-09,2024-01-30,21:00,0,0
3DL-9PM,3D Lotto 9PM,"[""6"", ""7"", ""1""]",6-7-1,2024-01-30,21:00,0,0
6DL,6D Lotto,"[""1"", ""5"", ""9"", ""6"", ""3"", ""1""]",1-5-9-6-3-1,2024-01-30,21:00,0,0
LOTTO42,Lotto 6/42,"[""38"", ""20"", ""19"", ""04"", ""16"", ""40""]",38-20-19-04-16-40,2024-01-30,21:00,0,0
SL49,Superlotto 6/49,"[""09"", ""26"", ""10"", ""47"", ""35"", ""25""]",09-26-10-47-35-25,2024-01-30,21:00,0,0
UL58,Ultra Lotto 6/58,"[""36"", ""51"", ""01"", ""56"", ""04"", ""42""]",36-51-01-56-04-42,2024-01-30,21:00,0,0
2DL-2PM,2D Lotto 2PM,"[""05"", ""12""]",05-12,2024-01-31,14:00,0,0
3DL-2PM,3D Lotto 2PM,"[""0"", ""3"", ""2""]",0-3-2,2024-01-31,14:00,0,0
2DL-5PM,2D Lotto 5PM,"[""18"", ""27""]",18-27,2024-01-31,17:00,0,0
3DL-5PM,3D Lotto 5PM,"[""6"", ""4"", ""0""]",6-4-0,2024-01-31,17:00,0,0
2DL-9PM,2D Lotto 9PM,"[""20"", ""19""]",20-19,2024-01-31,21:00,0,0
3DL-9PM,3D Lotto 9PM,"[""0"", ""8"", ""2""]",0-8-2,2024-01-31,21:00,0,0
4DL,4D Lotto,"[""9"", ""9"", ""8"", ""8""]",9-9-8-8,2024-01-31,21:00,0,0
GL55,Grand Lotto 6/55,"[""30"", ""37"", ""27"", ""04"", ""31"", ""05""]",30-37-27-04-31-05,2024-01-31,21:00,0,0
ML45,Megalotto 6/45,"[""07"", ""13"", ""03"", ""28"", ""04"", ""24""]",07-13-03-28-04-24,2024-01-31,21:00,0,0
2DL-2PM,2D Lotto 2PM,"[""18"", ""22""]",18-22,2024-02-01,14:00,0,0
3DL-2PM,3D Lotto 2PM,"[""9"", ""0"", ""4""]",9-0-4,2024-02-01,14:00,0,0
2DL-5PM,2D Lotto 5PM,"[""17"", ""10""]",17-10,2024-02-01,17:00,0,0
3DL-5PM,3D Lotto 5PM,"[""2"", ""9"", ""7""]",2-9-7,2024-02-01,17:00,0,0
2DL-9PM,2D Lotto 9PM,"[""29"", ""25""]",29-25,2024-02-01,21:00,0,0
3DL-9PM,3D Lotto 9PM,"[""4"", ""8"", ""7""]",4-8-7,2024-02-01,21:00,0,0
6DL,6D Lotto,"[""8"", ""9"", ""4"", ""6"", ""6"", ""6""]",8-9-4-6-6-6,2024-02-01,21:00,0,0
LOTTO42,Lotto 6/42,"[""03"", ""31"", ""14"", ""19"", ""35"", ""13""]",03-31-14-19-35-13,2024-02-01,21:00,0,0
SL49,Superlotto 6/49,"[""29"", ""44"", ""23"", ""17"", ""19"", ""35""]",29-44-23-17-19-35,2024-02-01,21:00,0,0
2DL-2PM,2D Lotto 2PM,"[""28"", ""20""]",28-20,2024-02-02,14:00,0,0
3DL-2PM,3D Lotto 2PM,"[""5"", ""1"", ""9""]",5-1-9,2024-02-02,14:00,0,0
2DL-5PM,2D Lotto 5PM,"[""21"", ""14""]",21-14,2024-02-02,17:00,0,0
3DL-5PM,3D Lotto 5PM,"[""4"", ""3"", ""6""]",4-3-6,2024-02-02,17:00,0,0
2DL-9PM,2D Lotto 9PM,"[""19"", ""16""]",19-16,2024-02-02,21:00,0,0
3DL-9PM,3D Lotto 9PM,"[""9"", ""8"", ""4""]",9-8-4,2024-02-02,21:00,0,0
4DL,4D Lotto,"[""3"", ""9"", ""8"", ""7""]",3-9-8-7,2024-02-02,21:00,0,0
ML45,Megalotto 6/45,"[""11"", ""20"", ""43"", ""30"", ""02"", ""44""]",11-20-43-30-02-44,2024-02-02,21:00,0,0
UL58,Ultra Lotto 6/58,"[""51"", ""30"", ""21"", ""14"", ""44"", ""28""]",51-30-21-14-44-28,2024-02-02,21:00,0,0
2DL-2PM,2D Lotto 2PM,"[""13"", ""10""]",13-10,2024-02-03,14:00,0,0
3DL-2PM,3D Lotto 2PM,"[""8"", ""5"", ""1""]",8-5-1,2024-02-03,14:00,0,0
2DL-5PM,2D Lotto 5PM,"[""11"", ""26""]",11-26,2024-02-03,17:00,0,0
3DL-5PM,3D Lotto 5PM,"[""3"", ""7"", ""2""]",3-7-2,2024-02-03,17:00,0,0
2DL-9PM,2D Lotto 9PM,"[""23"", ""31""]",23-31,2024-02-03,21:00,0,0
3DL-9PM,3D Lotto 9PM,"[""0"", ""1"", ""3""]",0-1-3,2024-02-03,21:00,0,0
6DL,6D Lotto,"[""3"", ""7"", ""6"", ""5"", ""1"", ""7""]",3-7-6-5-1-7,2024-02-03,21:00,0,0
GL55,Grand Lotto 6/55,"[""10"", ""07"", ""19"", ""40"", ""20"", ""29""]",10-07-19-40-20-29,2024-02-03,21:00,0,0
LOTTO42,Lotto 6/42,"[""09"", ""18"", ""33"", ""26"", ""23"", ""04""]",09-18-33-26-23-04,2024-02-03,21:00,0,0
2DL-2PM,2D Lotto 2PM,"[""04"", ""22""]",04-22,2024-02-04,14:00,0,0
3DL-2PM,3D Lotto 2PM,"[""0"", ""7"", ""0""]",0-7-0,2024-02-04,14:00,0,0
2DL-5PM,2D Lotto 5PM,"[""12"", ""26""]",12-26,2024-02-04,17:00,0,0
3DL-5PM,3D Lotto 5PM,"[""2"", ""3"", ""0""]",2-3-0,2024-02-04,17:00,0,0
2DL-9PM,2D Lotto 9PM,"[""03"", ""17""]",03-17,2024-02-04,21:00,0,0
3DL-9PM,3D Lotto 9PM,"[""0"", ""4"", ""8""]",0-4-8,2024-02-04,21:00,0,0
SL49,Superlotto 6/49,"[""10"", ""37"", ""07"", ""46"", ""43"", ""41""]",10-37-07-46-43-41,2024-02-04,21:00,0,0
UL58,Ultra Lotto 6/58,"[""27"", ""50"", ""21"", ""08"", ""53"", ""32""]",27-50-21-08-53-32,2024-02-04,21:00,0,0
2DL-2PM,2D Lotto 2PM,"[""17"", ""07""]",17-07,2024-02-05,14:00,0,0
3DL-2PM,3D Lotto 2PM,"[""1"", ""9"", ""6""]",1-9-6,2024-02-05,14:00,0,0
2DL-5PM,2D Lotto 5PM,"[""07"", ""26""]",07-26,2024-02-05,17:00,0,0
3DL-5PM,3D Lotto 5PM,"[""2"", ""8"", ""5""]",2-8-5,2024-02-05,17:00,0,0
2DL-9PM,2D Lotto 9PM,"[""23"", ""19""]",23-19,2024-02-05,21:00,0,0
3DL-9PM,3D Lotto 9PM,"[""2"", ""7"", ""5""]",2-7-5,2024-02-05,21:00,0,0
4DL,4D Lotto,"[""8"", ""8"", ""5"", ""2""]",8-8-5-2,2024-02-05,21:00,0,0
GL55,Grand Lotto 6/55,"[""20"", ""43"", ""49"", ""31"", ""06"", ""24""]",20-43-49-31-06-24,2024-02-05,21:00,0,0
ML45,Megalotto 6/45,"[""02"", ""35"", ""29"", ""39"", ""10"", ""15""]",02-35-29-39-10-15,2024-02-05,21:00,0,0
2DL-2PM,2D Lotto 2PM,"[""28"", ""20""]",28-20,2024-02-06,14:00,0,0
3DL-2PM,3D Lotto 2PM,"[""3"", ""5"", ""6""]",3-5-6,2024-02-06,14:00,0,0
2DL-5PM,2D Lotto 5PM,"[""13"", ""06""]",13-06,2024-02-06,17:00,0,0
3DL-5PM,3D Lotto 5PM,"[""4"", ""8"", ""8""]",4-8-8,2024-02-06,17:00,0,0
2DL-9PM,2D Lotto 9PM,"[""18"", ""19""]",18-19,2024-02-06,21:00,0,0
3DL-9PM,3D Lotto 9PM,"[""6"", ""7"", ""5""]",6-7-5,2024-02-06,21:00,0,0
6DL,6D Lotto,"[""6"", ""0"", ""9"", ""1"", ""5"", ""7""]",6-0-9-1-5-7,2024-02-06,21:00,0,0
LOTTO42,Lotto 6/42,"[""27"", ""23"", ""31"", ""20"", ""14"", ""28""]",27-23-31-20-14-28,2024-02-06,21:00,0,0
SL49,Superlotto 6/49,"[""11"", ""43"", ""37"", ""38"", ""28"", ""45""]",11-43-37-38-28-45,2024-02-06,21:00,0,0
UL58,Ultra Lotto 6/58,"[""11"", ""20"", ""53"", ""50"", ""19"", ""55""]",11-20-53-50-19-55,2024-02-06,21:00,0,0
2DL-2PM,2D Lotto 2PM,"[""08"", ""24""]",08-24,2024-02-07,14:00,0,0
3DL-2PM,3D Lotto 2PM,"[""0"", ""2"", ""0""]",0-2-0,2024-02-07,14:00,0,0
2DL-5PM,2D Lotto 5PM,"[""26"", ""01""]",26-01,2024-02-07,17:00,0,0
3DL-5PM,3D Lotto 5PM,"[""1"", ""0"", ""3""]",1-0-3,2024-02-07,17:00,0,0
2DL-9PM,2D Lotto 9PM,"[""18"", ""09""]",18-09,2024-02-07,21:00,0,0
3DL-9PM,3D Lotto 9PM,"[""7"", ""5"", ""3""]",7-5-3,2024-02-07,21:00,0,0
4DL,4D Lotto,"[""9"", ""6"", ""2"", ""3""]",9-6-2-3,2024-02-07,21:00,0,0
GL55,Grand Lotto 6/55,"[""40"", ""38"", ""36"", ""21"", ""37"", ""42""]",40-38-36-21-37-42,2024-02-07,21:00,0,0
ML45,Megalotto 6/45,"[""19"", ""02"", ""26"", ""06"", ""40"", ""13""]",19-02-26-06-40-13,2024-02-07,21:00,0,0
2DL-2PM,2D Lotto 2PM,"[""03"", ""31""]",03-31,2024-02-08,14:00,0,0
3DL-2PM,3D Lotto 2PM,"[""3"", ""0"", ""1""]",3-0-1,2024-02-08,14:00,0,0
2DL-5PM,2D Lotto 5PM,"[""05"", ""12""]",05-12,2024-02-08,17:00,0,0
3DL-5PM,3D Lotto 5PM,"[""3"", ""8"", ""9""]",3-8-9,2024-02-08,17:00,0,0
2DL-9PM,2D Lotto 9PM,"[""17"", ""16""]",17-16,2024-02-08,21:00,0,0
3DL-9PM,3D Lotto 9PM,"[""6"", ""0"", ""2""]",6-0-2,2024-02-08,21:00,0,0
6DL,6D Lotto,"[""7"", ""2"", ""2"", ""2"", ""3"", ""3""]",7-2-2-2-3-3,2024-02-08,21:00,0,0
LOTTO42,Lotto 6/42,"[""27"", ""02"", ""20"", ""22"", ""23"", ""10""]",27-02-20-22-23-10,2024-02-08,21:00,0,0
SL49,Superlotto 6/49,"[""45"", ""12"", ""07"", ""29"", ""30"", ""38""]",45-12-07-29-30-38,2024-02-08,21:00,0,0
2DL-2PM,2D Lotto 2PM,"[""12"", ""10""]",12-10,2024-02-09,14:00,0,0
3DL-2PM,3D Lotto 2PM,"[""4"", ""9"", ""9""]",4-9-9,2024-02-09,14:00,0,0
2DL-5PM,2D Lotto 5PM,"[""24"", ""21""]",24-21,2024-02-09,17:00,0,0
3DL-5PM,3D Lotto 5PM,"[""2"", ""0"", ""4""]",2-0-4,2024-02-09,17:00,0,0
2DL-9PM,2D Lotto 9PM,"[""14"", ""02""]",14-02,2024-02-09,21:00,0,0
3DL-9PM,3D Lotto 9PM,"[""8"", ""0"", ""5""]",8-0-5,2024-02-09,21:00,0,0
4DL,4D Lotto,"[""7"", ""7"", ""0"", ""4""]",7-7-0-4,2024-02-09,21:00,0,0
ML45,Megalotto 6/45,"[""26"", ""19"", ""12"", ""21"", ""04"", ""37""]",26-19-12-21-04-37,2024-02-09,21:00,0,0
UL58,Ultra Lotto 6/58,"[""11"", ""12"", ""15"", ""29"", ""25"", ""10""]",11-12-15-29-25-10,2024-02-09,21:00,0,0
2DL-2PM,2D Lotto 2PM,"[""14"", ""06""]",14-06,2024-02-10,14:00,0,0
3DL-2PM,3D Lotto 2PM,"[""5"", ""7"", ""2""]",5-7-2,2024-02-10,14:00,0,0
2DL-5PM,2D Lotto 5PM,"[""26"", ""18""]",26-18,2024-02-10,17:00,0,0
3DL-5PM,3D Lotto 5PM,"[""4"", ""5"", ""1""]",4-5-1,2024-02-10,17:00,0,0
2DL-9PM,2D Lotto 9PM,"[""13"", ""20""]",13-20,2024-02-10,21:00,0,0
3DL-9PM,3D Lotto 9PM,"[""4"", ""3"", ""9""]",4-3-9,2024-02-10,21:00,0,0
6DL,6D Lotto,"[""8"", ""0"", ""7"", ""8"", ""9"", ""7""]",8-0-7-8-9-7,2024-02-10,21:00,0,0
GL55,Grand Lotto 6/55,"[""24"", ""39"", ""01"", ""21"", ""37"", ""03""]",24-39-01-21-37-03,2024-02-10,21:00,0,0
LOTTO42,Lotto 6/42,"[""13"", ""11"", ""37"", ""07"", ""16"", ""27""]",13-11-37-07-16-27,2024-02-10,21:00,0,0
2DL-2PM,2D Lotto 2PM,"[""04"", ""21""]",04-21,2024-02-11,14:00,0,0
3DL-2PM,3D Lotto 2PM,"[""3"", ""7"", ""7""]",3-7-7,2024-02-11,14:00,0,0
2DL-5PM,2D Lotto 5PM,"[""21"", ""02""]",21-02,2024-02-11,17:00,0,0
3DL-5PM,3D Lotto 5PM,"[""5"", ""7"", ""8""]",5-7-8,2024-02-11,17:00,0,0
2DL-9PM,2D Lotto 9PM,"[""12"", ""09""]",12-09,2024-02-11,21:00,0,0
3DL-9PM,3D Lotto 9PM,"[""9"", ""7"", ""3""]",9-7-3,2024-02-11,21:00,0,0
SL49,Superlotto 6/49,"[""40"", ""08"", ""49"", ""46"", ""42"", ""30""]",40-08-49-46-42-30,2024-02-11,21:00,0,0
UL58,Ultra Lotto 6/58,"[""01"", ""29"", ""51"", ""45"", ""40"", ""57""]",01-29-51-45-40-57,2024-02-11,21:00,0,0
2DL-2PM,2D Lotto 2PM,"[""04"", ""12""]",04-12,2024-02-12,14:00,0,0
3DL-2PM,3D Lotto 2PM,"[""3"", ""7"", ""1""]",3-7-1,2024-02-12,14:00,0,0
2DL-5PM,2D Lotto 5PM,"[""26"", ""30""]",26-30,2024-02-12,17:00,0,0
3DL-5PM,3D Lotto 5PM,"[""6"", ""1"", ""9""]",6-1-9,2024-02-12,17:00,0,0
2DL-9PM,2D Lotto 9PM,"[""17"", ""29""]",17-29,2024-02-12,21:00,0,0
3DL-9PM,3D Lotto 9PM,"[""4"", ""5"", ""1""]",4-5-1,2024-02-12,21:00,0,0
4DL,4D Lotto,"[""6"", ""8"", ""0"", ""4""]",6-8-0-4,2024-02-12,21:00,0,0
GL55,Grand Lotto 6/55,"[""29"", ""04"", ""54"", ""38"", ""12"", ""39""]",29-04-54-38-12-39,2024-02-12,21:00,0,0
ML45,Megalotto 6/45,"[""02"", ""10"", ""27"", ""24"", ""36"", ""35""]",02-10-27-24-36-35,2024-02-12,21:00,0,0
2DL-2PM,2D Lotto 2PM,"[""31"", ""10""]",31-10,2024-02-13,14:00,0,0
3DL-2PM,3D Lotto 2PM,"[""4"", ""1"", ""4""]",4-1-4,2024-02-13,14:00,0,0
2DL-5PM,2D Lotto 5PM,"[""02"", ""20""]",02-20,2024-02-13,17:00,0,0
3DL-5PM,3D Lotto 5PM,"[""5"", ""9"", ""5""]",5-9-5,2024-02-13,17:00,0,0
2DL-9PM,2D Lotto 9PM,"[""02"", ""31""]",02-31,2024-02-13,21:00,0,0
3DL-9PM,3D Lotto 9PM,"[""2"", ""9"", ""1""]",2-9-1,2024-02-13,21:00,0,0
6DL,6D Lotto,"[""1"", ""4"", ""4"", ""0"", ""6"", ""7""]",1-4-4-0-6-7,2024-02-13,21:00,0,0
LOTTO42,Lotto 6/42,"[""19"", ""31"", ""11"", ""23"", ""13"", ""17""]",19-31-11-23-13-17,2024-02-13,21:00,0,0
SL49,Superlotto 6/49,"[""22"", ""20"", ""23"", ""43"", ""15"", ""05""]",22-20-23-43-15-05,2024-02-13,21:00,0,0
UL58,Ultra Lotto 6/58,"[""04"", ""14"", ""51"", ""56"", ""15"", ""29""]",04-14-51-56-15-29,2024-02-13,21:00,0,0
2DL-2PM,2D Lotto 2PM,"[""15"", ""26""]",15-26,2024-02-14,14:00,0,0
3DL-2PM,3D Lotto 2PM,"[""3"", ""6"", ""1""]",3-6-1,2024-02-14,14:00,0,0
2DL-5PM,2D Lotto 5PM,"[""22"", ""23""]",22-23,2024-02-14,17:00,0,0
3DL-5PM,3D Lotto 5PM,"[""0"", ""7"", ""7""]",0-7-7,2024-02-14,17:00,0,0
2DL-9PM,2D Lotto 9PM,"[""26"", ""26""]",26-26,2024-02-14,21:00,0,0
3DL-9PM,3D Lotto 9PM,"[""2"", ""3"", ""0""]",2-3-0,2024-02-14,21:00,0,0
4DL,4D Lotto,"[""1"", ""9"", ""9"", ""8""]",1-9-9-8,2024-02-14,21:00,0,0
GL55,Grand Lotto 6/55,"[""44"", ""36"", ""50"", ""42"", ""21"", ""11""]",44-36-50-42-21-11,2024-02-14,21:00,0,0
ML45,Megalotto 6/45,"[""39"", ""37"", ""29"", ""30"", ""01"", ""07""]",39-37-29-30-01-07,2024-02-14,21:00,0,0
2DL-2PM,2D Lotto 2PM,"[""03"", ""16""]",03-16,2024-02-15,14:00,0,0
3DL-2PM,3D Lotto 2PM,"[""7"", ""1"", ""7""]",7-1-7,2024-02-15,14:00,0,0
2DL-5PM,2D Lotto 5PM,"[""23"", ""18""]",23-18,2024-02-15,17:00,0,0
3DL-5PM,3D Lotto 5PM,"[""2"", ""9"", ""9""]",2-9-9,2024-02-15,17:00,0,0
2DL-9PM,2D Lotto 9PM,"[""16"", ""26""]",16-26,2024-02-15,21:00,0,0
3DL-9PM,3D Lotto 9PM,"[""1"", ""9"", ""2""]",1-9-2,2024-02-15,21:00,0,0
6DL,6D Lotto,"[""3"", ""7"", ""5"", ""0"", ""2"", ""5""]",3-7-5-0-2-5,2024-02-15,21:00,0,0
LOTTO42,Lotto 6/42,"[""09"", ""38"", ""28"", ""22"", ""04"", ""20""]",09-38-28-22-04-20,2024-02-15,21:00,0,0
SL49,Superlotto 6/49,"[""19"", ""10"", ""08"", ""24"", ""20"", ""13""]",19-10-08-24-20-13,2024-02-15,21:00,0,0
2DL-2PM,2D Lotto 2PM,"[""19"", ""12""]",19-12,2024-02-16,14:00,0,0
3DL-2PM,3D Lotto 2PM,"[""5"", ""5"", ""5""]",5-5-5,2024-02-16,14:00,0,0
2DL-5PM,2D Lotto 5PM,"[""06"", ""14""]",06-14,2024-02-16,17:00,0,0
3DL-5PM,3D Lotto 5PM,"[""4"", ""6"", ""8""]",4-6-8,2024-02-16,17:00,0,0
2DL-9PM,2D Lotto 9PM,"[""20"", ""11""]",20-11,2024-02-16,21:00,0,0
3DL-9PM,3D Lotto 9PM,"[""8"", ""7"", ""0""]",8-7-0,2024-02-16,21:00,0,0
4DL,4D Lotto,"[""4"", ""9"", ""2"", ""4""]",4-9-2-4,2024-02-16,21:00,0,0
ML45,Megalotto 6/45,"[""14"", ""42"", ""03"", ""31"", ""41"", ""11""]",14-42-03-31-41-11,2024-02-16,21:00,0,0
UL58,Ultra Lotto 6/58,"[""29"", ""03"", ""07"", ""11"", ""17"", ""58""]",29-03-07-11-17-58,2024-02-16,21:00,0,0
2DL-2PM,2D Lotto 2PM,"[""03"", ""03""]",03-03,2024-02-17,14:00,0,0
3DL-2PM,3D Lotto 2PM,"[""4"", ""9"", ""6""]",4-9-6,2024-02-17,14:00,0,0
2DL-5PM,2D Lotto 5PM,"[""07"", ""05""]",07-05,2024-02-17,17:00,0,0
3DL-5PM,3D Lotto 5PM,"[""6"", ""1"", ""8""]",6-1-8,2024-02-17,17:00,0,0
2DL-9PM,2D Lotto 9PM,"[""22"", ""03""]",22-03,2024-02-17,21:00,0,0
3DL-9PM,3D Lotto 9PM,"[""1"", ""7"", ""8""]",1-7-8,2024-02-17,21:00,0,0
6DL,6D Lotto,"[""2"", ""0"", ""6"", ""5"", ""5"", ""4""]",2-0-6-5-5-4,2024-02-17,21:00,0,0
GL55,Grand Lotto 6/55,"[""07"", ""46"", ""14"", ""54"", ""30"", ""44""]",07-46-14-54-30-44,2024-02-17,21:00,0,0
LOTTO42,Lotto 6/42,"[""29"", ""14"", ""13"", ""05"", ""09"", ""18""]",29-14-13-05-09-18,2024-02-17,21:00,0,0
2DL-2PM,2D Lotto 2PM,"[""26"", ""22""]",26-22,2024-02-18,14:00,0,0
3DL-2PM,3D Lotto 2PM,"[""5"", ""8"", ""2""]",5-8-2,2024-02-18,14:00,0,0
2DL-5PM,2D Lotto 5PM,"[""31"", ""06""]",31-06,2024-02-18,17:00,0,0
3DL-5PM,3D Lotto 5PM,"[""1"", ""0"", ""3""]",1-0-3,2024-02-18,17:00,0,0
2DL-9PM,2D Lotto 9PM,"[""25"", ""08""]",25-08,2024-02-18,21:00,0,0
SL49,Superlotto 6/49,"[""19"", ""28"", ""09"", ""49"", ""48"", ""25""]",19-28-09-49-48-25,2024-02-18,21:00,0,0
UL58,Ultra Lotto 6/58,"[""55"", ""01"", ""20"", ""03"", ""58"", ""10""]",55-01-20-03-58-10,2024-02-18,21:00,0,0
2DL-2PM,2D Lotto 2PM,"[""28"", ""15""]",28-15,2024-02-19,14:00,0,0
3DL-2PM,3D Lotto 2PM,"[""3"", ""8"", ""9""]",3-8-9,2024-02-19,14:00,0,0
2DL-5PM,2D Lotto 5PM,"[""05"", ""15""]",05-15,2024-02-19,17:00,0,0
3DL-5PM,3D Lotto 5PM,"[""4"", ""9"", ""4""]",4-9-4,2024-02-19,17:00,0,0
2DL-9PM,2D Lotto 9PM,"[""03"", ""01""]",03-01,2024-02-19,21:00,0,0
3DL-9PM,3D Lotto 9PM,"[""2"", ""5"", ""6""]",2-5-6,2024-02-19,21:00,0,0
4DL,4D Lotto,"[""3"", ""4"", ""6"", ""0""]",3-4-6-0,2024-02-19,21:00,0,0
GL55,Grand Lotto 6/55,"[""27"", ""55"", ""48"", ""54"", ""31"", ""03""]",27-55-48-54-31-03,2024-02-19,21:00,0,0
ML45,Megalotto 6/45,"[""18"", ""36"", ""11"", ""19"", ""05"", ""04""]",18-36-11-19-05-04,2024-02-19,21:00,0,0
2DL-2PM,2D Lotto 2PM,"[""20"", ""22""]",20-22,2024-02-20,14:00,0,0
3DL-2PM,3D Lotto 2PM,"[""7"", ""2"", ""9""]",7-2-9,2024-02-20,14:00,0,0
2DL-5PM,2D Lotto 5PM,"[""11"", ""14""]",11-14,2024-02-20,17:00,0,0
3DL-5PM,3D Lotto 5PM,"[""8"", ""2"", ""9""]",8-2-9,2024-02-20,17:00,0,0
2DL-9PM,2D Lotto 9PM,"[""30"", ""16""]",30-16,2024-02-20,21:00,0,0
3DL-9PM,3D Lotto 9PM,"[""5"", ""1"", ""5""]",5-1-5,2024-02-20,21:00,0,0
6DL,6D Lotto,"[""7"", ""2"", ""5"", ""8"", ""8"", ""5""]",7-2-5-8-8-5,2024-02-20,21:00,0,0
LOTTO42,Lotto 6/42,"[""22"", ""17"", ""01"", ""29"", ""11"", ""16""]",22-17-01-29-11-16,2024-02-20,21:00,0,0
SL49,Superlotto 6/49,"[""23"", ""02"", ""05"", ""40"", ""26"", ""33""]",23-02-05-40-26-33,2024-02-20,21:00,0,0
UL58,Ultra Lotto 6/58,"[""43"", ""08"", ""32"", ""01"", ""10"", ""42""]",43-08-32-01-10-42,2024-02-20,21:00,0,0
2DL-2PM,2D Lotto 2PM,"[""02"", ""10""]",02-10,2024-02-21,14:00,0,0
3DL-2PM,3D Lotto 2PM,"[""3"", ""2"", ""2""]",3-2-2,2024-02-21,14:00,0,0
2DL-5PM,2D Lotto 5PM,"[""05"", ""06""]",05-06,2024-02-21,17:00,0,0
3DL-5PM,3D Lotto 5PM,"[""7"", ""1"", ""3""]",7-1-3,2024-02-21,17:00,0,0
2DL-9PM,2D Lotto 9PM,"[""11"", ""04""]",11-04,2024-02-21,21:00,0,0
3DL-9PM,3D Lotto 9PM,"[""9"", ""4"", ""9""]",9-4-9,2024-02-21,21:00,0,0
4DL,4D Lotto,"[""2"", ""0"", ""7"", ""6""]",2-0-7-6,2024-02-21,21:00,0,0
GL55,Grand Lotto 6/55,"[""15"", ""08"", ""02"", ""49"", ""50"", ""45""]",15-08-02-49-50-45,2024-02-21,21:00,0,0
ML45,Megalotto 6/45,"[""04"", ""06"", ""05"", ""12"", ""28"", ""22""]",04-06-05-12-28-22,2024-02-21,21:00,0,0
2DL-2PM,2D Lotto 2PM,"[""07"", ""18""]",07-18,2024-02-22,14:00,0,0
3DL-2PM,3D Lotto 2PM,"[""3"", ""2"", ""2""]",3-2-2,2024-02-22,14:00,0,0
2DL-5PM,2D Lotto 5PM,"[""15"", ""24""]",15-24,2024-02-22,17:00,0,0
3DL-5PM,3D Lotto 5PM,"[""6"", ""2"", ""7""]",6-2-7,2024-02-22,17:00,0,0
2DL-9PM,2D Lotto 9PM,"[""04"", ""14""]",04-14,2024-02-22,21:00,0,0
3DL-9PM,3D Lotto 9PM,"[""9"", ""7"", ""3""]",9-7-3,2024-02-22,21:00,0,0
6DL,6D Lotto,"[""3"", ""5"", ""9"", ""8"", ""5"", ""1""]",3-5-9-8-5-1,2024-02-22,21:00,0,0
LOTTO42,Lotto 6/42,"[""05"", ""21"", ""17"", ""36"", ""22"", ""07""]",05-21-17-36-22-07,2024-02-22,21:00,0,0
SL49,Superlotto 6/49,"[""36"", ""11"", ""06"", ""46"", ""16"", ""17""]",36-11-06-46-16-17,2024-02-22,21:00,0,0
2DL-2PM,2D Lotto 2PM,"[""21"", ""02""]",21-02,2024-02-23,14:00,0,0
3DL-2PM,3D Lotto 2PM,"[""9"", ""1"", ""2""]",9-1-2,2024-02-23,14:00,0,0
2DL-5PM,2D Lotto 5PM,"[""08"", ""05""]",08-05,2024-02-23,17:00,0,0
3DL-5PM,3D Lotto 5PM,"[""1"", ""1"", ""9""]",1-1-9,2024-02-23,17:00,0,0
2DL-9PM,2D Lotto 9PM,"[""01"", ""20""]",01-20,2024-02-23,21:00,0,0
3DL-9PM,3D Lotto 9PM,"[""3"", ""5"", ""7""]",3-5-7,2024-02-23,21:00,0,0
4DL,4D Lotto,"[""0"", ""1"", ""6"", ""2""]",0-1-6-2,2024-02-23,21:00,0,0
ML45,Megalotto 6/45,"[""33"", ""27"", ""29"", ""26"", ""45"", ""04""]",33-27-29-26-45-04,2024-02-23,21:00,0,0
UL58,Ultra Lotto 6/58,"[""29"", ""55"", ""36"", ""58"", ""10"", ""50""]",29-55-36-58-10-50,2024-02-23,21:00,0,0
2DL-2PM,2D Lotto 2PM,"[""31"", ""05""]",31-05,2024-02-24,14:00,0,0
3DL-2PM,3D Lotto 2PM,"[""2"", ""6"", ""7""]",2-6-7,2024-02-24,14:00,0,0
2DL-5PM,2D Lotto 5PM,"[""04"", ""24""]",04-24,2024-02-24,17:00,0,0
3DL-5PM,3D Lotto 5PM,"[""0"", ""4"", ""5""]",0-4-5,2024-02-24,17:00,0,0
2DL-9PM,2D Lotto 9PM,"[""12"", ""06""]",12-06,2024-02-24,21:00,0,0
3DL-9PM,3D Lotto 9PM,"[""3"", ""4"", ""3""]",3-4-3,2024-02-24,21:00,0,0
6DL,6D Lotto,"[""1"", ""7"", ""4"", ""3"", ""8"", ""5""]",1-7-4-3-8-5,2024-02-24,21:00,0,0
GL55,Grand Lotto 6/55,"[""42"", ""44"", ""01"", ""24"", ""47"", ""02""]",42-44-01-24-47-02,2024-02-24,21:00,0,0
LOTTO42,Lotto 6/42,"[""32"", ""12"", ""27"", ""40"", ""01"", ""19""]",32-12-27-40-01-19,2024-02-24,21:00,0,0
2DL-2PM,2D Lotto 2PM,"[""09"", ""09""]",09-09,2024-02-25,14:00,0,0
3DL-2PM,3D Lotto 2PM,"[""7"", ""7"", ""7""]",7-7-7,2024-02-25,14:00,0,0
2DL-5PM,2D Lotto 5PM,"[""08"", ""03""]",08-03,2024-02-25,17:00,0,0
3DL-5PM,3D Lotto 5PM,"[""6"", ""8"", ""3""]",6-8-3,2024-02-25,17:00,0,0
2DL-9PM,2D Lotto 9PM,"[""12"", ""14""]",12-14,2024-02-25,21:00,0,0
3DL-9PM,3D Lotto 9PM,"[""6"", ""0"", ""9""]",6-0-9,2024-02-25,21:00,0,0
SL49,Superlotto 6/49,"[""20"", ""49"", ""43"", ""46"", ""44"", ""08""]",20-49-43-46-44-08,2024-02-25,21:00,0,0
UL58,Ultra Lotto 6/58,"[""06"", ""33"", ""48"", ""56"", ""27"", ""35""]",06-33-48-56-27-35,2024-02-25,21:00,0,0
2DL-2PM,2D Lotto 2PM,"[""25"", ""20""]",25-20,2024-02-26,14:00,0,0
3DL-2PM,3D Lotto 2PM,"[""0"", ""1"", ""9""]",0-1-9,2024-02-26,14:00,0,0
2DL-5PM,2D Lotto 5PM,"[""03"", ""22""]",03-22,2024-02-26,17:00,0,0
3DL-5PM,3D Lotto 5PM,"[""6"", ""2"", ""5""]",6-2-5,2024-02-26,17:00,0,0
2DL-9PM,2D Lotto 9PM,"[""13"", ""05""]",13-05,2024-02-26,21:00,0,0
3DL-9PM,3D Lotto 9PM,"[""8"", ""9"", ""4""]",8-9-4,2024-02-26,21:00,0,0
4DL,4D Lotto,"[""0"", ""7"", ""1"", ""2""]",0-7-1-2,2024-02-26,21:00,0,0
GL55,Grand Lotto 6/55,"[""22"", ""18"", ""35"", ""39"", ""48"", ""08""]",22-18-35-39-48-08,2024-02-26,21:00,0,0
ML45,Megalotto 6/45,"[""29"", ""07"", ""09"", ""20"", ""03"", ""26""]",29-07-09-20-03-26,2024-02-26,21:00,0,0
2DL-2PM,2D Lotto 2PM,"[""12"", ""08""]",12-08,2024-02-27,14:00,0,0
3DL-2PM,3D Lotto 2PM,"[""0"", ""9"", ""7""]",0-9-7,2024-02-27,14:00,0,0
2DL-5PM,2D Lotto 5PM,"[""04"", ""21""]",04-21,2024-02-27,17:00,0,0
3DL-5PM,3D Lotto 5PM,"[""2"", ""9"", ""1""]",2-9-1,2024-02-27,17:00,0,0
2DL-9PM,2D Lotto 9PM,"[""26"", ""13""]",26-13,2024-02-27,21:00,0,0
3DL-9PM,3D Lotto 9PM,"[""3"", ""6"", ""0""]",3-6-0,2024-02-27,21:00,0,0
6DL,6D Lotto,"[""4"", ""0"", ""5"", ""2"", ""9"", ""7""]",4-0-5-2-9-7,2024-02-27,21:00,0,0
LOTTO42,Lotto 6/42,"[""41"", ""26"", ""32"", ""40"", ""31"", ""39""]",41-26-32-40-31-39,2024-02-27,21:00,0,0
SL49,Superlotto 6/49,"[""19"", ""03"", ""48"", ""31"", ""10"", ""43""]",19-03-48-31-10-43,2024-02-27,21:00,0,0
UL58,Ultra Lotto 6/58,"[""09"", ""14"", ""37"", ""22"", ""13"", ""20""]",09-14-37-22-13-20,2024-02-27,21:00,0,0
2DL-2PM,2D Lotto 2PM,"[""26"", ""12""]",26-12,2024-02-28,14:00,0,0
3DL-2PM,3D Lotto 2PM,"[""7"", ""3"", ""5""]",7-3-5,2024-02-28,14:00,0,0
2DL-5PM,2D Lotto 5PM,"[""18"", ""03""]",18-03,2024-02-28,17:00,0,0
3DL-5PM,3D Lotto 5PM,"[""2"", ""2"", ""7""]",2-2-7,2024-02-28,17:00,0,0
2DL-9PM,2D Lotto 9PM,"[""30"", ""09""]",30-09,2024-02-28,21:00,0,0
3DL-9PM,3D Lotto 9PM,"[""8"", ""6"", ""5""]",8-6-5,2024-02-28,21:00,0,0
4DL,4D Lotto,"[""7"", ""3"", ""2"", ""5""]",7-3-2-5,2024-02-28,21:00,0,0
GL55,Grand Lotto 6/55,"[""49"", ""37"", ""51"", ""36"", ""50"", ""10""]",49-37-51-36-50-10,2024-02-28,21:00,0,0
ML45,Megalotto 6/45,"[""41"", ""35"", ""18"", ""43"", ""33"", ""40""]",41-35-18-43-33-40,2024-02-28,21:00,0,0
2DL-2PM,2D Lotto 2PM,"[""12"", ""10""]",12-10,2024-02-29,14:00,0,0
3DL-2PM,3D Lotto 2PM,"[""3"", ""8"", ""2""]",3-8-2,2024-02-29,14:00,0,0
2DL-5PM,2D Lotto 5PM,"[""08"", ""18""]",08-18,2024-02-29,17:00,0,0
3DL-5PM,3D Lotto 5PM,"[""8"", ""8"", ""4""]",8-8-4,2024-02-29,17:00,0,0
2DL-9PM,2D Lotto 9PM,"[""24"", ""29""]",24-29,2024-02-29,21:00,0,0
3DL-9PM,3D Lotto 9PM,"[""4"", ""8"", ""7""]",4-8-7,2024-02-29,21:00,0,0
6DL,6D Lotto,"[""0"", ""0"", ""7"", ""8"", ""1"", ""6""]",0-0-7-8-1-6,2024-02-29,21:00,0,0
LOTTO42,Lotto 6/42,"[""05"", ""21"", ""03"", ""33"", ""30"", ""41""]",05-21-03-33-30-41,2024-02-29,21:00,0,0
SL49,Superlotto 6/49,"[""17"", ""04"", ""18"", ""20"", ""32"", ""15""]",17-04-18-20-32-15,2024-02-29,21:00,0,0
2DL-2PM,2D Lotto 2PM,"[""31"", ""24""]",31-24,2024-03-01,14:00,0,0
3DL-2PM,3D Lotto 2PM,"[""2"", ""8"", ""3""]",2-8-3,2024-03-01,14:00,0,0
2DL-5PM,2D Lotto 5PM,"[""25"", ""26""]",25-26,2024-03-01,17:00,0,0
3DL-5PM,3D Lotto 5PM,"[""4"", ""4"", ""5""]",4-4-5,2024-03-01,17:00,0,0
2DL-9PM,2D Lotto 9PM,"[""21"", ""20""]",21-20,2024-03-01,21:00,0,0
3DL-9PM,3D Lotto 9PM,"[""8"", ""7"", ""0""]",8-7-0,2024-03-01,21:00,0,0
4DL,4D Lotto,"[""3"", ""1"", ""7"", ""5""]",3-1-7-5,2024-03-01,21:00,0,0
ML45,Megalotto 6/45,"[""15"", ""08"", ""17"", ""24"", ""31"", ""12""]",15-08-17-24-31-12,2024-03-01,21:00,0,0
UL58,Ultra Lotto 6/58,"[""04"", ""07"", ""57"", ""05"", ""54"", ""47""]",04-07-57-05-54-47,2024-03-01,21:00,0,0
2DL-2PM,2D Lotto 2PM,"[""10"", ""26""]",10-26,2024-03-02,14:00,0,0
3DL-2PM,3D Lotto 2PM,"[""2"", ""3"", ""3""]",2-3-3,2024-03-02,14:00,0,0
2DL-5PM,2D Lotto 5PM,"[""18"", ""29""]",18-29,2024-03-02,17:00,0,0
3DL-5PM,3D Lotto 5PM,"[""2"", ""1"", ""4""]",2-1-4,2024-03-02,17:00,0,0
2DL-9PM,2D Lotto 9PM,"[""09"", ""12""]",09-12,2024-03-02,21:00,0,0
3DL-9PM,3D Lotto 9PM,"[""5"", ""8"", ""8""]",5-8-8,2024-03-02,21:00,0,0
6DL,6D Lotto,"[""8"", ""9"", ""4"", ""9"", ""9"", ""7""]",8-9-4-9-9-7,2024-03-02,21:00,0,0
GL55,Grand Lotto 6/55,"[""32"", ""25"", ""16"", ""36"", ""33"", ""29""]",32-25-16-36-33-29,2024-03-02,21:00,0,0
LOTTO42,Lotto 6/42,"[""17"", ""02"", ""04"", ""03"", ""36"", ""35""]",17-02-04-03-36-35,2024-03-02,21:00,0,0
2DL-2PM,2D Lotto 2PM,"[""29"", ""24""]",29-24,2024-03-03,14:00,0,0
3DL-2PM,3D Lotto 2PM,"[""0"", ""8"", ""2""]",0-8-2,2024-03-03,14:00,0,0
2DL-5PM,2D Lotto 5PM,"[""07"", ""05""]",07-05,2024-03-03,17:00,0,0
3DL-5PM,3D Lotto 5PM,"[""5"", ""9"", ""3""]",5-9-3,2024-03-03,17:00,0,0
2DL-9PM,2D Lotto 9PM,"[""01"", ""07""]",01-07,2024-03-03,21:00,0,0
3DL-9PM,3D Lotto 9PM,"[""9"", ""6"", ""8""]",9-6-8,2024-03-03,21:00,0,0
SL49,Superlotto 6/49,"[""02"", ""40"", ""03"", ""36"", ""49"", ""14""]",02-40-03-36-49-14,2024-03-03,21:00,0,0
UL58,Ultra Lotto 6/58,"[""56"", ""57"", ""24"", ""09"", ""30"", ""31""]",56-57-24-09-30-31,2024-03-03,21:00,0,0
2DL-2PM,2D Lotto 2PM,"[""23"", ""19""]",23-19,2024-03-04,14:00,0,0
3DL-2PM,3D Lotto 2PM,"[""8"", ""3"", ""4""]",8-3-4,2024-03-04,14:00,0,0
2DL-5PM,2D Lotto 5PM,"[""01"", ""23""]",01-23,2024-03-04,17:00,0,0
3DL-5PM,3D Lotto 5PM,"[""8"", ""3"", ""9""]",8-3-9,2024-03-04,17:00,0,0
2DL-9PM,2D Lotto 9PM,"[""14"", ""07""]",14-07,2024-03-04,21:00,0,0
3DL-9PM,3D Lotto 9PM,"[""4"", ""0"", ""5""]",4-0-5,2024-03-04,21:00,0,0
4DL,4D Lotto,"[""3"", ""1"", ""4"", ""6""]",3-1-4-6,2024-03-04,21:00,0,0
GL55,Grand Lotto 6/55,"[""07"", ""31"", ""49"", ""33"", ""32"", ""40""]",07-31-49-33-32-40,2024-03-04,21:00,0,0
ML45,Megalotto 6/45,"[""23"", ""28"", ""24"", ""40"", ""35"", ""44""]",23-28-24-40-35-44,2024-03-04,21:00,0,0
2DL-2PM,2D Lotto 2PM,"[""01"", ""14""]",01-14,2024-03-05,14:00,0,0
3DL-2PM,3D Lotto 2PM,"[""9"", ""0"", ""2""]",9-0-2,2024-03-05,14:00,0,0
2DL-5PM,2D Lotto 5PM,"[""14"", ""19""]",14-19,2024-03-05,17:00,0,0
3DL-5PM,3D Lotto 5PM,"[""8"", ""6"", ""6""]",8-6-6,2024-03-05,17:00,0,0
2DL-9PM,2D Lotto 9PM,"[""15"", ""27""]",15-27,2024-03-05,21:00,0,0
3DL-9PM,3D Lotto 9PM,"[""6"", ""7"", ""1""]",6-7-1,2024-03-05,21:00,0,0
6DL,6D Lotto,"[""3"", ""7"", ""7"", ""5"", ""0"", ""1""]",3-7-7-5-0-1,2024-03-05,21:00,0,0
LOTTO42,Lotto 6/42,"[""03"", ""24"", ""40"", ""18"", ""35"", ""41""]",03-24-40-18-35-41,2024-03-05,21:00,0,0
SL49,Superlotto 6/49,"[""13"", ""20"", ""06"", ""37"", ""40"", ""39""]",13-20-06-37-40-39,2024-03-05,21:00,0,0
UL58,Ultra Lotto 6/58,"[""55"", ""52"", ""53"", ""58"", ""45"", ""42""]",55-52-53-58-45-42,2024-03-05,21:00,0,0
2DL-2PM,2D Lotto 2PM,"[""27"", ""26""]",27-26,2024-03-06,14:00,0,0
3DL-2PM,3D Lotto 2PM,"[""8"", ""3"", ""2""]",8-3-2,2024-03-06,14:00,0,0
2DL-5PM,2D Lotto 5PM,"[""14"", ""10""]",14-10,2024-03-06,17:00,0,0
3DL-5PM,3D Lotto 5PM,"[""8"", ""2"", ""1""]",8-2-1,2024-03-06,17:00,0,0
2DL-9PM,2D Lotto 9PM,"[""30"", ""21""]",30-21,2024-03-06,21:00,0,0
3DL-9PM,3D Lotto 9PM,"[""4"", ""1"", ""1""]",4-1-1,2024-03-06,21:00,0,0
4DL,4D Lotto,"[""2"", ""7"", ""2"", ""2""]",2-7-2-2,2024-03-06,21:00,0,0
GL55,Grand Lotto 6/55,"[""24"", ""22"", ""20"", ""05"", ""25"", ""28""]",24-22-20-05-25-28,2024-03-06,21:00,0,0
ML45,Megalotto 6/45,"[""06"", ""15"", ""37"", ""11"", ""35"", ""33""]",06-15-37-11-35-33,2024-03-06,21:00,0,0
2DL-2PM,2D Lotto 2PM,"[""26"", ""29""]",26-29,2024-03-07,14:00,0,0
3DL-2PM,3D Lotto 2PM,"[""4"", ""8"", ""9""]",4-8-9,2024-03-07,14:00,0,0
2DL-5PM,2D Lotto 5PM,"[""25"", ""07""]",25-07,2024-03-07,17:00,0,0
3DL-5PM,3D Lotto 5PM,"[""7"", ""3"", ""7""]",7-3-7,2024-03-07,17:00,0,0
2DL-9PM,2D Lotto 9PM,"[""23"", ""11""]",23-11,2024-03-07,21:00,0,0
3DL-9PM,3D Lotto 9PM,"[""3"", ""6"", ""5""]",3-6-5,2024-03-07,21:00,0,0
6DL,6D Lotto,"[""4"", ""9"", ""0"", ""7"", ""5"", ""3""]",4-9-0-7-5-3,2024-03-07,21:00,0,0
LOTTO42,Lotto 6/42,"[""12"", ""29"", ""28"", ""37"", ""03"", ""10""]",12-29-28-37-03-10,2024-03-07,21:00,0,0
SL49,Superlotto 6/49,"[""29"", ""44"", ""08"", ""24"", ""49"", ""18""]",29-44-08-24-49-18,2024-03-07,21:00,0,0
2DL-2PM,2D Lotto 2PM,"[""26"", ""22""]",26-22,2024-03-08,14:00,0,0
3DL-2PM,3D Lotto 2PM,"[""0"", ""9"", ""2""]",0-9-2,2024-03-08,14:00,0,0
2DL-5PM,2D Lotto 5PM,"[""27"", ""16""]",27-16,2024-03-08,17:00,0,0
3DL-5PM,3D Lotto 5PM,"[""7"", ""7"", ""6""]",7-7-6,2024-03-08,17:00,0,0
2DL-9PM,2D Lotto 9PM,"[""25"", ""18""]",25-18,2024-03-08,21:00,0,0
3DL-9PM,3D Lotto 9PM,"[""0"", ""0"", ""3""]",0-0-3,2024-03-08,21:00,0,0
4DL,4D Lotto,"[""1"", ""2"", ""8"", ""9""]",1-2-8-9,2024-03-08,21:00,0,0
ML45,Megalotto 6/45,"[""04"", ""30"", ""09"", ""27"", ""32"", ""14""]",04-30-09-27-32-14,2024-03-08,21:00,0,0
UL58,Ultra Lotto 6/58,"[""25"", ""29"", ""36"", ""31"", ""34"", ""03""]",25-29-36-31-34-03,2024-03-08,21:00,0,0
2DL-2PM,2D Lotto 2PM,"[""18"", ""18""]",18-18,2024-03-09,14:00,0,0
3DL-2PM,3D Lotto 2PM,"[""9"", ""1"", ""4""]",9-1-4,2024-03-09,14:00,0,0
2DL-5PM,2D Lotto 5PM,"[""06"", ""18""]",06-18,2024-03-09,17:00,0,0
3DL-5PM,3D Lotto 5PM,"[""1"", ""2"", ""8""]",1-2-8,2024-03-09,17:00,0,0
2DL-9PM,2D Lotto 9PM,"[""07"", ""29""]",07-29,2024-03-09,21:00,0,0
3DL-9PM,3D Lotto 9PM,"[""5"", ""6"", ""4""]",5-6-4,2024-03-09,21:00,0,0
6DL,6D Lotto,"[""4"", ""1"", ""6"", ""8"", ""8"", ""1""]",4-1-6-8-8-1,2024-03-09,21:00,0,0
GL55,Grand Lotto 6/55,"[""22"", ""55"", ""24"", ""48"", ""44"", ""43""]",22-55-24-48-44-43,2024-03-09,21:00,0,0
LOTTO42,Lotto 6/42,"[""17"", ""21"", ""12"", ""24"", ""30"", ""02""]",17-21-12-24-30-02,2024-03-09,21:00,0,0
2DL-2PM,2D Lotto 2PM,"[""25"", ""12""]",25-12,2024-03-10,14:00,0,0
3DL-2PM,3D Lotto 2PM,"[""8"", ""8"", ""8""]",8-8-8,2024-03-10,14:00,0,0
2DL-5PM,2D Lotto 5PM,"[""22"", ""12""]",22-12,2024-03-10,17:00,0,0
3DL-5PM,3D Lotto 5PM,"[""4"", ""6"", ""7""]",4-6-7,2024-03-10,17:00,0,0
2DL-9PM,2D Lotto 9PM,"[""31"", ""18""]",31-18,2024-03-10,21:00,0,0
3DL-9PM,3D Lotto 9PM,"[""2"", ""2"", ""1""]",2-2-1,2024-03-10,21:00,0,0
SL49,Superlotto 6/49,"[""05"", ""42"", ""26"", ""21"", ""45"", ""31""]",05-42-26-21-45-31,2024-03-10,21:00,0,0
UL58,Ultra Lotto 6/58,"[""40"", ""50"", ""42"", ""53"", ""08"", ""03""]",40-50-42-53-08-03,2024-03-10,21:00,0,0
2DL-2PM,2D Lotto 2PM,"[""21"", ""03""]",21-03,2024-03-11,14:00,0,0
3DL-2PM,3D Lotto 2PM,"[""1"", ""2"", ""6""]",1-2-6,2024-03-11,14:00,0,0
2DL-5PM,2D Lotto 5PM,"[""29"", ""29""]",29-29,2024-03-11,17:00,0,0
3DL-5PM,3D Lotto 5PM,"[""9"", ""6"", ""3""]",9-6-3,2024-03-11,17:00,0,0
2DL-9PM,2D Lotto 9PM,"[""02"", ""21""]",02-21,2024-03-11,21:00,0,0
3DL-9PM,3D Lotto 9PM,"[""8"", ""8"", ""2""]",8-8-2,2024-03-11,21:00,0,0
4DL,4D Lotto,"[""7"", ""9"", ""8"", ""9""]",7-9-8-9,2024-03-11,21:00,0,0
GL55,Grand Lotto 6/55,"[""53"", ""39"", ""30"", ""54"", ""11"", ""40""]",53-39-30-54-11-40,2024-03-11,21:00,0,0
ML45,Megalotto 6/45,"[""07"", ""23"", ""15"", ""03"", ""42"", ""06""]",07-23-15-03-42-06,2024-03-11,21:00,0,0
2DL-2PM,2D Lotto 2PM,"[""15"", ""05""]",15-05,2024-03-12,14:00,0,0
3DL-2PM,3D Lotto 2PM,"[""6"", ""6"", ""6""]",6-6-6,2024-03-12,14:00,0,0
2DL-5PM,2D Lotto 5PM,"[""30"", ""03""]",30-03,2024-03-12,17:00,0,0
3DL-5PM,3D Lotto 5PM,"[""4"", ""3"", ""8""]",4-3-8,2024-03-12,17:00,0,0
2DL-9PM,2D Lotto 9PM,"[""28"", ""01""]",28-01,2024-03-12,21:00,0,0
3DL-9PM,3D Lotto 9PM,"[""2"", ""8"", ""9""]",2-8-9,2024-03-12,21:00,0,0
6DL,6D Lotto,"[""5"", ""7"", ""0"", ""9"", ""5"", ""9""]",5-7-0-9-5-9,2024-03-12,21:00,0,0
LOTTO42,Lotto 6/42,"[""08"", ""05"", ""23"", ""34"", ""20"", ""28""]",08-05-23-34-20-28,2024-03-12,21:00,0,0
SL49,Superlotto 6/49,"[""34"", ""30"", ""20"", ""05"", ""23"", ""13""]",34-30-20-05-23-13,2024-03-12,21:00,0,0
UL58,Ultra Lotto 6/58,"[""21"", ""33"", ""02"", ""46"", ""34"", ""47""]",21-33-02-46-34-47,2024-03-12,21:00,0,0
2DL-2PM,2D Lotto 2PM,"[""14"", ""25""]",14-25,2024-03-13,14:00,0,0
3DL-2PM,3D Lotto 2PM,"[""2"", ""5"", ""1""]",2-5-1,2024-03-13,14:00,0,0
2DL-5PM,2D Lotto 5PM,"[""31"", ""19""]",31-19,2024-03-13,17:00,0,0
3DL-5PM,3D Lotto 5PM,"[""4"", ""9"", ""6""]",4-9-6,2024-03-13,17:00,0,0
2DL-9PM,2D Lotto 9PM,"[""21"", ""23""]",21-23,2024-03-13,21:00,0,0
3DL-9PM,3D Lotto 9PM,"[""9"", ""0"", ""9""]",9-0-9,2024-03-13,21:00,0,0
4DL,4D Lotto,"[""6"", ""4"", ""4"", ""1""]",6-4-4-1,2024-03-13,21:00,0,0
GL55,Grand Lotto 6/55,"[""13"", ""42"", ""35"", ""27"", ""33"", ""30""]",13-42-35-27-33-30,2024-03-13,21:00,0,0
ML45,Megalotto 6/45,"[""15"", ""08"", ""29"", ""34"", ""44"", ""30""]",15-08-29-34-44-30,2024-03-13,21:00,0,0
2DL-2PM,2D Lotto 2PM,"[""30"", ""28""]",30-28,2024-03-14,14:00,0,0
3DL-2PM,3D Lotto 2PM,"[""7"", ""3"", ""4""]",7-3-4,2024-03-14,14:00,0,0
2DL-5PM,2D Lotto 5PM,"[""11"", ""23""]",11-23,2024-03-14,17:00,0,0
3DL-5PM,3D Lotto 5PM,"[""0"", ""6"", ""4""]",0-6-4,2024-03-14,17:00,0,0
2DL-9PM,2D Lotto 9PM,"[""19"", ""03""]",19-03,2024-03-14,21:00,0,0
3DL-9PM,3D Lotto 9PM,"[""4"", ""2"", ""2""]",4-2-2,2024-03-14,21:00,0,0
6DL,6D Lotto,"[""2"", ""8"", ""9"", ""2"", ""5"", ""1""]",2-8-9-2-5-1,2024-03-14,21:00,0,0
LOTTO42,Lotto 6/42,"[""30"", ""09"", ""07"", ""41"", ""33"", ""32""]",30-09-07-41-33-32,2024-03-14,21:00,0,0
SL49,Superlotto 6/49,"[""34"", ""19"", ""46"", ""01"", ""39"", ""08""]",34-19-46-01-39-08,2024-03-14,21:00,0,0
2DL-2PM,2D Lotto 2PM,"[""10"", ""15""]",10-15,2024-03-15,14:00,0,0
3DL-2PM,3D Lotto 2PM,"[""1"", ""1"", ""6""]",1-1-6,2024-03-15,14:00,0,0
2DL-5PM,2D Lotto 5PM,"[""01"", ""19""]",01-19,2024-03-15,17:00,0,0
3DL-5PM,3D Lotto 5PM,"[""4"", ""9"", ""2""]",4-9-2,2024-03-15,17:00,0,0
2DL-9PM,2D Lotto 9PM,"[""21"", ""11""]",21-11,2024-03-15,21:00,0,0
3DL-9PM,3D Lotto 9PM,"[""2"", ""9"", ""5""]",2-9-5,2024-03-15,21:00,0,0
4DL,4D Lotto,"[""9"", ""0"", ""6"", ""1""]",9-0-6-1,2024-03-15,21:00,0,0
ML45,Megalotto 6/45,"[""03"", ""42"", ""02"", ""17"", ""43"", ""10""]",03-42-02-17-43-10,2024-03-15,21:00,0,0
UL58,Ultra Lotto 6/58,"[""54"", ""02"", ""27"", ""26"", ""11"", ""17""]",54-02-27-26-11-17,2024-03-15,21:00,0,0
2DL-2PM,2D Lotto 2PM,"[""17"", ""06""]",17-06,2024-03-16,14:00,0,0
3DL-2PM,3D Lotto 2PM,"[""5"", ""9"", ""8""]",5-9-8,2024-03-16,14:00,0,0
2DL-5PM,2D Lotto 5PM,"[""02"", ""15""]",02-15,2024-03-16,17:00,0,0
3DL-5PM,3D Lotto 5PM,"[""9"", ""1"", ""5""]",9-1-5,2024-03-16,17:00,0,0
2DL-9PM,2D Lotto 9PM,"[""14"", ""04""]",14-04,2024-03-16,21:00,0,0
3DL-9PM,3D Lotto 9PM,"[""4"", ""3"", ""9""]",4-3-9,2024-03-16,21:00,0,0
6DL,6D Lotto,"[""7"", ""6"", ""2"", ""2"", ""3"", ""4""]",7-6-2-2-3-4,2024-03-16,21:00,0,0
GL55,Grand Lotto 6/55,"[""26"", ""01"", ""10"", ""35"", ""12"", ""18""]",26-01-10-35-12-18,2024-03-16,21:00,0,0
LOTTO42,Lotto 6/42,"[""30"", ""15"", ""22"", ""31"", ""17"", ""28""]",30-15-22-31-17-28,2024-03-16,21:00,0,0
2DL-2PM,2D Lotto 2PM,"[""01"", ""02""]",01-02,2024-03-17,14:00,0,0
3DL-2PM,3D Lotto 2PM,"[""3"", ""3"", ""2""]",3-3-2,2024-03-17,14:00,0,0
2DL-5PM,2D Lotto 5PM,"[""17"", ""11""]",17-11,2024-03-17,17:00,0,0
3DL-5PM,3D Lotto 5PM,"[""0"", ""4"", ""4""]",0-4-4,2024-03-17,17:00,0,0
2DL-9PM,2D Lotto 9PM,"[""23"", ""25""]",23-25,2024-03-17,21:00,0,0
3DL-9PM,3D Lotto 9PM,"[""0"", ""4"", ""2""]",0-4-2,2024-03-17,21:00,0,0
SL49,Superlotto 6/49,"[""02"", ""37"", ""27"", ""03"", ""36"", ""39""]",02-37-27-03-36-39,2024-03-17,21:00,0,0
UL58,Ultra Lotto 6/58,"[""48"", ""30"", ""06"", ""37"", ""52"", ""14""]",48-30-06-37-52-14,2024-03-17,21:00,0,0
2DL-2PM,2D Lotto 2PM,"[""15"", ""25""]",15-25,2024-03-18,14:00,0,0
3DL-2PM,3D Lotto 2PM,"[""3"", ""9"", ""7""]",3-9-7,2024-03-18,14:00,0,0
2DL-5PM,2D Lotto 5PM,"[""28"", ""31""]",28-31,2024-03-18,17:00,0,0
3DL-5PM,3D Lotto 5PM,"[""4"", ""1"", ""1""]",4-1-1,2024-03-18,17:00,0,0
2DL-9PM,2D Lotto 9PM,"[""11"", ""25""]",11-25,2024-03-18,21:00,0,0
3DL-9PM,3D Lotto 9PM,"[""3"", ""7"", ""9""]",3-7-9,2024-03-18,21:00,0,0
4DL,4D Lotto,"[""1"", ""1"", ""9"", ""1""]",1-1-9-1,2024-03-18,21:00,0,0
GL55,Grand Lotto 6/55,"[""13"", ""41"", ""05"", ""50"", ""49"", ""54""]",13-41-05-50-49-54,2024-03-18,21:00,0,0
ML45,Megalotto 6/45,"[""45"", ""31"", ""20"", ""15"", ""22"", ""19""]",45-31-20-15-22-19,2024-03-18,21:00,0,0
2DL-2PM,2D Lotto 2PM,"[""22"", ""21""]",22-21,2024-03-19,14:00,0,0
3DL-2PM,3D Lotto 2PM,"[""6"", ""8"", ""5""]",6-8-5,2024-03-19,14:00,0,0
2DL-5PM,2D Lotto 5PM,"[""03"", ""10""]",03-10,2024-03-19,17:00,0,0
3DL-5PM,3D Lotto 5PM,"[""0"", ""5"", ""1""]",0-5-1,2024-03-19,17:00,0,0
2DL-9PM,2D Lotto 9PM,"[""18"", ""07""]",18-07,2024-03-19,21:00,0,0
3DL-9PM,3D Lotto 9PM,"[""2"", ""7"", ""1""]",2-7-1,2024-03-19,21:00,0,0
6DL,6D Lotto,"[""1"", ""1"", ""6"", ""0"", ""4"", ""4""]",1-1-6-0-4-4,2024-03-19,21:00,0,0
LOTTO42,Lotto 6/42,"[""18"", ""27"", ""07"", ""14"", ""11"", ""09""]",18-27-07-14-11-09,2024-03-19,21:00,0,0
SL49,Superlotto 6/49,"[""42"", ""44"", ""09"", ""07"", ""16"", ""49""]",42-44-09-07-16-49,2024-03-19,21:00,0,0
UL58,Ultra Lotto 6/58,"[""33"", ""45"", ""13"", ""38"", ""56"", ""42""]",33-45-13-38-56-42,2024-03-19,21:00,0,0
2DL-2PM,2D Lotto 2PM,"[""17"", ""02""]",17-02,2024-03-20,14:00,0,0
3DL-2PM,3D Lotto 2PM,"[""6"", ""9"", ""8""]",6-9-8,2024-03-20,14:00,0,0
2DL-5PM,2D Lotto 5PM,"[""09"", ""15""]",09-15,2024-03-20,17:00,0,0
3DL-5PM,3D Lotto 5PM,"[""8"", ""0"", ""7""]",8-0-7,2024-03-20,17:00,0,0
2DL-9PM,2D Lotto 9PM,"[""26"", ""01""]",26-01,2024-03-20,21:00,0,0
3DL-9PM,3D Lotto 9PM,"[""4"", ""2"", ""7""]",4-2-7,2024-03-20,21:00,0,0
4DL,4D Lotto,"[""3"", ""1"", ""1"", ""9""]",3-1-1-9,2024-03-20,21:00,0,0
GL55,Grand Lotto 6/55,"[""33"", ""51"", ""42"", ""20"", ""47"", ""46""]",33-51-42-20-47-46,2024-03-20,21:00,0,0
ML45,Megalotto 6/45,"[""08"", ""07"", ""16"", ""17"", ""11"", ""37""]",08-07-16-17-11-37,2024-03-20,21:00,0,0
2DL-2PM,2D Lotto 2PM,"[""11"", ""19""]",11-19,2024-03-21,14:00,0,0
3DL-2PM,3D Lotto 2PM,"[""3"", ""8"", ""5""]",3-8-5,2024-03-21,14:00,0,0
2DL-5PM,2D Lotto 5PM,"[""25"", ""13""]",25-13,2024-03-21,17:00,0,0
3DL-5PM,3D Lotto 5PM,"[""9"", ""1"", ""9""]",9-1-9,2024-03-21,17:00,0,0
2DL-9PM,2D Lotto 9PM,"[""01"", ""04""]",01-04,2024-03-21,21:00,0,0
3DL-9PM,3D Lotto 9PM,"[""0"", ""5"", ""7""]",0-5-7,2024-03-21,21:00,0,0
6DL,6D Lotto,"[""8"", ""5"", ""7"", ""5"", ""8"", ""2""]",8-5-7-5-8-2,2024-03-21,21:00,0,0
LOTTO42,Lotto 6/42,"[""09"", ""07"", ""12"", ""13"", ""10"", ""14""]",09-07-12-13-10-14,2024-03-21,21:00,0,0
SL49,Superlotto 6/49,"[""05"", ""27"", ""15"", ""28"", ""18"", ""38""]",05-27-15-28-18-38,2024-03-21,21:00,0,0
2DL-2PM,2D Lotto 2PM,"[""29"", ""12""]",29-12,2024-03-22,14:00,0,0
3DL-2PM,3D Lotto 2PM,"[""4"", ""3"", ""8""]",4-3-8,2024-03-22,14:00,0,0
2DL-5PM,2D Lotto 5PM,"[""03"", ""17""]",03-17,2024-03-22,17:00,0,0
3DL-5PM,3D Lotto 5PM,"[""3"", ""0"", ""8""]",3-0-8,2024-03-22,17:00,0,0
2DL-9PM,2D Lotto 9PM,"[""29"", ""06""]",29-06,2024-03-22,21:00,0,0
3DL-9PM,3D Lotto 9PM,"[""7"", ""9"", ""6""]",7-9-6,2024-03-22,21:00,0,0
4DL,4D Lotto,"[""4"", ""9"", ""5"", ""3""]",4-9-5-3,2024-03-22,21:00,0,0
ML45,Megalotto 6/45,"[""40"", ""18"", ""35"", ""44"", ""01"", ""23""]",40-18-35-44-01-23,2024-03-22,21:00,0,0
UL58,Ultra Lotto 6/58,"[""13"", ""05"", ""47"", ""49"", ""08"", ""54""]",13-05-47-49-08-54,2024-03-22,21:00,0,0
2DL-2PM,2D Lotto 2PM,"[""20"", ""07""]",20-07,2024-03-23,14:00,0,0
3DL-2PM,3D Lotto 2PM,"[""4"", ""5"", ""1""]",4-5-1,2024-03-23,14:00,0,0
2DL-5PM,2D Lotto 5PM,"[""11"", ""21""]",11-21,2024-03-23,17:00,0,0
3DL-5PM,3D Lotto 5PM,"[""0"", ""1"", ""3""]",0-1-3,2024-03-23,17:00,0,0
2DL-9PM,2D Lotto 9PM,"[""30"", ""03""]",30-03,2024-03-23,21:00,0,0
3DL-9PM,3D Lotto 9PM,"[""6"", ""8"", ""1""]",6-8-1,2024-03-23,21:00,0,0
6DL,6D Lotto,"[""8"", ""9"", ""8"", ""6"", ""3"", ""0""]",8-9-8-6-3-0,2024-03-23,21:00,0,0
GL55,Grand Lotto 6/55,"[""40"", ""36"", ""35"", ""26"", ""03"", ""37""]",40-36-35-26-03-37,2024-03-23,21:00,0,0
LOTTO42,Lotto 6/42,"[""31"", ""39"", ""22"", ""04"", ""37"", ""35""]",31-39-22-04-37-35,2024-03-23,21:00,0,0
2DL-2PM,2D Lotto 2PM,"[""09"", ""20""]",09-20,2024-03-24,14:00,0,0
3DL-2PM,3D Lotto 2PM,"[""5"", ""2"", ""6""]",5-2-6,2024-03-24,14:00,0,0
2DL-5PM,2D Lotto 5PM,"[""02"", ""11""]",02-11,2024-03-24,17:00,0,0
3DL-5PM,3D Lotto 5PM,"[""0"", ""9"", ""2""]",0-9-2,2024-03-24,17:00,0,0
2DL-9PM,2D Lotto 9PM,"[""23"", ""20""]",23-20,2024-03-24,21:00,0,0
3DL-9PM,3D Lotto 9PM,"[""7"", ""4"", ""0""]",7-4-0,2024-03-24,21:00,0,0
SL49,Superlotto 6/49,"[""07"", ""47"", ""14"", ""49"", ""26"", ""23""]",07-47-14-49-26-23,2024-03-24,21:00,0,0
UL58,Ultra Lotto 6/58,"[""25"", ""32"", ""10"", ""22"", ""17"", ""57""]",25-32-10-22-17-57,2024-03-24,21:00,0,0
2DL-2PM,2D Lotto 2PM,"[""05"", ""25""]",05-25,2024-03-25,14:00,0,0
3DL-2PM,3D Lotto 2PM,"[""8"", ""4"", ""7""]",8-4-7,2024-03-25,14:00,0,0
2DL-5PM,2D Lotto 5PM,"[""24"", ""07""]",24-07,2024-03-25,17:00,0,0
3DL-5PM,3D Lotto 5PM,"[""1"", ""2"", ""6""]",1-2-6,2024-03-25,17:00,0,0
2DL-9PM,2D Lotto 9PM,"[""03"", ""11""]",03-11,2024-03-25,21:00,0,0
3DL-9PM,3D Lotto 9PM,"[""8"", ""7"", ""2""]",8-7-2,2024-03-25,21:00,0,0
4DL,4D Lotto,"[""4"", ""9"", ""6"", ""8""]",4-9-6-8,2024-03-25,21:00,0,0
GL55,Grand Lotto 6/55,"[""12"", ""49"", ""14"", ""40"", ""54"", ""31""]",12-49-14-40-54-31,2024-03-25,21:00,0,0
ML45,Megalotto 6/45,"[""39"", ""11"", ""29"", ""01"", ""09"", ""19""]",39-11-29-01-09-19,2024-03-25,21:00,0,0
2DL-2PM,2D Lotto 2PM,"[""28"", ""19""]",28-19,2024-03-26,14:00,0,0
3DL-2PM,3D Lotto 2PM,"[""6"", ""0"", ""2""]",6-0-2,2024-03-26,14:00,0,0
2DL-5PM,2D Lotto 5PM,"[""25"", ""14""]",25-14,2024-03-26,17:00,0,0
3DL-5PM,3D Lotto 5PM,"[""1"", ""5"", ""7""]",1-5-7,2024-03-26,17:00,0,0
2DL-9PM,2D Lotto 9PM,"[""30"", ""13""]",30-13,2024-03-26,21:00,0,0
3DL-9PM,3D Lotto 9PM,"[""5"", ""0"", ""5""]",5-0-5,2024-03-26,21:00,0,0
6DL,6D Lotto,"[""2"", ""5"", ""8"", ""4"", ""1"", ""4""]",2-5-8-4-1-4,2024-03-26,21:00,0,0
LOTTO42,Lotto 6/42,"[""17"", ""23"", ""30"", ""27"", ""40"", ""12""]",17-23-30-27-40-12,2024-03-26,21:00,0,0
SL49,Superlotto 6/49,"[""18"", ""36"", ""13"", ""28"", ""19"", ""04""]",18-36-13-28-19-04,2024-03-26,21:00,0,0
UL58,Ultra Lotto 6/58,"[""23"", ""26"", ""48"", ""01"", ""25"", ""31""]",23-26-48-01-25-31,2024-03-26,21:00,0,0
2DL-2PM,2D Lotto 2PM,"[""01"", ""23""]",01-23,2024-03-27,14:00,0,0
3DL-2PM,3D Lotto 2PM,"[""3"", ""0"", ""7""]",3-0-7,2024-03-27,14:00,0,0
2DL-5PM,2D Lotto 5PM,"[""10"", ""12""]",10-12,2024-03-27,17:00,0,0
3DL-5PM,3D Lotto 5PM,"[""5"", ""8"", ""6""]",5-8-6,2024-03-27,17:00,0,0
2DL-9PM,2D Lotto 9PM,"[""13"", ""28""]",13-28,2024-03-27,21:00,0,0
3DL-9PM,3D Lotto 9PM,"[""3"", ""0"", ""2""]",3-0-2,2024-03-27,21:00,0,0
4DL,4D Lotto,"[""6"", ""4"", ""1"", ""3""]",6-4-1-3,2024-03-27,21:00,0,0
GL55,Grand Lotto 6/55,"[""15"", ""02"", ""06"", ""52"", ""19"", ""24""]",15-02-06-52-19-24,2024-03-27,21:00,0,0
ML45,Megalotto 6/45,"[""18"", ""25"", ""05"", ""43"", ""15"", ""11""]",18-25-05-43-15-11,2024-03-27,21:00,0,0
2DL-2PM,2D Lotto 2PM,"[""29"", ""22""]",29-22,2024-04-01,14:00,0,0
3DL-2PM,3D Lotto 2PM,"[""8"", ""0"", ""3""]",8-0-3,2024-04-01,14:00,0,0
2DL-5PM,2D Lotto 5PM,"[""07"", ""08""]",07-08,2024-04-01,17:00,0,0
3DL-5PM,3D Lotto 5PM,"[""5"", ""5"", ""5""]",5-5-5,2024-04-01,17:00,0,0
2DL-9PM,2D Lotto 9PM,"[""18"", ""13""]",18-13,2024-04-01,21:00,0,0
3DL-9PM,3D Lotto 9PM,"[""1"", ""3"", ""8""]",1-3-8,2024-04-01,21:00,0,0
4DL,4D Lotto,"[""7"", ""6"", ""5"", ""4""]",7-6-5-4,2024-04-01,21:00,0,0
GL55,Grand Lotto 6/55,"[""17"", ""52"", ""37"", ""43"", ""38"", ""11""]",17-52-37-43-38-11,2024-04-01,21:00,0,0
ML45,Megalotto 6/45,"[""31"", ""14"", ""17"", ""13"", ""05"", ""09""]",31-14-17-13-05-09,2024-04-01,21:00,0,0
2DL-2PM,2D Lotto 2PM,"[""03"", ""30""]",03-30,2024-04-02,14:00,0,0
3DL-2PM,3D Lotto 2PM,"[""3"", ""4"", ""3""]",3-4-3,2024-04-02,14:00,0,0
2DL-5PM,2D Lotto 5PM,"[""19"", ""10""]",19-10,2024-04-02,17:00,0,0
3DL-5PM,3D Lotto 5PM,"[""2"", ""1"", ""3""]",2-1-3,2024-04-02,17:00,0,0
2DL-9PM,2D Lotto 9PM,"[""31"", ""17""]",31-17,2024-04-02,21:00,0,0
3DL-9PM,3D Lotto 9PM,"[""4"", ""2"", ""5""]",4-2-5,2024-04-02,21:00,0,0
6DL,6D Lotto,"[""2"", ""1"", ""6"", ""6"", ""1"", ""7""]",2-1-6-6-1-7,2024-04-02,21:00,0,0
LOTTO42,Lotto 6/42,"[""01"", ""24"", ""33"", ""21"", ""42"", ""09""]",01-24-33-21-42-09,2024-04-02,21:00,0,0
SL49,Superlotto 6/49,"[""08"", ""25"", ""45"", ""19"", ""06"", ""49""]",08-25-45-19-06-49,2024-04-02,21:00,0,0
UL58,Ultra Lotto 6/58,"[""33"", ""17"", ""07"", ""18"", ""50"", ""57""]",33-17-07-18-50-57,2024-04-02,21:00,0,0
2DL-2PM,2D Lotto 2PM,"[""25"", ""16""]",25-16,2024-04-03,14:00,0,0
3DL-2PM,3D Lotto 2PM,"[""1"", ""8"", ""6""]",1-8-6,2024-04-03,14:00,0,0
2DL-5PM,2D Lotto 5PM,"[""11"", ""17""]",11-17,2024-04-03,17:00,0,0
3DL-5PM,3D Lotto 5PM,"[""4"", ""8"", ""5""]",4-8-5,2024-04-03,17:00,0,0
2DL-9PM,2D Lotto 9PM,"[""02"", ""16""]",02-16,2024-04-03,21:00,0,0
3DL-9PM,3D Lotto 9PM,"[""4"", ""5"", ""4""]",4-5-4,2024-04-03,21:00,0,0
4DL,4D Lotto,"[""2"", ""1"", ""1"", ""7""]",2-1-1-7,2024-04-03,21:00,0,0
GL55,Grand Lotto 6/55,"[""45"", ""18"", ""30"", ""23"", ""11"", ""14""]",45-18-30-23-11-14,2024-04-03,21:00,0,0
ML45,Megalotto 6/45,"[""04"", ""40"", ""44"", ""23"", ""45"", ""24""]",04-40-44-23-45-24,2024-04-03,21:00,0,0
2DL-2PM,2D Lotto 2PM,"[""04"", ""28""]",04-28,2024-04-04,14:00,0,0
3DL-2PM,3D Lotto 2PM,"[""3"", ""8"", ""6""]",3-8-6,2024-04-04,14:00,0,0
2DL-5PM,2D Lotto 5PM,"[""16"", ""07""]",16-07,2024-04-04,17:00,0,0
3DL-5PM,3D Lotto 5PM,"[""5"", ""5"", ""8""]",5-5-8,2024-04-04,17:00,0,0
2DL-9PM,2D Lotto 9PM,"[""22"", ""26""]",22-26,2024-04-04,21:00,0,0
3DL-9PM,3D Lotto 9PM,"[""1"", ""8"", ""0""]",1-8-0,2024-04-04,21:00,0,0
6DL,6D Lotto,"[""6"", ""6"", ""2"", ""8"", ""8"", ""8""]",6-6-2-8-8-8,2024-04-04,21:00,0,0
LOTTO42,Lotto 6/42,"[""26"", ""36"", ""31"", ""40"", ""39"", ""06""]",26-36-31-40-39-06,2024-04-04,21:00,0,0
SL49,Superlotto 6/49,"[""28"", ""16"", ""18"", ""29"", ""14"", ""09""]",28-16-18-29-14-09,2024-04-04,21:00,0,0
2DL-2PM,2D Lotto 2PM,"[""07"", ""21""]",07-21,2024-04-05,14:00,0,0
3DL-2PM,3D Lotto 2PM,"[""0"", ""9"", ""8""]",0-9-8,2024-04-05,14:00,0,0
2DL-5PM,2D Lotto 5PM,"[""25"", ""09""]",25-09,2024-04-05,17:00,0,0
3DL-5PM,3D Lotto 5PM,"[""9"", ""3"", ""1""]",9-3-1,2024-04-05,17:00,0,0
2DL-9PM,2D Lotto 9PM,"[""06"", ""09""]",06-09,2024-04-05,21:00,0,0
3DL-9PM,3D Lotto 9PM,"[""6"", ""0"", ""4""]",6-0-4,2024-04-05,21:00,0,0
4DL,4D Lotto,"[""2"", ""7"", ""5"", ""9""]",2-7-5-9,2024-04-05,21:00,0,0
ML45,Megalotto 6/45,"[""03"", ""32"", ""18"", ""10"", ""11"", ""04""]",03-32-18-10-11-04,2024-04-05,21:00,0,0
UL58,Ultra Lotto 6/58,"[""39"", ""52"", ""26"", ""43"", ""54"", ""32""]",39-52-26-43-54-32,2024-04-05,21:00,0,0
2DL-2PM,2D Lotto 2PM,"[""24"", ""16""]",24-16,2024-04-06,14:00,0,0
3DL-2PM,3D Lotto 2PM,"[""4"", ""9"", ""6""]",4-9-6,2024-04-06,14:00,0,0
2DL-5PM,2D Lotto 5PM,"[""03"", ""29""]",03-29,2024-04-06,17:00,0,0
3DL-5PM,3D Lotto 5PM,"[""4"", ""8"", ""0""]",4-8-0,2024-04-06,17:00,0,0
2DL-9PM,2D Lotto 9PM,"[""24"", ""20""]",24-20,2024-04-06,21:00,0,0
3DL-9PM,3D Lotto 9PM,"[""3"", ""4"", ""1""]",3-4-1,2024-04-06,21:00,0,0
6DL,6D Lotto,"[""9"", ""2"", ""8"", ""2"", ""9"", ""5""]",9-2-8-2-9-5,2024-04-06,21:00,0,0
GL55,Grand Lotto 6/55,"[""42"", ""53"", ""37"", ""30"", ""29"", ""21""]",42-53-37-30-29-21,2024-04-06,21:00,0,0
LOTTO42,Lotto 6/42,"[""28"", ""06"", ""08"", ""33"", ""03"", ""25""]",28-06-08-33-03-25,2024-04-06,21:00,0,0
2DL-2PM,2D Lotto 2PM,"[""27"", ""18""]",27-18,2024-04-07,14:00,0,0
3DL-2PM,3D Lotto 2PM,"[""7"", ""2"", ""4""]",7-2-4,2024-04-07,14:00,0,0
2DL-5PM,2D Lotto 5PM,"[""21"", ""08""]",21-08,2024-04-07,17:00,0,0
3DL-5PM,3D Lotto 5PM,"[""0"", ""4"", ""5""]",0-4-5,2024-04-07,17:00,0,0
2DL-9PM,2D Lotto 9PM,"[""11"", ""12""]",11-12,2024-04-07,21:00,0,0
3DL-9PM,3D Lotto 9PM,"[""1"", ""4"", ""3""]",1-4-3,2024-04-07,21:00,0,0
SL49,Superlotto 6/49,"[""48"", ""08"", ""30"", ""33"", ""31"", ""29""]",48-08-30-33-31-29,2024-04-07,21:00,0,0
UL58,Ultra Lotto 6/58,"[""55"", ""52"", ""20"", ""26"", ""24"", ""02""]",55-52-20-26-24-02,2024-04-07,21:00,0,0
2DL-2PM,2D Lotto 2PM,"[""04"", ""22""]",04-22,2024-04-08,14:00,0,0
3DL-2PM,3D Lotto 2PM,"[""5"", ""5"", ""8""]",5-5-8,2024-04-08,14:00,0,0
2DL-5PM,2D Lotto 5PM,"[""18"", ""10""]",18-10,2024-04-08,17:00,0,0
3DL-5PM,3D Lotto 5PM,"[""1"", ""7"", ""3""]",1-7-3,2024-04-08,17:00,0,0
2DL-9PM,2D Lotto 9PM,"[""30"", ""20""]",30-20,2024-04-08,21:00,0,0
3DL-9PM,3D Lotto 9PM,"[""7"", ""5"", ""6""]",7-5-6,2024-04-08,21:00,0,0
4DL,4D Lotto,"[""9"", ""4"", ""0"", ""4""]",9-4-0-4,2024-04-08,21:00,0,0
GL55,Grand Lotto 6/55,"[""04"", ""35"", ""45"", ""32"", ""13"", ""15""]",04-35-45-32-13-15,2024-04-08,21:00,0,0
ML45,Megalotto 6/45,"[""31"", ""14"", ""17"", ""06"", ""05"", ""20""]",31-14-17-06-05-20,2024-04-08,21:00,0,0
2DL-2PM,2D Lotto 2PM,"[""19"", ""11""]",19-11,2024-04-09,14:00,0,0
3DL-2PM,3D Lotto 2PM,"[""8"", ""0"", ""6""]",8-0-6,2024-04-09,14:00,0,0
2DL-5PM,2D Lotto 5PM,"[""22"", ""12""]",22-12,2024-04-09,17:00,0,0
3DL-5PM,3D Lotto 5PM,"[""5"", ""0"", ""2""]",5-0-2,2024-04-09,17:00,0,0
2DL-9PM,2D Lotto 9PM,"[""06"", ""28""]",06-28,2024-04-09,21:00,0,0
3DL-9PM,3D Lotto 9PM,"[""2"", ""9"", ""6""]",2-9-6,2024-04-09,21:00,0,0
6DL,6D Lotto,"[""0"", ""6"", ""8"", ""1"", ""3"", ""8""]",0-6-8-1-3-8,2024-04-09,21:00,0,0
LOTTO42,Lotto 6/42,"[""28"", ""37"", ""06"", ""05"", ""12"", ""18""]",28-37-06-05-12-18,2024-04-09,21:00,0,0
SL49,Superlotto 6/49,"[""16"", ""27"", ""29"", ""47"", ""33"", ""04""]",16-27-29-47-33-04,2024-04-09,21:00,0,0
UL58,Ultra Lotto 6/58,"[""28"", ""57"", ""34"", ""17"", ""35"", ""19""]",28-57-34-17-35-19,2024-04-09,21:00,0,0
2DL-2PM,2D Lotto 2PM,"[""16"", ""27""]",16-27,2024-04-10,14:00,0,0
3DL-2PM,3D Lotto 2PM,"[""6"", ""9"", ""9""]",6-9-9,2024-04-10,14:00,0,0
2DL-5PM,2D Lotto 5PM,"[""14"", ""20""]",14-20,2024-04-10,17:00,0,0
3DL-5PM,3D Lotto 5PM,"[""6"", ""0"", ""7""]",6-0-7,2024-04-10,17:00,0,0
2DL-9PM,2D Lotto 9PM,"[""07"", ""01""]",07-01,2024-04-10,21:00,0,0
3DL-9PM,3D Lotto 9PM,"[""5"", ""9"", ""2""]",5-9-2,2024-04-10,21:00,0,0
4DL,4D Lotto,"[""5"", ""0"", ""6"", ""4""]",5-0-6-4,2024-04-10,21:00,0,0
GL55,Grand Lotto 6/55,"[""09"", ""37"", ""24"", ""23"", ""07"", ""52""]",09-37-24-23-07-52,2024-04-10,21:00,0,0
ML45,Megalotto 6/45,"[""13"", ""31"", ""09"", ""44"", ""33"", ""18""]",13-31-09-44-33-18,2024-04-10,21:00,0,0
2DL-2PM,2D Lotto 2PM,"[""12"", ""21""]",12-21,2024-04-11,14:00,0,0
3DL-2PM,3D Lotto 2PM,"[""6"", ""5"", ""9""]",6-5-9,2024-04-11,14:00,0,0
2DL-5PM,2D Lotto 5PM,"[""15"", ""04""]",15-04,2024-04-11,17:00,0,0
3DL-5PM,3D Lotto 5PM,"[""0"", ""1"", ""6""]",0-1-6,2024-04-11,17:00,0,0
2DL-9PM,2D Lotto 9PM,"[""07"", ""03""]",07-03,2024-04-11,21:00,0,0
3DL-9PM,3D Lotto 9PM,"[""4"", ""2"", ""1""]",4-2-1,2024-04-11,21:00,0,0
6DL,6D Lotto,"[""3"", ""3"", ""2"", ""5"", ""1"", ""9""]",3-3-2-5-1-9,2024-04-11,21:00,0,0
LOTTO42,Lotto 6/42,"[""08"", ""12"", ""42"", ""02"", ""37"", ""41""]",08-12-42-02-37-41,2024-04-11,21:00,0,0
SL49,Superlotto 6/49,"[""41"", ""15"", ""19"", ""46"", ""16"", ""17""]",41-15-19-46-16-17,2024-04-11,21:00,0,0
2DL-2PM,2D Lotto 2PM,"[""31"", ""21""]",31-21,2024-04-12,14:00,0,0
3DL-2PM,3D Lotto 2PM,"[""6"", ""9"", ""0""]",6-9-0,2024-04-12,14:00,0,0
2DL-5PM,2D Lotto 5PM,"[""15"", ""12""]",15-12,2024-04-12,17:00,0,0
3DL-5PM,3D Lotto 5PM,"[""9"", ""4"", ""8""]",9-4-8,2024-04-12,17:00,0,0
2DL-9PM,2D Lotto 9PM,"[""12"", ""23""]",12-23,2024-04-12,21:00,0,0
3DL-9PM,3D Lotto 9PM,"[""7"", ""5"", ""6""]",7-5-6,2024-04-12,21:00,0,0
4DL,4D Lotto,"[""9"", ""8"", ""1"", ""9""]",9-8-1-9,2024-04-12,21:00,0,0
ML45,Megalotto 6/45,"[""08"", ""30"", ""04"", ""06"", ""11"", ""10""]",08-30-04-06-11-10,2024-04-12,21:00,0,0
UL58,Ultra Lotto 6/58,"[""30"", ""33"", ""56"", ""58"", ""41"", ""13""]",30-33-56-58-41-13,2024-04-12,21:00,0,0
2DL-2PM,2D Lotto 2PM,"[""08"", ""02""]",08-02,2024-04-13,14:00,0,0
3DL-2PM,3D Lotto 2PM,"[""6"", ""3"", ""3""]",6-3-3,2024-04-13,14:00,0,0
2DL-5PM,2D Lotto 5PM,"[""21"", ""22""]",21-22,2024-04-13,17:00,0,0
3DL-5PM,3D Lotto 5PM,"[""8"", ""6"", ""5""]",8-6-5,2024-04-13,17:00,0,0
2DL-9PM,2D Lotto 9PM,"[""08"", ""16""]",08-16,2024-04-13,21:00,0,0
3DL-9PM,3D Lotto 9PM,"[""4"", ""8"", ""1""]",4-8-1,2024-04-13,21:00,0,0
6DL,6D Lotto,"[""7"", ""0"", ""5"", ""4"", ""6"", ""4""]",7-0-5-4-6-4,2024-04-13,21:00,0,0
GL55,Grand Lotto 6/55,"[""17"", ""26"", ""30"", ""39"", ""14"", ""07""]",17-26-30-39-14-07,2024-04-13,21:00,0,0
LOTTO42,Lotto 6/42,"[""26"", ""42"", ""40"", ""33"", ""13"", ""39""]",26-42-40-33-13-39,2024-04-13,21:00,0,0
2DL-2PM,2D Lotto 2PM,"[""24"", ""12""]",24-12,2024-04-14,14:00,0,0
3DL-2PM,3D Lotto 2PM,"[""4"", ""1"", ""2""]",4-1-2,2024-04-14,14:00,0,0
2DL-5PM,2D Lotto 5PM,"[""01"", ""29""]",01-29,2024-04-14,17:00,0,0
3DL-5PM,3D Lotto 5PM,"[""6"", ""6"", ""0""]",6-6-0,2024-04-14,17:00,0,0
2DL-9PM,2D Lotto 9PM,"[""21"", ""30""]",21-30,2024-04-14,21:00,0,0
3DL-9PM,3D Lotto 9PM,"[""9"", ""4"", ""0""]",9-4-0,2024-04-14,21:00,0,0
SL49,Superlotto 6/49,"[""03"", ""16"", ""10"", ""01"", ""21"", ""26""]",03-16-10-01-21-26,2024-04-14,21:00,0,0
UL58,Ultra Lotto 6/58,"[""52"", ""03"", ""48"", ""42"", ""28"", ""02""]",52-03-48-42-28-02,2024-04-14,21:00,0,0
2DL-2PM,2D Lotto 2PM,"[""04"", ""25""]",04-25,2024-04-15,14:00,0,0
3DL-2PM,3D Lotto 2PM,"[""3"", ""2"", ""4""]",3-2-4,2024-04-15,14:00,0,0
2DL-5PM,2D Lotto 5PM,"[""07"", ""23""]",07-23,2024-04-15,17:00,0,0
3DL-5PM,3D Lotto 5PM,"[""9"", ""3"", ""7""]",9-3-7,2024-04-15,17:00,0,0
2DL-9PM,2D Lotto 9PM,"[""02"", ""15""]",02-15,2024-04-15,21:00,0,0
3DL-9PM,3D Lotto 9PM,"[""4"", ""0"", ""3""]",4-0-3,2024-04-15,21:00,0,0
4DL,4D Lotto,"[""7"", ""1"", ""9"", ""1""]",7-1-9-1,2024-04-15,21:00,0,0
GL55,Grand Lotto 6/55,"[""04"", ""16"", ""54"", ""34"", ""23"", ""29""]",04-16-54-34-23-29,2024-04-15,21:00,0,0
ML45,Megalotto 6/45,"[""17"", ""26"", ""35"", ""30"", ""42"", ""07""]",17-26-35-30-42-07,2024-04-15,21:00,0,0
2DL-2PM,2D Lotto 2PM,"[""05"", ""28""]",05-28,2024-04-16,14:00,0,0
3DL-2PM,3D Lotto 2PM,"[""3"", ""8"", ""1""]",3-8-1,2024-04-16,14:00,0,0
2DL-5PM,2D Lotto 5PM,"[""24"", ""05""]",24-05,2024-04-16,17:00,0,0
3DL-5PM,3D Lotto 5PM,"[""1"", ""2"", ""7""]",1-2-7,2024-04-16,17:00,0,0
2DL-9PM,2D Lotto 9PM,"[""19"", ""31""]",19-31,2024-04-16,21:00,0,0
3DL-9PM,3D Lotto 9PM,"[""4"", ""4"", ""0""]",4-4-0,2024-04-16,21:00,0,0
6DL,6D Lotto,"[""2"", ""5"", ""9"", ""9"", ""2"", ""9""]",2-5-9-9-2-9,2024-04-16,21:00,0,0
LOTTO42,Lotto 6/42,"[""31"", ""35"", ""18"", ""26"", ""34"", ""41""]",31-35-18-26-34-41,2024-04-16,21:00,0,0
SL49,Superlotto 6/49,"[""14"", ""17"", ""18"", ""22"", ""29"", ""19""]",14-17-18-22-29-19,2024-04-16,21:00,0,0
UL58,Ultra Lotto 6/58,"[""43"", ""44"", ""37"", ""42"", ""55"", ""38""]",43-44-37-42-55-38,2024-04-16,21:00,0,0
2DL-2PM,2D Lotto 2PM,"[""11"", ""24""]",11-24,2024-04-17,14:00,0,0
3DL-2PM,3D Lotto 2PM,"[""0"", ""8"", ""2""]",0-8-2,2024-04-17,14:00,0,0
2DL-5PM,2D Lotto 5PM,"[""29"", ""03""]",29-03,2024-04-17,17:00,0,0
3DL-5PM,3D Lotto 5PM,"[""5"", ""7"", ""4""]",5-7-4,2024-04-17,17:00,0,0
2DL-9PM,2D Lotto 9PM,"[""16"", ""04""]",16-04,2024-04-17,21:00,0,0
3DL-9PM,3D Lotto 9PM,"[""2"", ""5"", ""0""]",2-5-0,2024-04-17,21:00,0,0
4DL,4D Lotto,"[""7"", ""1"", ""8"", ""1""]",7-1-8-1,2024-04-17,21:00,0,0
GL55,Grand Lotto 6/55,"[""23"", ""02"", ""37"", ""16"", ""11"", ""32""]",23-02-37-16-11-32,2024-04-17,21:00,0,0
ML45,Megalotto 6/45,"[""28"", ""39"", ""29"", ""31"", ""34"", ""17""]",28-39-29-31-34-17,2024-04-17,21:00,0,0
2DL-2PM,2D Lotto 2PM,"[""15"", ""02""]",15-02,2024-04-18,14:00,0,0
3DL-2PM,3D Lotto 2PM,"[""5"", ""9"", ""8""]",5-9-8,2024-04-18,14:00,0,0
2DL-5PM,2D Lotto 5PM,"[""16"", ""05""]",16-05,2024-04-18,17:00,0,0
3DL-5PM,3D Lotto 5PM,"[""7"", ""7"", ""7""]",7-7-7,2024-04-18,17:00,0,0
2DL-9PM,2D Lotto 9PM,"[""25"", ""21""]",25-21,2024-04-18,21:00,0,0
3DL-9PM,3D Lotto 9PM,"[""5"", ""2"", ""8""]",5-2-8,2024-04-18,21:00,0,0
6DL,6D Lotto,"[""8"", ""2"", ""3"", ""1"", ""8"", ""9""]",8-2-3-1-8-9,2024-04-18,21:00,0,0
LOTTO42,Lotto 6/42,"[""04"", ""28"", ""35"", ""15"", ""10"", ""18""]",04-28-35-15-10-18,2024-04-18,21:00,0,0
SL49,Superlotto 6/49,"[""29"", ""06"", ""33"", ""32"", ""15"", ""23""]",29-06-33-32-15-23,2024-04-18,21:00,0,0
2DL-2PM,2D Lotto 2PM,"[""11"", ""31""]",11-31,2024-04-19,14:00,0,0
3DL-2PM,3D Lotto 2PM,"[""8"", ""8"", ""2""]",8-8-2,2024-04-19,14:00,0,0
2DL-5PM,2D Lotto 5PM,"[""29"", ""30""]",29-30,2024-04-19,17:00,0,0
3DL-5PM,3D Lotto 5PM,"[""7"", ""4"", ""1""]",7-4-1,2024-04-19,17:00,0,0
2DL-9PM,2D Lotto 9PM,"[""04"", ""26""]",04-26,2024-04-19,21:00,0,0
3DL-9PM,3D Lotto 9PM,"[""1"", ""1"", ""5""]",1-1-5,2024-04-19,21:00,0,0
4DL,4D Lotto,"[""7"", ""3"", ""5"", ""1""]",7-3-5-1,2024-04-19,21:00,0,0
ML45,Megalotto 6/45,"[""06"", ""30"", ""16"", ""15"", ""24"", ""03""]",06-30-16-15-24-03,2024-04-19,21:00,0,0
UL58,Ultra Lotto 6/58,"[""14"", ""02"", ""33"", ""15"", ""27"", ""45""]",14-02-33-15-27-45,2024-04-19,21:00,0,0
2DL-2PM,2D Lotto 2PM,"[""02"", ""26""]",02-26,2024-04-20,14:00,0,0
3DL-2PM,3D Lotto 2PM,"[""5"", ""9"", ""7""]",5-9-7,2024-04-20,14:00,0,0
2DL-5PM,2D Lotto 5PM,"[""18"", ""25""]",18-25,2024-04-20,17:00,0,0
3DL-5PM,3D Lotto 5PM,"[""1"", ""4"", ""2""]",1-4-2,2024-04-20,17:00,0,0
2DL-9PM,2D Lotto 9PM,"[""05"", ""27""]",05-27,2024-04-20,21:00,0,0
3DL-9PM,3D Lotto 9PM,"[""0"", ""2"", ""7""]",0-2-7,2024-04-20,21:00,0,0
6DL,6D Lotto,"[""8"", ""7"", ""7"", ""6"", ""0"", ""2""]",8-7-7-6-0-2,2024-04-20,21:00,0,0
GL55,Grand Lotto 6/55,"[""46"", ""01"", ""06"", ""40"", ""27"", ""35""]",46-01-06-40-27-35,2024-04-20,21:00,0,0
LOTTO42,Lotto 6/42,"[""26"", ""39"", ""40"", ""31"", ""29"", ""14""]",26-39-40-31-29-14,2024-04-20,21:00,0,0
2DL-2PM,2D Lotto 2PM,"[""08"", ""05""]",08-05,2024-04-21,14:00,0,0
3DL-2PM,3D Lotto 2PM,"[""1"", ""2"", ""2""]",1-2-2,2024-04-21,14:00,0,0
2DL-5PM,2D Lotto 5PM,"[""16"", ""22""]",16-22,2024-04-21,17:00,0,0
3DL-5PM,3D Lotto 5PM,"[""8"", ""7"", ""3""]",8-7-3,2024-04-21,17:00,0,0
2DL-9PM,2D Lotto 9PM,"[""18"", ""07""]",18-07,2024-04-21,21:00,0,0
3DL-9PM,3D Lotto 9PM,"[""6"", ""1"", ""6""]",6-1-6,2024-04-21,21:00,0,0
SL49,Superlotto 6/49,"[""08"", ""30"", ""49"", ""32"", ""48"", ""37""]",08-30-49-32-48-37,2024-04-21,21:00,0,0
UL58,Ultra Lotto 6/58,"[""57"", ""30"", ""22"", ""39"", ""19"", ""18""]",57-30-22-39-19-18,2024-04-21,21:00,0,0
2DL-2PM,2D Lotto 2PM,"[""09"", ""24""]",09-24,2024-04-22,14:00,0,0
3DL-2PM,3D Lotto 2PM,"[""6"", ""3"", ""3""]",6-3-3,2024-04-22,14:00,0,0
2DL-5PM,2D Lotto 5PM,"[""22"", ""20""]",22-20,2024-04-22,17:00,0,0
3DL-5PM,3D Lotto 5PM,"[""0"", ""8"", ""5""]",0-8-5,2024-04-22,17:00,0,0
2DL-9PM,2D Lotto 9PM,"[""31"", ""12""]",31-12,2024-04-22,21:00,0,0
3DL-9PM,3D Lotto 9PM,"[""2"", ""2"", ""4""]",2-2-4,2024-04-22,21:00,0,0
4DL,4D Lotto,"[""1"", ""5"", ""1"", ""7""]",1-5-1-7,2024-04-22,21:00,0,0
GL55,Grand Lotto 6/55,"[""51"", ""09"", ""47"", ""41"", ""40"", ""04""]",51-09-47-41-40-04,2024-04-22,21:00,0,0
ML45,Megalotto 6/45,"[""33"", ""17"", ""40"", ""09"", ""42"", ""20""]",33-17-40-09-42-20,2024-04-22,21:00,0,0
2DL-2PM,2D Lotto 2PM,"[""11"", ""27""]",11-27,2024-04-23,14:00,0,0
3DL-2PM,3D Lotto 2PM,"[""4"", ""0"", ""4""]",4-0-4,2024-04-23,14:00,0,0
2DL-5PM,2D Lotto 5PM,"[""09"", ""13""]",09-13,2024-04-23,17:00,0,0
3DL-5PM,3D Lotto 5PM,"[""2"", ""0"", ""8""]",2-0-8,2024-04-23,17:00,0,0
2DL-9PM,2D Lotto 9PM,"[""20"", ""01""]",20-01,2024-04-23,21:00,0,0
3DL-9PM,3D Lotto 9PM,"[""8"", ""4"", ""4""]",8-4-4,2024-04-23,21:00,0,0
6DL,6D Lotto,"[""6"", ""2"", ""6"", ""6"", ""2"", ""4""]",6-2-6-6-2-4,2024-04-23,21:00,0,0
LOTTO42,Lotto 6/42,"[""36"", ""34"", ""14"", ""08"", ""23"", ""31""]",36-34-14-08-23-31,2024-04-23,21:00,0,0
SL49,Superlotto 6/49,"[""42"", ""02"", ""44"", ""24"", ""14"", ""16""]",42-02-44-24-14-16,2024-04-23,21:00,0,0
UL58,Ultra Lotto 6/58,"[""31"", ""07"", ""48"", ""15"", ""45"", ""47""]",31-07-48-15-45-47,2024-04-23,21:00,0,0
2DL-2PM,2D Lotto 2PM,"[""25"", ""10""]",25-10,2024-04-24,14:00,0,0
3DL-2PM,3D Lotto 2PM,"[""9"", ""8"", ""3""]",9-8-3,2024-04-24,14:00,0,0
2DL-5PM,2D Lotto 5PM,"[""02"", ""09""]",02-09,2024-04-24,17:00,0,0
3DL-5PM,3D Lotto 5PM,"[""9"", ""3"", ""2""]",9-3-2,2024-04-24,17:00,0,0
2DL-9PM,2D Lotto 9PM,"[""09"", ""18""]",09-18,2024-04-24,21:00,0,0
3DL-9PM,3D Lotto 9PM,"[""7"", ""4"", ""9""]",7-4-9,2024-04-24,21:00,0,0
4DL,4D Lotto,"[""4"", ""4"", ""0"", ""0""]",4-4-0-0,2024-04-24,21:00,0,0
GL55,Grand Lotto 6/55,"[""30"", ""43"", ""55"", ""41"", ""50"", ""37""]",30-43-55-41-50-37,2024-04-24,21:00,0,0
ML45,Megalotto 6/45,"[""09"", ""32"", ""26"", ""43"", ""17"", ""35""]",09-32-26-43-17-35,2024-04-24,21:00,0,0
2DL-2PM,2D Lotto 2PM,"[""01"", ""13""]",01-13,2024-04-25,14:00,0,0
3DL-2PM,3D Lotto 2PM,"[""0"", ""6"", ""8""]",0-6-8,2024-04-25,14:00,0,0
2DL-5PM,2D Lotto 5PM,"[""27"", ""24""]",27-24,2024-04-25,17:00,0,0
3DL-5PM,3D Lotto 5PM,"[""2"", ""8"", ""1""]",2-8-1,2024-04-25,17:00,0,0
2DL-9PM,2D Lotto 9PM,"[""31"", ""17""]",31-17,2024-04-25,21:00,0,0
3DL-9PM,3D Lotto 9PM,"[""8"", ""5"", ""1""]",8-5-1,2024-04-25,21:00,0,0
6DL,6D Lotto,"[""2"", ""1"", ""2"", ""3"", ""2"", ""2""]",2-1-2-3-2-2,2024-04-25,21:00,0,0
LOTTO42,Lotto 6/42,"[""08"", ""14"", ""41"", ""37"", ""31"", ""35""]",08-14-41-37-31-35,2024-04-25,21:00,0,0
SL49,Superlotto 6/49,"[""47"", ""11"", ""36"", ""29"", ""21"", ""38""]",47-11-36-29-21-38,2024-04-25,21:00,0,0
2DL-2PM,2D Lotto 2PM,"[""28"", ""13""]",28-13,2024-04-26,14:00,0,0
3DL-2PM,3D Lotto 2PM,"[""3"", ""2"", ""0""]",3-2-0,2024-04-26,14:00,0,0
2DL-5PM,2D Lotto 5PM,"[""05"", ""07""]",05-07,2024-04-26,17:00,0,0
3DL-5PM,3D Lotto 5PM,"[""2"", ""3"", ""6""]",2-3-6,2024-04-26,17:00,0,0
2DL-9PM,2D Lotto 9PM,"[""25"", ""22""]",25-22,2024-04-26,21:00,0,0
3DL-9PM,3D Lotto 9PM,"[""9"", ""3"", ""9""]",9-3-9,2024-04-26,21:00,0,0
4DL,4D Lotto,"[""7"", ""4"", ""1"", ""5""]",7-4-1-5,2024-04-26,21:00,0,0
ML45,Megalotto 6/45,"[""36"", ""25"", ""40"", ""11"", ""10"", ""42""]",36-25-40-11-10-42,2024-04-26,21:00,0,0
UL58,Ultra Lotto 6/58,"[""02"", ""24"", ""22"", ""47"", ""49"", ""21""]",02-24-22-47-49-21,2024-04-26,21:00,0,0
2DL-2PM,2D Lotto 2PM,"[""30"", ""21""]",30-21,2024-04-27,14:00,0,0
3DL-2PM,3D Lotto 2PM,"[""2"", ""3"", ""6""]",2-3-6,2024-04-27,14:00,0,0
2DL-5PM,2D Lotto 5PM,"[""02"", ""24""]",02-24,2024-04-27,17:00,0,0
3DL-5PM,3D Lotto 5PM,"[""6"", ""3"", ""8""]",6-3-8,2024-04-27,17:00,0,0
2DL-9PM,2D Lotto 9PM,"[""27"", ""11""]",27-11,2024-04-27,21:00,0,0
3DL-9PM,3D Lotto 9PM,"[""6"", ""0"", ""7""]",6-0-7,2024-04-27,21:00,0,0
6DL,6D Lotto,"[""5"", ""8"", ""8"", ""1"", ""9"", ""0""]",5-8-8-1-9-0,2024-04-27,21:00,0,0
GL55,Grand Lotto 6/55,"[""45"", ""54"", ""09"", ""31"", ""47"", ""08""]",45-54-09-31-47-08,2024-04-27,21:00,0,0
LOTTO42,Lotto 6/42,"[""19"", ""13"", ""06"", ""10"", ""02"", ""30""]",19-13-06-10-02-30,2024-04-27,21:00,0,0
2DL-2PM,2D Lotto 2PM,"[""02"", ""28""]",02-28,2024-04-28,14:00,0,0
3DL-2PM,3D Lotto 2PM,"[""4"", ""6"", ""3""]",4-6-3,2024-04-28,14:00,0,0
2DL-5PM,2D Lotto 5PM,"[""01"", ""10""]",01-10,2024-04-28,17:00,0,0
3DL-5PM,3D Lotto 5PM,"[""2"", ""3"", ""6""]",2-3-6,2024-04-28,17:00,0,0
2DL-9PM,2D Lotto 9PM,"[""30"", ""17""]",30-17,2024-04-28,21:00,0,0
3DL-9PM,3D Lotto 9PM,"[""8"", ""5"", ""7""]",8-5-7,2024-04-28,21:00,0,0
SL49,Superlotto 6/49,"[""47"", ""37"", ""09"", ""31"", ""17"", ""44""]",47-37-09-31-17-44,2024-04-28,21:00,0,0
UL58,Ultra Lotto 6/58,"[""46"", ""32"", ""52"", ""15"", ""20"", ""21""]",46-32-52-15-20-21,2024-04-28,21:00,0,0
2DL-2PM,2D Lotto 2PM,"[""18"", ""23""]",18-23,2024-04-29,14:00,0,0
3DL-2PM,3D Lotto 2PM,"[""8"", ""5"", ""4""]",8-5-4,2024-04-29,14:00,0,0
2DL-5PM,2D Lotto 5PM,"[""18"", ""30""]",18-30,2024-04-29,17:00,0,0
3DL-5PM,3D Lotto 5PM,"[""7"", ""5"", ""4""]",7-5-4,2024-04-29,17:00,0,0
2DL-9PM,2D Lotto 9PM,"[""21"", ""16""]",21-16,2024-04-29,21:00,0,0
3DL-9PM,3D Lotto 9PM,"[""7"", ""1"", ""1""]",7-1-1,2024-04-29,21:00,0,0
4DL,4D Lotto,"[""5"", ""7"", ""3"", ""0""]",5-7-3-0,2024-04-29,21:00,0,0
GL55,Grand Lotto 6/55,"[""29"", ""32"", ""19"", ""47"", ""30"", ""02""]",29-32-19-47-30-02,2024-04-29,21:00,0,0
ML45,Megalotto 6/45,"[""38"", ""41"", ""20"", ""27"", ""13"", ""02""]",38-41-20-27-13-02,2024-04-29,21:00,0,0
2DL-2PM,2D Lotto 2PM,"[""07"", ""17""]",07-17,2024-04-30,14:00,0,0
3DL-2PM,3D Lotto 2PM,"[""4"", ""1"", ""8""]",4-1-8,2024-04-30,14:00,0,0
2DL-5PM,2D Lotto 5PM,"[""08"", ""10""]",08-10,2024-04-30,17:00,0,0
3DL-5PM,3D Lotto 5PM,"[""7"", ""6"", ""4""]",7-6-4,2024-04-30,17:00,0,0
2DL-9PM,2D Lotto 9PM,"[""06"", ""16""]",06-16,2024-04-30,21:00,0,0
3DL-9PM,3D Lotto 9PM,"[""3"", ""2"", ""3""]",3-2-3,2024-04-30,21:00,0,0
6DL,6D Lotto,"[""7"", ""2"", ""4"", ""5"", ""6"", ""3""]",7-2-4-5-6-3,2024-04-30,21:00,0,0
LOTTO42,Lotto 6/42,"[""41"", ""37"", ""10"", ""05"", ""24"", ""08""]",41-37-10-05-24-08,2024-04-30,21:00,0,0
SL49,Superlotto 6/49,"[""42"", ""19"", ""03"", ""43"", ""23"", ""17""]",42-19-03-43-23-17,2024-04-30,21:00,0,0
UL58,Ultra Lotto 6/58,"[""09"", ""56"", ""36"", ""07"", ""55"", ""54""]",09-56-36-07-55-54,2024-04-30,21:00,0,0
2DL-2PM,2D Lotto 2PM,"[""21"", ""24""]",21-24,2024-05-01,14:00,0,0
3DL-2PM,3D Lotto 2PM,"[""9"", ""8"", ""4""]",9-8-4,2024-05-01,14:00,0,0
2DL-5PM,2D Lotto 5PM,"[""26"", ""13""]",26-13,2024-05-01,17:00,0,0
3DL-5PM,3D Lotto 5PM,"[""2"", ""6"", ""5""]",2-6-5,2024-05-01,17:00,0,0
2DL-9PM,2D Lotto 9PM,"[""24"", ""11""]",24-11,2024-05-01,21:00,0,0
3DL-9PM,3D Lotto 9PM,"[""0"", ""7"", ""5""]",0-7-5,2024-05-01,21:00,0,0
4DL,4D Lotto,"[""9"", ""4"", ""4"", ""9""]",9-4-4-9,2024-05-01,21:00,0,0
GL55,Grand Lotto 6/55,"[""45"", ""16"", ""42"", ""41"", ""50"", ""01""]",45-16-42-41-50-01,2024-05-01,21:00,0,0
ML45,Megalotto 6/45,"[""29"", ""28"", ""38"", ""42"", ""23"", ""27""]",29-28-38-42-23-27,2024-05-01,21:00,0,0
2DL-2PM,2D Lotto 2PM,"[""17"", ""02""]",17-02,2024-05-02,14:00,0,0
3DL-2PM,3D Lotto 2PM,"[""6"", ""0"", ""1""]",6-0-1,2024-05-02,14:00,0,0
2DL-5PM,2D Lotto 5PM,"[""25"", ""06""]",25-06,2024-05-02,17:00,0,0
3DL-5PM,3D Lotto 5PM,"[""6"", ""6"", ""0""]",6-6-0,2024-05-02,17:00,0,0
2DL-9PM,2D Lotto 9PM,"[""25"", ""16""]",25-16,2024-05-02,21:00,0,0
3DL-9PM,3D Lotto 9PM,"[""4"", ""8"", ""2""]",4-8-2,2024-05-02,21:00,0,0
6DL,6D Lotto,"[""2"", ""5"", ""8"", ""7"", ""7"", ""3""]",2-5-8-7-7-3,2024-05-02,21:00,0,0
LOTTO42,Lotto 6/42,"[""02"", ""39"", ""04"", ""23"", ""01"", ""25""]",02-39-04-23-01-25,2024-05-02,21:00,0,0
SL49,Superlotto 6/49,"[""17"", ""01"", ""13"", ""44"", ""21"", ""48""]",17-01-13-44-21-48,2024-05-02,21:00,0,0
2DL-2PM,2D Lotto 2PM,"[""30"", ""21""]",30-21,2024-05-03,14:00,0,0
3DL-2PM,3D Lotto 2PM,"[""0"", ""2"", ""1""]",0-2-1,2024-05-03,14:00,0,0
2DL-5PM,2D Lotto 5PM,"[""24"", ""05""]",24-05,2024-05-03,17:00,0,0
3DL-5PM,3D Lotto 5PM,"[""3"", ""3"", ""1""]",3-3-1,2024-05-03,17:00,0,0
2DL-9PM,2D Lotto 9PM,"[""22"", ""14""]",22-14,2024-05-03,21:00,0,0
3DL-9PM,3D Lotto 9PM,"[""6"", ""0"", ""6""]",6-0-6,2024-05-03,21:00,0,0
4DL,4D Lotto,"[""6"", ""5"", ""8"", ""1""]",6-5-8-1,2024-05-03,21:00,0,0
ML45,Megalotto 6/45,"[""36"", ""03"", ""05"", ""19"", ""41"", ""12""]",36-03-05-19-41-12,2024-05-03,21:00,0,0
UL58,Ultra Lotto 6/58,"[""32"", ""30"", ""08"", ""03"", ""51"", ""06""]",32-30-08-03-51-06,2024-05-03,21:00,0,0
2DL-2PM,2D Lotto 2PM,"[""14"", ""24""]",14-24,2024-05-04,14:00,0,0
3DL-2PM,3D Lotto 2PM,"[""6"", ""9"", ""0""]",6-9-0,2024-05-04,14:00,0,0
2DL-5PM,2D Lotto 5PM,"[""28"", ""30""]",28-30,2024-05-04,17:00,0,0
3DL-5PM,3D Lotto 5PM,"[""1"", ""5"", ""2""]",1-5-2,2024-05-04,17:00,0,0
2DL-9PM,2D Lotto 9PM,"[""12"", ""23""]",12-23,2024-05-04,21:00,0,0
3DL-9PM,3D Lotto 9PM,"[""6"", ""1"", ""7""]",6-1-7,2024-05-04,21:00,0,0
6DL,6D Lotto,"[""9"", ""0"", ""6"", ""6"", ""0"", ""0""]",9-0-6-6-0-0,2024-05-04,21:00,0,0
GL55,Grand Lotto 6/55,"[""48"", ""41"", ""04"", ""40"", ""24"", ""43""]",48-41-04-40-24-43,2024-05-04,21:00,0,0
LOTTO42,Lotto 6/42,"[""05"", ""37"", ""41"", ""30"", ""38"", ""16""]",05-37-41-30-38-16,2024-05-04,21:00,0,0
2DL-2PM,2D Lotto 2PM,"[""20"", ""05""]",20-05,2024-05-05,14:00,0,0
3DL-2PM,3D Lotto 2PM,"[""9"", ""6"", ""7""]",9-6-7,2024-05-05,14:00,0,0
2DL-5PM,2D Lotto 5PM,"[""13"", ""22""]",13-22,2024-05-05,17:00,0,0
3DL-5PM,3D Lotto 5PM,"[""2"", ""1"", ""6""]",2-1-6,2024-05-05,17:00,0,0
2DL-9PM,2D Lotto 9PM,"[""19"", ""21""]",19-21,2024-05-05,21:00,0,0
3DL-9PM,3D Lotto 9PM,"[""0"", ""5"", ""4""]",0-5-4,2024-05-05,21:00,0,0
SL49,Superlotto 6/49,"[""42"", ""34"", ""41"", ""15"", ""47"", ""40""]",42-34-41-15-47-40,2024-05-05,21:00,0,0
UL58,Ultra Lotto 6/58,"[""04"", ""48"", ""28"", ""17"", ""22"", ""33""]",04-48-28-17-22-33,2024-05-05,21:00,0,0
2DL-2PM,2D Lotto 2PM,"[""15"", ""23""]",15-23,2024-05-06,14:00,0,0
3DL-2PM,3D Lotto 2PM,"[""1"", ""5"", ""6""]",1-5-6,2024-05-06,14:00,0,0
2DL-5PM,2D Lotto 5PM,"[""18"", ""06""]",18-06,2024-05-06,17:00,0,0
3DL-5PM,3D Lotto 5PM,"[""3"", ""6"", ""0""]",3-6-0,2024-05-06,17:00,0,0
2DL-9PM,2D Lotto 9PM,"[""05"", ""11""]",05-11,2024-05-06,21:00,0,0
3DL-9PM,3D Lotto 9PM,"[""0"", ""1"", ""3""]",0-1-3,2024-05-06,21:00,0,0
4DL,4D Lotto,"[""6"", ""4"", ""2"", ""3""]",6-4-2-3,2024-05-06,21:00,0,0
GL55,Grand Lotto 6/55,"[""36"", ""52"", ""29"", ""24"", ""28"", ""42""]",36-52-29-24-28-42,2024-05-06,21:00,0,0
ML45,Megalotto 6/45,"[""30"", ""09"", ""31"", ""02"", ""18"", ""06""]",30-09-31-02-18-06,2024-05-06,21:00,0,0
2DL-2PM,2D Lotto 2PM,"[""07"", ""20""]",07-20,2024-05-07,14:00,0,0
3DL-2PM,3D Lotto 2PM,"[""8"", ""4"", ""6""]",8-4-6,2024-05-07,14:00,0,0
2DL-5PM,2D Lotto 5PM,"[""13"", ""20""]",13-20,2024-05-07,17:00,0,0
3DL-5PM,3D Lotto 5PM,"[""0"", ""3"", ""4""]",0-3-4,2024-05-07,17:00,0,0
2DL-9PM,2D Lotto 9PM,"[""27"", ""14""]",27-14,2024-05-07,21:00,0,0
3DL-9PM,3D Lotto 9PM,"[""4"", ""2"", ""5""]",4-2-5,2024-05-07,21:00,0,0
6DL,6D Lotto,"[""2"", ""1"", ""8"", ""6"", ""4"", ""0""]",2-1-8-6-4-0,2024-05-07,21:00,0,0
LOTTO42,Lotto 6/42,"[""25"", ""07"", ""05"", ""04"", ""09"", ""02""]",25-07-05-04-09-02,2024-05-07,21:00,0,0
SL49,Superlotto 6/49,"[""40"", ""18"", ""07"", ""06"", ""24"", ""27""]",40-18-07-06-24-27,2024-05-07,21:00,0,0
UL58,Ultra Lotto 6/58,"[""35"", ""11"", ""09"", ""40"", ""55"", ""19""]",35-11-09-40-55-19,2024-05-07,21:00,0,0
2DL-2PM,2D Lotto 2PM,"[""15"", ""01""]",15-01,2024-05-08,14:00,0,0
3DL-2PM,3D Lotto 2PM,"[""3"", ""2"", ""0""]",3-2-0,2024-05-08,14:00,0,0
2DL-5PM,2D Lotto 5PM,"[""29"", ""13""]",29-13,2024-05-08,17:00,0,0
3DL-5PM,3D Lotto 5PM,"[""2"", ""2"", ""9""]",2-2-9,2024-05-08,17:00,0,0
2DL-9PM,2D Lotto 9PM,"[""17"", ""08""]",17-08,2024-05-08,21:00,0,0
3DL-9PM,3D Lotto 9PM,"[""8"", ""7"", ""3""]",8-7-3,2024-05-08,21:00,0,0
4DL,4D Lotto,"[""5"", ""8"", ""4"", ""1""]",5-8-4-1,2024-05-08,21:00,0,0
GL55,Grand Lotto 6/55,"[""01"", ""39"", ""28"", ""20"", ""07"", ""27""]",01-39-28-20-07-27,2024-05-08,21:00,0,0
ML45,Megalotto 6/45,"[""04"", ""39"", ""14"", ""20"", ""28"", ""41""]",04-39-14-20-28-41,2024-05-08,21:00,0,0
2DL-2PM,2D Lotto 2PM,"[""18"", ""08""]",18-08,2024-05-09,14:00,0,0
3DL-2PM,3D Lotto 2PM,"[""2"", ""3"", ""7""]",2-3-7,2024-05-09,14:00,0,0
2DL-5PM,2D Lotto 5PM,"[""03"", ""28""]",03-28,2024-05-09,17:00,0,0
3DL-5PM,3D Lotto 5PM,"[""0"", ""8"", ""6""]",0-8-6,2024-05-09,17:00,0,0
2DL-9PM,2D Lotto 9PM,"[""01"", ""06""]",01-06,2024-05-09,21:00,0,0
3DL-9PM,3D Lotto 9PM,"[""7"", ""4"", ""1""]",7-4-1,2024-05-09,21:00,0,0
6DL,6D Lotto,"[""9"", ""9"", ""7"", ""4"", ""3"", ""9""]",9-9-7-4-3-9,2024-05-09,21:00,0,0
LOTTO42,Lotto 6/42,"[""15"", ""06"", ""33"", ""18"", ""16"", ""13""]",15-06-33-18-16-13,2024-05-09,21:00,0,0
SL49,Superlotto 6/49,"[""10"", ""13"", ""06"", ""09"", ""39"", ""04""]",10-13-06-09-39-04,2024-05-09,21:00,0,0
2DL-2PM,2D Lotto 2PM,"[""31"", ""16""]",31-16,2024-05-10,14:00,0,0
3DL-2PM,3D Lotto 2PM,"[""2"", ""8"", ""9""]",2-8-9,2024-05-10,14:00,0,0
2DL-5PM,2D Lotto 5PM,"[""31"", ""15""]",31-15,2024-05-10,17:00,0,0
3DL-5PM,3D Lotto 5PM,"[""7"", ""7"", ""3""]",7-7-3,2024-05-10,17:00,0,0
2DL-9PM,2D Lotto 9PM,"[""02"", ""16""]",02-16,2024-05-10,21:00,0,0
3DL-9PM,3D Lotto 9PM,"[""0"", ""8"", ""3""]",0-8-3,2024-05-10,21:00,0,0
4DL,4D Lotto,"[""8"", ""5"", ""5"", ""8""]",8-5-5-8,2024-05-10,21:00,0,0
ML45,Megalotto 6/45,"[""19"", ""30"", ""37"", ""32"", ""03"", ""42""]",19-30-37-32-03-42,2024-05-10,21:00,0,0
UL58,Ultra Lotto 6/58,"[""51"", ""56"", ""06"", ""38"", ""54"", ""39""]",51-56-06-38-54-39,2024-05-10,21:00,0,0
2DL-2PM,2D Lotto 2PM,"[""20"", ""12""]",20-12,2024-05-11,14:00,0,0
3DL-2PM,3D Lotto 2PM,"[""1"", ""6"", ""9""]",1-6-9,2024-05-11,14:00,0,0
2DL-5PM,2D Lotto 5PM,"[""04"", ""28""]",04-28,2024-05-11,17:00,0,0
3DL-5PM,3D Lotto 5PM,"[""7"", ""9"", ""7""]",7-9-7,2024-05-11,17:00,0,0
2DL-9PM,2D Lotto 9PM,"[""20"", ""20""]",20-20,2024-05-11,21:00,0,0
3DL-9PM,3D Lotto 9PM,"[""7"", ""2"", ""9""]",7-2-9,2024-05-11,21:00,0,0
6DL,6D Lotto,"[""2"", ""4"", ""1"", ""7"", ""3"", ""9""]",2-4-1-7-3-9,2024-05-11,21:00,0,0
GL55,Grand Lotto 6/55,"[""13"", ""39"", ""05"", ""33"", ""35"", ""11""]",13-39-05-33-35-11,2024-05-11,21:00,0,0
LOTTO42,Lotto 6/42,"[""10"", ""22"", ""14"", ""24"", ""17"", ""36""]",10-22-14-24-17-36,2024-05-11,21:00,0,0
2DL-2PM,2D Lotto 2PM,"[""22"", ""12""]",22-12,2024-05-12,14:00,0,0
3DL-2PM,3D Lotto 2PM,"[""8"", ""9"", ""5""]",8-9-5,2024-05-12,14:00,0,0
2DL-5PM,2D Lotto 5PM,"[""03"", ""15""]",03-15,2024-05-12,17:00,0,0
3DL-5PM,3D Lotto 5PM,"[""6"", ""8"", ""5""]",6-8-5,2024-05-12,17:00,0,0
2DL-9PM,2D Lotto 9PM,"[""09"", ""23""]",09-23,2024-05-12,21:00,0,0
3DL-9PM,3D Lotto 9PM,"[""0"", ""3"", ""7""]",0-3-7,2024-05-12,21:00,0,0
SL49,Superlotto 6/49,"[""10"", ""18"", ""46"", ""41"", ""29"", ""36""]",10-18-46-41-29-36,2024-05-12,21:00,0,0
UL58,Ultra Lotto 6/58,"[""50"", ""56"", ""05"", ""44"", ""29"", ""53""]",50-56-05-44-29-53,2024-05-12,21:00,0,0
2DL-2PM,2D Lotto 2PM,"[""20"", ""01""]",20-01,2024-05-13,14:00,0,0
3DL-2PM,3D Lotto 2PM,"[""3"", ""5"", ""4""]",3-5-4,2024-05-13,14:00,0,0
2DL-5PM,2D Lotto 5PM,"[""23"", ""15""]",23-15,2024-05-13,17:00,0,0
3DL-5PM,3D Lotto 5PM,"[""0"", ""3"", ""6""]",0-3-6,2024-05-13,17:00,0,0
2DL-9PM,2D Lotto 9PM,"[""06"", ""30""]",06-30,2024-05-13,21:00,0,0
3DL-9PM,3D Lotto 9PM,"[""6"", ""4"", ""5""]",6-4-5,2024-05-13,21:00,0,0
4DL,4D Lotto,"[""3"", ""8"", ""9"", ""0""]",3-8-9-0,2024-05-13,21:00,0,0
GL55,Grand Lotto 6/55,"[""11"", ""21"", ""29"", ""04"", ""53"", ""31""]",11-21-29-04-53-31,2024-05-13,21:00,0,0
ML45,Megalotto 6/45,"[""21"", ""35"", ""38"", ""34"", ""41"", ""44""]",21-35-38-34-41-44,2024-05-13,21:00,0,0
2DL-2PM,2D Lotto 2PM,"[""04"", ""30""]",04-30,2024-05-14,14:00,0,0
3DL-2PM,3D Lotto 2PM,"[""9"", ""8"", ""7""]",9-8-7,2024-05-14,14:00,0,0
2DL-5PM,2D Lotto 5PM,"[""26"", ""12""]",26-12,2024-05-14,17:00,0,0
3DL-5PM,3D Lotto 5PM,"[""9"", ""8"", ""8""]",9-8-8,2024-05-14,17:00,0,0
2DL-9PM,2D Lotto 9PM,"[""03"", ""21""]",03-21,2024-05-14,21:00,0,0
3DL-9PM,3D Lotto 9PM,"[""1"", ""9"", ""2""]",1-9-2,2024-05-14,21:00,0,0
6DL,6D Lotto,"[""9"", ""4"", ""4"", ""0"", ""5"", ""5""]",9-4-4-0-5-5,2024-05-14,21:00,0,0
LOTTO42,Lotto 6/42,"[""26"", ""36"", ""39"", ""17"", ""19"", ""15""]",26-36-39-17-19-15,2024-05-14,21:00,0,0
SL49,Superlotto 6/49,"[""28"", ""38"", ""25"", ""16"", ""04"", ""47""]",28-38-25-16-04-47,2024-05-14,21:00,0,0
UL58,Ultra Lotto 6/58,"[""54"", ""26"", ""48"", ""31"", ""30"", ""27""]",54-26-48-31-30-27,2024-05-14,21:00,0,0
2DL-2PM,2D Lotto 2PM,"[""08"", ""16""]",08-16,2024-05-15,14:00,0,0
3DL-2PM,3D Lotto 2PM,"[""1"", ""4"", ""7""]",1-4-7,2024-05-15,14:00,0,0
2DL-5PM,2D Lotto 5PM,"[""19"", ""27""]",19-27,2024-05-15,17:00,0,0
3DL-5PM,3D Lotto 5PM,"[""4"", ""7"", ""0""]",4-7-0,2024-05-15,17:00,0,0
2DL-9PM,2D Lotto 9PM,"[""24"", ""25""]",24-25,2024-05-15,21:00,0,0
3DL-9PM,3D Lotto 9PM,"[""1"", ""1"", ""1""]",1-1-1,2024-05-15,21:00,0,0
4DL,4D Lotto,"[""9"", ""6"", ""1"", ""1""]",9-6-1-1,2024-05-15,21:00,0,0
GL55,Grand Lotto 6/55,"[""49"", ""53"", ""26"", ""41"", ""03"", ""17""]",49-53-26-41-03-17,2024-05-15,21:00,0,0
ML45,Megalotto 6/45,"[""17"", ""42"", ""21"", ""09"", ""32"", ""05""]",17-42-21-09-32-05,2024-05-15,21:00,0,0
2DL-2PM,2D Lotto 2PM,"[""22"", ""16""]",22-16,2024-05-16,14:00,0,0
3DL-2PM,3D Lotto 2PM,"[""1"", ""5"", ""9""]",1-5-9,2024-05-16,14:00,0,0
2DL-5PM,2D Lotto 5PM,"[""23"", ""08""]",23-08,2024-05-16,17:00,0,0
3DL-5PM,3D Lotto 5PM,"[""1"", ""9"", ""4""]",1-9-4,2024-05-16,17:00,0,0
2DL-9PM,2D Lotto 9PM,"[""08"", ""23""]",08-23,2024-05-16,21:00,0,0
3DL-9PM,3D Lotto 9PM,"[""9"", ""6"", ""3""]",9-6-3,2024-05-16,21:00,0,0
6DL,6D Lotto,"[""5"", ""5"", ""1"", ""7"", ""5"", ""8""]",5-5-1-7-5-8,2024-05-16,21:00,0,0
LOTTO42,Lotto 6/42,"[""11"", ""23"", ""05"", ""22"", ""24"", ""03""]",11-23-05-22-24-03,2024-05-16,21:00,0,0
SL49,Superlotto 6/49,"[""05"", ""15"", ""04"", ""49"", ""30"", ""27""]",05-15-04-49-30-27,2024-05-16,21:00,0,0
2DL-2PM,2D Lotto 2PM,"[""17"", ""16""]",17-16,2024-05-17,14:00,0,0
3DL-2PM,3D Lotto 2PM,"[""1"", ""3"", ""0""]",1-3-0,2024-05-17,14:00,0,0
2DL-5PM,2D Lotto 5PM,"[""19"", ""29""]",19-29,2024-05-17,17:00,0,0
3DL-5PM,3D Lotto 5PM,"[""3"", ""1"", ""9""]",3-1-9,2024-05-17,17:00,0,0
2DL-9PM,2D Lotto 9PM,"[""15"", ""13""]",15-13,2024-05-17,21:00,0,0
3DL-9PM,3D Lotto 9PM,"[""5"", ""6"", ""4""]",5-6-4,2024-05-17,21:00,0,0
4DL,4D Lotto,"[""0"", ""7"", ""0"", ""3""]",0-7-0-3,2024-05-17,21:00,0,0
ML45,Megalotto 6/45,"[""15"", ""27"", ""13"", ""24"", ""01"", ""44""]",15-27-13-24-01-44,2024-05-17,21:00,0,0
UL58,Ultra Lotto 6/58,"[""16"", ""48"", ""44"", ""56"", ""46"", ""38""]",16-48-44-56-46-38,2024-05-17,21:00,0,0
2DL-2PM,2D Lotto 2PM,"[""05"", ""18""]",05-18,2024-05-18,14:00,0,0
3DL-2PM,3D Lotto 2PM,"[""5"", ""1"", ""5""]",5-1-5,2024-05-18,14:00,0,0
2DL-5PM,2D Lotto 5PM,"[""12"", ""20""]",12-20,2024-05-18,17:00,0,0
3DL-5PM,3D Lotto 5PM,"[""0"", ""3"", ""9""]",0-3-9,2024-05-18,17:00,0,0
2DL-9PM,2D Lotto 9PM,"[""31"", ""31""]",31-31,2024-05-18,21:00,0,0
3DL-9PM,3D Lotto 9PM,"[""0"", ""5"", ""2""]",0-5-2,2024-05-18,21:00,0,0
6DL,6D Lotto,"[""6"", ""1"", ""5"", ""7"", ""5"", ""3""]",6-1-5-7-5-3,2024-05-18,21:00,0,0
GL55,Grand Lotto 6/55,"[""08"", ""16"", ""25"", ""44"", ""06"", ""34""]",08-16-25-44-06-34,2024-05-18,21:00,0,0
LOTTO42,Lotto 6/42,"[""36"", ""25"", ""39"", ""08"", ""24"", ""10""]",36-25-39-08-24-10,2024-05-18,21:00,0,0
2DL-2PM,2D Lotto 2PM,"[""24"", ""26""]",24-26,2024-05-19,14:00,0,0
3DL-2PM,3D Lotto 2PM,"[""6"", ""6"", ""6""]",6-6-6,2024-05-19,14:00,0,0
2DL-5PM,2D Lotto 5PM,"[""17"", ""03""]",17-03,2024-05-19,17:00,0,0
3DL-5PM,3D Lotto 5PM,"[""0"", ""8"", ""3""]",0-8-3,2024-05-19,17:00,0,0
2DL-9PM,2D Lotto 9PM,"[""16"", ""24""]",16-24,2024-05-19,21:00,0,0
3DL-9PM,3D Lotto 9PM,"[""3"", ""2"", ""7""]",3-2-7,2024-05-19,21:00,0,0
SL49,Superlotto 6/49,"[""16"", ""18"", ""17"", ""44"", ""37"", ""45""]",16-18-17-44-37-45,2024-05-19,21:00,0,0
UL58,Ultra Lotto 6/58,"[""02"", ""56"", ""44"", ""24"", ""27"", ""40""]",02-56-44-24-27-40,2024-05-19,21:00,0,0
2DL-2PM,2D Lotto 2PM,"[""21"", ""16""]",21-16,2024-05-20,14:00,0,0
3DL-2PM,3D Lotto 2PM,"[""2"", ""9"", ""1""]",2-9-1,2024-05-20,14:00,0,0
2DL-5PM,2D Lotto 5PM,"[""10"", ""06""]",10-06,2024-05-20,17:00,0,0
3DL-5PM,3D Lotto 5PM,"[""3"", ""0"", ""2""]",3-0-2,2024-05-20,17:00,0,0
2DL-9PM,2D Lotto 9PM,"[""31"", ""13""]",31-13,2024-05-20,21:00,0,0
3DL-9PM,3D Lotto 9PM,"[""4"", ""2"", ""1""]",4-2-1,2024-05-20,21:00,0,0
4DL,4D Lotto,"[""2"", ""2"", ""4"", ""0""]",2-2-4-0,2024-05-20,21:00,0,0
GL55,Grand Lotto 6/55,"[""17"", ""01"", ""34"", ""06"", ""50"", ""45""]",17-01-34-06-50-45,2024-05-20,21:00,0,0
ML45,Megalotto 6/45,"[""22"", ""25"", ""04"", ""45"", ""40"", ""30""]",22-25-04-45-40-30,2024-05-20,21:00,0,0
2DL-2PM,2D Lotto 2PM,"[""16"", ""06""]",16-06,2024-05-21,14:00,0,0
3DL-2PM,3D Lotto 2PM,"[""6"", ""4"", ""9""]",6-4-9,2024-05-21,14:00,0,0
2DL-5PM,2D Lotto 5PM,"[""29"", ""24""]",29-24,2024-05-21,17:00,0,0
3DL-5PM,3D Lotto 5PM,"[""6"", ""3"", ""8""]",6-3-8,2024-05-21,17:00,0,0
2DL-9PM,2D Lotto 9PM,"[""25"", ""22""]",25-22,2024-05-21,21:00,0,0
3DL-9PM,3D Lotto 9PM,"[""8"", ""1"", ""9""]",8-1-9,2024-05-21,21:00,0,0
6DL,6D Lotto,"[""3"", ""3"", ""1"", ""9"", ""4"", ""0""]",3-3-1-9-4-0,2024-05-21,21:00,0,0
LOTTO42,Lotto 6/42,"[""34"", ""39"", ""11"", ""10"", ""36"", ""09""]",34-39-11-10-36-09,2024-05-21,21:00,0,0
SL49,Superlotto 6/49,"[""19"", ""37"", ""31"", ""49"", ""41"", ""47""]",19-37-31-49-41-47,2024-05-21,21:00,0,0
UL58,Ultra Lotto 6/58,"[""46"", ""05"", ""13"", ""40"", ""01"", ""29""]",46-05-13-40-01-29,2024-05-21,21:00,0,0
2DL-2PM,2D Lotto 2PM,"[""26"", ""24""]",26-24,2024-05-22,14:00,0,0
3DL-2PM,3D Lotto 2PM,"[""9"", ""0"", ""1""]",9-0-1,2024-05-22,14:00,0,0
2DL-5PM,2D Lotto 5PM,"[""03"", ""04""]",03-04,2024-05-22,17:00,0,0
3DL-5PM,3D Lotto 5PM,"[""2"", ""0"", ""0""]",2-0-0,2024-05-22,17:00,0,0
2DL-9PM,2D Lotto 9PM,"[""12"", ""28""]",12-28,2024-05-22,21:00,0,0
3DL-9PM,3D Lotto 9PM,"[""7"", ""1"", ""1""]",7-1-1,2024-05-22,21:00,0,0
4DL,4D Lotto,"[""9"", ""6"", ""5"", ""7""]",9-6-5-7,2024-05-22,21:00,0,0
GL55,Grand Lotto 6/55,"[""27"", ""29"", ""14"", ""24"", ""41"", ""20""]",27-29-14-24-41-20,2024-05-22,21:00,0,0
ML45,Megalotto 6/45,"[""11"", ""30"", ""21"", ""04"", ""22"", ""13""]",11-30-21-04-22-13,2024-05-22,21:00,0,0
2DL-2PM,2D Lotto 2PM,"[""26"", ""15""]",26-15,2024-05-23,14:00,0,0
3DL-2PM,3D Lotto 2PM,"[""2"", ""6"", ""5""]",2-6-5,2024-05-23,14:00,0,0
2DL-5PM,2D Lotto 5PM,"[""17"", ""07""]",17-07,2024-05-23,17:00,0,0
3DL-5PM,3D Lotto 5PM,"[""4"", ""2"", ""1""]",4-2-1,2024-05-23,17:00,0,0
2DL-9PM,2D Lotto 9PM,"[""27"", ""31""]",27-31,2024-05-23,21:00,0,0
3DL-9PM,3D Lotto 9PM,"[""2"", ""0"", ""9""]",2-0-9,2024-05-23,21:00,0,0
6DL,6D Lotto,"[""9"", ""4"", ""9"", ""6"", ""0"", ""9""]",9-4-9-6-0-9,2024-05-23,21:00,0,0
LOTTO42,Lotto 6/42,"[""21"", ""24"", ""26"", ""29"", ""38"", ""37""]",21-24-26-29-38-37,2024-05-23,21:00,0,0
SL49,Superlotto 6/49,"[""10"", ""12"", ""33"", ""24"", ""22"", ""07""]",10-12-33-24-22-07,2024-05-23,21:00,0,0
2DL-2PM,2D Lotto 2PM,"[""24"", ""01""]",24-01,2024-05-24,14:00,0,0
3DL-2PM,3D Lotto 2PM,"[""4"", ""0"", ""4""]",4-0-4,2024-05-24,14:00,0,0
2DL-5PM,2D Lotto 5PM,"[""24"", ""16""]",24-16,2024-05-24,17:00,0,0
3DL-5PM,3D Lotto 5PM,"[""2"", ""1"", ""4""]",2-1-4,2024-05-24,17:00,0,0
2DL-9PM,2D Lotto 9PM,"[""10"", ""25""]",10-25,2024-05-24,21:00,0,0
3DL-9PM,3D Lotto 9PM,"[""1"", ""6"", ""4""]",1-6-4,2024-05-24,21:00,0,0
4DL,4D Lotto,"[""8"", ""0"", ""3"", ""3""]",8-0-3-3,2024-05-24,21:00,0,0
ML45,Megalotto 6/45,"[""39"", ""35"", ""30"", ""13"", ""06"", ""02""]",39-35-30-13-06-02,2024-05-24,21:00,0,0
UL58,Ultra Lotto 6/58,"[""06"", ""10"", ""33"", ""29"", ""41"", ""26""]",06-10-33-29-41-26,2024-05-24,21:00,0,0
2DL-2PM,2D Lotto 2PM,"[""02"", ""29""]",02-29,2024-05-25,14:00,0,0
3DL-2PM,3D Lotto 2PM,"[""3"", ""3"", ""0""]",3-3-0,2024-05-25,14:00,0,0
2DL-5PM,2D Lotto 5PM,"[""01"", ""29""]",01-29,2024-05-25,17:00,0,0
3DL-5PM,3D Lotto 5PM,"[""5"", ""2"", ""4""]",5-2-4,2024-05-25,17:00,0,0
2DL-9PM,2D Lotto 9PM,"[""26"", ""14""]",26-14,2024-05-25,21:00,0,0
3DL-9PM,3D Lotto 9PM,"[""1"", ""2"", ""7""]",1-2-7,2024-05-25,21:00,0,0
6DL,6D Lotto,"[""5"", ""0"", ""6"", ""4"", ""4"", ""8""]",5-0-6-4-4-8,2024-05-25,21:00,0,0
GL55,Grand Lotto 6/55,"[""49"", ""43"", ""26"", ""03"", ""21"", ""50""]",49-43-26-03-21-50,2024-05-25,21:00,0,0
LOTTO42,Lotto 6/42,"[""03"", ""39"", ""20"", ""36"", ""17"", ""35""]",03-39-20-36-17-35,2024-05-25,21:00,0,0
2DL-2PM,2D Lotto 2PM,"[""27"", ""26""]",27-26,2024-05-26,14:00,0,0
3DL-2PM,3D Lotto 2PM,"[""4"", ""1"", ""9""]",4-1-9,2024-05-26,14:00,0,0
2DL-5PM,2D Lotto 5PM,"[""31"", ""18""]",31-18,2024-05-26,17:00,0,0
3DL-5PM,3D Lotto 5PM,"[""9"", ""9"", ""9""]",9-9-9,2024-05-26,17:00,0,0
2DL-9PM,2D Lotto 9PM,"[""20"", ""03""]",20-03,2024-05-26,21:00,0,0
3DL-9PM,3D Lotto 9PM,"[""7"", ""3"", ""5""]",7-3-5,2024-05-26,21:00,0,0
SL49,Superlotto 6/49,"[""34"", ""49"", ""01"", ""39"", ""43"", ""46""]",34-49-01-39-43-46,2024-05-26,21:00,0,0
UL58,Ultra Lotto 6/58,"[""56"", ""21"", ""44"", ""25"", ""49"", ""58""]",56-21-44-25-49-58,2024-05-26,21:00,0,0
2DL-2PM,2D Lotto 2PM,"[""05"", ""19""]",05-19,2024-05-27,14:00,0,0
3DL-2PM,3D Lotto 2PM,"[""3"", ""7"", ""9""]",3-7-9,2024-05-27,14:00,0,0
2DL-5PM,2D Lotto 5PM,"[""28"", ""30""]",28-30,2024-05-27,17:00,0,0
3DL-5PM,3D Lotto 5PM,"[""9"", ""6"", ""8""]",9-6-8,2024-05-27,17:00,0,0
2DL-9PM,2D Lotto 9PM,"[""27"", ""23""]",27-23,2024-05-27,21:00,0,0
3DL-9PM,3D Lotto 9PM,"[""3"", ""5"", ""5""]",3-5-5,2024-05-27,21:00,0,0
4DL,4D Lotto,"[""2"", ""4"", ""8"", ""2""]",2-4-8-2,2024-05-27,21:00,0,0
GL55,Grand Lotto 6/55,"[""13"", ""53"", ""24"", ""51"", ""38"", ""31""]",13-53-24-51-38-31,2024-05-27,21:00,0,0
ML45,Megalotto 6/45,"[""40"", ""42"", ""18"", ""28"", ""35"", ""23""]",40-42-18-28-35-23,2024-05-27,21:00,0,0
2DL-2PM,2D Lotto 2PM,"[""10"", ""22""]",10-22,2024-05-28,14:00,0,0
3DL-2PM,3D Lotto 2PM,"[""9"", ""7"", ""3""]",9-7-3,2024-05-28,14:00,0,0
2DL-5PM,2D Lotto 5PM,"[""19"", ""21""]",19-21,2024-05-28,17:00,0,0
3DL-5PM,3D Lotto 5PM,"[""9"", ""4"", ""4""]",9-4-4,2024-05-28,17:00,0,0
2DL-9PM,2D Lotto 9PM,"[""29"", ""10""]",29-10,2024-05-28,21:00,0,0
3DL-9PM,3D Lotto 9PM,"[""5"", ""9"", ""5""]",5-9-5,2024-05-28,21:00,0,0
6DL,6D Lotto,"[""5"", ""2"", ""6"", ""8"", ""6"", ""1""]",5-2-6-8-6-1,2024-05-28,21:00,0,0
LOTTO42,Lotto 6/42,"[""33"", ""07"", ""12"", ""38"", ""09"", ""01""]",33-07-12-38-09-01,2024-05-28,21:00,0,0
SL49,Superlotto 6/49,"[""45"", ""14"", ""15"", ""30"", ""23"", ""35""]",45-14-15-30-23-35,2024-05-28,21:00,0,0
UL58,Ultra Lotto 6/58,"[""16"", ""47"", ""40"", ""14"", ""21"", ""22""]",16-47-40-14-21-22,2024-05-28,21:00,0,0
2DL-2PM,2D Lotto 2PM,"[""29"", ""18""]",29-18,2024-05-29,14:00,0,0
3DL-2PM,3D Lotto 2PM,"[""9"", ""0"", ""8""]",9-0-8,2024-05-29,14:00,0,0
2DL-5PM,2D Lotto 5PM,"[""25"", ""24""]",25-24,2024-05-29,17:00,0,0
3DL-5PM,3D Lotto 5PM,"[""2"", ""1"", ""1""]",2-1-1,2024-05-29,17:00,0,0
2DL-9PM,2D Lotto 9PM,"[""30"", ""25""]",30-25,2024-05-29,21:00,0,0
3DL-9PM,3D Lotto 9PM,"[""7"", ""9"", ""3""]",7-9-3,2024-05-29,21:00,0,0
4DL,4D Lotto,"[""1"", ""1"", ""6"", ""9""]",1-1-6-9,2024-05-29,21:00,0,0
GL55,Grand Lotto 6/55,"[""19"", ""39"", ""20"", ""24"", ""25"", ""27""]",19-39-20-24-25-27,2024-05-29,21:00,0,0
ML45,Megalotto 6/45,"[""14"", ""32"", ""41"", ""43"", ""17"", ""09""]",14-32-41-43-17-09,2024-05-29,21:00,0,0
2DL-2PM,2D Lotto 2PM,"[""21"", ""15""]",21-15,2024-05-30,14:00,0,0
3DL-2PM,3D Lotto 2PM,"[""4"", ""7"", ""5""]",4-7-5,2024-05-30,14:00,0,0
2DL-5PM,2D Lotto 5PM,"[""10"", ""28""]",10-28,2024-05-30,17:00,0,0
3DL-5PM,3D Lotto 5PM,"[""9"", ""7"", ""8""]",9-7-8,2024-05-30,17:00,0,0
2DL-9PM,2D Lotto 9PM,"[""18"", ""09""]",18-09,2024-05-30,21:00,0,0
3DL-9PM,3D Lotto 9PM,"[""4"", ""2"", ""4""]",4-2-4,2024-05-30,21:00,0,0
6DL,6D Lotto,"[""0"", ""0"", ""3"", ""2"", ""0"", ""3""]",0-0-3-2-0-3,2024-05-30,21:00,0,0
LOTTO42,Lotto 6/42,"[""33"", ""22"", ""21"", ""04"", ""34"", ""32""]",33-22-21-04-34-32,2024-05-30,21:00,0,0
SL49,Superlotto 6/49,"[""29"", ""34"", ""47"", ""27"", ""46"", ""15""]",29-34-47-27-46-15,2024-05-30,21:00,0,0
2DL-2PM,2D Lotto 2PM,"[""23"", ""09""]",23-09,2024-05-31,14:00,0,0
3DL-2PM,3D Lotto 2PM,"[""1"", ""3"", ""7""]",1-3-7,2024-05-31,14:00,0,0
2DL-5PM,2D Lotto 5PM,"[""22"", ""01""]",22-01,2024-05-31,17:00,0,0
3DL-5PM,3D Lotto 5PM,"[""2"", ""5"", ""4""]",2-5-4,2024-05-31,17:00,0,0
2DL-9PM,2D Lotto 9PM,"[""10"", ""14""]",10-14,2024-05-31,21:00,0,0
3DL-9PM,3D Lotto 9PM,"[""6"", ""6"", ""6""]",6-6-6,2024-05-31,21:00,0,0
4DL,4D Lotto,"[""3"", ""9"", ""7"", ""9""]",3-9-7-9,2024-05-31,21:00,0,0
ML45,Megalotto 6/45,"[""43"", ""21"", ""18"", ""29"", ""10"", ""20""]",43-21-18-29-10-20,2024-05-31,21:00,0,0
UL58,Ultra Lotto 6/58,"[""36"", ""08"", ""40"", ""47"", ""55"", ""17""]",36-08-40-47-55-17,2024-05-31,21:00,0,0
2DL-2PM,2D Lotto 2PM,"[""10"", ""21""]",10-21,2024-06-01,14:00,0,0
3DL-2PM,3D Lotto 2PM,"[""7"", ""1"", ""1""]",7-1-1,2024-06-01,14:00,0,0
2DL-5PM,2D Lotto 5PM,"[""23"", ""15""]",23-15,2024-06-01,17:00,0,0
3DL-5PM,3D Lotto 5PM,"[""0"", ""3"", ""5""]",0-3-5,2024-06-01,17:00,0,0
2DL-9PM,2D Lotto 9PM,"[""30"", ""09""]",30-09,2024-06-01,21:00,0,0
3DL-9PM,3D Lotto 9PM,"[""2"", ""8"", ""4""]",2-8-4,2024-06-01,21:00,0,0
6DL,6D Lotto,"[""7"", ""0"", ""8"", ""3"", ""0"", ""2""]",7-0-8-3-0-2,2024-06-01,21:00,0,0
GL55,Grand Lotto 6/55,"[""36"", ""50"", ""29"", ""02"", ""13"", ""46""]",36-50-29-02-13-46,2024-06-01,21:00,0,0
LOTTO42,Lotto 6/42,"[""22"", ""25"", ""36"", ""16"", ""06"", ""02""]",22-25-36-16-06-02,2024-06-01,21:00,0,0
2DL-2PM,2D Lotto 2PM,"[""13"", ""09""]",13-09,2024-06-02,14:00,0,0
3DL-2PM,3D Lotto 2PM,"[""2"", ""3"", ""0""]",2-3-0,2024-06-02,14:00,0,0
2DL-5PM,2D Lotto 5PM,"[""19"", ""20""]",19-20,2024-06-02,17:00,0,0
3DL-5PM,3D Lotto 5PM,"[""5"", ""8"", ""5""]",5-8-5,2024-06-02,17:00,0,0
2DL-9PM,2D Lotto 9PM,"[""02"", ""13""]",02-13,2024-06-02,21:00,0,0
3DL-9PM,3D Lotto 9PM,"[""8"", ""5"", ""7""]",8-5-7,2024-06-02,21:00,0,0
SL49,Superlotto 6/49,"[""15"", ""40"", ""08"", ""17"", ""41"", ""29""]",15-40-08-17-41-29,2024-06-02,21:00,0,0
UL58,Ultra Lotto 6/58,"[""12"", ""42"", ""19"", ""58"", ""01"", ""26""]",12-42-19-58-01-26,2024-06-02,21:00,0,0
2DL-2PM,2D Lotto 2PM,"[""24"", ""07""]",24-07,2024-06-03,14:00,0,0
3DL-2PM,3D Lotto 2PM,"[""5"", ""8"", ""5""]",5-8-5,2024-06-03,14:00,0,0
2DL-5PM,2D Lotto 5PM,"[""23"", ""20""]",23-20,2024-06-03,17:00,0,0
3DL-5PM,3D Lotto 5PM,"[""5"", ""2"", ""0""]",5-2-0,2024-06-03,17:00,0,0
2DL-9PM,2D Lotto 9PM,"[""15"", ""29""]",15-29,2024-06-03,21:00,0,0
3DL-9PM,3D Lotto 9PM,"[""7"", ""2"", ""5""]",7-2-5,2024-06-03,21:00,0,0
4DL,4D Lotto,"[""0"", ""4"", ""8"", ""2""]",0-4-8-2,2024-06-03,21:00,0,0
GL55,Grand Lotto 6/55,"[""35"", ""54"", ""05"", ""41"", ""06"", ""22""]",35-54-05-41-06-22,2024-06-03,21:00,0,0
ML45,Megalotto 6/45,"[""33"", ""01"", ""43"", ""04"", ""27"", ""25""]",33-01-43-04-27-25,2024-06-03,21:00,0,0
2DL-2PM,2D Lotto 2PM,"[""22"", ""20""]",22-20,2024-06-04,14:00,0,0
3DL-2PM,3D Lotto 2PM,"[""4"", ""7"", ""2""]",4-7-2,2024-06-04,14:00,0,0
2DL-5PM,2D Lotto 5PM,"[""29"", ""29""]",29-29,2024-06-04,17:00,0,0
3DL-5PM,3D Lotto 5PM,"[""0"", ""3"", ""0""]",0-3-0,2024-06-04,17:00,0,0
2DL-9PM,2D Lotto 9PM,"[""08"", ""12""]",08-12,2024-06-04,21:00,0,0
3DL-9PM,3D Lotto 9PM,"[""8"", ""8"", ""3""]",8-8-3,2024-06-04,21:00,0,0
6DL,6D Lotto,"[""5"", ""9"", ""6"", ""6"", ""6"", ""2""]",5-9-6-6-6-2,2024-06-04,21:00,0,0
LOTTO42,Lotto 6/42,"[""16"", ""42"", ""41"", ""11"", ""38"", ""33""]",16-42-41-11-38-33,2024-06-04,21:00,0,0
SL49,Superlotto 6/49,"[""34"", ""09"", ""29"", ""04"", ""28"", ""21""]",34-09-29-04-28-21,2024-06-04,21:00,0,0
UL58,Ultra Lotto 6/58,"[""02"", ""47"", ""04"", ""25"", ""21"", ""41""]",02-47-04-25-21-41,2024-06-04,21:00,0,0
2DL-2PM,2D Lotto 2PM,"[""29"", ""19""]",29-19,2024-06-05,14:00,0,0
3DL-2PM,3D Lotto 2PM,"[""9"", ""6"", ""5""]",9-6-5,2024-06-05,14:00,0,0
2DL-5PM,2D Lotto 5PM,"[""01"", ""28""]",01-28,2024-06-05,17:00,0,0
3DL-5PM,3D Lotto 5PM,"[""8"", ""0"", ""0""]",8-0-0,2024-06-05,17:00,0,0
2DL-9PM,2D Lotto 9PM,"[""11"", ""04""]",11-04,2024-06-05,21:00,0,0
3DL-9PM,3D Lotto 9PM,"[""7"", ""8"", ""7""]",7-8-7,2024-06-05,21:00,0,0
4DL,4D Lotto,"[""1"", ""2"", ""9"", ""1""]",1-2-9-1,2024-06-05,21:00,0,0
GL55,Grand Lotto 6/55,"[""49"", ""29"", ""45"", ""35"", ""08"", ""11""]",49-29-45-35-08-11,2024-06-05,21:00,0,0
ML45,Megalotto 6/45,"[""40"", ""31"", ""16"", ""45"", ""23"", ""02""]",40-31-16-45-23-02,2024-06-05,21:00,0,0
2DL-2PM,2D Lotto 2PM,"[""23"", ""08""]",23-08,2024-06-06,14:00,0,0
3DL-2PM,3D Lotto 2PM,"[""5"", ""1"", ""4""]",5-1-4,2024-06-06,14:00,0,0
2DL-5PM,2D Lotto 5PM,"[""18"", ""20""]",18-20,2024-06-06,17:00,0,0
3DL-5PM,3D Lotto 5PM,"[""0"", ""1"", ""0""]",0-1-0,2024-06-06,17:00,0,0
2DL-9PM,2D Lotto 9PM,"[""30"", ""05""]",30-05,2024-06-06,21:00,0,0
3DL-9PM,3D Lotto 9PM,"[""0"", ""7"", ""6""]",0-7-6,2024-06-06,21:00,0,0
6DL,6D Lotto,"[""4"", ""9"", ""2"", ""3"", ""5"", ""6""]",4-9-2-3-5-6,2024-06-06,21:00,0,0
LOTTO42,Lotto 6/42,"[""05"", ""17"", ""23"", ""22"", ""25"", ""13""]",05-17-23-22-25-13,2024-06-06,21:00,0,0
SL49,Superlotto 6/49,"[""18"", ""03"", ""13"", ""35"", ""30"", ""27""]",18-03-13-35-30-27,2024-06-06,21:00,0,0
2DL-2PM,2D Lotto 2PM,"[""30"", ""03""]",30-03,2024-06-07,14:00,0,0
3DL-2PM,3D Lotto 2PM,"[""3"", ""2"", ""0""]",3-2-0,2024-06-07,14:00,0,0
2DL-5PM,2D Lotto 5PM,"[""19"", ""29""]",19-29,2024-06-07,17:00,0,0
3DL-5PM,3D Lotto 5PM,"[""8"", ""6"", ""0""]",8-6-0,2024-06-07,17:00,0,0
2DL-9PM,2D Lotto 9PM,"[""16"", ""24""]",16-24,2024-06-07,21:00,0,0
3DL-9PM,3D Lotto 9PM,"[""2"", ""7"", ""4""]",2-7-4,2024-06-07,21:00,0,0
4DL,4D Lotto,"[""8"", ""6"", ""5"", ""2""]",8-6-5-2,2024-06-07,21:00,0,0
ML45,Megalotto 6/45,"[""45"", ""35"", ""11"", ""07"", ""38"", ""23""]",45-35-11-07-38-23,2024-06-07,21:00,0,0
UL58,Ultra Lotto 6/58,"[""13"", ""21"", ""11"", ""14"", ""40"", ""37""]",13-21-11-14-40-37,2024-06-07,21:00,0,0
2DL-2PM,2D Lotto 2PM,"[""23"", ""15""]",23-15,2024-06-08,14:00,0,0
3DL-2PM,3D Lotto 2PM,"[""5"", ""1"", ""0""]",5-1-0,2024-06-08,14:00,0,0
2DL-5PM,2D Lotto 5PM,"[""01"", ""16""]",01-16,2024-06-08,17:00,0,0
3DL-5PM,3D Lotto 5PM,"[""8"", ""5"", ""6""]",8-5-6,2024-06-08,17:00,0,0
2DL-9PM,2D Lotto 9PM,"[""28"", ""09""]",28-09,2024-06-08,21:00,0,0
3DL-9PM,3D Lotto 9PM,"[""7"", ""0"", ""9""]",7-0-9,2024-06-08,21:00,0,0
6DL,6D Lotto,"[""4"", ""9"", ""4"", ""2"", ""0"", ""0""]",4-9-4-2-0-0,2024-06-08,21:00,0,0
GL55,Grand Lotto 6/55,"[""16"", ""34"", ""24"", ""15"", ""11"", ""21""]",16-34-24-15-11-21,2024-06-08,21:00,0,0
LOTTO42,Lotto 6/42,"[""27"", ""22"", ""35"", ""33"", ""21"", ""36""]",27-22-35-33-21-36,2024-06-08,21:00,0,0
2DL-2PM,2D Lotto 2PM,"[""12"", ""04""]",12-04,2024-06-09,14:00,0,0
3DL-2PM,3D Lotto 2PM,"[""5"", ""7"", ""4""]",5-7-4,2024-06-09,14:00,0,0
2DL-5PM,2D Lotto 5PM,"[""13"", ""20""]",13-20,2024-06-09,17:00,0,0
3DL-5PM,3D Lotto 5PM,"[""9"", ""1"", ""7""]",9-1-7,2024-06-09,17:00,0,0
2DL-9PM,2D Lotto 9PM,"[""21"", ""15""]",21-15,2024-06-09,21:00,0,0
3DL-9PM,3D Lotto 9PM,"[""1"", ""0"", ""8""]",1-0-8,2024-06-09,21:00,0,0
SL49,Superlotto 6/49,"[""17"", ""13"", ""46"", ""41"", ""10"", ""19""]",17-13-46-41-10-19,2024-06-09,21:00,0,0
UL58,Ultra Lotto 6/58,"[""49"", ""32"", ""02"", ""03"", ""04"", ""34""]",49-32-02-03-04-34,2024-06-09,21:00,0,0
2DL-2PM,2D Lotto 2PM,"[""03"", ""29""]",03-29,2024-06-10,14:00,0,0
3DL-2PM,3D Lotto 2PM,"[""4"", ""2"", ""6""]",4-2-6,2024-06-10,14:00,0,0
2DL-5PM,2D Lotto 5PM,"[""27"", ""20""]",27-20,2024-06-10,17:00,0,0
3DL-5PM,3D Lotto 5PM,"[""6"", ""9"", ""1""]",6-9-1,2024-06-10,17:00,0,0
2DL-9PM,2D Lotto 9PM,"[""12"", ""29""]",12-29,2024-06-10,21:00,0,0
3DL-9PM,3D Lotto 9PM,"[""9"", ""3"", ""1""]",9-3-1,2024-06-10,21:00,0,0
4DL,4D Lotto,"[""5"", ""8"", ""5"", ""6""]",5-8-5-6,2024-06-10,21:00,0,0
GL55,Grand Lotto 6/55,"[""35"", ""06"", ""04"", ""32"", ""48"", ""28""]",35-06-04-32-48-28,2024-06-10,21:00,0,0
ML45,Megalotto 6/45,"[""16"", ""35"", ""11"", ""31"", ""21"", ""44""]",16-35-11-31-21-44,2024-06-10,21:00,0,0
2DL-2PM,2D Lotto 2PM,"[""13"", ""21""]",13-21,2024-06-11,14:00,0,0
3DL-2PM,3D Lotto 2PM,"[""4"", ""6"", ""2""]",4-6-2,2024-06-11,14:00,0,0
2DL-5PM,2D Lotto 5PM,"[""11"", ""20""]",11-20,2024-06-11,17:00,0,0
3DL-5PM,3D Lotto 5PM,"[""7"", ""8"", ""6""]",7-8-6,2024-06-11,17:00,0,0
2DL-9PM,2D Lotto 9PM,"[""14"", ""20""]",14-20,2024-06-11,21:00,0,0
3DL-9PM,3D Lotto 9PM,"[""4"", ""5"", ""0""]",4-5-0,2024-06-11,21:00,0,0
6DL,6D Lotto,"[""2"", ""6"", ""9"", ""3"", ""1"", ""7""]",2-6-9-3-1-7,2024-06-11,21:00,0,0
LOTTO42,Lotto 6/42,"[""31"", ""24"", ""07"", ""27"", ""26"", ""08""]",31-24-07-27-26-08,2024-06-11,21:00,0,0
SL49,Superlotto 6/49,"[""35"", ""46"", ""40"", ""13"", ""03"", ""14""]",35-46-40-13-03-14,2024-06-11,21:00,0,0
UL58,Ultra Lotto 6/58,"[""39"", ""23"", ""50"", ""48"", ""55"", ""37""]",39-23-50-48-55-37,2024-06-11,21:00,0,0
2DL-2PM,2D Lotto 2PM,"[""17"", ""22""]",17-22,2024-06-12,14:00,0,0
3DL-2PM,3D Lotto 2PM,"[""8"", ""3"", ""7""]",8-3-7,2024-06-12,14:00,0,0
2DL-5PM,2D Lotto 5PM,"[""26"", ""04""]",26-04,2024-06-12,17:00,0,0
3DL-5PM,3D Lotto 5PM,"[""7"", ""6"", ""0""]",7-6-0,2024-06-12,17:00,0,0
2DL-9PM,2D Lotto 9PM,"[""08"", ""31""]",08-31,2024-06-12,21:00,0,0
3DL-9PM,3D Lotto 9PM,"[""3"", ""3"", ""2""]",3-3-2,2024-06-12,21:00,0,0
GL55,Grand Lotto 6/55,"[""25"", ""21"", ""23"", ""10"", ""36"", ""42""]",25-21-23-10-36-42,2024-06-12,21:00,0,0
ML45,Megalotto 6/45,"[""07"", ""40"", ""25"", ""08"", ""30"", ""39""]",07-40-25-08-30-39,2024-06-12,21:00,0,0
2DL-2PM,2D Lotto 2PM,"[""06"", ""16""]",06-16,2024-06-13,14:00,0,0
3DL-2PM,3D Lotto 2PM,"[""9"", ""2"", ""1""]",9-2-1,2024-06-13,14:00,0,0
2DL-5PM,2D Lotto 5PM,"[""27"", ""18""]",27-18,2024-06-13,17:00,0,0
3DL-5PM,3D Lotto 5PM,"[""6"", ""5"", ""7""]",6-5-7,2024-06-13,17:00,0,0
2DL-9PM,2D Lotto 9PM,"[""03"", ""14""]",03-14,2024-06-13,21:00,0,0
3DL-9PM,3D Lotto 9PM,"[""0"", ""7"", ""1""]",0-7-1,2024-06-13,21:00,0,0
6DL,6D Lotto,"[""6"", ""8"", ""8"", ""4"", ""0"", ""1""]",6-8-8-4-0-1,2024-06-13,21:00,0,0
LOTTO42,Lotto 6/42,"[""09"", ""37"", ""28"", ""06"", ""11"", ""30""]",09-37-28-06-11-30,2024-06-13,21:00,0,0
SL49,Superlotto 6/49,"[""03"", ""33"", ""11"", ""13"", ""26"", ""17""]",03-33-11-13-26-17,2024-06-13,21:00,0,0
2DL-2PM,2D Lotto 2PM,"[""29"", ""01""]",29-01,2024-06-14,14:00,0,0
3DL-2PM,3D Lotto 2PM,"[""2"", ""1"", ""8""]",2-1-8,2024-06-14,14:00,0,0
2DL-5PM,2D Lotto 5PM,"[""11"", ""28""]",11-28,2024-06-14,17:00,0,0
3DL-5PM,3D Lotto 5PM,"[""1"", ""7"", ""6""]",1-7-6,2024-06-14,17:00,0,0
2DL-9PM,2D Lotto 9PM,"[""10"", ""27""]",10-27,2024-06-14,21:00,0,0
3DL-9PM,3D Lotto 9PM,"[""4"", ""4"", ""9""]",4-4-9,2024-06-14,21:00,0,0
4DL,4D Lotto,"[""7"", ""3"", ""6"", ""7""]",7-3-6-7,2024-06-14,21:00,0,0
ML45,Megalotto 6/45,"[""45"", ""38"", ""41"", ""19"", ""24"", ""05""]",45-38-41-19-24-05,2024-06-14,21:00,0,0
UL58,Ultra Lotto 6/58,"[""13"", ""54"", ""48"", ""41"", ""10"", ""46""]",13-54-48-41-10-46,2024-06-14,21:00,0,0
2DL-2PM,2D Lotto 2PM,"[""12"", ""09""]",12-09,2024-06-15,14:00,0,0
3DL-2PM,3D Lotto 2PM,"[""4"", ""2"", ""4""]",4-2-4,2024-06-15,14:00,0,0
2DL-5PM,2D Lotto 5PM,"[""23"", ""12""]",23-12,2024-06-15,17:00,0,0
3DL-5PM,3D Lotto 5PM,"[""0"", ""3"", ""6""]",0-3-6,2024-06-15,17:00,0,0
2DL-9PM,2D Lotto 9PM,"[""15"", ""18""]",15-18,2024-06-15,21:00,0,0
3DL-9PM,3D Lotto 9PM,"[""9"", ""3"", ""2""]",9-3-2,2024-06-15,21:00,0,0
6DL,6D Lotto,"[""9"", ""1"", ""0"", ""6"", ""4"", ""3""]",9-1-0-6-4-3,2024-06-15,21:00,0,0
GL55,Grand Lotto 6/55,"[""42"", ""16"", ""24"", ""07"", ""12"", ""31""]",42-16-24-07-12-31,2024-06-15,21:00,0,0
LOTTO42,Lotto 6/42,"[""14"", ""36"", ""22"", ""16"", ""07"", ""13""]",14-36-22-16-07-13,2024-06-15,21:00,0,0
2DL-2PM,2D Lotto 2PM,"[""26"", ""09""]",26-09,2024-06-16,14:00,0,0
3DL-2PM,3D Lotto 2PM,"[""8"", ""0"", ""8""]",8-0-8,2024-06-16,14:00,0,0
2DL-5PM,2D Lotto 5PM,"[""15"", ""29""]",15-29,2024-06-16,17:00,0,0
3DL-5PM,3D Lotto 5PM,"[""5"", ""8"", ""9""]",5-8-9,2024-06-16,17:00,0,0
2DL-9PM,2D Lotto 9PM,"[""14"", ""26""]",14-26,2024-06-16,21:00,0,0
3DL-9PM,3D Lotto 9PM,"[""2"", ""0"", ""5""]",2-0-5,2024-06-16,21:00,0,0
SL49,Superlotto 6/49,"[""04"", ""28"", ""41"", ""43"", ""27"", ""11""]",04-28-41-43-27-11,2024-06-16,21:00,0,0
UL58,Ultra Lotto 6/58,"[""46"", ""36"", ""58"", ""02"", ""50"", ""19""]",46-36-58-02-50-19,2024-06-16,21:00,0,0
2DL-2PM,2D Lotto 2PM,"[""29"", ""31""]",29-31,2024-06-17,14:00,0,0
3DL-2PM,3D Lotto 2PM,"[""0"", ""1"", ""7""]",0-1-7,2024-06-17,14:00,0,0
2DL-5PM,2D Lotto 5PM,"[""24"", ""09""]",24-09,2024-06-17,17:00,0,0
3DL-5PM,3D Lotto 5PM,"[""7"", ""3"", ""7""]",7-3-7,2024-06-17,17:00,0,0
2DL-9PM,2D Lotto 9PM,"[""10"", ""01""]",10-01,2024-06-17,21:00,0,0
3DL-9PM,3D Lotto 9PM,"[""0"", ""4"", ""7""]",0-4-7,2024-06-17,21:00,0,0
4DL,4D Lotto,"[""2"", ""4"", ""2"", ""7""]",2-4-2-7,2024-06-17,21:00,0,0
GL55,Grand Lotto 6/55,"[""41"", ""37"", ""29"", ""36"", ""49"", ""04""]",41-37-29-36-49-04,2024-06-17,21:00,0,0
ML45,Megalotto 6/45,"[""31"", ""45"", ""42"", ""35"", ""17"", ""03""]",31-45-42-35-17-03,2024-06-17,21:00,0,0
2DL-2PM,2D Lotto 2PM,"[""03"", ""24""]",03-24,2024-06-18,14:00,0,0
3DL-2PM,3D Lotto 2PM,"[""1"", ""9"", ""3""]",1-9-3,2024-06-18,14:00,0,0
2DL-5PM,2D Lotto 5PM,"[""14"", ""15""]",14-15,2024-06-18,17:00,0,0
3DL-5PM,3D Lotto 5PM,"[""6"", ""8"", ""8""]",6-8-8,2024-06-18,17:00,0,0
2DL-9PM,2D Lotto 9PM,"[""05"", ""02""]",05-02,2024-06-18,21:00,0,0
3DL-9PM,3D Lotto 9PM,"[""1"", ""9"", ""8""]",1-9-8,2024-06-18,21:00,0,0
6DL,6D Lotto,"[""4"", ""9"", ""4"", ""1"", ""6"", ""6""]",4-9-4-1-6-6,2024-06-18,21:00,0,0
LOTTO42,Lotto 6/42,"[""06"", ""37"", ""29"", ""03"", ""38"", ""19""]",06-37-29-03-38-19,2024-06-18,21:00,0,0
SL49,Superlotto 6/49,"[""32"", ""44"", ""13"", ""34"", ""20"", ""47""]",32-44-13-34-20-47,2024-06-18,21:00,0,0
UL58,Ultra Lotto 6/58,"[""57"", ""02"", ""33"", ""27"", ""07"", ""29""]",57-02-33-27-07-29,2024-06-18,21:00,0,0
2DL-2PM,2D Lotto 2PM,"[""27"", ""24""]",27-24,2024-06-19,14:00,0,0
3DL-2PM,3D Lotto 2PM,"[""9"", ""3"", ""1""]",9-3-1,2024-06-19,14:00,0,0
2DL-5PM,2D Lotto 5PM,"[""20"", ""27""]",20-27,2024-06-19,17:00,0,0
3DL-5PM,3D Lotto 5PM,"[""8"", ""0"", ""2""]",8-0-2,2024-06-19,17:00,0,0
2DL-9PM,2D Lotto 9PM,"[""17"", ""19""]",17-19,2024-06-19,21:00,0,0
3DL-9PM,3D Lotto 9PM,"[""8"", ""7"", ""6""]",8-7-6,2024-06-19,21:00,0,0
4DL,4D Lotto,"[""2"", ""8"", ""0"", ""6""]",2-8-0-6,2024-06-19,21:00,0,0
GL55,Grand Lotto 6/55,"[""17"", ""45"", ""10"", ""06"", ""47"", ""44""]",17-45-10-06-47-44,2024-06-19,21:00,0,0
ML45,Megalotto 6/45,"[""28"", ""43"", ""39"", ""30"", ""35"", ""32""]",28-43-39-30-35-32,2024-06-19,21:00,0,0
2DL-2PM,2D Lotto 2PM,"[""30"", ""09""]",30-09,2024-06-20,14:00,0,0
3DL-2PM,3D Lotto 2PM,"[""7"", ""0"", ""3""]",7-0-3,2024-06-20,14:00,0,0
2DL-5PM,2D Lotto 5PM,"[""20"", ""24""]",20-24,2024-06-20,17:00,0,0
3DL-5PM,3D Lotto 5PM,"[""1"", ""3"", ""4""]",1-3-4,2024-06-20,17:00,0,0
2DL-9PM,2D Lotto 9PM,"[""18"", ""24""]",18-24,2024-06-20,21:00,0,0
3DL-9PM,3D Lotto 9PM,"[""7"", ""4"", ""1""]",7-4-1,2024-06-20,21:00,0,0
6DL,6D Lotto,"[""4"", ""0"", ""0"", ""7"", ""8"", ""4""]",4-0-0-7-8-4,2024-06-20,21:00,0,0
LOTTO42,Lotto 6/42,"[""07"", ""16"", ""15"", ""12"", ""18"", ""35""]",07-16-15-12-18-35,2024-06-20,21:00,0,0
SL49,Superlotto 6/49,"[""12"", ""36"", ""01"", ""18"", ""03"", ""42""]",12-36-01-18-03-42,2024-06-20,21:00,0,0
2DL-2PM,2D Lotto 2PM,"[""08"", ""29""]",08-29,2024-06-21,14:00,0,0
3DL-2PM,3D Lotto 2PM,"[""4"", ""6"", ""1""]",4-6-1,2024-06-21,14:00,0,0
2DL-5PM,2D Lotto 5PM,"[""29"", ""16""]",29-16,2024-06-21,17:00,0,0
3DL-5PM,3D Lotto 5PM,"[""5"", ""8"", ""1""]",5-8-1,2024-06-21,17:00,0,0
2DL-9PM,2D Lotto 9PM,"[""13"", ""21""]",13-21,2024-06-21,21:00,0,0
3DL-9PM,3D Lotto 9PM,"[""2"", ""0"", ""7""]",2-0-7,2024-06-21,21:00,0,0
4DL,4D Lotto,"[""3"", ""5"", ""6"", ""0""]",3-5-6-0,2024-06-21,21:00,0,0
ML45,Megalotto 6/45,"[""41"", ""14"", ""27"", ""20"", ""09"", ""01""]",41-14-27-20-09-01,2024-06-21,21:00,0,0
UL58,Ultra Lotto 6/58,"[""08"", ""24"", ""15"", ""44"", ""04"", ""58""]",08-24-15-44-04-58,2024-06-21,21:00,0,0
2DL-2PM,2D Lotto 2PM,"[""09"", ""13""]",09-13,2024-06-22,14:00,0,0
3DL-2PM,3D Lotto 2PM,"[""1"", ""8"", ""3""]",1-8-3,2024-06-22,14:00,0,0
2DL-5PM,2D Lotto 5PM,"[""07"", ""23""]",07-23,2024-06-22,17:00,0,0
3DL-5PM,3D Lotto 5PM,"[""7"", ""9"", ""6""]",7-9-6,2024-06-22,17:00,0,0
2DL-9PM,2D Lotto 9PM,"[""20"", ""06""]",20-06,2024-06-22,21:00,0,0
3DL-9PM,3D Lotto 9PM,"[""4"", ""6"", ""7""]",4-6-7,2024-06-22,21:00,0,0
6DL,6D Lotto,"[""6"", ""4"", ""2"", ""6"", ""6"", ""3""]",6-4-2-6-6-3,2024-06-22,21:00,0,0
GL55,Grand Lotto 6/55,"[""08"", ""03"", ""09"", ""46"", ""41"", ""38""]",08-03-09-46-41-38,2024-06-22,21:00,0,0
LOTTO42,Lotto 6/42,"[""40"", ""11"", ""25"", ""07"", ""27"", ""30""]",40-11-25-07-27-30,2024-06-22,21:00,0,0
2DL-2PM,2D Lotto 2PM,"[""11"", ""29""]",11-29,2024-06-23,14:00,0,0
3DL-2PM,3D Lotto 2PM,"[""3"", ""1"", ""3""]",3-1-3,2024-06-23,14:00,0,0
2DL-5PM,2D Lotto 5PM,"[""27"", ""27""]",27-27,2024-06-23,17:00,0,0
3DL-5PM,3D Lotto 5PM,"[""9"", ""2"", ""5""]",9-2-5,2024-06-23,17:00,0,0
2DL-9PM,2D Lotto 9PM,"[""07"", ""20""]",07-20,2024-06-23,21:00,0,0
3DL-9PM,3D Lotto 9PM,"[""2"", ""0"", ""7""]",2-0-7,2024-06-23,21:00,0,0
SL49,Superlotto 6/49,"[""48"", ""24"", ""01"", ""28"", ""39"", ""07""]",48-24-01-28-39-07,2024-06-23,21:00,0,0
UL58,Ultra Lotto 6/58,"[""53"", ""17"", ""51"", ""50"", ""01"", ""28""]",53-17-51-50-01-28,2024-06-23,21:00,0,0
2DL-2PM,2D Lotto 2PM,"[""17"", ""06""]",17-06,2024-06-24,14:00,0,0
3DL-2PM,3D Lotto 2PM,"[""7"", ""4"", ""6""]",7-4-6,2024-06-24,14:00,0,0
2DL-5PM,2D Lotto 5PM,"[""25"", ""10""]",25-10,2024-06-24,17:00,0,0
3DL-5PM,3D Lotto 5PM,"[""3"", ""2"", ""1""]",3-2-1,2024-06-24,17:00,0,0
2DL-9PM,2D Lotto 9PM,"[""26"", ""10""]",26-10,2024-06-24,21:00,0,0
3DL-9PM,3D Lotto 9PM,"[""3"", ""7"", ""9""]",3-7-9,2024-06-24,21:00,0,0
4DL,4D Lotto,"[""8"", ""8"", ""2"", ""1""]",8-8-2-1,2024-06-24,21:00,0,0
GL55,Grand Lotto 6/55,"[""03"", ""04"", ""29"", ""49"", ""30"", ""08""]",03-04-29-49-30-08,2024-06-24,21:00,0,0
ML45,Megalotto 6/45,"[""34"", ""02"", ""26"", ""12"", ""01"", ""36""]",34-02-26-12-01-36,2024-06-24,21:00,0,0
2DL-2PM,2D Lotto 2PM,"[""24"", ""19""]",24-19,2024-06-25,14:00,0,0
3DL-2PM,3D Lotto 2PM,"[""2"", ""2"", ""5""]",2-2-5,2024-06-25,14:00,0,0
2DL-5PM,2D Lotto 5PM,"[""19"", ""26""]",19-26,2024-06-25,17:00,0,0
3DL-5PM,3D Lotto 5PM,"[""8"", ""5"", ""9""]",8-5-9,2024-06-25,17:00,0,0
2DL-9PM,2D Lotto 9PM,"[""12"", ""19""]",12-19,2024-06-25,21:00,0,0
3DL-9PM,3D Lotto 9PM,"[""5"", ""9"", ""8""]",5-9-8,2024-06-25,21:00,0,0
6DL,6D Lotto,"[""0"", ""9"", ""2"", ""7"", ""6"", ""1""]",0-9-2-7-6-1,2024-06-25,21:00,0,0
LOTTO42,Lotto 6/42,"[""29"", ""40"", ""01"", ""11"", ""31"", ""06""]",29-40-01-11-31-06,2024-06-25,21:00,0,0
SL49,Superlotto 6/49,"[""01"", ""32"", ""47"", ""45"", ""38"", ""22""]",01-32-47-45-38-22,2024-06-25,21:00,0,0
UL58,Ultra Lotto 6/58,"[""20"", ""58"", ""46"", ""19"", ""24"", ""42""]",20-58-46-19-24-42,2024-06-25,21:00,0,0
2DL-2PM,2D Lotto 2PM,"[""15"", ""10""]",15-10,2024-06-26,14:00,0,0
3DL-2PM,3D Lotto 2PM,"[""6"", ""8"", ""6""]",6-8-6,2024-06-26,14:00,0,0
2DL-5PM,2D Lotto 5PM,"[""27"", ""10""]",27-10,2024-06-26,17:00,0,0
3DL-5PM,3D Lotto 5PM,"[""3"", ""2"", ""4""]",3-2-4,2024-06-26,17:00,0,0
2DL-9PM,2D Lotto 9PM,"[""23"", ""11""]",23-11,2024-06-26,21:00,0,0
3DL-9PM,3D Lotto 9PM,"[""6"", ""6"", ""2""]",6-6-2,2024-06-26,21:00,0,0
4DL,4D Lotto,"[""6"", ""7"", ""3"", ""7""]",6-7-3-7,2024-06-26,21:00,0,0
GL55,Grand Lotto 6/55,"[""13"", ""41"", ""22"", ""52"", ""17"", ""20""]",13-41-22-52-17-20,2024-06-26,21:00,0,0
ML45,Megalotto 6/45,"[""01"", ""26"", ""30"", ""13"", ""06"", ""28""]",01-26-30-13-06-28,2024-06-26,21:00,0,0
2DL-2PM,2D Lotto 2PM,"[""19"", ""02""]",19-02,2024-06-27,14:00,0,0
3DL-2PM,3D Lotto 2PM,"[""7"", ""2"", ""8""]",7-2-8,2024-06-27,14:00,0,0
2DL-5PM,2D Lotto 5PM,"[""14"", ""03""]",14-03,2024-06-27,17:00,0,0
3DL-5PM,3D Lotto 5PM,"[""1"", ""0"", ""8""]",1-0-8,2024-06-27,17:00,0,0
2DL-9PM,2D Lotto 9PM,"[""06"", ""26""]",06-26,2024-06-27,21:00,0,0
3DL-9PM,3D Lotto 9PM,"[""7"", ""4"", ""0""]",7-4-0,2024-06-27,21:00,0,0
6DL,6D Lotto,"[""3"", ""9"", ""9"", ""6"", ""9"", ""7""]",3-9-9-6-9-7,2024-06-27,21:00,0,0
LOTTO42,Lotto 6/42,"[""27"", ""20"", ""33"", ""21"", ""25"", ""18""]",27-20-33-21-25-18,2024-06-27,21:00,0,0
SL49,Superlotto 6/49,"[""14"", ""44"", ""21"", ""37"", ""08"", ""39""]",14-44-21-37-08-39,2024-06-27,21:00,0,0
2DL-2PM,2D Lotto 2PM,"[""27"", ""22""]",27-22,2024-06-28,14:00,0,0
3DL-2PM,3D Lotto 2PM,"[""8"", ""0"", ""4""]",8-0-4,2024-06-28,14:00,0,0
2DL-5PM,2D Lotto 5PM,"[""23"", ""04""]",23-04,2024-06-28,17:00,0,0
3DL-5PM,3D Lotto 5PM,"[""5"", ""9"", ""6""]",5-9-6,2024-06-28,17:00,0,0
2DL-9PM,2D Lotto 9PM,"[""12"", ""07""]",12-07,2024-06-28,21:00,0,0
3DL-9PM,3D Lotto 9PM,"[""2"", ""2"", ""0""]",2-2-0,2024-06-28,21:00,0,0
4DL,4D Lotto,"[""0"", ""8"", ""7"", ""5""]",0-8-7-5,2024-06-28,21:00,0,0
ML45,Megalotto 6/45,"[""42"", ""13"", ""16"", ""14"", ""18"", ""26""]",42-13-16-14-18-26,2024-06-28,21:00,0,0
UL58,Ultra Lotto 6/58,"[""44"", ""18"", ""04"", ""01"", ""42"", ""58""]",44-18-04-01-42-58,2024-06-28,21:00,0,0
2DL-2PM,2D Lotto 2PM,"[""23"", ""19""]",23-19,2024-06-29,14:00,0,0
3DL-2PM,3D Lotto 2PM,"[""1"", ""8"", ""9""]",1-8-9,2024-06-29,14:00,0,0
2DL-5PM,2D Lotto 5PM,"[""21"", ""03""]",21-03,2024-06-29,17:00,0,0
3DL-5PM,3D Lotto 5PM,"[""2"", ""0"", ""1""]",2-0-1,2024-06-29,17:00,0,0
2DL-9PM,2D Lotto 9PM,"[""21"", ""25""]",21-25,2024-06-29,21:00,0,0
3DL-9PM,3D Lotto 9PM,"[""2"", ""8"", ""7""]",2-8-7,2024-06-29,21:00,0,0
6DL,6D Lotto,"[""9"", ""0"", ""9"", ""9"", ""2"", ""3""]",9-0-9-9-2-3,2024-06-29,21:00,0,0
GL55,Grand Lotto 6/55,"[""51"", ""43"", ""04"", ""06"", ""12"", ""48""]",51-43-04-06-12-48,2024-06-29,21:00,0,0
LOTTO42,Lotto 6/42,"[""42"", ""34"", ""19"", ""04"", ""40"", ""28""]",42-34-19-04-40-28,2024-06-29,21:00,0,0
2DL-2PM,2D Lotto 2PM,"[""21"", ""13""]",21-13,2024-06-30,14:00,0,0
3DL-2PM,3D Lotto 2PM,"[""1"", ""1"", ""0""]",1-1-0,2024-06-30,14:00,0,0
2DL-5PM,2D Lotto 5PM,"[""02"", ""10""]",02-10,2024-06-30,17:00,0,0
3DL-5PM,3D Lotto 5PM,"[""0"", ""6"", ""0""]",0-6-0,2024-06-30,17:00,0,0
2DL-9PM,2D Lotto 9PM,"[""18"", ""15""]",18-15,2024-06-30,21:00,0,0
3DL-9PM,3D Lotto 9PM,"[""3"", ""6"", ""1""]",3-6-1,2024-06-30,21:00,0,0
SL49,Superlotto 6/49,"[""49"", ""29"", ""26"", ""41"", ""07"", ""08""]",49-29-26-41-07-08,2024-06-30,21:00,0,0
UL58,Ultra Lotto 6/58,"[""50"", ""41"", ""04"", ""05"", ""34"", ""47""]",50-41-04-05-34-47,2024-06-30,21:00,0,0
2DL-2PM,2D Lotto 2PM,"[""04"", ""09""]",04-09,2024-07-01,14:00,0,0
3DL-2PM,3D Lotto 2PM,"[""5"", ""0"", ""8""]",5-0-8,2024-07-01,14:00,0,0
2DL-5PM,2D Lotto 5PM,"[""05"", ""11""]",05-11,2024-07-01,17:00,0,0
3DL-5PM,3D Lotto 5PM,"[""2"", ""5"", ""5""]",2-5-5,2024-07-01,17:00,0,0
2DL-9PM,2D Lotto 9PM,"[""17"", ""12""]",17-12,2024-07-01,21:00,0,0
3DL-9PM,3D Lotto 9PM,"[""9"", ""6"", ""4""]",9-6-4,2024-07-01,21:00,0,0
4DL,4D Lotto,"[""9"", ""0"", ""3"", ""8""]",9-0-3-8,2024-07-01,21:00,0,0
GL55,Grand Lotto 6/55,"[""28"", ""09"", ""21"", ""30"", ""23"", ""46""]",28-09-21-30-23-46,2024-07-01,21:00,0,0
ML45,Megalotto 6/45,"[""37"", ""19"", ""13"", ""28"", ""25"", ""34""]",37-19-13-28-25-34,2024-07-01,21:00,0,0
2DL-2PM,2D Lotto 2PM,"[""06"", ""11""]",06-11,2024-07-02,14:00,0,0
3DL-2PM,3D Lotto 2PM,"[""3"", ""5"", ""1""]",3-5-1,2024-07-02,14:00,0,0
2DL-5PM,2D Lotto 5PM,"[""19"", ""22""]",19-22,2024-07-02,17:00,0,0
3DL-5PM,3D Lotto 5PM,"[""5"", ""6"", ""7""]",5-6-7,2024-07-02,17:00,0,0
2DL-9PM,2D Lotto 9PM,"[""04"", ""17""]",04-17,2024-07-02,21:00,0,0
3DL-9PM,3D Lotto 9PM,"[""1"", ""7"", ""7""]",1-7-7,2024-07-02,21:00,0,0
6DL,6D Lotto,"[""4"", ""8"", ""2"", ""1"", ""6"", ""8""]",4-8-2-1-6-8,2024-07-02,21:00,0,0
LOTTO42,Lotto 6/42,"[""21"", ""02"", ""30"", ""20"", ""41"", ""03""]",21-02-30-20-41-03,2024-07-02,21:00,0,0
SL49,Superlotto 6/49,"[""10"", ""49"", ""14"", ""04"", ""39"", ""06""]",10-49-14-04-39-06,2024-07-02,21:00,0,0
UL58,Ultra Lotto 6/58,"[""04"", ""33"", ""58"", ""06"", ""38"", ""32""]",04-33-58-06-38-32,2024-07-02,21:00,0,0
2DL-2PM,2D Lotto 2PM,"[""29"", ""05""]",29-05,2024-07-03,14:00,0,0
3DL-2PM,3D Lotto 2PM,"[""3"", ""9"", ""9""]",3-9-9,2024-07-03,14:00,0,0
2DL-5PM,2D Lotto 5PM,"[""19"", ""01""]",19-01,2024-07-03,17:00,0,0
3DL-5PM,3D Lotto 5PM,"[""4"", ""2"", ""4""]",4-2-4,2024-07-03,17:00,0,0
2DL-9PM,2D Lotto 9PM,"[""09"", ""30""]",09-30,2024-07-03,21:00,0,0
3DL-9PM,3D Lotto 9PM,"[""3"", ""5"", ""3""]",3-5-3,2024-07-03,21:00,0,0
4DL,4D Lotto,"[""3"", ""8"", ""3"", ""4""]",3-8-3-4,2024-07-03,21:00,0,0
GL55,Grand Lotto 6/55,"[""43"", ""51"", ""52"", ""44"", ""29"", ""47""]",43-51-52-44-29-47,2024-07-03,21:00,0,0
ML45,Megalotto 6/45,"[""45"", ""25"", ""40"", ""18"", ""42"", ""35""]",45-25-40-18-42-35,2024-07-03,21:00,0,0
2DL-2PM,2D Lotto 2PM,"[""03"", ""21""]",03-21,2024-07-04,14:00,0,0
3DL-2PM,3D Lotto 2PM,"[""7"", ""5"", ""0""]",7-5-0,2024-07-04,14:00,0,0
2DL-5PM,2D Lotto 5PM,"[""08"", ""20""]",08-20,2024-07-04,17:00,0,0
3DL-5PM,3D Lotto 5PM,"[""2"", ""3"", ""8""]",2-3-8,2024-07-04,17:00,0,0
2DL-9PM,2D Lotto 9PM,"[""01"", ""07""]",01-07,2024-07-04,21:00,0,0
3DL-9PM,3D Lotto 9PM,"[""8"", ""0"", ""8""]",8-0-8,2024-07-04,21:00,0,0
6DL,6D Lotto,"[""7"", ""7"", ""8"", ""5"", ""0"", ""3""]",7-7-8-5-0-3,2024-07-04,21:00,0,0
LOTTO42,Lotto 6/42,"[""35"", ""12"", ""16"", ""30"", ""17"", ""03""]",35-12-16-30-17-03,2024-07-04,21:00,0,0
SL49,Superlotto 6/49,"[""07"", ""18"", ""34"", ""31"", ""14"", ""40""]",07-18-34-31-14-40,2024-07-04,21:00,0,0
2DL-2PM,2D Lotto 2PM,"[""06"", ""04""]",06-04,2024-07-05,14:00,0,0
3DL-2PM,3D Lotto 2PM,"[""9"", ""0"", ""9""]",9-0-9,2024-07-05,14:00,0,0
2DL-5PM,2D Lotto 5PM,"[""27"", ""29""]",27-29,2024-07-05,17:00,0,0
3DL-5PM,3D Lotto 5PM,"[""2"", ""9"", ""5""]",2-9-5,2024-07-05,17:00,0,0
2DL-9PM,2D Lotto 9PM,"[""11"", ""09""]",11-09,2024-07-05,21:00,0,0
3DL-9PM,3D Lotto 9PM,"[""2"", ""5"", ""9""]",2-5-9,2024-07-05,21:00,0,0
4DL,4D Lotto,"[""9"", ""3"", ""0"", ""3""]",9-3-0-3,2024-07-05,21:00,0,0
ML45,Megalotto 6/45,"[""37"", ""21"", ""30"", ""31"", ""08"", ""43""]",37-21-30-31-08-43,2024-07-05,21:00,0,0
UL58,Ultra Lotto 6/58,"[""19"", ""09"", ""52"", ""49"", ""16"", ""27""]",19-09-52-49-16-27,2024-07-05,21:00,0,0
2DL-2PM,2D Lotto 2PM,"[""30"", ""07""]",30-07,2024-07-06,14:00,0,0
3DL-2PM,3D Lotto 2PM,"[""7"", ""5"", ""5""]",7-5-5,2024-07-06,14:00,0,0
2DL-5PM,2D Lotto 5PM,"[""08"", ""22""]",08-22,2024-07-06,17:00,0,0
3DL-5PM,3D Lotto 5PM,"[""3"", ""0"", ""1""]",3-0-1,2024-07-06,17:00,0,0
2DL-9PM,2D Lotto 9PM,"[""04"", ""28""]",04-28,2024-07-06,21:00,0,0
3DL-9PM,3D Lotto 9PM,"[""7"", ""3"", ""4""]",7-3-4,2024-07-06,21:00,0,0
6DL,6D Lotto,"[""2"", ""8"", ""9"", ""4"", ""5"", ""4""]",2-8-9-4-5-4,2024-07-06,21:00,0,0
GL55,Grand Lotto 6/55,"[""53"", ""11"", ""20"", ""04"", ""19"", ""51""]",53-11-20-04-19-51,2024-07-06,21:00,0,0
LOTTO42,Lotto 6/42,"[""08"", ""32"", ""03"", ""12"", ""33"", ""29""]",08-32-03-12-33-29,2024-07-06,21:00,0,0
2DL-2PM,2D Lotto 2PM,"[""29"", ""09""]",29-09,2024-07-07,14:00,0,0
3DL-2PM,3D Lotto 2PM,"[""0"", ""2"", ""8""]",0-2-8,2024-07-07,14:00,0,0
2DL-5PM,2D Lotto 5PM,"[""26"", ""24""]",26-24,2024-07-07,17:00,0,0
3DL-5PM,3D Lotto 5PM,"[""8"", ""6"", ""0""]",8-6-0,2024-07-07,17:00,0,0
2DL-9PM,2D Lotto 9PM,"[""22"", ""20""]",22-20,2024-07-07,21:00,0,0
3DL-9PM,3D Lotto 9PM,"[""3"", ""2"", ""6""]",3-2-6,2024-07-07,21:00,0,0
SL49,Superlotto 6/49,"[""16"", ""11"", ""07"", ""36"", ""34"", ""40""]",16-11-07-36-34-40,2024-07-07,21:00,0,0
UL58,Ultra Lotto 6/58,"[""12"", ""44"", ""18"", ""51"", ""37"", ""32""]",12-44-18-51-37-32,2024-07-07,21:00,0,0
2DL-2PM,2D Lotto 2PM,"[""11"", ""27""]",11-27,2024-07-08,14:00,0,0
3DL-2PM,3D Lotto 2PM,"[""5"", ""2"", ""7""]",5-2-7,2024-07-08,14:00,0,0
2DL-5PM,2D Lotto 5PM,"[""16"", ""29""]",16-29,2024-07-08,17:00,0,0
3DL-5PM,3D Lotto 5PM,"[""7"", ""3"", ""4""]",7-3-4,2024-07-08,17:00,0,0
2DL-9PM,2D Lotto 9PM,"[""31"", ""25""]",31-25,2024-07-08,21:00,0,0
3DL-9PM,3D Lotto 9PM,"[""8"", ""0"", ""3""]",8-0-3,2024-07-08,21:00,0,0
4DL,4D Lotto,"[""3"", ""3"", ""8"", ""4""]",3-3-8-4,2024-07-08,21:00,0,0
GL55,Grand Lotto 6/55,"[""34"", ""22"", ""46"", ""43"", ""33"", ""28""]",34-22-46-43-33-28,2024-07-08,21:00,0,0
ML45,Megalotto 6/45,"[""36"", ""25"", ""19"", ""37"", ""07"", ""11""]",36-25-19-37-07-11,2024-07-08,21:00,0,0
2DL-2PM,2D Lotto 2PM,"[""05"", ""04""]",05-04,2024-07-09,14:00,0,0
3DL-2PM,3D Lotto 2PM,"[""6"", ""0"", ""4""]",6-0-4,2024-07-09,14:00,0,0
2DL-5PM,2D Lotto 5PM,"[""28"", ""07""]",28-07,2024-07-09,17:00,0,0
3DL-5PM,3D Lotto 5PM,"[""6"", ""4"", ""8""]",6-4-8,2024-07-09,17:00,0,0
2DL-9PM,2D Lotto 9PM,"[""11"", ""19""]",11-19,2024-07-09,21:00,0,0
3DL-9PM,3D Lotto 9PM,"[""3"", ""8"", ""9""]",3-8-9,2024-07-09,21:00,0,0
6DL,6D Lotto,"[""7"", ""7"", ""0"", ""5"", ""4"", ""2""]",7-7-0-5-4-2,2024-07-09,21:00,0,0
LOTTO42,Lotto 6/42,"[""12"", ""40"", ""35"", ""32"", ""41"", ""16""]",12-40-35-32-41-16,2024-07-09,21:00,0,0
SL49,Superlotto 6/49,"[""34"", ""46"", ""18"", ""02"", ""05"", ""22""]",34-46-18-02-05-22,2024-07-09,21:00,0,0
UL58,Ultra Lotto 6/58,"[""01"", ""31"", ""21"", ""32"", ""30"", ""43""]",01-31-21-32-30-43,2024-07-09,21:00,0,0
2DL-2PM,2D Lotto 2PM,"[""27"", ""23""]",27-23,2024-07-10,14:00,0,0
3DL-2PM,3D Lotto 2PM,"[""8"", ""4"", ""7""]",8-4-7,2024-07-10,14:00,0,0
2DL-5PM,2D Lotto 5PM,"[""14"", ""11""]",14-11,2024-07-10,17:00,0,0
3DL-5PM,3D Lotto 5PM,"[""7"", ""7"", ""0""]",7-7-0,2024-07-10,17:00,0,0
2DL-9PM,2D Lotto 9PM,"[""13"", ""11""]",13-11,2024-07-10,21:00,0,0
3DL-9PM,3D Lotto 9PM,"[""6"", ""1"", ""6""]",6-1-6,2024-07-10,21:00,0,0
4DL,4D Lotto,"[""3"", ""5"", ""4"", ""8""]",3-5-4-8,2024-07-10,21:00,0,0
GL55,Grand Lotto 6/55,"[""41"", ""08"", ""46"", ""35"", ""20"", ""30""]",41-08-46-35-20-30,2024-07-10,21:00,0,0
ML45,Megalotto 6/45,"[""11"", ""10"", ""24"", ""27"", ""42"", ""12""]",11-10-24-27-42-12,2024-07-10,21:00,0,0
2DL-2PM,2D Lotto 2PM,"[""14"", ""31""]",14-31,2024-07-11,14:00,0,0
3DL-2PM,3D Lotto 2PM,"[""8"", ""9"", ""9""]",8-9-9,2024-07-11,14:00,0,0
2DL-5PM,2D Lotto 5PM,"[""07"", ""28""]",07-28,2024-07-11,17:00,0,0
3DL-5PM,3D Lotto 5PM,"[""5"", ""4"", ""3""]",5-4-3,2024-07-11,17:00,0,0
2DL-9PM,2D Lotto 9PM,"[""02"", ""28""]",02-28,2024-07-11,21:00,0,0
3DL-9PM,3D Lotto 9PM,"[""9"", ""4"", ""2""]",9-4-2,2024-07-11,21:00,0,0
6DL,6D Lotto,"[""7"", ""1"", ""7"", ""2"", ""2"", ""7""]",7-1-7-2-2-7,2024-07-11,21:00,0,0
LOTTO42,Lotto 6/42,"[""41"", ""36"", ""08"", ""07"", ""11"", ""23""]",41-36-08-07-11-23,2024-07-11,21:00,0,0
SL49,Superlotto 6/49,"[""28"", ""03"", ""19"", ""41"", ""02"", ""13""]",28-03-19-41-02-13,2024-07-11,21:00,0,0
2DL-2PM,2D Lotto 2PM,"[""07"", ""30""]",07-30,2024-07-12,14:00,0,0
3DL-2PM,3D Lotto 2PM,"[""8"", ""8"", ""0""]",8-8-0,2024-07-12,14:00,0,0
2DL-5PM,2D Lotto 5PM,"[""08"", ""19""]",08-19,2024-07-12,17:00,0,0
3DL-5PM,3D Lotto 5PM,"[""6"", ""9"", ""2""]",6-9-2,2024-07-12,17:00,0,0
2DL-9PM,2D Lotto 9PM,"[""16"", ""10""]",16-10,2024-07-12,21:00,0,0
3DL-9PM,3D Lotto 9PM,"[""7"", ""5"", ""8""]",7-5-8,2024-07-12,21:00,0,0
4DL,4D Lotto,"[""9"", ""6"", ""7"", ""5""]",9-6-7-5,2024-07-12,21:00,0,0
ML45,Megalotto 6/45,"[""28"", ""35"", ""01"", ""27"", ""29"", ""17""]",28-35-01-27-29-17,2024-07-12,21:00,0,0
UL58,Ultra Lotto 6/58,"[""20"", ""55"", ""35"", ""51"", ""52"", ""38""]",20-55-35-51-52-38,2024-07-12,21:00,0,0
2DL-2PM,2D Lotto 2PM,"[""26"", ""25""]",26-25,2024-07-13,14:00,0,0
3DL-2PM,3D Lotto 2PM,"[""1"", ""9"", ""4""]",1-9-4,2024-07-13,14:00,0,0
2DL-5PM,2D Lotto 5PM,"[""12"", ""03""]",12-03,2024-07-13,17:00,0,0
3DL-5PM,3D Lotto 5PM,"[""0"", ""8"", ""6""]",0-8-6,2024-07-13,17:00,0,0
2DL-9PM,2D Lotto 9PM,"[""16"", ""07""]",16-07,2024-07-13,21:00,0,0
3DL-9PM,3D Lotto 9PM,"[""4"", ""0"", ""9""]",4-0-9,2024-07-13,21:00,0,0
6DL,6D Lotto,"[""2"", ""1"", ""2"", ""0"", ""7"", ""3""]",2-1-2-0-7-3,2024-07-13,21:00,0,0
GL55,Grand Lotto 6/55,"[""45"", ""37"", ""23"", ""55"", ""32"", ""21""]",45-37-23-55-32-21,2024-07-13,21:00,0,0
LOTTO42,Lotto 6/42,"[""08"", ""20"", ""41"", ""30"", ""12"", ""23""]",08-20-41-30-12-23,2024-07-13,21:00,0,0
2DL-2PM,2D Lotto 2PM,"[""30"", ""04""]",30-04,2024-07-14,14:00,0,0
3DL-2PM,3D Lotto 2PM,"[""8"", ""9"", ""7""]",8-9-7,2024-07-14,14:00,0,0
2DL-5PM,2D Lotto 5PM,"[""10"", ""18""]",10-18,2024-07-14,17:00,0,0
3DL-5PM,3D Lotto 5PM,"[""8"", ""7"", ""2""]",8-7-2,2024-07-14,17:00,0,0
2DL-9PM,2D Lotto 9PM,"[""03"", ""27""]",03-27,2024-07-14,21:00,0,0
3DL-9PM,3D Lotto 9PM,"[""7"", ""3"", ""6""]",7-3-6,2024-07-14,21:00,0,0
SL49,Superlotto 6/49,"[""27"", ""07"", ""46"", ""43"", ""05"", ""49""]",27-07-46-43-05-49,2024-07-14,21:00,0,0
UL58,Ultra Lotto 6/58,"[""19"", ""07"", ""58"", ""53"", ""44"", ""38""]",19-07-58-53-44-38,2024-07-14,21:00,0,0
2DL-2PM,2D Lotto 2PM,"[""16"", ""13""]",16-13,2024-07-15,14:00,0,0
3DL-2PM,3D Lotto 2PM,"[""2"", ""6"", ""2""]",2-6-2,2024-07-15,14:00,0,0
2DL-5PM,2D Lotto 5PM,"[""04"", ""28""]",04-28,2024-07-15,17:00,0,0
3DL-5PM,3D Lotto 5PM,"[""3"", ""2"", ""6""]",3-2-6,2024-07-15,17:00,0,0
2DL-9PM,2D Lotto 9PM,"[""10"", ""19""]",10-19,2024-07-15,21:00,0,0
3DL-9PM,3D Lotto 9PM,"[""4"", ""7"", ""4""]",4-7-4,2024-07-15,21:00,0,0
4DL,4D Lotto,"[""0"", ""8"", ""3"", ""5""]",0-8-3-5,2024-07-15,21:00,0,0
GL55,Grand Lotto 6/55,"[""10"", ""35"", ""09"", ""08"", ""21"", ""28""]",10-35-09-08-21-28,2024-07-15,21:00,0,0
ML45,Megalotto 6/45,"[""38"", ""05"", ""14"", ""15"", ""22"", ""37""]",38-05-14-15-22-37,2024-07-15,21:00,0,0
2DL-2PM,2D Lotto 2PM,"[""21"", ""10""]",21-10,2024-07-16,14:00,0,0
3DL-2PM,3D Lotto 2PM,"[""7"", ""8"", ""1""]",7-8-1,2024-07-16,14:00,0,0
2DL-5PM,2D Lotto 5PM,"[""01"", ""20""]",01-20,2024-07-16,17:00,0,0
3DL-5PM,3D Lotto 5PM,"[""8"", ""5"", ""6""]",8-5-6,2024-07-16,17:00,0,0
2DL-9PM,2D Lotto 9PM,"[""26"", ""03""]",26-03,2024-07-16,21:00,0,0
3DL-9PM,3D Lotto 9PM,"[""8"", ""5"", ""0""]",8-5-0,2024-07-16,21:00,0,0
6DL,6D Lotto,"[""6"", ""6"", ""8"", ""3"", ""9"", ""6""]",6-6-8-3-9-6,2024-07-16,21:00,0,0
LOTTO42,Lotto 6/42,"[""34"", ""19"", ""32"", ""17"", ""03"", ""06""]",34-19-32-17-03-06,2024-07-16,21:00,0,0
SL49,Superlotto 6/49,"[""34"", ""46"", ""43"", ""28"", ""29"", ""35""]",34-46-43-28-29-35,2024-07-16,21:00,0,0
UL58,Ultra Lotto 6/58,"[""05"", ""28"", ""35"", ""42"", ""29"", ""07""]",05-28-35-42-29-07,2024-07-16,21:00,0,0
2DL-2PM,2D Lotto 2PM,"[""07"", ""20""]",07-20,2024-07-17,14:00,0,0
3DL-2PM,3D Lotto 2PM,"[""4"", ""1"", ""5""]",4-1-5,2024-07-17,14:00,0,0
2DL-5PM,2D Lotto 5PM,"[""01"", ""25""]",01-25,2024-07-17,17:00,0,0
3DL-5PM,3D Lotto 5PM,"[""7"", ""7"", ""3""]",7-7-3,2024-07-17,17:00,0,0
2DL-9PM,2D Lotto 9PM,"[""27"", ""13""]",27-13,2024-07-17,21:00,0,0
3DL-9PM,3D Lotto 9PM,"[""4"", ""0"", ""4""]",4-0-4,2024-07-17,21:00,0,0
4DL,4D Lotto,"[""1"", ""0"", ""5"", ""3""]",1-0-5-3,2024-07-17,21:00,0,0
GL55,Grand Lotto 6/55,"[""25"", ""44"", ""43"", ""34"", ""40"", ""03""]",25-44-43-34-40-03,2024-07-17,21:00,0,0
ML45,Megalotto 6/45,"[""32"", ""04"", ""19"", ""12"", ""11"", ""17""]",32-04-19-12-11-17,2024-07-17,21:00,0,0
2DL-2PM,2D Lotto 2PM,"[""12"", ""25""]",12-25,2024-07-18,14:00,0,0
3DL-2PM,3D Lotto 2PM,"[""0"", ""8"", ""2""]",0-8-2,2024-07-18,14:00,0,0
2DL-5PM,2D Lotto 5PM,"[""21"", ""10""]",21-10,2024-07-18,17:00,0,0
3DL-5PM,3D Lotto 5PM,"[""0"", ""2"", ""9""]",0-2-9,2024-07-18,17:00,0,0
2DL-9PM,2D Lotto 9PM,"[""20"", ""07""]",20-07,2024-07-18,21:00,0,0
3DL-9PM,3D Lotto 9PM,"[""6"", ""5"", ""0""]",6-5-0,2024-07-18,21:00,0,0
6DL,6D Lotto,"[""8"", ""6"", ""8"", ""7"", ""2"", ""2""]",8-6-8-7-2-2,2024-07-18,21:00,0,0
LOTTO42,Lotto 6/42,"[""27"", ""25"", ""11"", ""40"", ""18"", ""19""]",27-25-11-40-18-19,2024-07-18,21:00,0,0
SL49,Superlotto 6/49,"[""41"", ""33"", ""31"", ""24"", ""37"", ""49""]",41-33-31-24-37-49,2024-07-18,21:00,0,0
2DL-2PM,2D Lotto 2PM,"[""23"", ""26""]",23-26,2024-07-19,14:00,0,0
3DL-2PM,3D Lotto 2PM,"[""4"", ""4"", ""8""]",4-4-8,2024-07-19,14:00,0,0
2DL-5PM,2D Lotto 5PM,"[""26"", ""15""]",26-15,2024-07-19,17:00,0,0
3DL-5PM,3D Lotto 5PM,"[""0"", ""2"", ""9""]",0-2-9,2024-07-19,17:00,0,0
2DL-9PM,2D Lotto 9PM,"[""22"", ""31""]",22-31,2024-07-19,21:00,0,0
3DL-9PM,3D Lotto 9PM,"[""0"", ""7"", ""9""]",0-7-9,2024-07-19,21:00,0,0
4DL,4D Lotto,"[""5"", ""2"", ""2"", ""8""]",5-2-2-8,2024-07-19,21:00,0,0
ML45,Megalotto 6/45,"[""41"", ""30"", ""32"", ""20"", ""29"", ""01""]",41-30-32-20-29-01,2024-07-19,21:00,0,0
UL58,Ultra Lotto 6/58,"[""06"", ""32"", ""16"", ""47"", ""10"", ""05""]",06-32-16-47-10-05,2024-07-19,21:00,0,0
2DL-2PM,2D Lotto 2PM,"[""09"", ""18""]",09-18,2024-07-20,14:00,0,0
3DL-2PM,3D Lotto 2PM,"[""2"", ""0"", ""7""]",2-0-7,2024-07-20,14:00,0,0
2DL-5PM,2D Lotto 5PM,"[""05"", ""03""]",05-03,2024-07-20,17:00,0,0
3DL-5PM,3D Lotto 5PM,"[""4"", ""0"", ""2""]",4-0-2,2024-07-20,17:00,0,0
2DL-9PM,2D Lotto 9PM,"[""23"", ""13""]",23-13,2024-07-20,21:00,0,0
3DL-9PM,3D Lotto 9PM,"[""9"", ""4"", ""6""]",9-4-6,2024-07-20,21:00,0,0
6DL,6D Lotto,"[""1"", ""0"", ""3"", ""6"", ""4"", ""4""]",1-0-3-6-4-4,2024-07-20,21:00,0,0
GL55,Grand Lotto 6/55,"[""33"", ""21"", ""40"", ""42"", ""52"", ""37""]",33-21-40-42-52-37,2024-07-20,21:00,0,0
LOTTO42,Lotto 6/42,"[""27"", ""23"", ""17"", ""41"", ""15"", ""29""]",27-23-17-41-15-29,2024-07-20,21:00,0,0
2DL-2PM,2D Lotto 2PM,"[""14"", ""31""]",14-31,2024-07-21,14:00,0,0
3DL-2PM,3D Lotto 2PM,"[""6"", ""2"", ""8""]",6-2-8,2024-07-21,14:00,0,0
2DL-5PM,2D Lotto 5PM,"[""25"", ""12""]",25-12,2024-07-21,17:00,0,0
3DL-5PM,3D Lotto 5PM,"[""4"", ""9"", ""9""]",4-9-9,2024-07-21,17:00,0,0
2DL-9PM,2D Lotto 9PM,"[""27"", ""25""]",27-25,2024-07-21,21:00,0,0
3DL-9PM,3D Lotto 9PM,"[""3"", ""2"", ""7""]",3-2-7,2024-07-21,21:00,0,0
SL49,Superlotto 6/49,"[""07"", ""30"", ""33"", ""23"", ""12"", ""10""]",07-30-33-23-12-10,2024-07-21,21:00,0,0
UL58,Ultra Lotto 6/58,"[""38"", ""27"", ""49"", ""23"", ""32"", ""13""]",38-27-49-23-32-13,2024-07-21,21:00,0,0
2DL-2PM,2D Lotto 2PM,"[""01"", ""17""]",01-17,2024-07-22,14:00,0,0
3DL-2PM,3D Lotto 2PM,"[""5"", ""5"", ""5""]",5-5-5,2024-07-22,14:00,0,0
2DL-5PM,2D Lotto 5PM,"[""31"", ""25""]",31-25,2024-07-22,17:00,0,0
3DL-5PM,3D Lotto 5PM,"[""8"", ""6"", ""3""]",8-6-3,2024-07-22,17:00,0,0
2DL-9PM,2D Lotto 9PM,"[""30"", ""08""]",30-08,2024-07-22,21:00,0,0
3DL-9PM,3D Lotto 9PM,"[""3"", ""1"", ""5""]",3-1-5,2024-07-22,21:00,0,0
4DL,4D Lotto,"[""3"", ""6"", ""3"", ""8""]",3-6-3-8,2024-07-22,21:00,0,0
GL55,Grand Lotto 6/55,"[""16"", ""27"", ""07"", ""25"", ""54"", ""30""]",16-27-07-25-54-30,2024-07-22,21:00,0,0
ML45,Megalotto 6/45,"[""30"", ""38"", ""34"", ""29"", ""15"", ""19""]",30-38-34-29-15-19,2024-07-22,21:00,0,0
2DL-2PM,2D Lotto 2PM,"[""09"", ""09""]",09-09,2024-07-23,14:00,0,0
3DL-2PM,3D Lotto 2PM,"[""9"", ""4"", ""0""]",9-4-0,2024-07-23,14:00,0,0
2DL-5PM,2D Lotto 5PM,"[""12"", ""18""]",12-18,2024-07-23,17:00,0,0
3DL-5PM,3D Lotto 5PM,"[""6"", ""4"", ""6""]",6-4-6,2024-07-23,17:00,0,0
2DL-9PM,2D Lotto 9PM,"[""12"", ""13""]",12-13,2024-07-23,21:00,0,0
3DL-9PM,3D Lotto 9PM,"[""9"", ""0"", ""6""]",9-0-6,2024-07-23,21:00,0,0
6DL,6D Lotto,"[""4"", ""8"", ""7"", ""7"", ""1"", ""4""]",4-8-7-7-1-4,2024-07-23,21:00,0,0
LOTTO42,Lotto 6/42,"[""25"", ""07"", ""19"", ""13"", ""20"", ""41""]",25-07-19-13-20-41,2024-07-23,21:00,0,0
SL49,Superlotto 6/49,"[""08"", ""43"", ""19"", ""21"", ""48"", ""39""]",08-43-19-21-48-39,2024-07-23,21:00,0,0
UL58,Ultra Lotto 6/58,"[""05"", ""01"", ""56"", ""33"", ""11"", ""09""]",05-01-56-33-11-09,2024-07-23,21:00,0,0
2DL-2PM,2D Lotto 2PM,"[""31"", ""06""]",31-06,2024-07-24,14:00,0,0
3DL-2PM,3D Lotto 2PM,"[""1"", ""4"", ""2""]",1-4-2,2024-07-24,14:00,0,0
2DL-5PM,2D Lotto 5PM,"[""16"", ""15""]",16-15,2024-07-24,17:00,0,0
3DL-5PM,3D Lotto 5PM,"[""4"", ""5"", ""7""]",4-5-7,2024-07-24,17:00,0,0
2DL-9PM,2D Lotto 9PM,"[""01"", ""07""]",01-07,2024-07-24,21:00,0,0
3DL-9PM,3D Lotto 9PM,"[""6"", ""7"", ""9""]",6-7-9,2024-07-24,21:00,0,0
4DL,4D Lotto,"[""2"", ""1"", ""4"", ""8""]",2-1-4-8,2024-07-24,21:00,0,0
GL55,Grand Lotto 6/55,"[""02"", ""03"", ""04"", ""16"", ""44"", ""40""]",02-03-04-16-44-40,2024-07-24,21:00,0,0
ML45,Megalotto 6/45,"[""10"", ""33"", ""06"", ""12"", ""32"", ""24""]",10-33-06-12-32-24,2024-07-24,21:00,0,0
2DL-2PM,2D Lotto 2PM,"[""15"", ""05""]",15-05,2024-07-25,14:00,0,0
3DL-2PM,3D Lotto 2PM,"[""1"", ""6"", ""0""]",1-6-0,2024-07-25,14:00,0,0
2DL-5PM,2D Lotto 5PM,"[""01"", ""07""]",01-07,2024-07-25,17:00,0,0
3DL-5PM,3D Lotto 5PM,"[""0"", ""6"", ""7""]",0-6-7,2024-07-25,17:00,0,0
2DL-9PM,2D Lotto 9PM,"[""12"", ""29""]",12-29,2024-07-25,21:00,0,0
3DL-9PM,3D Lotto 9PM,"[""0"", ""0"", ""4""]",0-0-4,2024-07-25,21:00,0,0
6DL,6D Lotto,"[""0"", ""9"", ""3"", ""2"", ""6"", ""7""]",0-9-3-2-6-7,2024-07-25,21:00,0,0
LOTTO42,Lotto 6/42,"[""33"", ""16"", ""31"", ""18"", ""29"", ""12""]",33-16-31-18-29-12,2024-07-25,21:00,0,0
SL49,Superlotto 6/49,"[""23"", ""42"", ""43"", ""30"", ""18"", ""17""]",23-42-43-30-18-17,2024-07-25,21:00,0,0
2DL-2PM,2D Lotto 2PM,"[""05"", ""03""]",05-03,2024-07-26,14:00,0,0
3DL-2PM,3D Lotto 2PM,"[""8"", ""5"", ""1""]",8-5-1,2024-07-26,14:00,0,0
2DL-5PM,2D Lotto 5PM,"[""19"", ""19""]",19-19,2024-07-26,17:00,0,0
3DL-5PM,3D Lotto 5PM,"[""5"", ""6"", ""9""]",5-6-9,2024-07-26,17:00,0,0
2DL-9PM,2D Lotto 9PM,"[""01"", ""16""]",01-16,2024-07-26,21:00,0,0
3DL-9PM,3D Lotto 9PM,"[""8"", ""9"", ""6""]",8-9-6,2024-07-26,21:00,0,0
4DL,4D Lotto,"[""5"", ""1"", ""4"", ""6""]",5-1-4-6,2024-07-26,21:00,0,0
ML45,Megalotto 6/45,"[""36"", ""06"", ""20"", ""34"", ""32"", ""23""]",36-06-20-34-32-23,2024-07-26,21:00,0,0
UL58,Ultra Lotto 6/58,"[""22"", ""11"", ""05"", ""14"", ""43"", ""12""]",22-11-05-14-43-12,2024-07-26,21:00,0,0
2DL-2PM,2D Lotto 2PM,"[""04"", ""23""]",04-23,2024-07-27,14:00,0,0
3DL-2PM,3D Lotto 2PM,"[""4"", ""9"", ""7""]",4-9-7,2024-07-27,14:00,0,0
2DL-5PM,2D Lotto 5PM,"[""18"", ""20""]",18-20,2024-07-27,17:00,0,0
3DL-5PM,3D Lotto 5PM,"[""5"", ""7"", ""1""]",5-7-1,2024-07-27,17:00,0,0
2DL-9PM,2D Lotto 9PM,"[""20"", ""16""]",20-16,2024-07-27,21:00,0,0
3DL-9PM,3D Lotto 9PM,"[""8"", ""5"", ""9""]",8-5-9,2024-07-27,21:00,0,0
6DL,6D Lotto,"[""4"", ""4"", ""1"", ""5"", ""8"", ""9""]",4-4-1-5-8-9,2024-07-27,21:00,0,0
GL55,Grand Lotto 6/55,"[""39"", ""43"", ""41"", ""16"", ""25"", ""45""]",39-43-41-16-25-45,2024-07-27,21:00,0,0
LOTTO42,Lotto 6/42,"[""21"", ""35"", ""40"", ""08"", ""28"", ""42""]",21-35-40-08-28-42,2024-07-27,21:00,0,0
2DL-2PM,2D Lotto 2PM,"[""30"", ""31""]",30-31,2024-07-28,14:00,0,0
3DL-2PM,3D Lotto 2PM,"[""7"", ""9"", ""6""]",7-9-6,2024-07-28,14:00,0,0
2DL-5PM,2D Lotto 5PM,"[""09"", ""16""]",09-16,2024-07-28,17:00,0,0
3DL-5PM,3D Lotto 5PM,"[""6"", ""0"", ""3""]",6-0-3,2024-07-28,17:00,0,0
2DL-9PM,2D Lotto 9PM,"[""30"", ""30""]",30-30,2024-07-28,21:00,0,0
3DL-9PM,3D Lotto 9PM,"[""1"", ""2"", ""0""]",1-2-0,2024-07-28,21:00,0,0
SL49,Superlotto 6/49,"[""13"", ""34"", ""32"", ""47"", ""46"", ""21""]",13-34-32-47-46-21,2024-07-28,21:00,0,0
UL58,Ultra Lotto 6/58,"[""04"", ""25"", ""46"", ""33"", ""49"", ""28""]",04-25-46-33-49-28,2024-07-28,21:00,0,0
2DL-2PM,2D Lotto 2PM,"[""22"", ""07""]",22-07,2024-07-29,14:00,0,0
3DL-2PM,3D Lotto 2PM,"[""0"", ""4"", ""4""]",0-4-4,2024-07-29,14:00,0,0
2DL-5PM,2D Lotto 5PM,"[""15"", ""13""]",15-13,2024-07-29,17:00,0,0
3DL-5PM,3D Lotto 5PM,"[""9"", ""8"", ""6""]",9-8-6,2024-07-29,17:00,0,0
2DL-9PM,2D Lotto 9PM,"[""03"", ""04""]",03-04,2024-07-29,21:00,0,0
3DL-9PM,3D Lotto 9PM,"[""5"", ""7"", ""1""]",5-7-1,2024-07-29,21:00,0,0
4DL,4D Lotto,"[""4"", ""0"", ""1"", ""6""]",4-0-1-6,2024-07-29,21:00,0,0
GL55,Grand Lotto 6/55,"[""22"", ""05"", ""52"", ""46"", ""23"", ""35""]",22-05-52-46-23-35,2024-07-29,21:00,0,0
ML45,Megalotto 6/45,"[""24"", ""30"", ""09"", ""04"", ""42"", ""01""]",24-30-09-04-42-01,2024-07-29,21:00,0,0
2DL-2PM,2D Lotto 2PM,"[""27"", ""23""]",27-23,2024-07-30,14:00,0,0
3DL-2PM,3D Lotto 2PM,"[""5"", ""6"", ""4""]",5-6-4,2024-07-30,14:00,0,0
2DL-5PM,2D Lotto 5PM,"[""19"", ""06""]",19-06,2024-07-30,17:00,0,0
3DL-5PM,3D Lotto 5PM,"[""6"", ""8"", ""1""]",6-8-1,2024-07-30,17:00,0,0
2DL-9PM,2D Lotto 9PM,"[""17"", ""28""]",17-28,2024-07-30,21:00,0,0
3DL-9PM,3D Lotto 9PM,"[""4"", ""3"", ""1""]",4-3-1,2024-07-30,21:00,0,0
6DL,6D Lotto,"[""6"", ""5"", ""8"", ""8"", ""1"", ""2""]",6-5-8-8-1-2,2024-07-30,21:00,0,0
LOTTO42,Lotto 6/42,"[""33"", ""38"", ""03"", ""34"", ""05"", ""42""]",33-38-03-34-05-42,2024-07-30,21:00,0,0
SL49,Superlotto 6/49,"[""20"", ""35"", ""24"", ""09"", ""19"", ""28""]",20-35-24-09-19-28,2024-07-30,21:00,0,0
UL58,Ultra Lotto 6/58,"[""39"", ""31"", ""52"", ""56"", ""42"", ""01""]",39-31-52-56-42-01,2024-07-30,21:00,0,0
2DL-2PM,2D Lotto 2PM,"[""27"", ""12""]",27-12,2024-07-31,14:00,0,0
3DL-2PM,3D Lotto 2PM,"[""6"", ""3"", ""1""]",6-3-1,2024-07-31,14:00,0,0
2DL-5PM,2D Lotto 5PM,"[""28"", ""29""]",28-29,2024-07-31,17:00,0,0
3DL-5PM,3D Lotto 5PM,"[""4"", ""2"", ""2""]",4-2-2,2024-07-31,17:00,0,0
2DL-9PM,2D Lotto 9PM,"[""16"", ""06""]",16-06,2024-07-31,21:00,0,0
3DL-9PM,3D Lotto 9PM,"[""4"", ""2"", ""2""]",4-2-2,2024-07-31,21:00,0,0
4DL,4D Lotto,"[""8"", ""1"", ""5"", ""8""]",8-1-5-8,2024-07-31,21:00,0,0
GL55,Grand Lotto 6/55,"[""32"", ""42"", ""36"", ""23"", ""48"", ""37""]",32-42-36-23-48-37,2024-07-31,21:00,0,0
ML45,Megalotto 6/45,"[""28"", ""31"", ""44"", ""01"", ""22"", ""20""]",28-31-44-01-22-20,2024-07-31,21:00,0,0
2DL-2PM,2D Lotto 2PM,"[""20"", ""21""]",20-21,2024-08-01,14:00,0,0
3DL-2PM,3D Lotto 2PM,"[""3"", ""0"", ""7""]",3-0-7,2024-08-01,14:00,0,0
2DL-5PM,2D Lotto 5PM,"[""05"", ""22""]",05-22,2024-08-01,17:00,0,0
3DL-5PM,3D Lotto 5PM,"[""8"", ""9"", ""4""]",8-9-4,2024-08-01,17:00,0,0
2DL-9PM,2D Lotto 9PM,"[""19"", ""02""]",19-02,2024-08-01,21:00,0,0
3DL-9PM,3D Lotto 9PM,"[""3"", ""9"", ""0""]",3-9-0,2024-08-01,21:00,0,0
6DL,6D Lotto,"[""5"", ""8"", ""5"", ""2"", ""6"", ""7""]",5-8-5-2-6-7,2024-08-01,21:00,0,0
LOTTO42,Lotto 6/42,"[""03"", ""15"", ""11"", ""17"", ""19"", ""13""]",03-15-11-17-19-13,2024-08-01,21:00,0,0
SL49,Superlotto 6/49,"[""31"", ""02"", ""27"", ""41"", ""17"", ""12""]",31-02-27-41-17-12,2024-08-01,21:00,0,0
2DL-2PM,2D Lotto 2PM,"[""02"", ""25""]",02-25,2024-08-02,14:00,0,0
3DL-2PM,3D Lotto 2PM,"[""7"", ""7"", ""7""]",7-7-7,2024-08-02,14:00,0,0
2DL-5PM,2D Lotto 5PM,"[""25"", ""27""]",25-27,2024-08-02,17:00,0,0
3DL-5PM,3D Lotto 5PM,"[""3"", ""8"", ""7""]",3-8-7,2024-08-02,17:00,0,0
2DL-9PM,2D Lotto 9PM,"[""08"", ""09""]",08-09,2024-08-02,21:00,0,0
3DL-9PM,3D Lotto 9PM,"[""9"", ""7"", ""2""]",9-7-2,2024-08-02,21:00,0,0
4DL,4D Lotto,"[""5"", ""9"", ""2"", ""5""]",5-9-2-5,2024-08-02,21:00,0,0
ML45,Megalotto 6/45,"[""41"", ""03"", ""07"", ""34"", ""06"", ""37""]",41-03-07-34-06-37,2024-08-02,21:00,0,0
UL58,Ultra Lotto 6/58,"[""10"", ""41"", ""51"", ""09"", ""14"", ""38""]",10-41-51-09-14-38,2024-08-02,21:00,0,0
2DL-2PM,2D Lotto 2PM,"[""12"", ""29""]",12-29,2024-08-03,14:00,0,0
3DL-2PM,3D Lotto 2PM,"[""2"", ""7"", ""3""]",2-7-3,2024-08-03,14:00,0,0
2DL-5PM,2D Lotto 5PM,"[""26"", ""14""]",26-14,2024-08-03,17:00,0,0
3DL-5PM,3D Lotto 5PM,"[""0"", ""8"", ""8""]",0-8-8,2024-08-03,17:00,0,0
2DL-9PM,2D Lotto 9PM,"[""23"", ""23""]",23-23,2024-08-03,21:00,0,0
3DL-9PM,3D Lotto 9PM,"[""9"", ""2"", ""4""]",9-2-4,2024-08-03,21:00,0,0
6DL,6D Lotto,"[""2"", ""7"", ""5"", ""4"", ""6"", ""5""]",2-7-5-4-6-5,2024-08-03,21:00,0,0
GL55,Grand Lotto 6/55,"[""28"", ""04"", ""49"", ""35"", ""30"", ""01""]",28-04-49-35-30-01,2024-08-03,21:00,0,0
LOTTO42,Lotto 6/42,"[""35"", ""32"", ""07"", ""05"", ""11"", ""23""]",35-32-07-05-11-23,2024-08-03,21:00,0,0
2DL-2PM,2D Lotto 2PM,"[""21"", ""14""]",21-14,2024-08-04,14:00,0,0
3DL-2PM,3D Lotto 2PM,"[""3"", ""3"", ""4""]",3-3-4,2024-08-04,14:00,0,0
2DL-5PM,2D Lotto 5PM,"[""26"", ""15""]",26-15,2024-08-04,17:00,0,0
3DL-5PM,3D Lotto 5PM,"[""5"", ""6"", ""1""]",5-6-1,2024-08-04,17:00,0,0
2DL-9PM,2D Lotto 9PM,"[""18"", ""20""]",18-20,2024-08-04,21:00,0,0
3DL-9PM,3D Lotto 9PM,"[""8"", ""8"", ""1""]",8-8-1,2024-08-04,21:00,0,0
SL49,Superlotto 6/49,"[""40"", ""22"", ""45"", ""14"", ""08"", ""13""]",40-22-45-14-08-13,2024-08-04,21:00,0,0
UL58,Ultra Lotto 6/58,"[""54"", ""12"", ""56"", ""17"", ""03"", ""28""]",54-12-56-17-03-28,2024-08-04,21:00,0,0
2DL-2PM,2D Lotto 2PM,"[""05"", ""25""]",05-25,2024-08-05,14:00,0,0
3DL-2PM,3D Lotto 2PM,"[""0"", ""7"", ""5""]",0-7-5,2024-08-05,14:00,0,0
2DL-5PM,2D Lotto 5PM,"[""19"", ""09""]",19-09,2024-08-05,17:00,0,0
3DL-5PM,3D Lotto 5PM,"[""7"", ""4"", ""0""]",7-4-0,2024-08-05,17:00,0,0
2DL-9PM,2D Lotto 9PM,"[""25"", ""28""]",25-28,2024-08-05,21:00,0,0
3DL-9PM,3D Lotto 9PM,"[""8"", ""2"", ""7""]",8-2-7,2024-08-05,21:00,0,0
4DL,4D Lotto,"[""6"", ""9"", ""7"", ""6""]",6-9-7-6,2024-08-05,21:00,0,0
GL55,Grand Lotto 6/55,"[""16"", ""20"", ""35"", ""39"", ""51"", ""53""]",16-20-35-39-51-53,2024-08-05,21:00,0,0
ML45,Megalotto 6/45,"[""01"", ""23"", ""20"", ""16"", ""27"", ""03""]",01-23-20-16-27-03,2024-08-05,21:00,0,0
2DL-2PM,2D Lotto 2PM,"[""01"", ""11""]",01-11,2024-08-06,14:00,0,0
3DL-2PM,3D Lotto 2PM,"[""9"", ""7"", ""7""]",9-7-7,2024-08-06,14:00,0,0
2DL-5PM,2D Lotto 5PM,"[""20"", ""01""]",20-01,2024-08-06,17:00,0,0
3DL-5PM,3D Lotto 5PM,"[""4"", ""8"", ""3""]",4-8-3,2024-08-06,17:00,0,0
2DL-9PM,2D Lotto 9PM,"[""15"", ""04""]",15-04,2024-08-06,21:00,0,0
3DL-9PM,3D Lotto 9PM,"[""7"", ""3"", ""5""]",7-3-5,2024-08-06,21:00,0,0
6DL,6D Lotto,"[""4"", ""6"", ""1"", ""4"", ""5"", ""8""]",4-6-1-4-5-8,2024-08-06,21:00,0,0
LOTTO42,Lotto 6/42,"[""29"", ""11"", ""04"", ""31"", ""16"", ""14""]",29-11-04-31-16-14,2024-08-06,21:00,0,0
SL49,Superlotto 6/49,"[""41"", ""49"", ""27"", ""28"", ""24"", ""03""]",41-49-27-28-24-03,2024-08-06,21:00,0,0
UL58,Ultra Lotto 6/58,"[""26"", ""49"", ""11"", ""37"", ""08"", ""50""]",26-49-11-37-08-50,2024-08-06,21:00,0,0
2DL-2PM,2D Lotto 2PM,"[""13"", ""28""]",13-28,2024-08-07,14:00,0,0
3DL-2PM,3D Lotto 2PM,"[""7"", ""3"", ""8""]",7-3-8,2024-08-07,14:00,0,0
2DL-5PM,2D Lotto 5PM,"[""01"", ""30""]",01-30,2024-08-07,17:00,0,0
3DL-5PM,3D Lotto 5PM,"[""8"", ""6"", ""5""]",8-6-5,2024-08-07,17:00,0,0
2DL-9PM,2D Lotto 9PM,"[""30"", ""20""]",30-20,2024-08-07,21:00,0,0
3DL-9PM,3D Lotto 9PM,"[""4"", ""3"", ""5""]",4-3-5,2024-08-07,21:00,0,0
4DL,4D Lotto,"[""8"", ""3"", ""2"", ""2""]",8-3-2-2,2024-08-07,21:00,0,0
GL55,Grand Lotto 6/55,"[""47"", ""40"", ""24"", ""29"", ""16"", ""13""]",47-40-24-29-16-13,2024-08-07,21:00,0,0
ML45,Megalotto 6/45,"[""17"", ""44"", ""09"", ""27"", ""29"", ""15""]",17-44-09-27-29-15,2024-08-07,21:00,0,0
2DL-2PM,2D Lotto 2PM,"[""13"", ""02""]",13-02,2024-08-08,14:00,0,0
3DL-2PM,3D Lotto 2PM,"[""2"", ""4"", ""8""]",2-4-8,2024-08-08,14:00,0,0
2DL-5PM,2D Lotto 5PM,"[""16"", ""05""]",16-05,2024-08-08,17:00,0,0
3DL-5PM,3D Lotto 5PM,"[""9"", ""5"", ""8""]",9-5-8,2024-08-08,17:00,0,0
2DL-9PM,2D Lotto 9PM,"[""29"", ""18""]",29-18,2024-08-08,21:00,0,0
3DL-9PM,3D Lotto 9PM,"[""5"", ""5"", ""6""]",5-5-6,2024-08-08,21:00,0,0
6DL,6D Lotto,"[""3"", ""5"", ""0"", ""1"", ""8"", ""2""]",3-5-0-1-8-2,2024-08-08,21:00,0,0
LOTTO42,Lotto 6/42,"[""12"", ""11"", ""08"", ""17"", ""37"", ""41""]",12-11-08-17-37-41,2024-08-08,21:00,0,0
SL49,Superlotto 6/49,"[""19"", ""09"", ""26"", ""30"", ""41"", ""37""]",19-09-26-30-41-37,2024-08-08,21:00,0,0
2DL-2PM,2D Lotto 2PM,"[""01"", ""09""]",01-09,2024-08-09,14:00,0,0
3DL-2PM,3D Lotto 2PM,"[""2"", ""7"", ""6""]",2-7-6,2024-08-09,14:00,0,0
2DL-5PM,2D Lotto 5PM,"[""26"", ""08""]",26-08,2024-08-09,17:00,0,0
3DL-5PM,3D Lotto 5PM,"[""1"", ""6"", ""6""]",1-6-6,2024-08-09,17:00,0,0
2DL-9PM,2D Lotto 9PM,"[""27"", ""03""]",27-03,2024-08-09,21:00,0,0
3DL-9PM,3D Lotto 9PM,"[""0"", ""9"", ""5""]",0-9-5,2024-08-09,21:00,0,0
4DL,4D Lotto,"[""2"", ""0"", ""3"", ""3""]",2-0-3-3,2024-08-09,21:00,0,0
ML45,Megalotto 6/45,"[""36"", ""14"", ""18"", ""03"", ""02"", ""11""]",36-14-18-03-02-11,2024-08-09,21:00,0,0
UL58,Ultra Lotto 6/58,"[""10"", ""40"", ""07"", ""19"", ""34"", ""47""]",10-40-07-19-34-47,2024-08-09,21:00,0,0
2DL-2PM,2D Lotto 2PM,"[""10"", ""13""]",10-13,2024-08-10,14:00,0,0
3DL-2PM,3D Lotto 2PM,"[""0"", ""8"", ""7""]",0-8-7,2024-08-10,14:00,0,0
2DL-5PM,2D Lotto 5PM,"[""15"", ""11""]",15-11,2024-08-10,17:00,0,0
3DL-5PM,3D Lotto 5PM,"[""4"", ""0"", ""7""]",4-0-7,2024-08-10,17:00,0,0
2DL-9PM,2D Lotto 9PM,"[""12"", ""17""]",12-17,2024-08-10,21:00,0,0
3DL-9PM,3D Lotto 9PM,"[""9"", ""3"", ""0""]",9-3-0,2024-08-10,21:00,0,0
6DL,6D Lotto,"[""1"", ""3"", ""4"", ""5"", ""4"", ""3""]",1-3-4-5-4-3,2024-08-10,21:00,0,0
GL55,Grand Lotto 6/55,"[""35"", ""49"", ""52"", ""38"", ""55"", ""13""]",35-49-52-38-55-13,2024-08-10,21:00,0,0
LOTTO42,Lotto 6/42,"[""23"", ""31"", ""41"", ""08"", ""40"", ""06""]",23-31-41-08-40-06,2024-08-10,21:00,0,0
2DL-2PM,2D Lotto 2PM,"[""21"", ""13""]",21-13,2024-08-11,14:00,0,0
3DL-2PM,3D Lotto 2PM,"[""1"", ""5"", ""9""]",1-5-9,2024-08-11,14:00,0,0
2DL-5PM,2D Lotto 5PM,"[""22"", ""09""]",22-09,2024-08-11,17:00,0,0
3DL-5PM,3D Lotto 5PM,"[""5"", ""7"", ""4""]",5-7-4,2024-08-11,17:00,0,0
2DL-9PM,2D Lotto 9PM,"[""28"", ""28""]",28-28,2024-08-11,21:00,0,0
3DL-9PM,3D Lotto 9PM,"[""8"", ""3"", ""1""]",8-3-1,2024-08-11,21:00,0,0
SL49,Superlotto 6/49,"[""04"", ""22"", ""30"", ""43"", ""42"", ""25""]",04-22-30-43-42-25,2024-08-11,21:00,0,0
UL58,Ultra Lotto 6/58,"[""49"", ""43"", ""30"", ""04"", ""25"", ""37""]",49-43-30-04-25-37,2024-08-11,21:00,0,0
2DL-2PM,2D Lotto 2PM,"[""07"", ""20""]",07-20,2024-08-12,14:00,0,0
3DL-2PM,3D Lotto 2PM,"[""8"", ""0"", ""3""]",8-0-3,2024-08-12,14:00,0,0
2DL-5PM,2D Lotto 5PM,"[""16"", ""17""]",16-17,2024-08-12,17:00,0,0
3DL-5PM,3D Lotto 5PM,"[""3"", ""6"", ""7""]",3-6-7,2024-08-12,17:00,0,0
2DL-9PM,2D Lotto 9PM,"[""27"", ""22""]",27-22,2024-08-12,21:00,0,0
3DL-9PM,3D Lotto 9PM,"[""8"", ""4"", ""8""]",8-4-8,2024-08-12,21:00,0,0
4DL,4D Lotto,"[""6"", ""2"", ""8"", ""4""]",6-2-8-4,2024-08-12,21:00,0,0
GL55,Grand Lotto 6/55,"[""10"", ""53"", ""06"", ""34"", ""42"", ""08""]",10-53-06-34-42-08,2024-08-12,21:00,0,0
ML45,Megalotto 6/45,"[""06"", ""42"", ""09"", ""37"", ""33"", ""34""]",06-42-09-37-33-34,2024-08-12,21:00,0,0
2DL-2PM,2D Lotto 2PM,"[""24"", ""30""]",24-30,2024-08-13,14:00,0,0
3DL-2PM,3D Lotto 2PM,"[""6"", ""1"", ""2""]",6-1-2,2024-08-13,14:00,0,0
2DL-5PM,2D Lotto 5PM,"[""25"", ""15""]",25-15,2024-08-13,17:00,0,0
3DL-5PM,3D Lotto 5PM,"[""9"", ""0"", ""9""]",9-0-9,2024-08-13,17:00,0,0
2DL-9PM,2D Lotto 9PM,"[""24"", ""15""]",24-15,2024-08-13,21:00,0,0
3DL-9PM,3D Lotto 9PM,"[""2"", ""3"", ""5""]",2-3-5,2024-08-13,21:00,0,0
6DL,6D Lotto,"[""8"", ""1"", ""5"", ""6"", ""5"", ""7""]",8-1-5-6-5-7,2024-08-13,21:00,0,0
LOTTO42,Lotto 6/42,"[""21"", ""03"", ""13"", ""32"", ""33"", ""19""]",21-03-13-32-33-19,2024-08-13,21:00,0,0
SL49,Superlotto 6/49,"[""29"", ""39"", ""32"", ""21"", ""11"", ""03""]",29-39-32-21-11-03,2024-08-13,21:00,0,0
UL58,Ultra Lotto 6/58,"[""41"", ""56"", ""25"", ""01"", ""10"", ""24""]",41-56-25-01-10-24,2024-08-13,21:00,0,0
2DL-2PM,2D Lotto 2PM,"[""24"", ""12""]",24-12,2024-08-14,14:00,0,0
3DL-2PM,3D Lotto 2PM,"[""3"", ""5"", ""6""]",3-5-6,2024-08-14,14:00,0,0
2DL-5PM,2D Lotto 5PM,"[""11"", ""22""]",11-22,2024-08-14,17:00,0,0
3DL-5PM,3D Lotto 5PM,"[""3"", ""5"", ""5""]",3-5-5,2024-08-14,17:00,0,0
2DL-9PM,2D Lotto 9PM,"[""01"", ""25""]",01-25,2024-08-14,21:00,0,0
3DL-9PM,3D Lotto 9PM,"[""9"", ""2"", ""2""]",9-2-2,2024-08-14,21:00,0,0
4DL,4D Lotto,"[""0"", ""2"", ""8"", ""9""]",0-2-8-9,2024-08-14,21:00,0,0
GL55,Grand Lotto 6/55,"[""05"", ""04"", ""26"", ""03"", ""20"", ""30""]",05-04-26-03-20-30,2024-08-14,21:00,0,0
ML45,Megalotto 6/45,"[""24"", ""25"", ""41"", ""19"", ""21"", ""42""]",24-25-41-19-21-42,2024-08-14,21:00,0,0
2DL-2PM,2D Lotto 2PM,"[""10"", ""29""]",10-29,2024-08-15,14:00,0,0
3DL-2PM,3D Lotto 2PM,"[""5"", ""2"", ""5""]",5-2-5,2024-08-15,14:00,0,0
2DL-5PM,2D Lotto 5PM,"[""28"", ""20""]",28-20,2024-08-15,17:00,0,0
3DL-5PM,3D Lotto 5PM,"[""1"", ""3"", ""3""]",1-3-3,2024-08-15,17:00,0,0
2DL-9PM,2D Lotto 9PM,"[""04"", ""22""]",04-22,2024-08-15,21:00,0,0
3DL-9PM,3D Lotto 9PM,"[""3"", ""8"", ""8""]",3-8-8,2024-08-15,21:00,0,0
6DL,6D Lotto,"[""9"", ""0"", ""8"", ""6"", ""6"", ""2""]",9-0-8-6-6-2,2024-08-15,21:00,0,0
LOTTO42,Lotto 6/42,"[""21"", ""11"", ""30"", ""16"", ""19"", ""03""]",21-11-30-16-19-03,2024-08-15,21:00,0,0
SL49,Superlotto 6/49,"[""05"", ""29"", ""39"", ""43"", ""27"", ""04""]",05-29-39-43-27-04,2024-08-15,21:00,0,0
2DL-2PM,2D Lotto 2PM,"[""04"", ""27""]",04-27,2024-08-16,14:00,0,0
3DL-2PM,3D Lotto 2PM,"[""8"", ""9"", ""6""]",8-9-6,2024-08-16,14:00,0,0
2DL-5PM,2D Lotto 5PM,"[""15"", ""11""]",15-11,2024-08-16,17:00,0,0
3DL-5PM,3D Lotto 5PM,"[""7"", ""7"", ""3""]",7-7-3,2024-08-16,17:00,0,0
2DL-9PM,2D Lotto 9PM,"[""22"", ""15""]",22-15,2024-08-16,21:00,0,0
3DL-9PM,3D Lotto 9PM,"[""3"", ""3"", ""1""]",3-3-1,2024-08-16,21:00,0,0
4DL,4D Lotto,"[""7"", ""0"", ""1"", ""2""]",7-0-1-2,2024-08-16,21:00,0,0
ML45,Megalotto 6/45,"[""26"", ""05"", ""36"", ""21"", ""29"", ""45""]",26-05-36-21-29-45,2024-08-16,21:00,0,0
UL58,Ultra Lotto 6/58,"[""27"", ""51"", ""50"", ""04"", ""22"", ""41""]",27-51-50-04-22-41,2024-08-16,21:00,0,0
2DL-2PM,2D Lotto 2PM,"[""15"", ""27""]",15-27,2024-08-17,14:00,0,0
3DL-2PM,3D Lotto 2PM,"[""3"", ""1"", ""4""]",3-1-4,2024-08-17,14:00,0,0
2DL-5PM,2D Lotto 5PM,"[""19"", ""27""]",19-27,2024-08-17,17:00,0,0
3DL-5PM,3D Lotto 5PM,"[""9"", ""9"", ""0""]",9-9-0,2024-08-17,17:00,0,0
2DL-9PM,2D Lotto 9PM,"[""29"", ""31""]",29-31,2024-08-17,21:00,0,0
3DL-9PM,3D Lotto 9PM,"[""2"", ""0"", ""1""]",2-0-1,2024-08-17,21:00,0,0
6DL,6D Lotto,"[""3"", ""4"", ""7"", ""5"", ""4"", ""3""]",3-4-7-5-4-3,2024-08-17,21:00,0,0
GL55,Grand Lotto 6/55,"[""25"", ""27"", ""28"", ""35"", ""29"", ""53""]",25-27-28-35-29-53,2024-08-17,21:00,0,0
LOTTO42,Lotto 6/42,"[""11"", ""41"", ""07"", ""06"", ""42"", ""24""]",11-41-07-06-42-24,2024-08-17,21:00,0,0
2DL-2PM,2D Lotto 2PM,"[""26"", ""24""]",26-24,2024-08-18,14:00,0,0
3DL-2PM,3D Lotto 2PM,"[""6"", ""1"", ""5""]",6-1-5,2024-08-18,14:00,0,0
2DL-5PM,2D Lotto 5PM,"[""06"", ""03""]",06-03,2024-08-18,17:00,0,0
3DL-5PM,3D Lotto 5PM,"[""7"", ""1"", ""6""]",7-1-6,2024-08-18,17:00,0,0
2DL-9PM,2D Lotto 9PM,"[""25"", ""18""]",25-18,2024-08-18,21:00,0,0
3DL-9PM,3D Lotto 9PM,"[""0"", ""2"", ""8""]",0-2-8,2024-08-18,21:00,0,0
SL49,Superlotto 6/49,"[""19"", ""30"", ""01"", ""42"", ""39"", ""45""]",19-30-01-42-39-45,2024-08-18,21:00,0,0
UL58,Ultra Lotto 6/58,"[""32"", ""52"", ""29"", ""48"", ""31"", ""07""]",32-52-29-48-31-07,2024-08-18,21:00,0,0
2DL-2PM,2D Lotto 2PM,"[""05"", ""07""]",05-07,2024-08-19,14:00,0,0
3DL-2PM,3D Lotto 2PM,"[""4"", ""7"", ""1""]",4-7-1,2024-08-19,14:00,0,0
2DL-5PM,2D Lotto 5PM,"[""07"", ""25""]",07-25,2024-08-19,17:00,0,0
3DL-5PM,3D Lotto 5PM,"[""6"", ""9"", ""6""]",6-9-6,2024-08-19,17:00,0,0
2DL-9PM,2D Lotto 9PM,"[""03"", ""17""]",03-17,2024-08-19,21:00,0,0
3DL-9PM,3D Lotto 9PM,"[""4"", ""0"", ""8""]",4-0-8,2024-08-19,21:00,0,0
4DL,4D Lotto,"[""2"", ""0"", ""6"", ""4""]",2-0-6-4,2024-08-19,21:00,0,0
GL55,Grand Lotto 6/55,"[""52"", ""36"", ""31"", ""21"", ""01"", ""53""]",52-36-31-21-01-53,2024-08-19,21:00,0,0
ML45,Megalotto 6/45,"[""38"", ""33"", ""22"", ""34"", ""05"", ""18""]",38-33-22-34-05-18,2024-08-19,21:00,0,0
2DL-2PM,2D Lotto 2PM,"[""01"", ""24""]",01-24,2024-08-20,14:00,0,0
3DL-2PM,3D Lotto 2PM,"[""9"", ""6"", ""9""]",9-6-9,2024-08-20,14:00,0,0
2DL-5PM,2D Lotto 5PM,"[""30"", ""26""]",30-26,2024-08-20,17:00,0,0
3DL-5PM,3D Lotto 5PM,"[""4"", ""4"", ""4""]",4-4-4,2024-08-20,17:00,0,0
2DL-9PM,2D Lotto 9PM,"[""06"", ""23""]",06-23,2024-08-20,21:00,0,0
3DL-9PM,3D Lotto 9PM,"[""8"", ""9"", ""9""]",8-9-9,2024-08-20,21:00,0,0
6DL,6D Lotto,"[""0"", ""8"", ""3"", ""1"", ""8"", ""4""]",0-8-3-1-8-4,2024-08-20,21:00,0,0
LOTTO42,Lotto 6/42,"[""40"", ""24"", ""30"", ""03"", ""26"", ""41""]",40-24-30-03-26-41,2024-08-20,21:00,0,0
SL49,Superlotto 6/49,"[""18"", ""15"", ""06"", ""04"", ""41"", ""17""]",18-15-06-04-41-17,2024-08-20,21:00,0,0
UL58,Ultra Lotto 6/58,"[""39"", ""46"", ""57"", ""37"", ""45"", ""50""]",39-46-57-37-45-50,2024-08-20,21:00,0,0
2DL-2PM,2D Lotto 2PM,"[""06"", ""02""]",06-02,2024-08-21,14:00,0,0
3DL-2PM,3D Lotto 2PM,"[""8"", ""0"", ""9""]",8-0-9,2024-08-21,14:00,0,0
2DL-5PM,2D Lotto 5PM,"[""13"", ""31""]",13-31,2024-08-21,17:00,0,0
3DL-5PM,3D Lotto 5PM,"[""2"", ""9"", ""2""]",2-9-2,2024-08-21,17:00,0,0
2DL-9PM,2D Lotto 9PM,"[""03"", ""04""]",03-04,2024-08-21,21:00,0,0
3DL-9PM,3D Lotto 9PM,"[""7"", ""3"", ""9""]",7-3-9,2024-08-21,21:00,0,0
4DL,4D Lotto,"[""3"", ""4"", ""7"", ""3""]",3-4-7-3,2024-08-21,21:00,0,0
GL55,Grand Lotto 6/55,"[""11"", ""46"", ""43"", ""38"", ""18"", ""45""]",11-46-43-38-18-45,2024-08-21,21:00,0,0
ML45,Megalotto 6/45,"[""39"", ""21"", ""07"", ""06"", ""34"", ""33""]",39-21-07-06-34-33,2024-08-21,21:00,0,0
2DL-2PM,2D Lotto 2PM,"[""09"", ""22""]",09-22,2024-08-22,14:00,0,0
3DL-2PM,3D Lotto 2PM,"[""1"", ""7"", ""7""]",1-7-7,2024-08-22,14:00,0,0
2DL-5PM,2D Lotto 5PM,"[""08"", ""16""]",08-16,2024-08-22,17:00,0,0
3DL-5PM,3D Lotto 5PM,"[""7"", ""4"", ""6""]",7-4-6,2024-08-22,17:00,0,0
2DL-9PM,2D Lotto 9PM,"[""21"", ""31""]",21-31,2024-08-22,21:00,0,0
3DL-9PM,3D Lotto 9PM,"[""7"", ""0"", ""2""]",7-0-2,2024-08-22,21:00,0,0
6DL,6D Lotto,"[""9"", ""3"", ""3"", ""1"", ""9"", ""3""]",9-3-3-1-9-3,2024-08-22,21:00,0,0
LOTTO42,Lotto 6/42,"[""06"", ""24"", ""25"", ""28"", ""02"", ""16""]",06-24-25-28-02-16,2024-08-22,21:00,0,0
SL49,Superlotto 6/49,"[""14"", ""20"", ""36"", ""19"", ""09"", ""39""]",14-20-36-19-09-39,2024-08-22,21:00,0,0
2DL-2PM,2D Lotto 2PM,"[""19"", ""03""]",19-03,2024-08-23,14:00,0,0
3DL-2PM,3D Lotto 2PM,"[""0"", ""1"", ""3""]",0-1-3,2024-08-23,14:00,0,0
2DL-5PM,2D Lotto 5PM,"[""30"", ""06""]",30-06,2024-08-23,17:00,0,0
3DL-5PM,3D Lotto 5PM,"[""7"", ""7"", ""3""]",7-7-3,2024-08-23,17:00,0,0
2DL-9PM,2D Lotto 9PM,"[""28"", ""10""]",28-10,2024-08-23,21:00,0,0
3DL-9PM,3D Lotto 9PM,"[""2"", ""3"", ""1""]",2-3-1,2024-08-23,21:00,0,0
4DL,4D Lotto,"[""7"", ""5"", ""2"", ""2""]",7-5-2-2,2024-08-23,21:00,0,0
ML45,Megalotto 6/45,"[""03"", ""43"", ""10"", ""30"", ""37"", ""24""]",03-43-10-30-37-24,2024-08-23,21:00,0,0
UL58,Ultra Lotto 6/58,"[""39"", ""46"", ""07"", ""23"", ""45"", ""44""]",39-46-07-23-45-44,2024-08-23,21:00,0,0
2DL-2PM,2D Lotto 2PM,"[""12"", ""28""]",12-28,2024-08-24,14:00,0,0
3DL-2PM,3D Lotto 2PM,"[""2"", ""8"", ""1""]",2-8-1,2024-08-24,14:00,0,0
2DL-5PM,2D Lotto 5PM,"[""16"", ""31""]",16-31,2024-08-24,17:00,0,0
3DL-5PM,3D Lotto 5PM,"[""5"", ""0"", ""7""]",5-0-7,2024-08-24,17:00,0,0
2DL-9PM,2D Lotto 9PM,"[""19"", ""12""]",19-12,2024-08-24,21:00,0,0
3DL-9PM,3D Lotto 9PM,"[""5"", ""7"", ""9""]",5-7-9,2024-08-24,21:00,0,0
6DL,6D Lotto,"[""9"", ""3"", ""4"", ""5"", ""5"", ""7""]",9-3-4-5-5-7,2024-08-24,21:00,0,0
GL55,Grand Lotto 6/55,"[""44"", ""16"", ""40"", ""13"", ""42"", ""15""]",44-16-40-13-42-15,2024-08-24,21:00,0,0
LOTTO42,Lotto 6/42,"[""26"", ""40"", ""17"", ""32"", ""20"", ""19""]",26-40-17-32-20-19,2024-08-24,21:00,0,0
2DL-2PM,2D Lotto 2PM,"[""25"", ""16""]",25-16,2024-08-25,14:00,0,0
3DL-2PM,3D Lotto 2PM,"[""3"", ""0"", ""1""]",3-0-1,2024-08-25,14:00,0,0
2DL-5PM,2D Lotto 5PM,"[""08"", ""01""]",08-01,2024-08-25,17:00,0,0
3DL-5PM,3D Lotto 5PM,"[""1"", ""4"", ""0""]",1-4-0,2024-08-25,17:00,0,0
2DL-9PM,2D Lotto 9PM,"[""09"", ""09""]",09-09,2024-08-25,21:00,0,0
3DL-9PM,3D Lotto 9PM,"[""9"", ""7"", ""4""]",9-7-4,2024-08-25,21:00,0,0
SL49,Superlotto 6/49,"[""31"", ""36"", ""20"", ""02"", ""41"", ""23""]",31-36-20-02-41-23,2024-08-25,21:00,0,0
UL58,Ultra Lotto 6/58,"[""09"", ""02"", ""51"", ""05"", ""06"", ""42""]",09-02-51-05-06-42,2024-08-25,21:00,0,0
2DL-2PM,2D Lotto 2PM,"[""26"", ""06""]",26-06,2024-08-26,14:00,0,0
3DL-2PM,3D Lotto 2PM,"[""1"", ""8"", ""8""]",1-8-8,2024-08-26,14:00,0,0
2DL-5PM,2D Lotto 5PM,"[""29"", ""26""]",29-26,2024-08-26,17:00,0,0
3DL-5PM,3D Lotto 5PM,"[""2"", ""4"", ""0""]",2-4-0,2024-08-26,17:00,0,0
2DL-9PM,2D Lotto 9PM,"[""08"", ""31""]",08-31,2024-08-26,21:00,0,0
3DL-9PM,3D Lotto 9PM,"[""7"", ""4"", ""2""]",7-4-2,2024-08-26,21:00,0,0
4DL,4D Lotto,"[""8"", ""3"", ""8"", ""3""]",8-3-8-3,2024-08-26,21:00,0,0
GL55,Grand Lotto 6/55,"[""16"", ""45"", ""27"", ""39"", ""38"", ""09""]",16-45-27-39-38-09,2024-08-26,21:00,0,0
ML45,Megalotto 6/45,"[""02"", ""09"", ""40"", ""24"", ""04"", ""11""]",02-09-40-24-04-11,2024-08-26,21:00,0,0
2DL-2PM,2D Lotto 2PM,"[""11"", ""02""]",11-02,2024-08-27,14:00,0,0
3DL-2PM,3D Lotto 2PM,"[""1"", ""1"", ""0""]",1-1-0,2024-08-27,14:00,0,0
2DL-5PM,2D Lotto 5PM,"[""01"", ""12""]",01-12,2024-08-27,17:00,0,0
3DL-5PM,3D Lotto 5PM,"[""5"", ""4"", ""3""]",5-4-3,2024-08-27,17:00,0,0
2DL-9PM,2D Lotto 9PM,"[""01"", ""18""]",01-18,2024-08-27,21:00,0,0
3DL-9PM,3D Lotto 9PM,"[""3"", ""7"", ""5""]",3-7-5,2024-08-27,21:00,0,0
6DL,6D Lotto,"[""0"", ""1"", ""5"", ""4"", ""4"", ""8""]",0-1-5-4-4-8,2024-08-27,21:00,0,0
LOTTO42,Lotto 6/42,"[""09"", ""03"", ""31"", ""12"", ""41"", ""23""]",09-03-31-12-41-23,2024-08-27,21:00,0,0
SL49,Superlotto 6/49,"[""43"", ""42"", ""45"", ""33"", ""25"", ""46""]",43-42-45-33-25-46,2024-08-27,21:00,0,0
UL58,Ultra Lotto 6/58,"[""40"", ""53"", ""24"", ""45"", ""50"", ""10""]",40-53-24-45-50-10,2024-08-27,21:00,0,0
2DL-2PM,2D Lotto 2PM,"[""28"", ""10""]",28-10,2024-08-28,14:00,0,0
3DL-2PM,3D Lotto 2PM,"[""5"", ""6"", ""0""]",5-6-0,2024-08-28,14:00,0,0
2DL-5PM,2D Lotto 5PM,"[""11"", ""16""]",11-16,2024-08-28,17:00,0,0
3DL-5PM,3D Lotto 5PM,"[""9"", ""6"", ""3""]",9-6-3,2024-08-28,17:00,0,0
2DL-9PM,2D Lotto 9PM,"[""02"", ""16""]",02-16,2024-08-28,21:00,0,0
3DL-9PM,3D Lotto 9PM,"[""9"", ""0"", ""1""]",9-0-1,2024-08-28,21:00,0,0
4DL,4D Lotto,"[""1"", ""1"", ""5"", ""0""]",1-1-5-0,2024-08-28,21:00,0,0
GL55,Grand Lotto 6/55,"[""33"", ""21"", ""37"", ""40"", ""49"", ""50""]",33-21-37-40-49-50,2024-08-28,21:00,0,0
ML45,Megalotto 6/45,"[""01"", ""12"", ""08"", ""45"", ""24"", ""38""]",01-12-08-45-24-38,2024-08-28,21:00,0,0
2DL-2PM,2D Lotto 2PM,"[""03"", ""18""]",03-18,2024-08-29,14:00,0,0
3DL-2PM,3D Lotto 2PM,"[""2"", ""4"", ""2""]",2-4-2,2024-08-29,14:00,0,0
2DL-5PM,2D Lotto 5PM,"[""05"", ""15""]",05-15,2024-08-29,17:00,0,0
3DL-5PM,3D Lotto 5PM,"[""4"", ""4"", ""4""]",4-4-4,2024-08-29,17:00,0,0
2DL-9PM,2D Lotto 9PM,"[""10"", ""25""]",10-25,2024-08-29,21:00,0,0
3DL-9PM,3D Lotto 9PM,"[""7"", ""5"", ""7""]",7-5-7,2024-08-29,21:00,0,0
6DL,6D Lotto,"[""7"", ""7"", ""4"", ""2"", ""5"", ""4""]",7-7-4-2-5-4,2024-08-29,21:00,0,0
LOTTO42,Lotto 6/42,"[""28"", ""21"", ""36"", ""09"", ""04"", ""17""]",28-21-36-09-04-17,2024-08-29,21:00,0,0
SL49,Superlotto 6/49,"[""03"", ""09"", ""10"", ""44"", ""01"", ""32""]",03-09-10-44-01-32,2024-08-29,21:00,0,0
2DL-2PM,2D Lotto 2PM,"[""14"", ""01""]",14-01,2024-08-30,14:00,0,0
3DL-2PM,3D Lotto 2PM,"[""0"", ""1"", ""4""]",0-1-4,2024-08-30,14:00,0,0
2DL-5PM,2D Lotto 5PM,"[""28"", ""09""]",28-09,2024-08-30,17:00,0,0
3DL-5PM,3D Lotto 5PM,"[""7"", ""3"", ""7""]",7-3-7,2024-08-30,17:00,0,0
2DL-9PM,2D Lotto 9PM,"[""04"", ""16""]",04-16,2024-08-30,21:00,0,0
3DL-9PM,3D Lotto 9PM,"[""1"", ""2"", ""6""]",1-2-6,2024-08-30,21:00,0,0
4DL,4D Lotto,"[""3"", ""8"", ""2"", ""0""]",3-8-2-0,2024-08-30,21:00,0,0
ML45,Megalotto 6/45,"[""34"", ""23"", ""01"", ""32"", ""40"", ""04""]",34-23-01-32-40-04,2024-08-30,21:00,0,0
UL58,Ultra Lotto 6/58,"[""41"", ""44"", ""52"", ""08"", ""03"", ""40""]",41-44-52-08-03-40,2024-08-30,21:00,0,0
2DL-2PM,2D Lotto 2PM,"[""15"", ""29""]",15-29,2024-08-31,14:00,0,0
3DL-2PM,3D Lotto 2PM,"[""8"", ""6"", ""2""]",8-6-2,2024-08-31,14:00,0,0
2DL-5PM,2D Lotto 5PM,"[""25"", ""29""]",25-29,2024-08-31,17:00,0,0
3DL-5PM,3D Lotto 5PM,"[""1"", ""6"", ""0""]",1-6-0,2024-08-31,17:00,0,0
2DL-9PM,2D Lotto 9PM,"[""15"", ""29""]",15-29,2024-08-31,21:00,0,0
3DL-9PM,3D Lotto 9PM,"[""9"", ""6"", ""8""]",9-6-8,2024-08-31,21:00,0,0
6DL,6D Lotto,"[""3"", ""7"", ""2"", ""7"", ""4"", ""5""]",3-7-2-7-4-5,2024-08-31,21:00,0,0
GL55,Grand Lotto 6/55,"[""03"", ""51"", ""01"", ""11"", ""16"", ""10""]",03-51-01-11-16-10,2024-08-31,21:00,0,0
LOTTO42,Lotto 6/42,"[""27"", ""22"", ""24"", ""08"", ""28"", ""09""]",27-22-24-08-28-09,2024-08-31,21:00,0,0
2DL-2PM,2D Lotto 2PM,"[""02"", ""08""]",02-08,2024-09-01,14:00,0,0
3DL-2PM,3D Lotto 2PM,"[""8"", ""4"", ""1""]",8-4-1,2024-09-01,14:00,0,0
2DL-5PM,2D Lotto 5PM,"[""04"", ""11""]",04-11,2024-09-01,17:00,0,0
3DL-5PM,3D Lotto 5PM,"[""0"", ""6"", ""6""]",0-6-6,2024-09-01,17:00,0,0
2DL-9PM,2D Lotto 9PM,"[""28"", ""20""]",28-20,2024-09-01,21:00,0,0
3DL-9PM,3D Lotto 9PM,"[""7"", ""5"", ""8""]",7-5-8,2024-09-01,21:00,0,0
SL49,Superlotto 6/49,"[""20"", ""44"", ""28"", ""04"", ""16"", ""48""]",20-44-28-04-16-48,2024-09-01,21:00,0,0
UL58,Ultra Lotto 6/58,"[""06"", ""56"", ""41"", ""33"", ""35"", ""17""]",06-56-41-33-35-17,2024-09-01,21:00,0,0
2DL-2PM,2D Lotto 2PM,"[""17"", ""15""]",17-15,2024-09-02,14:00,0,0
3DL-2PM,3D Lotto 2PM,"[""3"", ""0"", ""4""]",3-0-4,2024-09-02,14:00,0,0
2DL-5PM,2D Lotto 5PM,"[""27"", ""02""]",27-02,2024-09-02,17:00,0,0
3DL-5PM,3D Lotto 5PM,"[""7"", ""4"", ""9""]",7-4-9,2024-09-02,17:00,0,0
2DL-9PM,2D Lotto 9PM,"[""21"", ""16""]",21-16,2024-09-02,21:00,0,0
3DL-9PM,3D Lotto 9PM,"[""6"", ""7"", ""1""]",6-7-1,2024-09-02,21:00,0,0
4DL,4D Lotto,"[""9"", ""8"", ""5"", ""8""]",9-8-5-8,2024-09-02,21:00,0,0
GL55,Grand Lotto 6/55,"[""08"", ""50"", ""44"", ""40"", ""07"", ""13""]",08-50-44-40-07-13,2024-09-02,21:00,0,0
ML45,Megalotto 6/45,"[""30"", ""17"", ""36"", ""16"", ""25"", ""39""]",30-17-36-16-25-39,2024-09-02,21:00,0,0
2DL-2PM,2D Lotto 2PM,"[""26"", ""04""]",26-04,2024-09-03,14:00,0,0
3DL-2PM,3D Lotto 2PM,"[""3"", ""8"", ""9""]",3-8-9,2024-09-03,14:00,0,0
2DL-5PM,2D Lotto 5PM,"[""28"", ""14""]",28-14,2024-09-03,17:00,0,0
3DL-5PM,3D Lotto 5PM,"[""0"", ""1"", ""9""]",0-1-9,2024-09-03,17:00,0,0
2DL-9PM,2D Lotto 9PM,"[""22"", ""23""]",22-23,2024-09-03,21:00,0,0
3DL-9PM,3D Lotto 9PM,"[""1"", ""9"", ""1""]",1-9-1,2024-09-03,21:00,0,0
6DL,6D Lotto,"[""7"", ""0"", ""9"", ""7"", ""0"", ""5""]",7-0-9-7-0-5,2024-09-03,21:00,0,0
LOTTO42,Lotto 6/42,"[""11"", ""27"", ""37"", ""20"", ""39"", ""19""]",11-27-37-20-39-19,2024-09-03,21:00,0,0
SL49,Superlotto 6/49,"[""11"", ""13"", ""20"", ""44"", ""01"", ""18""]",11-13-20-44-01-18,2024-09-03,21:00,0,0
UL58,Ultra Lotto 6/58,"[""03"", ""15"", ""38"", ""34"", ""04"", ""10""]",03-15-38-34-04-10,2024-09-03,21:00,0,0
2DL-2PM,2D Lotto 2PM,"[""18"", ""04""]",18-04,2024-09-04,14:00,0,0
3DL-2PM,3D Lotto 2PM,"[""2"", ""4"", ""2""]",2-4-2,2024-09-04,14:00,0,0
2DL-5PM,2D Lotto 5PM,"[""21"", ""13""]",21-13,2024-09-04,17:00,0,0
3DL-5PM,3D Lotto 5PM,"[""0"", ""8"", ""5""]",0-8-5,2024-09-04,17:00,0,0
2DL-9PM,2D Lotto 9PM,"[""02"", ""22""]",02-22,2024-09-04,21:00,0,0
3DL-9PM,3D Lotto 9PM,"[""0"", ""1"", ""7""]",0-1-7,2024-09-04,21:00,0,0
4DL,4D Lotto,"[""0"", ""8"", ""0"", ""2""]",0-8-0-2,2024-09-04,21:00,0,0
GL55,Grand Lotto 6/55,"[""32"", ""45"", ""07"", ""22"", ""17"", ""03""]",32-45-07-22-17-03,2024-09-04,21:00,0,0
ML45,Megalotto 6/45,"[""33"", ""42"", ""28"", ""16"", ""43"", ""20""]",33-42-28-16-43-20,2024-09-04,21:00,0,0
2DL-2PM,2D Lotto 2PM,"[""28"", ""18""]",28-18,2024-09-05,14:00,0,0
3DL-2PM,3D Lotto 2PM,"[""4"", ""9"", ""4""]",4-9-4,2024-09-05,14:00,0,0
2DL-5PM,2D Lotto 5PM,"[""19"", ""07""]",19-07,2024-09-05,17:00,0,0
3DL-5PM,3D Lotto 5PM,"[""9"", ""3"", ""6""]",9-3-6,2024-09-05,17:00,0,0
2DL-9PM,2D Lotto 9PM,"[""22"", ""29""]",22-29,2024-09-05,21:00,0,0
3DL-9PM,3D Lotto 9PM,"[""7"", ""5"", ""1""]",7-5-1,2024-09-05,21:00,0,0
6DL,6D Lotto,"[""6"", ""3"", ""5"", ""6"", ""8"", ""2""]",6-3-5-6-8-2,2024-09-05,21:00,0,0
LOTTO42,Lotto 6/42,"[""13"", ""11"", ""30"", ""23"", ""21"", ""07""]",13-11-30-23-21-07,2024-09-05,21:00,0,0
SL49,Superlotto 6/49,"[""28"", ""49"", ""44"", ""42"", ""09"", ""12""]",28-49-44-42-09-12,2024-09-05,21:00,0,0
2DL-2PM,2D Lotto 2PM,"[""22"", ""26""]",22-26,2024-09-06,14:00,0,0
3DL-2PM,3D Lotto 2PM,"[""4"", ""9"", ""2""]",4-9-2,2024-09-06,14:00,0,0
2DL-5PM,2D Lotto 5PM,"[""08"", ""03""]",08-03,2024-09-06,17:00,0,0
3DL-5PM,3D Lotto 5PM,"[""5"", ""3"", ""4""]",5-3-4,2024-09-06,17:00,0,0
2DL-9PM,2D Lotto 9PM,"[""12"", ""31""]",12-31,2024-09-06,21:00,0,0
3DL-9PM,3D Lotto 9PM,"[""9"", ""1"", ""1""]",9-1-1,2024-09-06,21:00,0,0
4DL,4D Lotto,"[""7"", ""4"", ""5"", ""0""]",7-4-5-0,2024-09-06,21:00,0,0
ML45,Megalotto 6/45,"[""44"", ""04"", ""27"", ""25"", ""15"", ""38""]",44-04-27-25-15-38,2024-09-06,21:00,0,0
UL58,Ultra Lotto 6/58,"[""53"", ""45"", ""18"", ""41"", ""40"", ""13""]",53-45-18-41-40-13,2024-09-06,21:00,0,0
2DL-2PM,2D Lotto 2PM,"[""20"", ""03""]",20-03,2024-09-07,14:00,0,0
3DL-2PM,3D Lotto 2PM,"[""7"", ""8"", ""4""]",7-8-4,2024-09-07,14:00,0,0
2DL-5PM,2D Lotto 5PM,"[""29"", ""01""]",29-01,2024-09-07,17:00,0,0
3DL-5PM,3D Lotto 5PM,"[""5"", ""3"", ""7""]",5-3-7,2024-09-07,17:00,0,0
2DL-9PM,2D Lotto 9PM,"[""01"", ""19""]",01-19,2024-09-07,21:00,0,0
3DL-9PM,3D Lotto 9PM,"[""6"", ""5"", ""5""]",6-5-5,2024-09-07,21:00,0,0
6DL,6D Lotto,"[""1"", ""2"", ""9"", ""2"", ""5"", ""9""]",1-2-9-2-5-9,2024-09-07,21:00,0,0
GL55,Grand Lotto 6/55,"[""31"", ""03"", ""17"", ""47"", ""24"", ""20""]",31-03-17-47-24-20,2024-09-07,21:00,0,0
LOTTO42,Lotto 6/42,"[""36"", ""29"", ""10"", ""40"", ""30"", ""05""]",36-29-10-40-30-05,2024-09-07,21:00,0,0
2DL-2PM,2D Lotto 2PM,"[""18"", ""25""]",18-25,2024-09-08,14:00,0,0
3DL-2PM,3D Lotto 2PM,"[""6"", ""4"", ""1""]",6-4-1,2024-09-08,14:00,0,0
2DL-5PM,2D Lotto 5PM,"[""05"", ""01""]",05-01,2024-09-08,17:00,0,0
3DL-5PM,3D Lotto 5PM,"[""5"", ""1"", ""0""]",5-1-0,2024-09-08,17:00,0,0
2DL-9PM,2D Lotto 9PM,"[""03"", ""24""]",03-24,2024-09-08,21:00,0,0
3DL-9PM,3D Lotto 9PM,"[""5"", ""4"", ""5""]",5-4-5,2024-09-08,21:00,0,0
SL49,Superlotto 6/49,"[""07"", ""38"", ""43"", ""03"", ""49"", ""35""]",07-38-43-03-49-35,2024-09-08,21:00,0,0
UL58,Ultra Lotto 6/58,"[""24"", ""55"", ""30"", ""19"", ""40"", ""10""]",24-55-30-19-40-10,2024-09-08,21:00,0,0
2DL-2PM,2D Lotto 2PM,"[""03"", ""30""]",03-30,2024-09-09,14:00,0,0
3DL-2PM,3D Lotto 2PM,"[""1"", ""8"", ""5""]",1-8-5,2024-09-09,14:00,0,0
2DL-5PM,2D Lotto 5PM,"[""29"", ""24""]",29-24,2024-09-09,17:00,0,0
3DL-5PM,3D Lotto 5PM,"[""5"", ""6"", ""6""]",5-6-6,2024-09-09,17:00,0,0
2DL-9PM,2D Lotto 9PM,"[""01"", ""19""]",01-19,2024-09-09,21:00,0,0
3DL-9PM,3D Lotto 9PM,"[""9"", ""3"", ""3""]",9-3-3,2024-09-09,21:00,0,0
4DL,4D Lotto,"[""6"", ""6"", ""9"", ""3""]",6-6-9-3,2024-09-09,21:00,0,0
GL55,Grand Lotto 6/55,"[""41"", ""34"", ""23"", ""09"", ""45"", ""27""]",41-34-23-09-45-27,2024-09-09,21:00,0,0
ML45,Megalotto 6/45,"[""33"", ""37"", ""09"", ""12"", ""25"", ""07""]",33-37-09-12-25-07,2024-09-09,21:00,0,0
2DL-2PM,2D Lotto 2PM,"[""18"", ""24""]",18-24,2024-09-10,14:00,0,0
3DL-2PM,3D Lotto 2PM,"[""5"", ""1"", ""6""]",5-1-6,2024-09-10,14:00,0,0
2DL-5PM,2D Lotto 5PM,"[""20"", ""11""]",20-11,2024-09-10,17:00,0,0
3DL-5PM,3D Lotto 5PM,"[""4"", ""9"", ""0""]",4-9-0,2024-09-10,17:00,0,0
2DL-9PM,2D Lotto 9PM,"[""15"", ""08""]",15-08,2024-09-10,21:00,0,0
3DL-9PM,3D Lotto 9PM,"[""9"", ""4"", ""9""]",9-4-9,2024-09-10,21:00,0,0
6DL,6D Lotto,"[""3"", ""3"", ""5"", ""9"", ""8"", ""0""]",3-3-5-9-8-0,2024-09-10,21:00,0,0
LOTTO42,Lotto 6/42,"[""33"", ""32"", ""42"", ""26"", ""18"", ""14""]",33-32-42-26-18-14,2024-09-10,21:00,0,0
SL49,Superlotto 6/49,"[""13"", ""02"", ""35"", ""19"", ""45"", ""17""]",13-02-35-19-45-17,2024-09-10,21:00,0,0
UL58,Ultra Lotto 6/58,"[""22"", ""33"", ""25"", ""17"", ""58"", ""42""]",22-33-25-17-58-42,2024-09-10,21:00,0,0
2DL-2PM,2D Lotto 2PM,"[""15"", ""29""]",15-29,2024-09-11,14:00,0,0
3DL-2PM,3D Lotto 2PM,"[""4"", ""4"", ""6""]",4-4-6,2024-09-11,14:00,0,0
2DL-5PM,2D Lotto 5PM,"[""19"", ""19""]",19-19,2024-09-11,17:00,0,0
3DL-5PM,3D Lotto 5PM,"[""6"", ""1"", ""3""]",6-1-3,2024-09-11,17:00,0,0
2DL-9PM,2D Lotto 9PM,"[""14"", ""16""]",14-16,2024-09-11,21:00,0,0
3DL-9PM,3D Lotto 9PM,"[""6"", ""2"", ""9""]",6-2-9,2024-09-11,21:00,0,0
4DL,4D Lotto,"[""5"", ""1"", ""6"", ""0""]",5-1-6-0,2024-09-11,21:00,0,0
GL55,Grand Lotto 6/55,"[""15"", ""09"", ""30"", ""52"", ""49"", ""14""]",15-09-30-52-49-14,2024-09-11,21:00,0,0
ML45,Megalotto 6/45,"[""41"", ""14"", ""09"", ""23"", ""04"", ""13""]",41-14-09-23-04-13,2024-09-11,21:00,0,0
2DL-2PM,2D Lotto 2PM,"[""31"", ""28""]",31-28,2024-09-12,14:00,0,0
3DL-2PM,3D Lotto 2PM,"[""5"", ""1"", ""3""]",5-1-3,2024-09-12,14:00,0,0
2DL-5PM,2D Lotto 5PM,"[""30"", ""07""]",30-07,2024-09-12,17:00,0,0
3DL-5PM,3D Lotto 5PM,"[""3"", ""5"", ""2""]",3-5-2,2024-09-12,17:00,0,0
2DL-9PM,2D Lotto 9PM,"[""04"", ""05""]",04-05,2024-09-12,21:00,0,0
3DL-9PM,3D Lotto 9PM,"[""0"", ""1"", ""4""]",0-1-4,2024-09-12,21:00,0,0
6DL,6D Lotto,"[""2"", ""9"", ""3"", ""1"", ""0"", ""5""]",2-9-3-1-0-5,2024-09-12,21:00,0,0
LOTTO42,Lotto 6/42,"[""07"", ""42"", ""38"", ""28"", ""17"", ""41""]",07-42-38-28-17-41,2024-09-12,21:00,0,0
SL49,Superlotto 6/49,"[""12"", ""38"", ""44"", ""18"", ""05"", ""24""]",12-38-44-18-05-24,2024-09-12,21:00,0,0
2DL-2PM,2D Lotto 2PM,"[""16"", ""29""]",16-29,2024-09-13,14:00,0,0
3DL-2PM,3D Lotto 2PM,"[""6"", ""6"", ""1""]",6-6-1,2024-09-13,14:00,0,0
2DL-5PM,2D Lotto 5PM,"[""28"", ""19""]",28-19,2024-09-13,17:00,0,0
3DL-5PM,3D Lotto 5PM,"[""8"", ""3"", ""2""]",8-3-2,2024-09-13,17:00,0,0
2DL-9PM,2D Lotto 9PM,"[""21"", ""10""]",21-10,2024-09-13,21:00,0,0
3DL-9PM,3D Lotto 9PM,"[""2"", ""6"", ""3""]",2-6-3,2024-09-13,21:00,0,0
4DL,4D Lotto,"[""5"", ""1"", ""3"", ""8""]",5-1-3-8,2024-09-13,21:00,0,0
ML45,Megalotto 6/45,"[""14"", ""18"", ""01"", ""32"", ""44"", ""15""]",14-18-01-32-44-15,2024-09-13,21:00,0,0
UL58,Ultra Lotto 6/58,"[""17"", ""30"", ""50"", ""45"", ""20"", ""15""]",17-30-50-45-20-15,2024-09-13,21:00,0,0
2DL-2PM,2D Lotto 2PM,"[""15"", ""26""]",15-26,2024-09-14,14:00,0,0
3DL-2PM,3D Lotto 2PM,"[""1"", ""2"", ""9""]",1-2-9,2024-09-14,14:00,0,0
2DL-5PM,2D Lotto 5PM,"[""26"", ""07""]",26-07,2024-09-14,17:00,0,0
3DL-5PM,3D Lotto 5PM,"[""9"", ""9"", ""8""]",9-9-8,2024-09-14,17:00,0,0
2DL-9PM,2D Lotto 9PM,"[""13"", ""28""]",13-28,2024-09-14,21:00,0,0
3DL-9PM,3D Lotto 9PM,"[""7"", ""3"", ""2""]",7-3-2,2024-09-14,21:00,0,0
6DL,6D Lotto,"[""8"", ""6"", ""7"", ""5"", ""2"", ""2""]",8-6-7-5-2-2,2024-09-14,21:00,0,0
GL55,Grand Lotto 6/55,"[""21"", ""34"", ""26"", ""06"", ""44"", ""27""]",21-34-26-06-44-27,2024-09-14,21:00,0,0
LOTTO42,Lotto 6/42,"[""26"", ""15"", ""29"", ""09"", ""38"", ""25""]",26-15-29-09-38-25,2024-09-14,21:00,0,0
2DL-2PM,2D Lotto 2PM,"[""20"", ""12""]",20-12,2024-09-15,14:00,0,0
3DL-2PM,3D Lotto 2PM,"[""9"", ""3"", ""2""]",9-3-2,2024-09-15,14:00,0,0
2DL-5PM,2D Lotto 5PM,"[""31"", ""23""]",31-23,2024-09-15,17:00,0,0
3DL-5PM,3D Lotto 5PM,"[""7"", ""6"", ""7""]",7-6-7,2024-09-15,17:00,0,0
2DL-9PM,2D Lotto 9PM,"[""19"", ""29""]",19-29,2024-09-15,21:00,0,0
3DL-9PM,3D Lotto 9PM,"[""1"", ""1"", ""8""]",1-1-8,2024-09-15,21:00,0,0
SL49,Superlotto 6/49,"[""32"", ""25"", ""15"", ""19"", ""21"", ""09""]",32-25-15-19-21-09,2024-09-15,21:00,0,0
UL58,Ultra Lotto 6/58,"[""31"", ""22"", ""19"", ""43"", ""37"", ""05""]",31-22-19-43-37-05,2024-09-15,21:00,0,0
2DL-2PM,2D Lotto 2PM,"[""09"", ""06""]",09-06,2024-09-16,14:00,0,0
3DL-2PM,3D Lotto 2PM,"[""2"", ""2"", ""5""]",2-2-5,2024-09-16,14:00,0,0
2DL-5PM,2D Lotto 5PM,"[""28"", ""27""]",28-27,2024-09-16,17:00,0,0
3DL-5PM,3D Lotto 5PM,"[""3"", ""0"", ""8""]",3-0-8,2024-09-16,17:00,0,0
2DL-9PM,2D Lotto 9PM,"[""09"", ""04""]",09-04,2024-09-16,21:00,0,0
3DL-9PM,3D Lotto 9PM,"[""4"", ""4"", ""2""]",4-4-2,2024-09-16,21:00,0,0
4DL,4D Lotto,"[""4"", ""7"", ""6"", ""2""]",4-7-6-2,2024-09-16,21:00,0,0
GL55,Grand Lotto 6/55,"[""22"", ""09"", ""05"", ""21"", ""37"", ""30""]",22-09-05-21-37-30,2024-09-16,21:00,0,0
ML45,Megalotto 6/45,"[""25"", ""03"", ""39"", ""11"", ""44"", ""01""]",25-03-39-11-44-01,2024-09-16,21:00,0,0
2DL-2PM,2D Lotto 2PM,"[""07"", ""15""]",07-15,2024-09-17,14:00,0,0
3DL-2PM,3D Lotto 2PM,"[""3"", ""1"", ""6""]",3-1-6,2024-09-17,14:00,0,0
2DL-5PM,2D Lotto 5PM,"[""10"", ""16""]",10-16,2024-09-17,17:00,0,0
3DL-5PM,3D Lotto 5PM,"[""1"", ""4"", ""8""]",1-4-8,2024-09-17,17:00,0,0
2DL-9PM,2D Lotto 9PM,"[""22"", ""08""]",22-08,2024-09-17,21:00,0,0
3DL-9PM,3D Lotto 9PM,"[""4"", ""0"", ""0""]",4-0-0,2024-09-17,21:00,0,0
6DL,6D Lotto,"[""0"", ""9"", ""2"", ""3"", ""5"", ""1""]",0-9-2-3-5-1,2024-09-17,21:00,0,0
LOTTO42,Lotto 6/42,"[""23"", ""42"", ""03"", ""16"", ""25"", ""40""]",23-42-03-16-25-40,2024-09-17,21:00,0,0
SL49,Superlotto 6/49,"[""18"", ""26"", ""19"", ""45"", ""41"", ""32""]",18-26-19-45-41-32,2024-09-17,21:00,0,0
UL58,Ultra Lotto 6/58,"[""20"", ""42"", ""47"", ""41"", ""49"", ""27""]",20-42-47-41-49-27,2024-09-17,21:00,0,0
2DL-2PM,2D Lotto 2PM,"[""04"", ""31""]",04-31,2024-09-18,14:00,0,0
3DL-2PM,3D Lotto 2PM,"[""4"", ""9"", ""5""]",4-9-5,2024-09-18,14:00,0,0
2DL-5PM,2D Lotto 5PM,"[""14"", ""07""]",14-07,2024-09-18,17:00,0,0
3DL-5PM,3D Lotto 5PM,"[""2"", ""9"", ""3""]",2-9-3,2024-09-18,17:00,0,0
2DL-9PM,2D Lotto 9PM,"[""27"", ""07""]",27-07,2024-09-18,21:00,0,0
3DL-9PM,3D Lotto 9PM,"[""0"", ""6"", ""4""]",0-6-4,2024-09-18,21:00,0,0
4DL,4D Lotto,"[""1"", ""9"", ""2"", ""6""]",1-9-2-6,2024-09-18,21:00,0,0
GL55,Grand Lotto 6/55,"[""02"", ""15"", ""45"", ""31"", ""19"", ""24""]",02-15-45-31-19-24,2024-09-18,21:00,0,0
ML45,Megalotto 6/45,"[""36"", ""04"", ""29"", ""25"", ""45"", ""28""]",36-04-29-25-45-28,2024-09-18,21:00,0,0
2DL-2PM,2D Lotto 2PM,"[""04"", ""09""]",04-09,2024-09-19,14:00,0,0
3DL-2PM,3D Lotto 2PM,"[""1"", ""6"", ""2""]",1-6-2,2024-09-19,14:00,0,0
2DL-5PM,2D Lotto 5PM,"[""28"", ""10""]",28-10,2024-09-19,17:00,0,0
3DL-5PM,3D Lotto 5PM,"[""8"", ""2"", ""0""]",8-2-0,2024-09-19,17:00,0,0
2DL-9PM,2D Lotto 9PM,"[""12"", ""21""]",12-21,2024-09-19,21:00,0,0
3DL-9PM,3D Lotto 9PM,"[""2"", ""1"", ""3""]",2-1-3,2024-09-19,21:00,0,0
6DL,6D Lotto,"[""7"", ""5"", ""9"", ""3"", ""0"", ""1""]",7-5-9-3-0-1,2024-09-19,21:00,0,0
LOTTO42,Lotto 6/42,"[""05"", ""26"", ""02"", ""21"", ""08"", ""27""]",05-26-02-21-08-27,2024-09-19,21:00,0,0
SL49,Superlotto 6/49,"[""32"", ""24"", ""38"", ""03"", ""05"", ""15""]",32-24-38-03-05-15,2024-09-19,21:00,0,0
2DL-2PM,2D Lotto 2PM,"[""12"", ""11""]",12-11,2024-09-20,14:00,0,0
3DL-2PM,3D Lotto 2PM,"[""9"", ""2"", ""9""]",9-2-9,2024-09-20,14:00,0,0
2DL-5PM,2D Lotto 5PM,"[""16"", ""01""]",16-01,2024-09-20,17:00,0,0
3DL-5PM,3D Lotto 5PM,"[""1"", ""9"", ""8""]",1-9-8,2024-09-20,17:00,0,0
2DL-9PM,2D Lotto 9PM,"[""26"", ""12""]",26-12,2024-09-20,21:00,0,0
3DL-9PM,3D Lotto 9PM,"[""2"", ""7"", ""5""]",2-7-5,2024-09-20,21:00,0,0
4DL,4D Lotto,"[""7"", ""3"", ""5"", ""2""]",7-3-5-2,2024-09-20,21:00,0,0
ML45,Megalotto 6/45,"[""13"", ""34"", ""27"", ""42"", ""39"", ""23""]",13-34-27-42-39-23,2024-09-20,21:00,0,0
UL58,Ultra Lotto 6/58,"[""34"", ""01"", ""31"", ""26"", ""28"", ""55""]",34-01-31-26-28-55,2024-09-20,21:00,0,0
2DL-2PM,2D Lotto 2PM,"[""19"", ""18""]",19-18,2024-09-21,14:00,0,0
3DL-2PM,3D Lotto 2PM,"[""6"", ""8"", ""4""]",6-8-4,2024-09-21,14:00,0,0
2DL-5PM,2D Lotto 5PM,"[""30"", ""20""]",30-20,2024-09-21,17:00,0,0
3DL-5PM,3D Lotto 5PM,"[""9"", ""0"", ""5""]",9-0-5,2024-09-21,17:00,0,0
2DL-9PM,2D Lotto 9PM,"[""20"", ""17""]",20-17,2024-09-21,21:00,0,0
3DL-9PM,3D Lotto 9PM,"[""9"", ""2"", ""4""]",9-2-4,2024-09-21,21:00,0,0
6DL,6D Lotto,"[""6"", ""5"", ""4"", ""8"", ""7"", ""3""]",6-5-4-8-7-3,2024-09-21,21:00,0,0
GL55,Grand Lotto 6/55,"[""06"", ""20"", ""05"", ""28"", ""29"", ""10""]",06-20-05-28-29-10,2024-09-21,21:00,0,0
LOTTO42,Lotto 6/42,"[""20"", ""10"", ""14"", ""23"", ""03"", ""38""]",20-10-14-23-03-38,2024-09-21,21:00,0,0
2DL-2PM,2D Lotto 2PM,"[""12"", ""01""]",12-01,2024-09-22,14:00,0,0
3DL-2PM,3D Lotto 2PM,"[""5"", ""0"", ""2""]",5-0-2,2024-09-22,14:00,0,0
2DL-5PM,2D Lotto 5PM,"[""21"", ""09""]",21-09,2024-09-22,17:00,0,0
3DL-5PM,3D Lotto 5PM,"[""4"", ""0"", ""2""]",4-0-2,2024-09-22,17:00,0,0
2DL-9PM,2D Lotto 9PM,"[""31"", ""07""]",31-07,2024-09-22,21:00,0,0
3DL-9PM,3D Lotto 9PM,"[""7"", ""5"", ""3""]",7-5-3,2024-09-22,21:00,0,0
SL49,Superlotto 6/49,"[""06"", ""35"", ""10"", ""18"", ""47"", ""45""]",06-35-10-18-47-45,2024-09-22,21:00,0,0
UL58,Ultra Lotto 6/58,"[""24"", ""56"", ""08"", ""52"", ""04"", ""36""]",24-56-08-52-04-36,2024-09-22,21:00,0,0
2DL-2PM,2D Lotto 2PM,"[""01"", ""21""]",01-21,2024-09-23,14:00,0,0
3DL-2PM,3D Lotto 2PM,"[""8"", ""7"", ""7""]",8-7-7,2024-09-23,14:00,0,0
2DL-5PM,2D Lotto 5PM,"[""13"", ""26""]",13-26,2024-09-23,17:00,0,0
3DL-5PM,3D Lotto 5PM,"[""3"", ""4"", ""2""]",3-4-2,2024-09-23,17:00,0,0
2DL-9PM,2D Lotto 9PM,"[""04"", ""29""]",04-29,2024-09-23,21:00,0,0
3DL-9PM,3D Lotto 9PM,"[""6"", ""1"", ""5""]",6-1-5,2024-09-23,21:00,0,0
4DL,4D Lotto,"[""9"", ""5"", ""0"", ""2""]",9-5-0-2,2024-09-23,21:00,0,0
GL55,Grand Lotto 6/55,"[""13"", ""10"", ""12"", ""52"", ""40"", ""33""]",13-10-12-52-40-33,2024-09-23,21:00,0,0
ML45,Megalotto 6/45,"[""18"", ""25"", ""38"", ""30"", ""03"", ""08""]",18-25-38-30-03-08,2024-09-23,21:00,0,0
2DL-2PM,2D Lotto 2PM,"[""26"", ""31""]",26-31,2024-09-24,14:00,0,0
3DL-2PM,3D Lotto 2PM,"[""7"", ""6"", ""9""]",7-6-9,2024-09-24,14:00,0,0
2DL-5PM,2D Lotto 5PM,"[""05"", ""03""]",05-03,2024-09-24,17:00,0,0
3DL-5PM,3D Lotto 5PM,"[""3"", ""2"", ""8""]",3-2-8,2024-09-24,17:00,0,0
2DL-9PM,2D Lotto 9PM,"[""24"", ""21""]",24-21,2024-09-24,21:00,0,0
3DL-9PM,3D Lotto 9PM,"[""3"", ""4"", ""7""]",3-4-7,2024-09-24,21:00,0,0
6DL,6D Lotto,"[""6"", ""6"", ""2"", ""4"", ""3"", ""8""]",6-6-2-4-3-8,2024-09-24,21:00,0,0
LOTTO42,Lotto 6/42,"[""08"", ""16"", ""19"", ""34"", ""04"", ""38""]",08-16-19-34-04-38,2024-09-24,21:00,0,0
SL49,Superlotto 6/49,"[""39"", ""46"", ""19"", ""36"", ""09"", ""49""]",39-46-19-36-09-49,2024-09-24,21:00,0,0
UL58,Ultra Lotto 6/58,"[""24"", ""22"", ""32"", ""45"", ""48"", ""43""]",24-22-32-45-48-43,2024-09-24,21:00,0,0
2DL-2PM,2D Lotto 2PM,"[""15"", ""04""]",15-04,2024-09-25,14:00,0,0
3DL-2PM,3D Lotto 2PM,"[""1"", ""2"", ""2""]",1-2-2,2024-09-25,14:00,0,0
2DL-5PM,2D Lotto 5PM,"[""24"", ""11""]",24-11,2024-09-25,17:00,0,0
3DL-5PM,3D Lotto 5PM,"[""4"", ""1"", ""5""]",4-1-5,2024-09-25,17:00,0,0
2DL-9PM,2D Lotto 9PM,"[""05"", ""02""]",05-02,2024-09-25,21:00,0,0
3DL-9PM,3D Lotto 9PM,"[""2"", ""2"", ""3""]",2-2-3,2024-09-25,21:00,0,0
4DL,4D Lotto,"[""4"", ""4"", ""5"", ""1""]",4-4-5-1,2024-09-25,21:00,0,0
GL55,Grand Lotto 6/55,"[""30"", ""34"", ""27"", ""39"", ""02"", ""38""]",30-34-27-39-02-38,2024-09-25,21:00,0,0
ML45,Megalotto 6/45,"[""31"", ""30"", ""41"", ""25"", ""39"", ""10""]",31-30-41-25-39-10,2024-09-25,21:00,0,0
2DL-2PM,2D Lotto 2PM,"[""01"", ""18""]",01-18,2024-09-26,14:00,0,0
3DL-2PM,3D Lotto 2PM,"[""1"", ""3"", ""9""]",1-3-9,2024-09-26,14:00,0,0
2DL-5PM,2D Lotto 5PM,"[""09"", ""25""]",09-25,2024-09-26,17:00,0,0
3DL-5PM,3D Lotto 5PM,"[""1"", ""3"", ""0""]",1-3-0,2024-09-26,17:00,0,0
2DL-9PM,2D Lotto 9PM,"[""30"", ""03""]",30-03,2024-09-26,21:00,0,0
3DL-9PM,3D Lotto 9PM,"[""2"", ""2"", ""9""]",2-2-9,2024-09-26,21:00,0,0
6DL,6D Lotto,"[""4"", ""3"", ""0"", ""4"", ""6"", ""1""]",4-3-0-4-6-1,2024-09-26,21:00,0,0
LOTTO42,Lotto 6/42,"[""34"", ""11"", ""32"", ""41"", ""13"", ""39""]",34-11-32-41-13-39,2024-09-26,21:00,0,0
SL49,Superlotto 6/49,"[""20"", ""30"", ""06"", ""46"", ""25"", ""39""]",20-30-06-46-25-39,2024-09-26,21:00,0,0
2DL-2PM,2D Lotto 2PM,"[""17"", ""20""]",17-20,2024-09-27,14:00,0,0
3DL-2PM,3D Lotto 2PM,"[""4"", ""5"", ""7""]",4-5-7,2024-09-27,14:00,0,0
2DL-5PM,2D Lotto 5PM,"[""15"", ""19""]",15-19,2024-09-27,17:00,0,0
3DL-5PM,3D Lotto 5PM,"[""7"", ""0"", ""3""]",7-0-3,2024-09-27,17:00,0,0
2DL-9PM,2D Lotto 9PM,"[""09"", ""17""]",09-17,2024-09-27,21:00,0,0
3DL-9PM,3D Lotto 9PM,"[""7"", ""0"", ""3""]",7-0-3,2024-09-27,21:00,0,0
4DL,4D Lotto,"[""6"", ""8"", ""5"", ""2""]",6-8-5-2,2024-09-27,21:00,0,0
ML45,Megalotto 6/45,"[""12"", ""13"", ""37"", ""39"", ""25"", ""21""]",12-13-37-39-25-21,2024-09-27,21:00,0,0
UL58,Ultra Lotto 6/58,"[""11"", ""08"", ""29"", ""58"", ""30"", ""53""]",11-08-29-58-30-53,2024-09-27,21:00,0,0
2DL-2PM,2D Lotto 2PM,"[""02"", ""08""]",02-08,2024-09-28,14:00,0,0
3DL-2PM,3D Lotto 2PM,"[""3"", ""2"", ""2""]",3-2-2,2024-09-28,14:00,0,0
2DL-5PM,2D Lotto 5PM,"[""29"", ""29""]",29-29,2024-09-28,17:00,0,0
3DL-5PM,3D Lotto 5PM,"[""5"", ""5"", ""6""]",5-5-6,2024-09-28,17:00,0,0
2DL-9PM,2D Lotto 9PM,"[""07"", ""12""]",07-12,2024-09-28,21:00,0,0
3DL-9PM,3D Lotto 9PM,"[""2"", ""4"", ""0""]",2-4-0,2024-09-28,21:00,0,0
6DL,6D Lotto,"[""7"", ""1"", ""6"", ""7"", ""6"", ""2""]",7-1-6-7-6-2,2024-09-28,21:00,0,0
GL55,Grand Lotto 6/55,"[""46"", ""45"", ""12"", ""22"", ""41"", ""13""]",46-45-12-22-41-13,2024-09-28,21:00,0,0
LOTTO42,Lotto 6/42,"[""12"", ""33"", ""42"", ""30"", ""18"", ""37""]",12-33-42-30-18-37,2024-09-28,21:00,0,0
2DL-2PM,2D Lotto 2PM,"[""05"", ""26""]",05-26,2024-09-29,14:00,0,0
3DL-2PM,3D Lotto 2PM,"[""3"", ""1"", ""1""]",3-1-1,2024-09-29,14:00,0,0
2DL-5PM,2D Lotto 5PM,"[""11"", ""30""]",11-30,2024-09-29,17:00,0,0
3DL-5PM,3D Lotto 5PM,"[""0"", ""8"", ""6""]",0-8-6,2024-09-29,17:00,0,0
2DL-9PM,2D Lotto 9PM,"[""14"", ""20""]",14-20,2024-09-29,21:00,0,0
3DL-9PM,3D Lotto 9PM,"[""7"", ""5"", ""1""]",7-5-1,2024-09-29,21:00,0,0
SL49,Superlotto 6/49,"[""21"", ""39"", ""15"", ""45"", ""26"", ""03""]",21-39-15-45-26-03,2024-09-29,21:00,0,0
UL58,Ultra Lotto 6/58,"[""20"", ""40"", ""26"", ""46"", ""38"", ""01""]",20-40-26-46-38-01,2024-09-29,21:00,0,0
2DL-2PM,2D Lotto 2PM,"[""05"", ""15""]",05-15,2024-09-30,14:00,0,0
3DL-2PM,3D Lotto 2PM,"[""3"", ""7"", ""1""]",3-7-1,2024-09-30,14:00,0,0
2DL-5PM,2D Lotto 5PM,"[""09"", ""25""]",09-25,2024-09-30,17:00,0,0
3DL-5PM,3D Lotto 5PM,"[""7"", ""7"", ""2""]",7-7-2,2024-09-30,17:00,0,0
2DL-9PM,2D Lotto 9PM,"[""10"", ""10""]",10-10,2024-09-30,21:00,0,0
3DL-9PM,3D Lotto 9PM,"[""3"", ""0"", ""1""]",3-0-1,2024-09-30,21:00,0,0
4DL,4D Lotto,"[""5"", ""0"", ""3"", ""9""]",5-0-3-9,2024-09-30,21:00,0,0
GL55,Grand Lotto 6/55,"[""28"", ""42"", ""04"", ""55"", ""45"", ""39""]",28-42-04-55-45-39,2024-09-30,21:00,0,0
ML45,Megalotto 6/45,"[""24"", ""07"", ""41"", ""42"", ""35"", ""22""]",24-07-41-42-35-22,2024-09-30,21:00,0,0
2DL-2PM,2D Lotto 2PM,"[""14"", ""06""]",14-06,2024-10-01,14:00,0,0
3DL-2PM,3D Lotto 2PM,"[""9"", ""3"", ""4""]",9-3-4,2024-10-01,14:00,0,0
2DL-5PM,2D Lotto 5PM,"[""18"", ""12""]",18-12,2024-10-01,17:00,0,0
3DL-5PM,3D Lotto 5PM,"[""8"", ""3"", ""1""]",8-3-1,2024-10-01,17:00,0,0
2DL-9PM,2D Lotto 9PM,"[""05"", ""26""]",05-26,2024-10-01,21:00,0,0
3DL-9PM,3D Lotto 9PM,"[""8"", ""2"", ""0""]",8-2-0,2024-10-01,21:00,0,0
6DL,6D Lotto,"[""8"", ""7"", ""8"", ""6"", ""1"", ""4""]",8-7-8-6-1-4,2024-10-01,21:00,0,0
UL58,Ultra Lotto 6/58,"[""30"", ""39"", ""13"", ""40"", ""14"", ""22""]",30-39-13-40-14-22,2024-10-01,21:00,0,0
2DL-2PM,2D Lotto 2PM,"[""28"", ""12""]",28-12,2024-10-02,14:00,0,0
3DL-2PM,3D Lotto 2PM,"[""8"", ""1"", ""2""]",8-1-2,2024-10-02,14:00,0,0
2DL-5PM,2D Lotto 5PM,"[""17"", ""24""]",17-24,2024-10-02,17:00,0,0
3DL-5PM,3D Lotto 5PM,"[""7"", ""7"", ""8""]",7-7-8,2024-10-02,17:00,0,0
2DL-9PM,2D Lotto 9PM,"[""06"", ""09""]",06-09,2024-10-02,21:00,0,0
3DL-9PM,3D Lotto 9PM,"[""2"", ""6"", ""6""]",2-6-6,2024-10-02,21:00,0,0
4DL,4D Lotto,"[""8"", ""4"", ""0"", ""3""]",8-4-0-3,2024-10-02,21:00,0,0
GL55,Grand Lotto 6/55,"[""55"", ""09"", ""02"", ""21"", ""26"", ""08""]",55-09-02-21-26-08,2024-10-02,21:00,0,0
ML45,Megalotto 6/45,"[""36"", ""45"", ""35"", ""20"", ""12"", ""03""]",36-45-35-20-12-03,2024-10-02,21:00,0,0
2DL-2PM,2D Lotto 2PM,"[""11"", ""26""]",11-26,2024-10-03,14:00,0,0
3DL-2PM,3D Lotto 2PM,"[""5"", ""2"", ""7""]",5-2-7,2024-10-03,14:00,0,0
2DL-5PM,2D Lotto 5PM,"[""13"", ""27""]",13-27,2024-10-03,17:00,0,0
3DL-5PM,3D Lotto 5PM,"[""0"", ""5"", ""6""]",0-5-6,2024-10-03,17:00,0,0
2DL-9PM,2D Lotto 9PM,"[""11"", ""28""]",11-28,2024-10-03,21:00,0,0
3DL-9PM,3D Lotto 9PM,"[""3"", ""0"", ""8""]",3-0-8,2024-10-03,21:00,0,0
6DL,6D Lotto,"[""9"", ""4"", ""2"", ""1"", ""6"", ""7""]",9-4-2-1-6-7,2024-10-03,21:00,0,0
LOTTO42,Lotto 6/42,"[""28"", ""19"", ""35"", ""41"", ""25"", ""03""]",28-19-35-41-25-03,2024-10-03,21:00,0,0
SL49,Superlotto 6/49,"[""16"", ""41"", ""26"", ""27"", ""44"", ""21""]",16-41-26-27-44-21,2024-10-03,21:00,0,0
2DL-2PM,2D Lotto 2PM,"[""11"", ""18""]",11-18,2024-10-04,14:00,0,0
3DL-2PM,3D Lotto 2PM,"[""6"", ""0"", ""8""]",6-0-8,2024-10-04,14:00,0,0
2DL-5PM,2D Lotto 5PM,"[""14"", ""05""]",14-05,2024-10-04,17:00,0,0
3DL-5PM,3D Lotto 5PM,"[""6"", ""6"", ""9""]",6-6-9,2024-10-04,17:00,0,0
2DL-9PM,2D Lotto 9PM,"[""14"", ""16""]",14-16,2024-10-04,21:00,0,0
3DL-9PM,3D Lotto 9PM,"[""8"", ""3"", ""2""]",8-3-2,2024-10-04,21:00,0,0
4DL,4D Lotto,"[""9"", ""0"", ""3"", ""0""]",9-0-3-0,2024-10-04,21:00,0,0
ML45,Megalotto 6/45,"[""41"", ""44"", ""23"", ""03"", ""17"", ""05""]",41-44-23-03-17-05,2024-10-04,21:00,0,0
UL58,Ultra Lotto 6/58,"[""46"", ""19"", ""11"", ""40"", ""41"", ""16""]",46-19-11-40-41-16,2024-10-04,21:00,0,0
2DL-2PM,2D Lotto 2PM,"[""19"", ""02""]",19-02,2024-10-05,14:00,0,0
3DL-2PM,3D Lotto 2PM,"[""7"", ""0"", ""0""]",7-0-0,2024-10-05,14:00,0,0
2DL-5PM,2D Lotto 5PM,"[""26"", ""19""]",26-19,2024-10-05,17:00,0,0
3DL-5PM,3D Lotto 5PM,"[""7"", ""2"", ""8""]",7-2-8,2024-10-05,17:00,0,0
2DL-9PM,2D Lotto 9PM,"[""10"", ""10""]",10-10,2024-10-05,21:00,0,0
3DL-9PM,3D Lotto 9PM,"[""2"", ""8"", ""3""]",2-8-3,2024-10-05,21:00,0,0
6DL,6D Lotto,"[""9"", ""2"", ""9"", ""8"", ""5"", ""8""]",9-2-9-8-5-8,2024-10-05,21:00,0,0
GL55,Grand Lotto 6/55,"[""10"", ""28"", ""03"", ""53"", ""41"", ""20""]",10-28-03-53-41-20,2024-10-05,21:00,0,0
LOTTO42,Lotto 6/42,"[""20"", ""39"", ""22"", ""07"", ""09"", ""01""]",20-39-22-07-09-01,2024-10-05,21:00,0,0
2DL-2PM,2D Lotto 2PM,"[""27"", ""28""]",27-28,2024-10-06,14:00,0,0
3DL-2PM,3D Lotto 2PM,"[""5"", ""0"", ""2""]",5-0-2,2024-10-06,14:00,0,0
2DL-5PM,2D Lotto 5PM,"[""25"", ""25""]",25-25,2024-10-06,17:00,0,0
3DL-5PM,3D Lotto 5PM,"[""1"", ""8"", ""0""]",1-8-0,2024-10-06,17:00,0,0
2DL-9PM,2D Lotto 9PM,"[""12"", ""01""]",12-01,2024-10-06,21:00,0,0
3DL-9PM,3D Lotto 9PM,"[""2"", ""5"", ""1""]",2-5-1,2024-10-06,21:00,0,0
SL49,Superlotto 6/49,"[""23"", ""36"", ""01"", ""06"", ""09"", ""42""]",23-36-01-06-09-42,2024-10-06,21:00,0,0
UL58,Ultra Lotto 6/58,"[""16"", ""13"", ""53"", ""09"", ""41"", ""49""]",16-13-53-09-41-49,2024-10-06,21:00,0,0
2DL-2PM,2D Lotto 2PM,"[""02"", ""04""]",02-04,2024-10-07,14:00,0,0
3DL-2PM,3D Lotto 2PM,"[""1"", ""4"", ""6""]",1-4-6,2024-10-07,14:00,0,0
2DL-5PM,2D Lotto 5PM,"[""07"", ""25""]",07-25,2024-10-07,17:00,0,0
3DL-5PM,3D Lotto 5PM,"[""3"", ""8"", ""8""]",3-8-8,2024-10-07,17:00,0,0
2DL-9PM,2D Lotto 9PM,"[""17"", ""08""]",17-08,2024-10-07,21:00,0,0
3DL-9PM,3D Lotto 9PM,"[""2"", ""6"", ""7""]",2-6-7,2024-10-07,21:00,0,0
4DL,4D Lotto,"[""5"", ""7"", ""2"", ""2""]",5-7-2-2,2024-10-07,21:00,0,0
GL55,Grand Lotto 6/55,"[""54"", ""12"", ""33"", ""31"", ""02"", ""10""]",54-12-33-31-02-10,2024-10-07,21:00,0,0
ML45,Megalotto 6/45,"[""40"", ""36"", ""28"", ""06"", ""03"", ""17""]",40-36-28-06-03-17,2024-10-07,21:00,0,0
2DL-2PM,2D Lotto 2PM,"[""17"", ""20""]",17-20,2024-10-08,14:00,0,0
3DL-2PM,3D Lotto 2PM,"[""6"", ""2"", ""7""]",6-2-7,2024-10-08,14:00,0,0
2DL-5PM,2D Lotto 5PM,"[""22"", ""18""]",22-18,2024-10-08,17:00,0,0
3DL-5PM,3D Lotto 5PM,"[""7"", ""1"", ""1""]",7-1-1,2024-10-08,17:00,0,0
2DL-9PM,2D Lotto 9PM,"[""04"", ""13""]",04-13,2024-10-08,21:00,0,0
3DL-9PM,3D Lotto 9PM,"[""6"", ""6"", ""6""]",6-6-6,2024-10-08,21:00,0,0
6DL,6D Lotto,"[""7"", ""9"", ""6"", ""4"", ""0"", ""1""]",7-9-6-4-0-1,2024-10-08,21:00,0,0
LOTTO42,Lotto 6/42,"[""38"", ""18"", ""17"", ""41"", ""40"", ""08""]",38-18-17-41-40-08,2024-10-08,21:00,0,0
SL49,Superlotto 6/49,"[""21"", ""08"", ""12"", ""14"", ""36"", ""03""]",21-08-12-14-36-03,2024-10-08,21:00,0,0
UL58,Ultra Lotto 6/58,"[""18"", ""37"", ""17"", ""40"", ""34"", ""57""]",18-37-17-40-34-57,2024-10-08,21:00,0,0
2DL-2PM,2D Lotto 2PM,"[""14"", ""17""]",14-17,2024-10-09,14:00,0,0
3DL-2PM,3D Lotto 2PM,"[""3"", ""4"", ""8""]",3-4-8,2024-10-09,14:00,0,0
2DL-5PM,2D Lotto 5PM,"[""19"", ""24""]",19-24,2024-10-09,17:00,0,0
3DL-5PM,3D Lotto 5PM,"[""2"", ""0"", ""9""]",2-0-9,2024-10-09,17:00,0,0
2DL-9PM,2D Lotto 9PM,"[""05"", ""09""]",05-09,2024-10-09,21:00,0,0
3DL-9PM,3D Lotto 9PM,"[""7"", ""3"", ""4""]",7-3-4,2024-10-09,21:00,0,0
4DL,4D Lotto,"[""3"", ""7"", ""7"", ""1""]",3-7-7-1,2024-10-09,21:00,0,0
GL55,Grand Lotto 6/55,"[""04"", ""34"", ""48"", ""09"", ""19"", ""41""]",04-34-48-09-19-41,2024-10-09,21:00,0,0
ML45,Megalotto 6/45,"[""24"", ""36"", ""32"", ""31"", ""37"", ""38""]",24-36-32-31-37-38,2024-10-09,21:00,0,0
2DL-2PM,2D Lotto 2PM,"[""23"", ""25""]",23-25,2024-10-10,14:00,0,0
3DL-2PM,3D Lotto 2PM,"[""9"", ""7"", ""2""]",9-7-2,2024-10-10,14:00,0,0
2DL-5PM,2D Lotto 5PM,"[""19"", ""14""]",19-14,2024-10-10,17:00,0,0
3DL-5PM,3D Lotto 5PM,"[""8"", ""3"", ""4""]",8-3-4,2024-10-10,17:00,0,0
2DL-9PM,2D Lotto 9PM,"[""19"", ""18""]",19-18,2024-10-10,21:00,0,0
3DL-9PM,3D Lotto 9PM,"[""3"", ""1"", ""0""]",3-1-0,2024-10-10,21:00,0,0
6DL,6D Lotto,"[""0"", ""7"", ""9"", ""8"", ""9"", ""6""]",0-7-9-8-9-6,2024-10-10,21:00,0,0
LOTTO42,Lotto 6/42,"[""25"", ""02"", ""42"", ""05"", ""38"", ""06""]",25-02-42-05-38-06,2024-10-10,21:00,0,0
SL49,Superlotto 6/49,"[""41"", ""43"", ""05"", ""16"", ""31"", ""45""]",41-43-05-16-31-45,2024-10-10,21:00,0,0
2DL-2PM,2D Lotto 2PM,"[""08"", ""26""]",08-26,2024-10-11,14:00,0,0
3DL-2PM,3D Lotto 2PM,"[""9"", ""7"", ""5""]",9-7-5,2024-10-11,14:00,0,0
2DL-5PM,2D Lotto 5PM,"[""27"", ""25""]",27-25,2024-10-11,17:00,0,0
3DL-5PM,3D Lotto 5PM,"[""0"", ""0"", ""6""]",0-0-6,2024-10-11,17:00,0,0
2DL-9PM,2D Lotto 9PM,"[""05"", ""11""]",05-11,2024-10-11,21:00,0,0
3DL-9PM,3D Lotto 9PM,"[""5"", ""3"", ""3""]",5-3-3,2024-10-11,21:00,0,0
4DL,4D Lotto,"[""1"", ""6"", ""3"", ""7""]",1-6-3-7,2024-10-11,21:00,0,0
ML45,Megalotto 6/45,"[""03"", ""12"", ""09"", ""22"", ""02"", ""38""]",03-12-09-22-02-38,2024-10-11,21:00,0,0
UL58,Ultra Lotto 6/58,"[""04"", ""17"", ""39"", ""14"", ""38"", ""10""]",04-17-39-14-38-10,2024-10-11,21:00,0,0
2DL-2PM,2D Lotto 2PM,"[""08"", ""01""]",08-01,2024-10-12,14:00,0,0
3DL-2PM,3D Lotto 2PM,"[""4"", ""1"", ""7""]",4-1-7,2024-10-12,14:00,0,0
2DL-5PM,2D Lotto 5PM,"[""19"", ""03""]",19-03,2024-10-12,17:00,0,0
3DL-5PM,3D Lotto 5PM,"[""7"", ""7"", ""4""]",7-7-4,2024-10-12,17:00,0,0
2DL-9PM,2D Lotto 9PM,"[""24"", ""13""]",24-13,2024-10-12,21:00,0,0
3DL-9PM,3D Lotto 9PM,"[""6"", ""7"", ""1""]",6-7-1,2024-10-12,21:00,0,0
6DL,6D Lotto,"[""4"", ""3"", ""0"", ""4"", ""6"", ""7""]",4-3-0-4-6-7,2024-10-12,21:00,0,0
GL55,Grand Lotto 6/55,"[""05"", ""43"", ""40"", ""25"", ""27"", ""36""]",05-43-40-25-27-36,2024-10-12,21:00,0,0
LOTTO42,Lotto 6/42,"[""28"", ""36"", ""12"", ""14"", ""21"", ""22""]",28-36-12-14-21-22,2024-10-12,21:00,0,0
2DL-2PM,2D Lotto 2PM,"[""09"", ""02""]",09-02,2024-10-13,14:00,0,0
3DL-2PM,3D Lotto 2PM,"[""7"", ""3"", ""8""]",7-3-8,2024-10-13,14:00,0,0
2DL-5PM,2D Lotto 5PM,"[""27"", ""28""]",27-28,2024-10-13,17:00,0,0
3DL-5PM,3D Lotto 5PM,"[""4"", ""5"", ""0""]",4-5-0,2024-10-13,17:00,0,0
2DL-9PM,2D Lotto 9PM,"[""05"", ""24""]",05-24,2024-10-13,21:00,0,0
3DL-9PM,3D Lotto 9PM,"[""4"", ""4"", ""3""]",4-4-3,2024-10-13,21:00,0,0
SL49,Superlotto 6/49,"[""44"", ""15"", ""38"", ""19"", ""41"", ""48""]",44-15-38-19-41-48,2024-10-13,21:00,0,0
UL58,Ultra Lotto 6/58,"[""57"", ""39"", ""49"", ""31"", ""19"", ""14""]",57-39-49-31-19-14,2024-10-13,21:00,0,0
2DL-2PM,2D Lotto 2PM,"[""16"", ""06""]",16-06,2024-10-14,14:00,0,0
3DL-2PM,3D Lotto 2PM,"[""2"", ""7"", ""8""]",2-7-8,2024-10-14,14:00,0,0
2DL-5PM,2D Lotto 5PM,"[""19"", ""24""]",19-24,2024-10-14,17:00,0,0
3DL-5PM,3D Lotto 5PM,"[""2"", ""7"", ""1""]",2-7-1,2024-10-14,17:00,0,0
2DL-9PM,2D Lotto 9PM,"[""30"", ""24""]",30-24,2024-10-14,21:00,0,0
3DL-9PM,3D Lotto 9PM,"[""1"", ""5"", ""9""]",1-5-9,2024-10-14,21:00,0,0
4DL,4D Lotto,"[""6"", ""8"", ""5"", ""9""]",6-8-5-9,2024-10-14,21:00,0,0
GL55,Grand Lotto 6/55,"[""17"", ""52"", ""06"", ""01"", ""43"", ""05""]",17-52-06-01-43-05,2024-10-14,21:00,0,0
ML45,Megalotto 6/45,"[""20"", ""37"", ""28"", ""23"", ""09"", ""03""]",20-37-28-23-09-03,2024-10-14,21:00,0,0
2DL-2PM,2D Lotto 2PM,"[""09"", ""14""]",09-14,2024-10-15,14:00,0,0
3DL-2PM,3D Lotto 2PM,"[""0"", ""0"", ""4""]",0-0-4,2024-10-15,14:00,0,0
2DL-5PM,2D Lotto 5PM,"[""29"", ""09""]",29-09,2024-10-15,17:00,0,0
3DL-5PM,3D Lotto 5PM,"[""8"", ""3"", ""8""]",8-3-8,2024-10-15,17:00,0,0
2DL-9PM,2D Lotto 9PM,"[""23"", ""09""]",23-09,2024-10-15,21:00,0,0
3DL-9PM,3D Lotto 9PM,"[""7"", ""0"", ""1""]",7-0-1,2024-10-15,21:00,0,0
6DL,6D Lotto,"[""2"", ""1"", ""7"", ""0"", ""0"", ""7""]",2-1-7-0-0-7,2024-10-15,21:00,0,0
LOTTO42,Lotto 6/42,"[""14"", ""06"", ""24"", ""23"", ""18"", ""20""]",14-06-24-23-18-20,2024-10-15,21:00,0,0
SL49,Superlotto 6/49,"[""20"", ""35"", ""08"", ""22"", ""32"", ""14""]",20-35-08-22-32-14,2024-10-15,21:00,0,0
UL58,Ultra Lotto 6/58,"[""01"", ""22"", ""20"", ""17"", ""30"", ""44""]",01-22-20-17-30-44,2024-10-15,21:00,0,0
2DL-2PM,2D Lotto 2PM,"[""30"", ""01""]",30-01,2024-10-16,14:00,0,0
3DL-2PM,3D Lotto 2PM,"[""9"", ""7"", ""3""]",9-7-3,2024-10-16,14:00,0,0
2DL-5PM,2D Lotto 5PM,"[""10"", ""11""]",10-11,2024-10-16,17:00,0,0
3DL-5PM,3D Lotto 5PM,"[""8"", ""2"", ""1""]",8-2-1,2024-10-16,17:00,0,0
2DL-9PM,2D Lotto 9PM,"[""03"", ""25""]",03-25,2024-10-16,21:00,0,0
3DL-9PM,3D Lotto 9PM,"[""7"", ""3"", ""9""]",7-3-9,2024-10-16,21:00,0,0
4DL,4D Lotto,"[""3"", ""1"", ""2"", ""1""]",3-1-2-1,2024-10-16,21:00,0,0
GL55,Grand Lotto 6/55,"[""35"", ""45"", ""26"", ""17"", ""07"", ""51""]",35-45-26-17-07-51,2024-10-16,21:00,0,0
ML45,Megalotto 6/45,"[""34"", ""07"", ""13"", ""22"", ""21"", ""09""]",34-07-13-22-21-09,2024-10-16,21:00,0,0
2DL-2PM,2D Lotto 2PM,"[""17"", ""23""]",17-23,2024-10-17,14:00,0,0
3DL-2PM,3D Lotto 2PM,"[""0"", ""7"", ""7""]",0-7-7,2024-10-17,14:00,0,0
2DL-5PM,2D Lotto 5PM,"[""15"", ""27""]",15-27,2024-10-17,17:00,0,0
3DL-5PM,3D Lotto 5PM,"[""4"", ""4"", ""6""]",4-4-6,2024-10-17,17:00,0,0
2DL-9PM,2D Lotto 9PM,"[""31"", ""30""]",31-30,2024-10-17,21:00,0,0
3DL-9PM,3D Lotto 9PM,"[""0"", ""3"", ""2""]",0-3-2,2024-10-17,21:00,0,0
6DL,6D Lotto,"[""9"", ""3"", ""3"", ""2"", ""3"", ""4""]",9-3-3-2-3-4,2024-10-17,21:00,0,0
LOTTO42,Lotto 6/42,"[""20"", ""04"", ""30"", ""01"", ""09"", ""07""]",20-04-30-01-09-07,2024-10-17,21:00,0,0
SL49,Superlotto 6/49,"[""04"", ""45"", ""13"", ""41"", ""37"", ""40""]",04-45-13-41-37-40,2024-10-17,21:00,0,0
2DL-2PM,2D Lotto 2PM,"[""10"", ""19""]",10-19,2024-10-18,14:00,0,0
3DL-2PM,3D Lotto 2PM,"[""5"", ""9"", ""8""]",5-9-8,2024-10-18,14:00,0,0
2DL-5PM,2D Lotto 5PM,"[""05"", ""22""]",05-22,2024-10-18,17:00,0,0
3DL-5PM,3D Lotto 5PM,"[""1"", ""0"", ""9""]",1-0-9,2024-10-18,17:00,0,0
2DL-9PM,2D Lotto 9PM,"[""09"", ""19""]",09-19,2024-10-18,21:00,0,0
3DL-9PM,3D Lotto 9PM,"[""8"", ""1"", ""2""]",8-1-2,2024-10-18,21:00,0,0
4DL,4D Lotto,"[""0"", ""4"", ""6"", ""3""]",0-4-6-3,2024-10-18,21:00,0,0
ML45,Megalotto 6/45,"[""18"", ""07"", ""29"", ""03"", ""40"", ""04""]",18-07-29-03-40-04,2024-10-18,21:00,0,0
UL58,Ultra Lotto 6/58,"[""30"", ""25"", ""47"", ""09"", ""53"", ""40""]",30-25-47-09-53-40,2024-10-18,21:00,0,0
2DL-2PM,2D Lotto 2PM,"[""22"", ""20""]",22-20,2024-10-19,14:00,0,0
3DL-2PM,3D Lotto 2PM,"[""9"", ""9"", ""8""]",9-9-8,2024-10-19,14:00,0,0
2DL-5PM,2D Lotto 5PM,"[""09"", ""29""]",09-29,2024-10-19,17:00,0,0
3DL-5PM,3D Lotto 5PM,"[""2"", ""9"", ""0""]",2-9-0,2024-10-19,17:00,0,0
2DL-9PM,2D Lotto 9PM,"[""15"", ""22""]",15-22,2024-10-19,21:00,0,0
3DL-9PM,3D Lotto 9PM,"[""0"", ""9"", ""3""]",0-9-3,2024-10-19,21:00,0,0
6DL,6D Lotto,"[""8"", ""0"", ""0"", ""6"", ""1"", ""3""]",8-0-0-6-1-3,2024-10-19,21:00,0,0
GL55,Grand Lotto 6/55,"[""55"", ""46"", ""20"", ""44"", ""23"", ""42""]",55-46-20-44-23-42,2024-10-19,21:00,0,0
LOTTO42,Lotto 6/42,"[""04"", ""19"", ""29"", ""11"", ""10"", ""03""]",04-19-29-11-10-03,2024-10-19,21:00,0,0
2DL-2PM,2D Lotto 2PM,"[""01"", ""27""]",01-27,2024-10-20,14:00,0,0
3DL-2PM,3D Lotto 2PM,"[""6"", ""6"", ""4""]",6-6-4,2024-10-20,14:00,0,0
2DL-5PM,2D Lotto 5PM,"[""07"", ""05""]",07-05,2024-10-20,17:00,0,0
3DL-5PM,3D Lotto 5PM,"[""5"", ""7"", ""9""]",5-7-9,2024-10-20,17:00,0,0
2DL-9PM,2D Lotto 9PM,"[""12"", ""30""]",12-30,2024-10-20,21:00,0,0
3DL-9PM,3D Lotto 9PM,"[""3"", ""4"", ""9""]",3-4-9,2024-10-20,21:00,0,0
SL49,Superlotto 6/49,"[""20"", ""32"", ""29"", ""31"", ""01"", ""22""]",20-32-29-31-01-22,2024-10-20,21:00,0,0
UL58,Ultra Lotto 6/58,"[""42"", ""13"", ""38"", ""56"", ""28"", ""26""]",42-13-38-56-28-26,2024-10-20,21:00,0,0
2DL-2PM,2D Lotto 2PM,"[""03"", ""01""]",03-01,2024-10-21,14:00,0,0
3DL-2PM,3D Lotto 2PM,"[""9"", ""9"", ""6""]",9-9-6,2024-10-21,14:00,0,0
2DL-5PM,2D Lotto 5PM,"[""18"", ""02""]",18-02,2024-10-21,17:00,0,0
3DL-5PM,3D Lotto 5PM,"[""6"", ""8"", ""7""]",6-8-7,2024-10-21,17:00,0,0
2DL-9PM,2D Lotto 9PM,"[""22"", ""26""]",22-26,2024-10-21,21:00,0,0
3DL-9PM,3D Lotto 9PM,"[""6"", ""5"", ""3""]",6-5-3,2024-10-21,21:00,0,0
4DL,4D Lotto,"[""4"", ""1"", ""4"", ""2""]",4-1-4-2,2024-10-21,21:00,0,0
GL55,Grand Lotto 6/55,"[""49"", ""39"", ""26"", ""10"", ""36"", ""53""]",49-39-26-10-36-53,2024-10-21,21:00,0,0
ML45,Megalotto 6/45,"[""06"", ""34"", ""11"", ""35"", ""13"", ""31""]",06-34-11-35-13-31,2024-10-21,21:00,0,0
2DL-2PM,2D Lotto 2PM,"[""06"", ""10""]",06-10,2024-10-22,14:00,0,0
3DL-2PM,3D Lotto 2PM,"[""8"", ""7"", ""4""]",8-7-4,2024-10-22,14:00,0,0
2DL-5PM,2D Lotto 5PM,"[""14"", ""20""]",14-20,2024-10-22,17:00,0,0
3DL-5PM,3D Lotto 5PM,"[""6"", ""7"", ""0""]",6-7-0,2024-10-22,17:00,0,0
2DL-9PM,2D Lotto 9PM,"[""08"", ""13""]",08-13,2024-10-22,21:00,0,0
3DL-9PM,3D Lotto 9PM,"[""2"", ""2"", ""9""]",2-2-9,2024-10-22,21:00,0,0
6DL,6D Lotto,"[""0"", ""0"", ""2"", ""1"", ""5"", ""1""]",0-0-2-1-5-1,2024-10-22,21:00,0,0
LOTTO42,Lotto 6/42,"[""29"", ""04"", ""11"", ""09"", ""10"", ""25""]",29-04-11-09-10-25,2024-10-22,21:00,0,0
SL49,Superlotto 6/49,"[""24"", ""04"", ""03"", ""14"", ""17"", ""28""]",24-04-03-14-17-28,2024-10-22,21:00,0,0
UL58,Ultra Lotto 6/58,"[""57"", ""26"", ""13"", ""02"", ""15"", ""46""]",57-26-13-02-15-46,2024-10-22,21:00,0,0
2DL-2PM,2D Lotto 2PM,"[""06"", ""13""]",06-13,2024-10-23,14:00,0,0
3DL-2PM,3D Lotto 2PM,"[""8"", ""2"", ""6""]",8-2-6,2024-10-23,14:00,0,0
2DL-5PM,2D Lotto 5PM,"[""24"", ""18""]",24-18,2024-10-23,17:00,0,0
3DL-5PM,3D Lotto 5PM,"[""3"", ""4"", ""2""]",3-4-2,2024-10-23,17:00,0,0
2DL-9PM,2D Lotto 9PM,"[""21"", ""01""]",21-01,2024-10-23,21:00,0,0
3DL-9PM,3D Lotto 9PM,"[""8"", ""0"", ""4""]",8-0-4,2024-10-23,21:00,0,0
4DL,4D Lotto,"[""4"", ""9"", ""8"", ""8""]",4-9-8-8,2024-10-23,21:00,0,0
GL55,Grand Lotto 6/55,"[""39"", ""05"", ""20"", ""11"", ""47"", ""01""]",39-05-20-11-47-01,2024-10-23,21:00,0,0
ML45,Megalotto 6/45,"[""07"", ""38"", ""34"", ""43"", ""36"", ""22""]",07-38-34-43-36-22,2024-10-23,21:00,0,0
2DL-2PM,2D Lotto 2PM,"[""31"", ""04""]",31-04,2024-10-24,14:00,0,0
3DL-2PM,3D Lotto 2PM,"[""9"", ""5"", ""4""]",9-5-4,2024-10-24,14:00,0,0
2DL-5PM,2D Lotto 5PM,"[""02"", ""14""]",02-14,2024-10-24,17:00,0,0
3DL-5PM,3D Lotto 5PM,"[""0"", ""3"", ""6""]",0-3-6,2024-10-24,17:00,0,0
2DL-9PM,2D Lotto 9PM,"[""12"", ""17""]",12-17,2024-10-24,21:00,0,0
3DL-9PM,3D Lotto 9PM,"[""8"", ""7"", ""4""]",8-7-4,2024-10-24,21:00,0,0
6DL,6D Lotto,"[""1"", ""1"", ""3"", ""8"", ""5"", ""2""]",1-1-3-8-5-2,2024-10-24,21:00,0,0
LOTTO42,Lotto 6/42,"[""33"", ""06"", ""18"", ""02"", ""25"", ""31""]",33-06-18-02-25-31,2024-10-24,21:00,0,0
SL49,Superlotto 6/49,"[""49"", ""45"", ""24"", ""18"", ""02"", ""13""]",49-45-24-18-02-13,2024-10-24,21:00,0,0
2DL-2PM,2D Lotto 2PM,"[""26"", ""03""]",26-03,2024-10-25,14:00,0,0
3DL-2PM,3D Lotto 2PM,"[""7"", ""6"", ""9""]",7-6-9,2024-10-25,14:00,0,0
2DL-5PM,2D Lotto 5PM,"[""05"", ""03""]",05-03,2024-10-25,17:00,0,0
3DL-5PM,3D Lotto 5PM,"[""0"", ""4"", ""2""]",0-4-2,2024-10-25,17:00,0,0
2DL-9PM,2D Lotto 9PM,"[""21"", ""09""]",21-09,2024-10-25,21:00,0,0
3DL-9PM,3D Lotto 9PM,"[""6"", ""3"", ""2""]",6-3-2,2024-10-25,21:00,0,0
4DL,4D Lotto,"[""9"", ""2"", ""8"", ""0""]",9-2-8-0,2024-10-25,21:00,0,0
ML45,Megalotto 6/45,"[""32"", ""19"", ""02"", ""04"", ""22"", ""14""]",32-19-02-04-22-14,2024-10-25,21:00,0,0
UL58,Ultra Lotto 6/58,"[""15"", ""05"", ""13"", ""37"", ""56"", ""57""]",15-05-13-37-56-57,2024-10-25,21:00,0,0
2DL-2PM,2D Lotto 2PM,"[""21"", ""21""]",21-21,2024-10-26,14:00,0,0
3DL-2PM,3D Lotto 2PM,"[""6"", ""6"", ""5""]",6-6-5,2024-10-26,14:00,0,0
2DL-5PM,2D Lotto 5PM,"[""11"", ""24""]",11-24,2024-10-26,17:00,0,0
3DL-5PM,3D Lotto 5PM,"[""4"", ""9"", ""2""]",4-9-2,2024-10-26,17:00,0,0
2DL-9PM,2D Lotto 9PM,"[""09"", ""15""]",09-15,2024-10-26,21:00,0,0
3DL-9PM,3D Lotto 9PM,"[""4"", ""4"", ""7""]",4-4-7,2024-10-26,21:00,0,0
6DL,6D Lotto,"[""4"", ""4"", ""3"", ""8"", ""7"", ""6""]",4-4-3-8-7-6,2024-10-26,21:00,0,0
GL55,Grand Lotto 6/55,"[""20"", ""51"", ""17"", ""31"", ""45"", ""50""]",20-51-17-31-45-50,2024-10-26,21:00,0,0
LOTTO42,Lotto 6/42,"[""31"", ""33"", ""01"", ""40"", ""14"", ""22""]",31-33-01-40-14-22,2024-10-26,21:00,0,0
2DL-2PM,2D Lotto 2PM,"[""28"", ""19""]",28-19,2024-10-27,14:00,0,0
3DL-2PM,3D Lotto 2PM,"[""3"", ""1"", ""2""]",3-1-2,2024-10-27,14:00,0,0
2DL-5PM,2D Lotto 5PM,"[""12"", ""07""]",12-07,2024-10-27,17:00,0,0
3DL-5PM,3D Lotto 5PM,"[""8"", ""7"", ""6""]",8-7-6,2024-10-27,17:00,0,0
2DL-9PM,2D Lotto 9PM,"[""27"", ""15""]",27-15,2024-10-27,21:00,0,0
3DL-9PM,3D Lotto 9PM,"[""4"", ""7"", ""0""]",4-7-0,2024-10-27,21:00,0,0
SL49,Superlotto 6/49,"[""31"", ""42"", ""14"", ""28"", ""37"", ""44""]",31-42-14-28-37-44,2024-10-27,21:00,0,0
UL58,Ultra Lotto 6/58,"[""07"", ""24"", ""13"", ""16"", ""10"", ""02""]",07-24-13-16-10-02,2024-10-27,21:00,0,0
2DL-2PM,2D Lotto 2PM,"[""16"", ""25""]",16-25,2024-10-28,14:00,0,0
3DL-2PM,3D Lotto 2PM,"[""0"", ""3"", ""0""]",0-3-0,2024-10-28,14:00,0,0
2DL-5PM,2D Lotto 5PM,"[""18"", ""10""]",18-10,2024-10-28,17:00,0,0
3DL-5PM,3D Lotto 5PM,"[""1"", ""4"", ""1""]",1-4-1,2024-10-28,17:00,0,0
2DL-9PM,2D Lotto 9PM,"[""20"", ""16""]",20-16,2024-10-28,21:00,0,0
3DL-9PM,3D Lotto 9PM,"[""4"", ""9"", ""5""]",4-9-5,2024-10-28,21:00,0,0
4DL,4D Lotto,"[""4"", ""4"", ""9"", ""8""]",4-4-9-8,2024-10-28,21:00,0,0
GL55,Grand Lotto 6/55,"[""12"", ""06"", ""48"", ""35"", ""14"", ""39""]",12-06-48-35-14-39,2024-10-28,21:00,0,0
ML45,Megalotto 6/45,"[""18"", ""13"", ""05"", ""25"", ""30"", ""08""]",18-13-05-25-30-08,2024-10-28,21:00,0,0
2DL-2PM,2D Lotto 2PM,"[""04"", ""16""]",04-16,2024-10-29,14:00,0,0
3DL-2PM,3D Lotto 2PM,"[""8"", ""5"", ""5""]",8-5-5,2024-10-29,14:00,0,0
2DL-5PM,2D Lotto 5PM,"[""01"", ""23""]",01-23,2024-10-29,17:00,0,0
3DL-5PM,3D Lotto 5PM,"[""5"", ""0"", ""6""]",5-0-6,2024-10-29,17:00,0,0
2DL-9PM,2D Lotto 9PM,"[""24"", ""21""]",24-21,2024-10-29,21:00,0,0
3DL-9PM,3D Lotto 9PM,"[""6"", ""6"", ""8""]",6-6-8,2024-10-29,21:00,0,0
6DL,6D Lotto,"[""2"", ""6"", ""6"", ""4"", ""4"", ""6""]",2-6-6-4-4-6,2024-10-29,21:00,0,0
LOTTO42,Lotto 6/42,"[""18"", ""35"", ""23"", ""24"", ""37"", ""40""]",18-35-23-24-37-40,2024-10-29,21:00,0,0
SL49,Superlotto 6/49,"[""34"", ""43"", ""39"", ""27"", ""37"", ""03""]",34-43-39-27-37-03,2024-10-29,21:00,0,0
UL58,Ultra Lotto 6/58,"[""30"", ""38"", ""08"", ""19"", ""57"", ""09""]",30-38-08-19-57-09,2024-10-29,21:00,0,0
2DL-2PM,2D Lotto 2PM,"[""06"", ""10""]",06-10,2024-10-30,14:00,0,0
3DL-2PM,3D Lotto 2PM,"[""2"", ""8"", ""2""]",2-8-2,2024-10-30,14:00,0,0
2DL-5PM,2D Lotto 5PM,"[""13"", ""11""]",13-11,2024-10-30,17:00,0,0
3DL-5PM,3D Lotto 5PM,"[""1"", ""8"", ""6""]",1-8-6,2024-10-30,17:00,0,0
2DL-9PM,2D Lotto 9PM,"[""18"", ""18""]",18-18,2024-10-30,21:00,0,0
3DL-9PM,3D Lotto 9PM,"[""3"", ""0"", ""8""]",3-0-8,2024-10-30,21:00,0,0
4DL,4D Lotto,"[""3"", ""3"", ""1"", ""8""]",3-3-1-8,2024-10-30,21:00,0,0
GL55,Grand Lotto 6/55,"[""53"", ""16"", ""47"", ""21"", ""07"", ""40""]",53-16-47-21-07-40,2024-10-30,21:00,0,0
ML45,Megalotto 6/45,"[""37"", ""45"", ""15"", ""27"", ""24"", ""42""]",37-45-15-27-24-42,2024-10-30,21:00,0,0
2DL-2PM,2D Lotto 2PM,"[""20"", ""13""]",20-13,2024-10-31,14:00,0,0
3DL-2PM,3D Lotto 2PM,"[""1"", ""2"", ""4""]",1-2-4,2024-10-31,14:00,0,0
2DL-5PM,2D Lotto 5PM,"[""02"", ""24""]",02-24,2024-10-31,17:00,0,0
3DL-5PM,3D Lotto 5PM,"[""3"", ""6"", ""6""]",3-6-6,2024-10-31,17:00,0,0
2DL-9PM,2D Lotto 9PM,"[""16"", ""17""]",16-17,2024-10-31,21:00,0,0
3DL-9PM,3D Lotto 9PM,"[""9"", ""7"", ""4""]",9-7-4,2024-10-31,21:00,0,0
6DL,6D Lotto,"[""9"", ""2"", ""3"", ""0"", ""0"", ""8""]",9-2-3-0-0-8,2024-10-31,21:00,0,0
LOTTO42,Lotto 6/42,"[""25"", ""35"", ""23"", ""40"", ""39"", ""24""]",25-35-23-40-39-24,2024-10-31,21:00,0,0
SL49,Superlotto 6/49,"[""27"", ""42"", ""19"", ""43"", ""11"", ""05""]",27-42-19-43-11-05,2024-10-31,21:00,0,0
2DL-2PM,2D Lotto 2PM,"[""30"", ""29""]",30-29,2024-11-01,14:00,0,0
3DL-2PM,3D Lotto 2PM,"[""2"", ""6"", ""3""]",2-6-3,2024-11-01,14:00,0,0
2DL-5PM,2D Lotto 5PM,"[""11"", ""24""]",11-24,2024-11-01,17:00,0,0
3DL-5PM,3D Lotto 5PM,"[""6"", ""8"", ""8""]",6-8-8,2024-11-01,17:00,0,0
2DL-9PM,2D Lotto 9PM,"[""11"", ""22""]",11-22,2024-11-01,21:00,0,0
3DL-9PM,3D Lotto 9PM,"[""7"", ""8"", ""6""]",7-8-6,2024-11-01,21:00,0,0
4DL,4D Lotto,"[""9"", ""5"", ""2"", ""8""]",9-5-2-8,2024-11-01,21:00,0,0
ML45,Megalotto 6/45,"[""42"", ""05"", ""09"", ""36"", ""24"", ""23""]",42-05-09-36-24-23,2024-11-01,21:00,0,0
UL58,Ultra Lotto 6/58,"[""27"", ""05"", ""22"", ""02"", ""45"", ""26""]",27-05-22-02-45-26,2024-11-01,21:00,0,0
2DL-2PM,2D Lotto 2PM,"[""07"", ""16""]",07-16,2024-11-02,14:00,0,0
3DL-2PM,3D Lotto 2PM,"[""0"", ""7"", ""7""]",0-7-7,2024-11-02,14:00,0,0
2DL-5PM,2D Lotto 5PM,"[""24"", ""28""]",24-28,2024-11-02,17:00,0,0
3DL-5PM,3D Lotto 5PM,"[""5"", ""5"", ""6""]",5-5-6,2024-11-02,17:00,0,0
2DL-9PM,2D Lotto 9PM,"[""28"", ""06""]",28-06,2024-11-02,21:00,0,0
3DL-9PM,3D Lotto 9PM,"[""2"", ""1"", ""9""]",2-1-9,2024-11-02,21:00,0,0
6DL,6D Lotto,"[""2"", ""7"", ""9"", ""5"", ""3"", ""3""]",2-7-9-5-3-3,2024-11-02,21:00,0,0
GL55,Grand Lotto 6/55,"[""26"", ""48"", ""12"", ""50"", ""52"", ""10""]",26-48-12-50-52-10,2024-11-02,21:00,0,0
LOTTO42,Lotto 6/42,"[""22"", ""15"", ""14"", ""10"", ""02"", ""21""]",22-15-14-10-02-21,2024-11-02,21:00,0,0
2DL-2PM,2D Lotto 2PM,"[""09"", ""11""]",09-11,2024-11-03,14:00,0,0
3DL-2PM,3D Lotto 2PM,"[""5"", ""2"", ""7""]",5-2-7,2024-11-03,14:00,0,0
2DL-5PM,2D Lotto 5PM,"[""13"", ""05""]",13-05,2024-11-03,17:00,0,0
3DL-5PM,3D Lotto 5PM,"[""5"", ""4"", ""2""]",5-4-2,2024-11-03,17:00,0,0
2DL-9PM,2D Lotto 9PM,"[""25"", ""14""]",25-14,2024-11-03,21:00,0,0
3DL-9PM,3D Lotto 9PM,"[""9"", ""3"", ""0""]",9-3-0,2024-11-03,21:00,0,0
SL49,Superlotto 6/49,"[""41"", ""06"", ""20"", ""48"", ""12"", ""08""]",41-06-20-48-12-08,2024-11-03,21:00,0,0
UL58,Ultra Lotto 6/58,"[""57"", ""58"", ""15"", ""24"", ""53"", ""36""]",57-58-15-24-53-36,2024-11-03,21:00,0,0
2DL-2PM,2D Lotto 2PM,"[""10"", ""20""]",10-20,2024-11-04,14:00,0,0
3DL-2PM,3D Lotto 2PM,"[""6"", ""5"", ""3""]",6-5-3,2024-11-04,14:00,0,0
2DL-5PM,2D Lotto 5PM,"[""31"", ""05""]",31-05,2024-11-04,17:00,0,0
3DL-5PM,3D Lotto 5PM,"[""5"", ""2"", ""4""]",5-2-4,2024-11-04,17:00,0,0
2DL-9PM,2D Lotto 9PM,"[""28"", ""30""]",28-30,2024-11-04,21:00,0,0
3DL-9PM,3D Lotto 9PM,"[""1"", ""6"", ""5""]",1-6-5,2024-11-04,21:00,0,0
4DL,4D Lotto,"[""0"", ""4"", ""2"", ""1""]",0-4-2-1,2024-11-04,21:00,0,0
GL55,Grand Lotto 6/55,"[""26"", ""14"", ""30"", ""54"", ""40"", ""23""]",26-14-30-54-40-23,2024-11-04,21:00,0,0
ML45,Megalotto 6/45,"[""38"", ""35"", ""25"", ""13"", ""23"", ""31""]",38-35-25-13-23-31,2024-11-04,21:00,0,0
2DL-2PM,2D Lotto 2PM,"[""14"", ""20""]",14-20,2024-11-05,14:00,0,0
3DL-2PM,3D Lotto 2PM,"[""1"", ""4"", ""6""]",1-4-6,2024-11-05,14:00,0,0
2DL-5PM,2D Lotto 5PM,"[""24"", ""02""]",24-02,2024-11-05,17:00,0,0
3DL-5PM,3D Lotto 5PM,"[""5"", ""1"", ""8""]",5-1-8,2024-11-05,17:00,0,0
2DL-9PM,2D Lotto 9PM,"[""25"", ""11""]",25-11,2024-11-05,21:00,0,0
3DL-9PM,3D Lotto 9PM,"[""7"", ""2"", ""1""]",7-2-1,2024-11-05,21:00,0,0
6DL,6D Lotto,"[""8"", ""6"", ""4"", ""1"", ""1"", ""5""]",8-6-4-1-1-5,2024-11-05,21:00,0,0
LOTTO42,Lotto 6/42,"[""22"", ""24"", ""10"", ""34"", ""02"", ""35""]",22-24-10-34-02-35,2024-11-05,21:00,0,0
SL49,Superlotto 6/49,"[""33"", ""25"", ""19"", ""24"", ""38"", ""35""]",33-25-19-24-38-35,2024-11-05,21:00,0,0
UL58,Ultra Lotto 6/58,"[""42"", ""58"", ""37"", ""51"", ""02"", ""38""]",42-58-37-51-02-38,2024-11-05,21:00,0,0
2DL-2PM,2D Lotto 2PM,"[""15"", ""16""]",15-16,2024-11-06,14:00,0,0
3DL-2PM,3D Lotto 2PM,"[""9"", ""6"", ""8""]",9-6-8,2024-11-06,14:00,0,0
2DL-5PM,2D Lotto 5PM,"[""28"", ""15""]",28-15,2024-11-06,17:00,0,0
3DL-5PM,3D Lotto 5PM,"[""2"", ""7"", ""5""]",2-7-5,2024-11-06,17:00,0,0
2DL-9PM,2D Lotto 9PM,"[""23"", ""15""]",23-15,2024-11-06,21:00,0,0
3DL-9PM,3D Lotto 9PM,"[""2"", ""6"", ""6""]",2-6-6,2024-11-06,21:00,0,0
4DL,4D Lotto,"[""9"", ""9"", ""6"", ""8""]",9-9-6-8,2024-11-06,21:00,0,0
GL55,Grand Lotto 6/55,"[""04"", ""02"", ""35"", ""23"", ""42"", ""03""]",04-02-35-23-42-03,2024-11-06,21:00,0,0
ML45,Megalotto 6/45,"[""31"", ""39"", ""40"", ""27"", ""41"", ""06""]",31-39-40-27-41-06,2024-11-06,21:00,0,0
2DL-2PM,2D Lotto 2PM,"[""15"", ""23""]",15-23,2024-11-07,14:00,0,0
3DL-2PM,3D Lotto 2PM,"[""7"", ""4"", ""2""]",7-4-2,2024-11-07,14:00,0,0
2DL-5PM,2D Lotto 5PM,"[""11"", ""29""]",11-29,2024-11-07,17:00,0,0
3DL-5PM,3D Lotto 5PM,"[""7"", ""6"", ""1""]",7-6-1,2024-11-07,17:00,0,0
2DL-9PM,2D Lotto 9PM,"[""09"", ""25""]",09-25,2024-11-07,21:00,0,0
3DL-9PM,3D Lotto 9PM,"[""9"", ""0"", ""4""]",9-0-4,2024-11-07,21:00,0,0
6DL,6D Lotto,"[""6"", ""6"", ""5"", ""5"", ""2"", ""1""]",6-6-5-5-2-1,2024-11-07,21:00,0,0
LOTTO42,Lotto 6/42,"[""40"", ""02"", ""33"", ""21"", ""14"", ""36""]",40-02-33-21-14-36,2024-11-07,21:00,0,0
SL49,Superlotto 6/49,"[""49"", ""07"", ""32"", ""26"", ""40"", ""48""]",49-07-32-26-40-48,2024-11-07,21:00,0,0
2DL-2PM,2D Lotto 2PM,"[""06"", ""31""]",06-31,2024-11-08,14:00,0,0
3DL-2PM,3D Lotto 2PM,"[""4"", ""6"", ""5""]",4-6-5,2024-11-08,14:00,0,0
2DL-5PM,2D Lotto 5PM,"[""23"", ""21""]",23-21,2024-11-08,17:00,0,0
3DL-5PM,3D Lotto 5PM,"[""9"", ""5"", ""4""]",9-5-4,2024-11-08,17:00,0,0
2DL-9PM,2D Lotto 9PM,"[""24"", ""22""]",24-22,2024-11-08,21:00,0,0
3DL-9PM,3D Lotto 9PM,"[""8"", ""9"", ""4""]",8-9-4,2024-11-08,21:00,0,0
4DL,4D Lotto,"[""4"", ""6"", ""7"", ""5""]",4-6-7-5,2024-11-08,21:00,0,0
ML45,Megalotto 6/45,"[""33"", ""09"", ""43"", ""06"", ""45"", ""26""]",33-09-43-06-45-26,2024-11-08,21:00,0,0
UL58,Ultra Lotto 6/58,"[""37"", ""36"", ""40"", ""25"", ""08"", ""32""]",37-36-40-25-08-32,2024-11-08,21:00,0,0
2DL-2PM,2D Lotto 2PM,"[""14"", ""15""]",14-15,2024-11-09,14:00,4000,0
3DL-2PM,3D Lotto 2PM,"[""7"", ""7"", ""1""]",7-7-1,2024-11-09,14:00,4500,0
2DL-5PM,2D Lotto 5PM,"[""25"", ""05""]",25-05,2024-11-09,17:00,4000,0
3DL-5PM,3D Lotto 5PM,"[""0"", ""2"", ""6""]",0-2-6,2024-11-09,17:00,4500,0
2DL-9PM,2D Lotto 9PM,"[""08"", ""16""]",08-16,2024-11-09,21:00,0,0
3DL-9PM,3D Lotto 9PM,"[""6"", ""5"", ""2""]",6-5-2,2024-11-09,21:00,0,0
6DL,6D Lotto,"[""1"", ""8"", ""3"", ""0"", ""1"", ""7""]",1-8-3-0-1-7,2024-11-09,21:00,0,0
GL55,Grand Lotto 6/55,"[""52"", ""29"", ""40"", ""42"", ""16"", ""55""]",52-29-40-42-16-55,2024-11-09,21:00,0,0
LOTTO42,Lotto 6/42,"[""37"", ""06"", ""07"", ""18"", ""09"", ""27""]",37-06-07-18-09-27,2024-11-09,21:00,0,0
2DL-2PM,2D Lotto 2PM,"[""01"", ""22""]",01-22,2024-11-10,14:00,4000,0
3DL-2PM,3D Lotto 2PM,"[""5"", ""5"", ""7""]",5-5-7,2024-11-10,14:00,4500,0
2DL-5PM,2D Lotto 5PM,"[""09"", ""07""]",09-07,2024-11-10,17:00,4000,0
3DL-5PM,3D Lotto 5PM,"[""4"", ""6"", ""4""]",4-6-4,2024-11-10,17:00,4500,0
2DL-2PM,2D Lotto 2PM,"[""09"", ""16""]",09-16,2024-11-11,14:00,4000,0
3DL-2PM,3D Lotto 2PM,"[""2"", ""6"", ""0""]",2-6-0,2024-11-11,14:00,4500,0
2DL-5PM,2D Lotto 5PM,"[""15"", ""19""]",15-19,2024-11-11,17:00,4000,0
3DL-5PM,3D Lotto 5PM,"[""1"", ""9"", ""7""]",1-9-7,2024-11-11,17:00,4500,0
2DL-2PM,2D Lotto 2PM,"[""26"", ""29""]",26-29,2024-11-12,14:00,4000,0
3DL-2PM,3D Lotto 2PM,"[""7"", ""8"", ""9""]",7-8-9,2024-11-12,14:00,4500,0
2DL-5PM,2D Lotto 5PM,"[""17"", ""09""]",17-09,2024-11-12,17:00,4000,0
3DL-5PM,3D Lotto 5PM,"[""0"", ""9"", ""9""]",0-9-9,2024-11-12,17:00,4500,0
2DL-2PM,2D Lotto 2PM,"[""09"", ""06""]",09-06,2024-11-13,14:00,4000,0
3DL-2PM,3D Lotto 2PM,"[""2"", ""2"", ""6""]",2-2-6,2024-11-13,14:00,4500,0
2DL-5PM,2D Lotto 5PM,"[""07"", ""22""]",07-22,2024-11-13,17:00,4000,0
3DL-5PM,3D Lotto 5PM,"[""9"", ""5"", ""0""]",9-5-0,2024-11-13,17:00,4500,0
2DL-2PM,2D Lotto 2PM,"[""06"", ""15""]",06-15,2024-11-14,14:00,4000,0
3DL-2PM,3D Lotto 2PM,"[""8"", ""1"", ""7""]",8-1-7,2024-11-14,14:00,4500,0
2DL-5PM,2D Lotto 5PM,"[""07"", ""29""]",07-29,2024-11-14,17:00,4000,0
3DL-5PM,3D Lotto 5PM,"[""1"", ""0"", ""4""]",1-0-4,2024-11-14,17:00,4500,0
2DL-2PM,2D Lotto 2PM,"[""21"", ""20""]",21-20,2024-11-15,14:00,4000,0
3DL-2PM,3D Lotto 2PM,"[""9"", ""2"", ""1""]",9-2-1,2024-11-15,14:00,4500,0
2DL-5PM,2D Lotto 5PM,"[""10"", ""15""]",10-15,2024-11-15,17:00,4000,0
3DL-5PM,3D Lotto 5PM,"[""1"", ""8"", ""3""]",1-8-3,2024-11-15,17:00,4500,0
2DL-2PM,2D Lotto 2PM,"[""27"", ""30""]",27-30,2024-11-16,14:00,4000,0
3DL-2PM,3D Lotto 2PM,"[""2"", ""7"", ""8""]",2-7-8,2024-11-16,14:00,4500,0
2DL-5PM,2D Lotto 5PM,"[""23"", ""20""]",23-20,2024-11-16,17:00,4000,0
3DL-5PM,3D Lotto 5PM,"[""5"", ""6"", ""2""]",5-6-2,2024-11-16,17:00,4500,0
2DL-2PM,2D Lotto 2PM,"[""18"", ""31""]",18-31,2024-11-17,14:00,4000,0
3DL-2PM,3D Lotto 2PM,"[""7"", ""0"", ""1""]",7-0-1,2024-11-17,14:00,4500,0
2DL-5PM,2D Lotto 5PM,"[""12"", ""28""]",12-28,2024-11-17,17:00,4000,0
3DL-5PM,3D Lotto 5PM,"[""3"", ""3"", ""5""]",3-3-5,2024-11-17,17:00,4500,0
2DL-2PM,2D Lotto 2PM,"[""11"", ""20""]",11-20,2024-11-18,14:00,4000,0
3DL-2PM,3D Lotto 2PM,"[""0"", ""5"", ""2""]",0-5-2,2024-11-18,14:00,4500,0
2DL-5PM,2D Lotto 5PM,"[""12"", ""15""]",12-15,2024-11-18,17:00,4000,0
3DL-5PM,3D Lotto 5PM,"[""8"", ""9"", ""6""]",8-9-6,2024-11-18,17:00,4500,0
2DL-2PM,2D Lotto 2PM,"[""06"", ""31""]",06-31,2024-11-19,14:00,4000,0
3DL-2PM,3D Lotto 2PM,"[""0"", ""6"", ""8""]",0-6-8,2024-11-19,14:00,4500,1
2DL-5PM,2D Lotto 5PM,"[""22"", ""12""]",22-12,2024-11-19,17:00,4000,0
3DL-5PM,3D Lotto 5PM,"[""7"", ""8"", ""5""]",7-8-5,2024-11-19,17:00,4500,0
2DL-2PM,2D Lotto 2PM,"[""30"", ""08""]",30-08,2024-11-20,14:00,4000,0
3DL-2PM,3D Lotto 2PM,"[""7"", ""9"", ""2""]",7-9-2,2024-11-20,14:00,4500,0
2DL-5PM,2D Lotto 5PM,"[""31"", ""01""]",31-01,2024-11-20,17:00,4000,0
3DL-5PM,3D Lotto 5PM,"[""0"", ""7"", ""7""]",0-7-7,2024-11-20,17:00,4500,0
2DL-2PM,2D Lotto 2PM,"[""31"", ""24""]",31-24,2024-11-21,14:00,4000,0
3DL-2PM,3D Lotto 2PM,"[""3"", ""6"", ""6""]",3-6-6,2024-11-21,14:00,4500,0
2DL-5PM,2D Lotto 5PM,"[""21"", ""04""]",21-04,2024-11-21,17:00,4000,0
3DL-5PM,3D Lotto 5PM,"[""3"", ""9"", ""5""]",3-9-5,2024-11-21,17:00,4500,0
2DL-2PM,2D Lotto 2PM,"[""21"", ""15""]",21-15,2024-11-22,14:00,4000,0
3DL-2PM,3D Lotto 2PM,"[""6"", ""9"", ""6""]",6-9-6,2024-11-22,14:00,4500,0
2DL-5PM,2D Lotto 5PM,"[""12"", ""06""]",12-06,2024-11-22,17:00,4000,0
3DL-5PM,3D Lotto 5PM,"[""6"", ""1"", ""4""]",6-1-4,2024-11-22,17:00,4500,0
2DL-2PM,2D Lotto 2PM,"[""03"", ""30""]",03-30,2024-11-23,14:00,4000,0
3DL-2PM,3D Lotto 2PM,"[""8"", ""7"", ""5""]",8-7-5,2024-11-23,14:00,4500,0
2DL-5PM,2D Lotto 5PM,"[""29"", ""06""]",29-06,2024-11-23,17:00,4000,0
3DL-5PM,3D Lotto 5PM,"[""4"", ""6"", ""0""]",4-6-0,2024-11-23,17:00,4500,0
2DL-2PM,2D Lotto 2PM,"[""08"", ""25""]",08-25,2024-11-24,14:00,4000,0
3DL-2PM,3D Lotto 2PM,"[""8"", ""4"", ""0""]",8-4-0,2024-11-24,14:00,4500,0
2DL-5PM,2D Lotto 5PM,"[""10"", ""09""]",10-09,2024-11-24,17:00,4000,0
3DL-5PM,3D Lotto 5PM,"[""9"", ""1"", ""6""]",9-1-6,2024-11-24,17:00,4500,0
2DL-2PM,2D Lotto 2PM,"[""02"", ""07""]",02-07,2024-11-25,14:00,4000,0
3DL-2PM,3D Lotto 2PM,"[""4"", ""2"", ""7""]",4-2-7,2024-11-25,14:00,4500,0
2DL-5PM,2D Lotto 5PM,"[""15"", ""05""]",15-05,2024-11-25,17:00,4000,0
3DL-5PM,3D Lotto 5PM,"[""7"", ""9"", ""0""]",7-9-0,2024-11-25,17:00,4500,0
3DL-9PM,3D Lotto 9PM,"[""3"", ""4"", ""4""]",3-4-4,2024-11-25,21:00,4500,0
2DL-2PM,2D Lotto 2PM,"[""06"", ""28""]",06-28,2024-11-26,14:00,4000,0
3DL-2PM,3D Lotto 2PM,"[""3"", ""0"", ""5""]",3-0-5,2024-11-26,14:00,4500,0
2DL-5PM,2D Lotto 5PM,"[""21"", ""12""]",21-12,2024-11-26,17:00,4000,3
3DL-5PM,3D Lotto 5PM,"[""9"", ""1"", ""0""]",9-1-0,2024-11-26,17:00,4500,0
2DL-9PM,2D Lotto 9PM,"[""16"", ""07""]",16-07,2024-11-26,21:00,4000,0
3DL-9PM,3D Lotto 9PM,"[""9"", ""1"", ""7""]",9-1-7,2024-11-26,21:00,4500,0
6DL,6D Lotto,"[""6"", ""4"", ""1"", ""0"", ""3"", ""7""]",6-4-1-0-3-7,2024-11-26,21:00,537488,1
LOTTO42,Lotto 6/42,"[""19"", ""06"", ""28"", ""31"", ""32"", ""20""]",19-06-28-31-32-20,2024-11-26,21:00,16687823.8,1
SL49,Superlotto 6/49,"[""30"", ""31"", ""29"", ""43"", ""33"", ""09""]",30-31-29-43-33-09,2024-11-26,21:00,0,0
UL58,Ultra Lotto 6/58,"[""05"", ""51"", ""29"", ""07"", ""52"", ""44""]",05-51-29-07-52-44,2024-11-26,21:00,0,0
2DL-2PM,2D Lotto 2PM,"[""13"", ""21""]",13-21,2024-11-27,14:00,4000,0
3DL-2PM,3D Lotto 2PM,"[""6"", ""4"", ""9""]",6-4-9,2024-11-27,14:00,4500,0
2DL-5PM,2D Lotto 5PM,"[""21"", ""16""]",21-16,2024-11-27,17:00,4000,1
3DL-5PM,3D Lotto 5PM,"[""0"", ""5"", ""1""]",0-5-1,2024-11-27,17:00,4500,0
2DL-9PM,2D Lotto 9PM,"[""16"", ""31""]",16-31,2024-11-27,21:00,4000,0
3DL-9PM,3D Lotto 9PM,"[""4"", ""7"", ""8""]",4-7-8,2024-11-27,21:00,4500,0
4DL,4D Lotto,"[""4"", ""2"", ""7"", ""1""]",4-2-7-1,2024-11-27,21:00,839475,75
GL55,Grand Lotto 6/55,"[""25"", ""17"", ""41"", ""34"", ""08"", ""18""]",25-17-41-34-08-18,2024-11-27,21:00,0,0
ML45,Megalotto 6/45,"[""02"", ""33"", ""21"", ""04"", ""12"", ""43""]",02-33-21-04-12-43,2024-11-27,21:00,0,0
2DL-2PM,2D Lotto 2PM,"[""02"", ""07""]",02-07,2024-11-28,14:00,4000,0
3DL-2PM,3D Lotto 2PM,"[""4"", ""5"", ""0""]",4-5-0,2024-11-28,14:00,4500,0
2DL-5PM,2D Lotto 5PM,"[""22"", ""23""]",22-23,2024-11-28,17:00,4000,0
3DL-5PM,3D Lotto 5PM,"[""6"", ""0"", ""6""]",6-0-6,2024-11-28,17:00,4500,0
2DL-9PM,2D Lotto 9PM,"[""28"", ""08""]",28-08,2024-11-28,21:00,4000,0
3DL-9PM,3D Lotto 9PM,"[""5"", ""8"", ""3""]",5-8-3,2024-11-28,21:00,4500,0
6DL,6D Lotto,"[""4"", ""5"", ""1"", ""7"", ""4"", ""1""]",4-5-1-7-4-1,2024-11-28,21:00,150000,0
LOTTO42,Lotto 6/42,"[""39"", ""26"", ""15"", ""24"", ""21"", ""08""]",39-26-15-24-21-08,2024-11-28,21:00,5940000,0
SL49,Superlotto 6/49,"[""36"", ""40"", ""30"", ""13"", ""49"", ""44""]",36-40-30-13-49-44,2024-11-28,21:00,0,0
2DL-2PM,2D Lotto 2PM,"[""15"", ""18""]",15-18,2024-11-29,14:00,4000,0
3DL-2PM,3D Lotto 2PM,"[""6"", ""9"", ""3""]",6-9-3,2024-11-29,14:00,4500,0
2DL-5PM,2D Lotto 5PM,"[""30"", ""01""]",30-01,2024-11-29,17:00,4000,0
3DL-5PM,3D Lotto 5PM,"[""2"", ""0"", ""9""]",2-0-9,2024-11-29,17:00,4500,0
2DL-9PM,2D Lotto 9PM,"[""01"", ""09""]",01-09,2024-11-29,21:00,4000,0
3DL-9PM,3D Lotto 9PM,"[""6"", ""7"", ""4""]",6-7-4,2024-11-29,21:00,4500,0
4DL,4D Lotto,"[""3"", ""3"", ""0"", ""4""]",3-3-0-4,2024-11-29,21:00,890445,15
ML45,Megalotto 6/45,"[""03"", ""04"", ""37"", ""23"", ""18"", ""10""]",03-04-37-23-18-10,2024-11-29,21:00,30899853,1
UL58,Ultra Lotto 6/58,"[""16"", ""32"", ""12"", ""55"", ""23"", ""05""]",16-32-12-55-23-05,2024-11-29,21:00,0,0
2DL-2PM,2D Lotto 2PM,"[""12"", ""25""]",12-25,2024-11-30,14:00,4000,0
3DL-2PM,3D Lotto 2PM,"[""3"", ""8"", ""3""]",3-8-3,2024-11-30,14:00,4500,0
2DL-5PM,2D Lotto 5PM,"[""03"", ""13""]",03-13,2024-11-30,17:00,4000,0
3DL-5PM,3D Lotto 5PM,"[""3"", ""8"", ""9""]",3-8-9,2024-11-30,17:00,4500,0
2DL-9PM,2D Lotto 9PM,"[""06"", ""16""]",06-16,2024-11-30,21:00,4000,0
3DL-9PM,3D Lotto 9PM,"[""4"", ""8"", ""6""]",4-8-6,2024-11-30,21:00,4500,0
6DL,6D Lotto,"[""8"", ""1"", ""8"", ""5"", ""2"", ""9""]",8-1-8-5-2-9,2024-11-30,21:00,0,0
GL55,Grand Lotto 6/55,"[""01"", ""53"", ""08"", ""50"", ""38"", ""40""]",01-53-08-50-38-40,2024-11-30,21:00,0,0
LOTTO42,Lotto 6/42,"[""33"", ""03"", ""35"", ""24"", ""39"", ""01""]",33-03-35-24-39-01,2024-11-30,21:00,0,0
2DL-2PM,2D Lotto 2PM,"[""03"", ""30""]",03-30,2024-12-01,14:00,4000,1
3DL-2PM,3D Lotto 2PM,"[""2"", ""9"", ""7""]",2-9-7,2024-12-01,14:00,4500,0
2DL-5PM,2D Lotto 5PM,"[""23"", ""05""]",23-05,2024-12-01,17:00,4000,0
3DL-5PM,3D Lotto 5PM,"[""5"", ""4"", ""4""]",5-4-4,2024-12-01,17:00,4500,0
2DL-9PM,2D Lotto 9PM,"[""19"", ""16""]",19-16,2024-12-01,21:00,4000,0
3DL-9PM,3D Lotto 9PM,"[""6"", ""1"", ""6""]",6-1-6,2024-12-01,21:00,4500,0
SL49,Superlotto 6/49,"[""18"", ""13"", ""08"", ""17"", ""05"", ""11""]",18-13-08-17-05-11,2024-12-01,21:00,0,0
UL58,Ultra Lotto 6/58,"[""45"", ""37"", ""56"", ""07"", ""35"", ""24""]",45-37-56-07-35-24,2024-12-01,21:00,0,0
2DL-2PM,2D Lotto 2PM,"[""10"", ""05""]",10-05,2024-12-02,14:00,4000,0
3DL-2PM,3D Lotto 2PM,"[""9"", ""0"", ""7""]",9-0-7,2024-12-02,14:00,4500,0
2DL-5PM,2D Lotto 5PM,"[""30"", ""31""]",30-31,2024-12-02,17:00,4000,0
3DL-5PM,3D Lotto 5PM,"[""3"", ""1"", ""9""]",3-1-9,2024-12-02,17:00,4500,0
2DL-9PM,2D Lotto 9PM,"[""29"", ""11""]",29-11,2024-12-02,21:00,4000,0
3DL-9PM,3D Lotto 9PM,"[""1"", ""7"", ""2""]",1-7-2,2024-12-02,21:00,4500,0
4DL,4D Lotto,"[""1"", ""3"", ""7"", ""8""]",1-3-7-8,2024-12-02,21:00,998244,26
GL55,Grand Lotto 6/55,"[""16"", ""09"", ""41"", ""18"", ""20"", ""05""]",16-09-41-18-20-05,2024-12-02,21:00,0,0
ML45,Megalotto 6/45,"[""29"", ""45"", ""28"", ""17"", ""34"", ""41""]",29-45-28-17-34-41,2024-12-02,21:00,8910000,0
2DL-2PM,2D Lotto 2PM,"[""28"", ""02""]",28-02,2024-12-03,14:00,4000,0
3DL-2PM,3D Lotto 2PM,"[""1"", ""7"", ""9""]",1-7-9,2024-12-03,14:00,4500,0
2DL-5PM,2D Lotto 5PM,"[""15"", ""02""]",15-02,2024-12-03,17:00,4000,0
3DL-5PM,3D Lotto 5PM,"[""0"", ""6"", ""9""]",0-6-9,2024-12-03,17:00,4500,0
2DL-9PM,2D Lotto 9PM,"[""09"", ""27""]",09-27,2024-12-03,21:00,4000,0
3DL-9PM,3D Lotto 9PM,"[""0"", ""4"", ""7""]",0-4-7,2024-12-03,21:00,4500,0
6DL,6D Lotto,"[""7"", ""2"", ""0"", ""9"", ""3"", ""4""]",7-2-0-9-3-4,2024-12-03,21:00,0,0
LOTTO42,Lotto 6/42,"[""27"", ""38"", ""26"", ""04"", ""39"", ""19""]",27-38-26-04-39-19,2024-12-03,21:00,0,0
SL49,Superlotto 6/49,"[""02"", ""39"", ""48"", ""35"", ""05"", ""46""]",02-39-48-35-05-46,2024-12-03,21:00,0,0
UL58,Ultra Lotto 6/58,"[""12"", ""06"", ""45"", ""07"", ""51"", ""01""]",12-06-45-07-51-01,2024-12-03,21:00,0,0
2DL-2PM,2D Lotto 2PM,"[""11"", ""01""]",11-01,2024-12-04,14:00,4000,0
3DL-2PM,3D Lotto 2PM,"[""4"", ""3"", ""9""]",4-3-9,2024-12-04,14:00,4500,0
2DL-5PM,2D Lotto 5PM,"[""28"", ""07""]",28-07,2024-12-04,17:00,4000,0
3DL-5PM,3D Lotto 5PM,"[""4"", ""1"", ""2""]",4-1-2,2024-12-04,17:00,4500,0
2DL-9PM,2D Lotto 9PM,"[""12"", ""09""]",12-09,2024-12-04,21:00,4000,2
3DL-9PM,3D Lotto 9PM,"[""9"", ""6"", ""5""]",9-6-5,2024-12-04,21:00,4500,0
4DL,4D Lotto,"[""1"", ""0"", ""4"", ""6""]",1-0-4-6,2024-12-04,21:00,933664,32
GL55,Grand Lotto 6/55,"[""09"", ""18"", ""02"", ""01"", ""37"", ""32""]",09-18-02-01-37-32,2024-12-04,21:00,0,0
ML45,Megalotto 6/45,"[""35"", ""42"", ""05"", ""09"", ""10"", ""31""]",35-42-05-09-10-31,2024-12-04,21:00,0,0
2DL-2PM,2D Lotto 2PM,"[""19"", ""25""]",19-25,2024-12-05,14:00,4000,0
3DL-2PM,3D Lotto 2PM,"[""4"", ""3"", ""1""]",4-3-1,2024-12-05,14:00,4500,0
2DL-5PM,2D Lotto 5PM,"[""27"", ""24""]",27-24,2024-12-05,17:00,4000,0
3DL-5PM,3D Lotto 5PM,"[""0"", ""8"", ""8""]",0-8-8,2024-12-05,17:00,4500,0
2DL-9PM,2D Lotto 9PM,"[""21"", ""26""]",21-26,2024-12-05,21:00,4000,0
3DL-9PM,3D Lotto 9PM,"[""5"", ""7"", ""4""]",5-7-4,2024-12-05,21:00,4500,0
6DL,6D Lotto,"[""9"", ""1"", ""8"", ""5"", ""3"", ""3""]",9-1-8-5-3-3,2024-12-05,21:00,0,0
LOTTO42,Lotto 6/42,"[""17"", ""21"", ""13"", ""35"", ""41"", ""26""]",17-21-13-35-41-26,2024-12-05,21:00,0,0
SL49,Superlotto 6/49,"[""31"", ""11"", ""47"", ""24"", ""21"", ""23""]",31-11-47-24-21-23,2024-12-05,21:00,0,0
2DL-2PM,2D Lotto 2PM,"[""09"", ""20""]",09-20,2024-12-06,14:00,4000,0
3DL-2PM,3D Lotto 2PM,"[""5"", ""1"", ""4""]",5-1-4,2024-12-06,14:00,4500,0
2DL-5PM,2D Lotto 5PM,"[""08"", ""24""]",08-24,2024-12-06,17:00,4000,0
3DL-5PM,3D Lotto 5PM,"[""6"", ""2"", ""3""]",6-2-3,2024-12-06,17:00,4500,0
2DL-9PM,2D Lotto 9PM,"[""26"", ""24""]",26-24,2024-12-06,21:00,4000,0
3DL-9PM,3D Lotto 9PM,"[""0"", ""5"", ""0""]",0-5-0,2024-12-06,21:00,4500,0
4DL,4D Lotto,"[""0"", ""0"", ""2"", ""8""]",0-0-2-8,2024-12-06,21:00,155432,8
ML45,Megalotto 6/45,"[""13"", ""40"", ""09"", ""30"", ""14"", ""01""]",13-40-09-30-14-01,2024-12-06,21:00,0,0
UL58,Ultra Lotto 6/58,"[""18"", ""47"", ""03"", ""05"", ""39"", ""44""]",18-47-03-05-39-44,2024-12-06,21:00,0,0
2DL-2PM,2D Lotto 2PM,"[""25"", ""24""]",25-24,2024-12-07,14:00,4000,0
3DL-2PM,3D Lotto 2PM,"[""6"", ""1"", ""9""]",6-1-9,2024-12-07,14:00,4500,0
2DL-5PM,2D Lotto 5PM,"[""22"", ""08""]",22-08,2024-12-07,17:00,4000,0
3DL-5PM,3D Lotto 5PM,"[""7"", ""3"", ""6""]",7-3-6,2024-12-07,17:00,4500,0
2DL-9PM,2D Lotto 9PM,"[""07"", ""17""]",07-17,2024-12-07,21:00,4000,0
3DL-9PM,3D Lotto 9PM,"[""1"", ""9"", ""7""]",1-9-7,2024-12-07,21:00,4500,0
6DL,6D Lotto,"[""1"", ""8"", ""5"", ""0"", ""0"", ""4""]",1-8-5-0-0-4,2024-12-07,21:00,0,0
GL55,Grand Lotto 6/55,"[""33"", ""41"", ""20"", ""43"", ""15"", ""18""]",33-41-20-43-15-18,2024-12-07,21:00,0,0
LOTTO42,Lotto 6/42,"[""28"", ""29"", ""06"", ""05"", ""37"", ""13""]",28-29-06-05-37-13,2024-12-07,21:00,0,0
2DL-2PM,2D Lotto 2PM,"[""20"", ""16""]",20-16,2024-12-08,14:00,4000,0
3DL-2PM,3D Lotto 2PM,"[""0"", ""4"", ""0""]",0-4-0,2024-12-08,14:00,4500,0
2DL-5PM,2D Lotto 5PM,"[""29"", ""08""]",29-08,2024-12-08,17:00,4000,0
3DL-5PM,3D Lotto 5PM,"[""7"", ""3"", ""1""]",7-3-1,2024-12-08,17:00,4500,0
2DL-9PM,2D Lotto 9PM,"[""15"", ""13""]",15-13,2024-12-08,21:00,4000,0
3DL-9PM,3D Lotto 9PM,"[""3"", ""6"", ""4""]",3-6-4,2024-12-08,21:00,4500,0
SL49,Superlotto 6/49,"[""32"", ""44"", ""36"", ""39"", ""38"", ""20""]",32-44-36-39-38-20,2024-12-08,21:00,0,0
UL58,Ultra Lotto 6/58,"[""44"", ""05"", ""30"", ""50"", ""29"", ""57""]",44-05-30-50-29-57,2024-12-08,21:00,0,0
2DL-2PM,2D Lotto 2PM,"[""24"", ""25""]",24-25,2024-12-09,14:00,4000,0
3DL-2PM,3D Lotto 2PM,"[""7"", ""5"", ""2""]",7-5-2,2024-12-09,14:00,4500,0
2DL-5PM,2D Lotto 5PM,"[""19"", ""19""]",19-19,2024-12-09,17:00,4000,2
3DL-5PM,3D Lotto 5PM,"[""9"", ""8"", ""7""]",9-8-7,2024-12-09,17:00,4500,0
2DL-9PM,2D Lotto 9PM,"[""30"", ""21""]",30-21,2024-12-09,21:00,4000,0
3DL-9PM,3D Lotto 9PM,"[""3"", ""9"", ""1""]",3-9-1,2024-12-09,21:00,4500,0
4DL,4D Lotto,"[""4"", ""1"", ""0"", ""3""]",4-1-0-3,2024-12-09,21:00,788820,30
GL55,Grand Lotto 6/55,"[""42"", ""11"", ""47"", ""12"", ""30"", ""54""]",42-11-47-12-30-54,2024-12-09,21:00,38954485,0
ML45,Megalotto 6/45,"[""33"", ""29"", ""11"", ""36"", ""19"", ""12""]",33-29-11-36-19-12,2024-12-09,21:00,10656606,0
2DL-2PM,2D Lotto 2PM,"[""06"", ""24""]",06-24,2024-12-10,14:00,4000,0
3DL-2PM,3D Lotto 2PM,"[""2"", ""2"", ""9""]",2-2-9,2024-12-10,14:00,4500,0
2DL-5PM,2D Lotto 5PM,"[""22"", ""04""]",22-04,2024-12-10,17:00,4000,0
3DL-5PM,3D Lotto 5PM,"[""0"", ""2"", ""3""]",0-2-3,2024-12-10,17:00,4500,0
2DL-9PM,2D Lotto 9PM,"[""09"", ""09""]",09-09,2024-12-10,21:00,4000,0
3DL-9PM,3D Lotto 9PM,"[""9"", ""9"", ""8""]",9-9-8,2024-12-10,21:00,4500,0
6DL,6D Lotto,"[""3"", ""8"", ""3"", ""1"", ""8"", ""3""]",3-8-3-1-8-3,2024-12-10,21:00,0,0
LOTTO42,Lotto 6/42,"[""10"", ""05"", ""33"", ""04"", ""24"", ""29""]",10-05-33-04-24-29,2024-12-10,21:00,16730482,0
SL49,Superlotto 6/49,"[""45"", ""32"", ""07"", ""42"", ""36"", ""05""]",45-32-07-42-36-05,2024-12-10,21:00,37003288,0
UL58,Ultra Lotto 6/58,"[""28"", ""09"", ""51"", ""46"", ""43"", ""18""]",28-09-51-46-43-18,2024-12-10,21:00,197188438,0
2DL-2PM,2D Lotto 2PM,"[""04"", ""14""]",04-14,2024-12-11,14:00,4000,0
3DL-2PM,3D Lotto 2PM,"[""4"", ""6"", ""7""]",4-6-7,2024-12-11,14:00,4500,0
2DL-5PM,2D Lotto 5PM,"[""01"", ""30""]",01-30,2024-12-11,17:00,4000,0
3DL-5PM,3D Lotto 5PM,"[""5"", ""1"", ""7""]",5-1-7,2024-12-11,17:00,4500,0
2DL-9PM,2D Lotto 9PM,"[""01"", ""18""]",01-18,2024-12-11,21:00,4000,0
3DL-9PM,3D Lotto 9PM,"[""4"", ""2"", ""5""]",4-2-5,2024-12-11,21:00,4500,0
4DL,4D Lotto,"[""3"", ""1"", ""0"", ""5""]",3-1-0-5,2024-12-11,21:00,842680,40
GL55,Grand Lotto 6/55,"[""01"", ""16"", ""08"", ""41"", ""42"", ""17""]",01-16-08-41-42-17,2024-12-11,21:00,0,0
ML45,Megalotto 6/45,"[""03"", ""35"", ""44"", ""27"", ""43"", ""30""]",03-35-44-27-43-30,2024-12-11,21:00,0,0
2DL-2PM,2D Lotto 2PM,"[""26"", ""19""]",26-19,2024-12-12,14:00,4000,0
3DL-2PM,3D Lotto 2PM,"[""0"", ""6"", ""4""]",0-6-4,2024-12-12,14:00,4500,0
2DL-5PM,2D Lotto 5PM,"[""23"", ""21""]",23-21,2024-12-12,17:00,4000,0
3DL-5PM,3D Lotto 5PM,"[""4"", ""0"", ""3""]",4-0-3,2024-12-12,17:00,4500,0
2DL-9PM,2D Lotto 9PM,"[""23"", ""06""]",23-06,2024-12-12,21:00,4000,0
3DL-9PM,3D Lotto 9PM,"[""0"", ""5"", ""3""]",0-5-3,2024-12-12,21:00,4500,0
6DL,6D Lotto,"[""8"", ""3"", ""5"", ""0"", ""8"", ""2""]",8-3-5-0-8-2,2024-12-12,21:00,2480542,0
LOTTO42,Lotto 6/42,"[""31"", ""24"", ""33"", ""18"", ""36"", ""40""]",31-24-33-18-36-40,2024-12-12,21:00,20261390,0
SL49,Superlotto 6/49,"[""04"", ""33"", ""34"", ""25"", ""10"", ""43""]",04-33-34-25-10-43,2024-12-12,21:00,40475634,0
2DL-2PM,2D Lotto 2PM,"[""14"", ""17""]",14-17,2024-12-13,14:00,4000,0
3DL-2PM,3D Lotto 2PM,"[""0"", ""0"", ""1""]",0-0-1,2024-12-13,14:00,4500,0
2DL-5PM,2D Lotto 5PM,"[""22"", ""17""]",22-17,2024-12-13,17:00,4000,0
3DL-5PM,3D Lotto 5PM,"[""7"", ""3"", ""7""]",7-3-7,2024-12-13,17:00,4500,0
2DL-9PM,2D Lotto 9PM,"[""13"", ""24""]",13-24,2024-12-13,21:00,4000,0
3DL-9PM,3D Lotto 9PM,"[""2"", ""3"", ""0""]",2-3-0,2024-12-13,21:00,4500,0
4DL,4D Lotto,"[""8"", ""2"", ""0"", ""7""]",8-2-0-7,2024-12-13,21:00,902832,24
ML45,Megalotto 6/45,"[""28"", ""30"", ""23"", ""17"", ""02"", ""13""]",28-30-23-17-02-13,2024-12-13,21:00,18118177,0
UL58,Ultra Lotto 6/58,"[""56"", ""52"", ""58"", ""36"", ""45"", ""44""]",56-52-58-36-45-44,2024-12-13,21:00,204948537,0
2DL-2PM,2D Lotto 2PM,"[""30"", ""09""]",30-09,2024-12-14,14:00,4000,0
3DL-2PM,3D Lotto 2PM,"[""4"", ""4"", ""0""]",4-4-0,2024-12-14,14:00,4500,0
2DL-5PM,2D Lotto 5PM,"[""29"", ""26""]",29-26,2024-12-14,17:00,4000,0
3DL-5PM,3D Lotto 5PM,"[""3"", ""3"", ""9""]",3-3-9,2024-12-14,17:00,4500,0
2DL-9PM,2D Lotto 9PM,"[""20"", ""17""]",20-17,2024-12-14,21:00,4000,0
3DL-9PM,3D Lotto 9PM,"[""9"", ""8"", ""0""]",9-8-0,2024-12-14,21:00,4500,0
6DL,6D Lotto,"[""6"", ""1"", ""0"", ""1"", ""3"", ""5""]",6-1-0-1-3-5,2024-12-14,21:00,3789542,1
GL55,Grand Lotto 6/55,"[""49"", ""10"", ""42"", ""34"", ""35"", ""27""]",49-10-42-34-35-27,2024-12-14,21:00,47103149,0
LOTTO42,Lotto 6/42,"[""33"", ""25"", ""19"", ""05"", ""24"", ""22""]",33-25-19-05-24-22,2024-12-14,21:00,28581049.4,1
2DL-2PM,2D Lotto 2PM,"[""10"", ""06""]",10-06,2024-12-15,14:00,4000,3
3DL-2PM,3D Lotto 2PM,"[""7"", ""3"", ""0""]",7-3-0,2024-12-15,14:00,4500,0
2DL-5PM,2D Lotto 5PM,"[""12"", ""13""]",12-13,2024-12-15,17:00,4000,0
3DL-5PM,3D Lotto 5PM,"[""9"", ""1"", ""1""]",9-1-1,2024-12-15,17:00,4500,0
2DL-9PM,2D Lotto 9PM,"[""25"", ""28""]",25-28,2024-12-15,21:00,4000,0
3DL-9PM,3D Lotto 9PM,"[""4"", ""8"", ""8""]",4-8-8,2024-12-15,21:00,4500,0
SL49,Superlotto 6/49,"[""45"", ""20"", ""39"", ""12"", ""11"", ""29""]",45-20-39-12-11-29,2024-12-15,21:00,0,0
UL58,Ultra Lotto 6/58,"[""31"", ""25"", ""13"", ""05"", ""26"", ""10""]",31-25-13-05-26-10,2024-12-15,21:00,0,0
2DL-2PM,2D Lotto 2PM,"[""23"", ""21""]",23-21,2024-12-16,14:00,4000,0
3DL-2PM,3D Lotto 2PM,"[""5"", ""9"", ""9""]",5-9-9,2024-12-16,14:00,4500,0
2DL-5PM,2D Lotto 5PM,"[""23"", ""08""]",23-08,2024-12-16,17:00,4000,0
3DL-5PM,3D Lotto 5PM,"[""1"", ""9"", ""8""]",1-9-8,2024-12-16,17:00,4500,0
2DL-9PM,2D Lotto 9PM,"[""30"", ""12""]",30-12,2024-12-16,21:00,4000,0
3DL-9PM,3D Lotto 9PM,"[""8"", ""3"", ""9""]",8-3-9,2024-12-16,21:00,4500,0
4DL,4D Lotto,"[""7"", ""4"", ""3"", ""4""]",7-4-3-4,2024-12-16,21:00,999466,26
GL55,Grand Lotto 6/55,"[""21"", ""40"", ""15"", ""55"", ""10"", ""54""]",21-40-15-55-10-54,2024-12-16,21:00,55648009,1
ML45,Megalotto 6/45,"[""44"", ""22"", ""03"", ""26"", ""08"", ""39""]",44-22-03-26-08-39,2024-12-16,21:00,0,0
2DL-2PM,2D Lotto 2PM,"[""20"", ""28""]",20-28,2024-12-17,14:00,4000,0
3DL-2PM,3D Lotto 2PM,"[""0"", ""0"", ""8""]",0-0-8,2024-12-17,14:00,4500,0
2DL-5PM,2D Lotto 5PM,"[""28"", ""08""]",28-08,2024-12-17,17:00,4000,0
3DL-5PM,3D Lotto 5PM,"[""9"", ""3"", ""3""]",9-3-3,2024-12-17,17:00,4500,0
2DL-9PM,2D Lotto 9PM,"[""07"", ""19""]",07-19,2024-12-17,21:00,4000,0
3DL-9PM,3D Lotto 9PM,"[""7"", ""3"", ""7""]",7-3-7,2024-12-17,21:00,4500,0
6DL,6D Lotto,"[""4"", ""7"", ""1"", ""9"", ""9"", ""1""]",4-7-1-9-9-1,2024-12-17,21:00,150000,0
LOTTO42,Lotto 6/42,"[""37"", ""33"", ""20"", ""14"", ""41"", ""21""]",37-33-20-14-41-21,2024-12-17,21:00,5940000,0
SL49,Superlotto 6/49,"[""28"", ""22"", ""04"", ""09"", ""26"", ""19""]",28-22-04-09-26-19,2024-12-17,21:00,53531785.8,2
UL58,Ultra Lotto 6/58,"[""04"", ""32"", ""55"", ""28"", ""05"", ""34""]",04-32-55-28-05-34,2024-12-17,21:00,0,0
2DL-2PM,2D Lotto 2PM,"[""19"", ""22""]",19-22,2024-12-18,14:00,4000,0
3DL-2PM,3D Lotto 2PM,"[""7"", ""7"", ""6""]",7-7-6,2024-12-18,14:00,4500,0
2DL-5PM,2D Lotto 5PM,"[""18"", ""19""]",18-19,2024-12-18,17:00,4000,0
3DL-5PM,3D Lotto 5PM,"[""4"", ""0"", ""5""]",4-0-5,2024-12-18,17:00,4500,0
2DL-9PM,2D Lotto 9PM,"[""29"", ""16""]",29-16,2024-12-18,21:00,4000,0
3DL-9PM,3D Lotto 9PM,"[""2"", ""1"", ""4""]",2-1-4,2024-12-18,21:00,4500,0
4DL,4D Lotto,"[""9"", ""2"", ""0"", ""0""]",9-2-0-0,2024-12-18,21:00,900936,8
GL55,Grand Lotto 6/55,"[""42"", ""55"", ""39"", ""31"", ""07"", ""48""]",42-55-39-31-07-48,2024-12-18,21:00,29700000,0
ML45,Megalotto 6/45,"[""45"", ""02"", ""21"", ""41"", ""03"", ""34""]",45-02-21-41-03-34,2024-12-18,21:00,0,0
2DL-2PM,2D Lotto 2PM,"[""07"", ""07""]",07-07,2024-12-19,14:00,4000,0
3DL-2PM,3D Lotto 2PM,"[""0"", ""8"", ""5""]",0-8-5,2024-12-19,14:00,4500,0
2DL-5PM,2D Lotto 5PM,"[""31"", ""17""]",31-17,2024-12-19,17:00,4000,0
3DL-5PM,3D Lotto 5PM,"[""8"", ""8"", ""0""]",8-8-0,2024-12-19,17:00,4500,0
2DL-9PM,2D Lotto 9PM,"[""16"", ""20""]",16-20,2024-12-19,21:00,4000,0
3DL-9PM,3D Lotto 9PM,"[""3"", ""2"", ""3""]",3-2-3,2024-12-19,21:00,4500,0
6DL,6D Lotto,"[""4"", ""9"", ""2"", ""9"", ""8"", ""7""]",4-9-2-9-8-7,2024-12-19,21:00,0,0
LOTTO42,Lotto 6/42,"[""33"", ""04"", ""31"", ""38"", ""39"", ""16""]",33-04-31-38-39-16,2024-12-19,21:00,5940000,0
SL49,Superlotto 6/49,"[""08"", ""41"", ""14"", ""36"", ""28"", ""09""]",08-41-14-36-28-09,2024-12-19,21:00,53531785,0
2DL-2PM,2D Lotto 2PM,"[""18"", ""12""]",18-12,2024-12-20,14:00,4000,0
3DL-2PM,3D Lotto 2PM,"[""7"", ""4"", ""8""]",7-4-8,2024-12-20,14:00,4500,0
2DL-5PM,2D Lotto 5PM,"[""18"", ""18""]",18-18,2024-12-20,17:00,4000,0
3DL-5PM,3D Lotto 5PM,"[""7"", ""3"", ""0""]",7-3-0,2024-12-20,17:00,4500,0
2DL-9PM,2D Lotto 9PM,"[""28"", ""19""]",28-19,2024-12-20,21:00,4000,0
3DL-9PM,3D Lotto 9PM,"[""1"", ""6"", ""5""]",1-6-5,2024-12-20,21:00,4500,0
4DL,4D Lotto,"[""4"", ""3"", ""6"", ""5""]",4-3-6-5,2024-12-20,21:00,991666,26
ML45,Megalotto 6/45,"[""15"", ""36"", ""22"", ""09"", ""37"", ""18""]",15-36-22-09-37-18,2024-12-20,21:00,35434065.8,0
UL58,Ultra Lotto 6/58,"[""10"", ""37"", ""17"", ""28"", ""35"", ""32""]",10-37-17-28-35-32,2024-12-20,21:00,241473228,0
2DL-2PM,2D Lotto 2PM,"[""08"", ""13""]",08-13,2024-12-21,14:00,4000,0
3DL-2PM,3D Lotto 2PM,"[""3"", ""6"", ""7""]",3-6-7,2024-12-21,14:00,4500,0
2DL-5PM,2D Lotto 5PM,"[""29"", ""18""]",29-18,2024-12-21,17:00,4000,0
3DL-5PM,3D Lotto 5PM,"[""6"", ""4"", ""0""]",6-4-0,2024-12-21,17:00,4500,0
2DL-9PM,2D Lotto 9PM,"[""31"", ""14""]",31-14,2024-12-21,21:00,4000,0
3DL-9PM,3D Lotto 9PM,"[""6"", ""4"", ""6""]",6-4-6,2024-12-21,21:00,4500,0
6DL,6D Lotto,"[""0"", ""2"", ""9"", ""6"", ""1"", ""8""]",0-2-9-6-1-8,2024-12-21,21:00,1169832,0
GL55,Grand Lotto 6/55,"[""25"", ""48"", ""26"", ""08"", ""46"", ""53""]",25-48-26-08-46-53,2024-12-21,21:00,29700000,0
LOTTO42,Lotto 6/42,"[""42"", ""27"", ""12"", ""08"", ""38"", ""18""]",42-27-12-08-38-18,2024-12-21,21:00,9805761.2,0
2DL-2PM,2D Lotto 2PM,"[""01"", ""02""]",01-02,2024-12-22,14:00,4000,0
3DL-2PM,3D Lotto 2PM,"[""9"", ""6"", ""4""]",9-6-4,2024-12-22,14:00,4500,0
2DL-5PM,2D Lotto 5PM,"[""27"", ""25""]",27-25,2024-12-22,17:00,4000,0
3DL-5PM,3D Lotto 5PM,"[""3"", ""0"", ""9""]",3-0-9,2024-12-22,17:00,4500,0
2DL-9PM,2D Lotto 9PM,"[""09"", ""12""]",09-12,2024-12-22,21:00,4000,0
3DL-9PM,3D Lotto 9PM,"[""7"", ""2"", ""0""]",7-2-0,2024-12-22,21:00,4500,0
SL49,Superlotto 6/49,"[""21"", ""10"", ""13"", ""31"", ""07"", ""18""]",21-10-13-31-07-18,2024-12-22,21:00,15840000,1
UL58,Ultra Lotto 6/58,"[""42"", ""20"", ""04"", ""48"", ""06"", ""49""]",42-20-04-48-06-49,2024-12-22,21:00,251299365.2,0
2DL-2PM,2D Lotto 2PM,"[""25"", ""25""]",25-25,2024-12-23,14:00,4000,0
3DL-2PM,3D Lotto 2PM,"[""3"", ""1"", ""0""]",3-1-0,2024-12-23,14:00,4500,0
2DL-5PM,2D Lotto 5PM,"[""12"", ""17""]",12-17,2024-12-23,17:00,4000,0
3DL-5PM,3D Lotto 5PM,"[""3"", ""0"", ""1""]",3-0-1,2024-12-23,17:00,4500,0
2DL-9PM,2D Lotto 9PM,"[""13"", ""18""]",13-18,2024-12-23,21:00,4000,0
3DL-9PM,3D Lotto 9PM,"[""3"", ""3"", ""4""]",3-3-4,2024-12-23,21:00,4500,0
4DL,4D Lotto,"[""6"", ""9"", ""8"", ""5""]",6-9-8-5,2024-12-23,21:00,1015440,20
GL55,Grand Lotto 6/55,"[""24"", ""14"", ""22"", ""41"", ""10"", ""52""]",24-14-22-41-10-52,2024-12-23,21:00,29700000,0
ML45,Megalotto 6/45,"[""07"", ""41"", ""35"", ""25"", ""03"", ""01""]",07-41-35-25-03-01,2024-12-23,21:00,41069178.4,0
2DL-2PM,2D Lotto 2PM,"[""30"", ""25""]",30-25,2024-12-24,14:00,4000,3
3DL-2PM,3D Lotto 2PM,"[""6"", ""0"", ""9""]",6-0-9,2024-12-24,14:00,4500,0
2DL-5PM,2D Lotto 5PM,"[""06"", ""23""]",06-23,2024-12-24,17:00,4000,0
3DL-5PM,3D Lotto 5PM,"[""4"", ""3"", ""1""]",4-3-1,2024-12-24,17:00,4500,0
2DL-9PM,2D Lotto 9PM,"[""22"", ""15""]",22-15,2024-12-24,21:00,4000,0
3DL-9PM,3D Lotto 9PM,"[""8"", ""5"", ""0""]",8-5-0,2024-12-24,21:00,4500,2
6DL,6D Lotto,"[""6"", ""0"", ""7"", ""0"", ""8"", ""4""]",6-0-7-0-8-4,2024-12-24,21:00,1582482.24,0
LOTTO42,Lotto 6/42,"[""29"", ""32"", ""31"", ""07"", ""16"", ""19""]",29-32-31-07-16-19,2024-12-24,21:00,12799653.4,0
SL49,Superlotto 6/49,"[""45"", ""44"", ""41"", ""12"", ""16"", ""02""]",45-44-41-12-16-02,2024-12-24,21:00,15840000,0
UL58,Ultra Lotto 6/58,"[""38"", ""13"", ""14"", ""06"", ""17"", ""51""]",38-13-14-06-17-51,2024-12-24,21:00,259406932.8,0
2DL-2PM,2D Lotto 2PM,"[""31"", ""08""]",31-08,2024-12-25,14:00,4000,0
3DL-2PM,3D Lotto 2PM,"[""8"", ""9"", ""3""]",8-9-3,2024-12-25,14:00,4500,0
2DL-5PM,2D Lotto 5PM,"[""26"", ""29""]",26-29,2024-12-25,17:00,4000,0
3DL-5PM,3D Lotto 5PM,"[""6"", ""2"", ""2""]",6-2-2,2024-12-25,17:00,4500,0
2DL-9PM,2D Lotto 9PM,"[""06"", ""12""]",06-12,2024-12-25,21:00,4000,2
3DL-9PM,3D Lotto 9PM,"[""6"", ""5"", ""6""]",6-5-6,2024-12-25,21:00,4500,0
4DL,4D Lotto,"[""3"", ""5"", ""7"", ""7""]",3-5-7-7,2024-12-25,21:00,400056,8
GL55,Grand Lotto 6/55,"[""33"", ""47"", ""38"", ""15"", ""16"", ""03""]",33-47-38-15-16-03,2024-12-25,21:00,202500000,0
ML45,Megalotto 6/45,"[""27"", ""28"", ""38"", ""24"", ""12"", ""33""]",27-28-38-24-12-33,2024-12-25,21:00,42977881.6,0
2DL-2PM,2D Lotto 2PM,"[""08"", ""02""]",08-02,2024-12-26,14:00,4000,1
3DL-2PM,3D Lotto 2PM,"[""7"", ""2"", ""6""]",7-2-6,2024-12-26,14:00,4500,0
2DL-5PM,2D Lotto 5PM,"[""01"", ""21""]",01-21,2024-12-26,17:00,4000,0
3DL-5PM,3D Lotto 5PM,"[""0"", ""0"", ""5""]",0-0-5,2024-12-26,17:00,4500,0
2DL-9PM,2D Lotto 9PM,"[""13"", ""20""]",13-20,2024-12-26,21:00,4000,0
3DL-9PM,3D Lotto 9PM,"[""2"", ""4"", ""8""]",2-4-8,2024-12-26,21:00,4500,0
6DL,6D Lotto,"[""7"", ""3"", ""9"", ""0"", ""4"", ""7""]",7-3-9-0-4-7,2024-12-26,21:00,2415256,2
LOTTO42,Lotto 6/42,"[""05"", ""12"", ""23"", ""19"", ""34"", ""25""]",05-12-23-19-34-25,2024-12-26,21:00,16891422.8,0
SL49,Superlotto 6/49,"[""46"", ""33"", ""45"", ""23"", ""31"", ""01""]",46-33-45-23-31-01,2024-12-26,21:00,15840000,0
2DL-2PM,2D Lotto 2PM,"[""26"", ""16""]",26-16,2024-12-27,14:00,4000,0
3DL-2PM,3D Lotto 2PM,"[""2"", ""9"", ""2""]",2-9-2,2024-12-27,14:00,4500,0
2DL-5PM,2D Lotto 5PM,"[""11"", ""20""]",11-20,2024-12-27,17:00,4000,0
3DL-5PM,3D Lotto 5PM,"[""8"", ""5"", ""9""]",8-5-9,2024-12-27,17:00,4500,0
2DL-9PM,2D Lotto 9PM,"[""28"", ""16""]",28-16,2024-12-27,21:00,4000,0
3DL-9PM,3D Lotto 9PM,"[""4"", ""6"", ""3""]",4-6-3,2024-12-27,21:00,4500,0
4DL,4D Lotto,"[""7"", ""9"", ""9"", ""6""]",7-9-9-6,2024-12-27,21:00,1085016,12
ML45,Megalotto 6/45,"[""35"", ""27"", ""06"", ""40"", ""07"", ""02""]",35-27-06-40-07-02,2024-12-27,21:00,48552861.2,0
UL58,Ultra Lotto 6/58,"[""55"", ""21"", ""02"", ""19"", ""28"", ""15""]",55-21-02-19-28-15,2024-12-27,21:00,270763112.8,0
2DL-2PM,2D Lotto 2PM,"[""23"", ""10""]",23-10,2024-12-28,14:00,4000,0
3DL-2PM,3D Lotto 2PM,"[""6"", ""8"", ""7""]",6-8-7,2024-12-28,14:00,4500,0
2DL-5PM,2D Lotto 5PM,"[""24"", ""11""]",24-11,2024-12-28,17:00,4000,0
3DL-5PM,3D Lotto 5PM,"[""7"", ""0"", ""7""]",7-0-7,2024-12-28,17:00,4500,0
2DL-9PM,2D Lotto 9PM,"[""30"", ""25""]",30-25,2024-12-28,21:00,4000,0
3DL-9PM,3D Lotto 9PM,"[""0"", ""2"", ""4""]",0-2-4,2024-12-28,21:00,4500,0
6DL,6D Lotto,"[""9"", ""0"", ""5"", ""3"", ""8"", ""7""]",9-0-5-3-8-7,2024-12-28,21:00,278027.56,0
GL55,Grand Lotto 6/55,"[""45"", ""46"", ""33"", ""23"", ""03"", ""48""]",45-46-33-23-03-48,2024-12-28,21:00,202500000,1
LOTTO42,Lotto 6/42,"[""13"", ""15"", ""41"", ""16"", ""12"", ""23""]",13-15-41-16-12-23,2024-12-28,21:00,21394368.4,0
2DL-2PM,2D Lotto 2PM,"[""12"", ""21""]",12-21,2024-12-29,14:00,4000,0
3DL-2PM,3D Lotto 2PM,"[""8"", ""8"", ""7""]",8-8-7,2024-12-29,14:00,4500,0
2DL-5PM,2D Lotto 5PM,"[""05"", ""27""]",05-27,2024-12-29,17:00,4000,0
3DL-5PM,3D Lotto 5PM,"[""9"", ""5"", ""6""]",9-5-6,2024-12-29,17:00,4500,0
2DL-9PM,2D Lotto 9PM,"[""17"", ""06""]",17-06,2024-12-29,21:00,4000,0
3DL-9PM,3D Lotto 9PM,"[""7"", ""4"", ""8""]",7-4-8,2024-12-29,21:00,4500,0
SL49,Superlotto 6/49,"[""41"", ""12"", ""13"", ""48"", ""19"", ""01""]",41-12-13-48-19-01,2024-12-29,21:00,15840000,0
UL58,Ultra Lotto 6/58,"[""37"", ""45"", ""05"", ""03"", ""30"", ""56""]",37-45-05-03-30-56,2024-12-29,21:00,281445485.6,0
2DL-2PM,2D Lotto 2PM,"[""03"", ""09""]",03-09,2024-12-30,14:00,4000,0
3DL-2PM,3D Lotto 2PM,"[""0"", ""8"", ""6""]",0-8-6,2024-12-30,14:00,4500,0
2DL-5PM,2D Lotto 5PM,"[""03"", ""15""]",03-15,2024-12-30,17:00,4000,0
3DL-5PM,3D Lotto 5PM,"[""5"", ""2"", ""8""]",5-2-8,2024-12-30,17:00,4500,0
2DL-9PM,2D Lotto 9PM,"[""10"", ""26""]",10-26,2024-12-30,21:00,4000,0
3DL-9PM,3D Lotto 9PM,"[""0"", ""4"", ""0""]",0-4-0,2024-12-30,21:00,4500,0
4DL,4D Lotto,"[""6"", ""0"", ""1"", ""2""]",6-0-1-2,2024-12-30,21:00,310000,31
GL55,Grand Lotto 6/55,"[""45"", ""26"", ""17"", ""52"", ""20"", ""54""]",45-26-17-52-20-54,2024-12-30,21:00,29700000,0
ML45,Megalotto 6/45,"[""08"", ""06"", ""41"", ""30"", ""14"", ""13""]",08-06-41-30-14-13,2024-12-30,21:00,54801835,0
2DL-2PM,2D Lotto 2PM,"[""15"", ""16""]",15-16,2024-12-31,14:00,4000,0
3DL-2PM,3D Lotto 2PM,"[""0"", ""5"", ""8""]",0-5-8,2024-12-31,14:00,4500,0
2DL-5PM,2D Lotto 5PM,"[""18"", ""09""]",18-09,2024-12-31,17:00,4000,1
3DL-5PM,3D Lotto 5PM,"[""9"", ""2"", ""2""]",9-2-2,2024-12-31,17:00,4500,0
2DL-9PM,2D Lotto 9PM,"[""30"", ""13""]",30-13,2024-12-31,21:00,4000,0
3DL-9PM,3D Lotto 9PM,"[""5"", ""8"", ""7""]",5-8-7,2024-12-31,21:00,4500,0
6DL,6D Lotto,"[""5"", ""8"", ""9"", ""9"", ""6"", ""4""]",5-8-9-9-6-4,2024-12-31,21:00,851373.6,0
LOTTO42,Lotto 6/42,"[""27"", ""26"", ""09"", ""41"", ""19"", ""20""]",27-26-09-41-19-20,2024-12-31,21:00,25351115,2
SL49,Superlotto 6/49,"[""40"", ""35"", ""20"", ""34"", ""24"", ""33""]",40-35-20-34-24-33,2024-12-31,21:00,15840000,0
UL58,Ultra Lotto 6/58,"[""11"", ""40"", ""20"", ""12"", ""19"", ""01""]",11-40-20-12-19-01,2024-12-31,21:00,290664568,0
2DL-2PM,2D Lotto 2PM,"[""30"", ""26""]",30-26,2025-01-01,14:00,4000,0
3DL-2PM,3D Lotto 2PM,"[""5"", ""7"", ""8""]",5-7-8,2025-01-01,14:00,4500,0
2DL-5PM,2D Lotto 5PM,"[""23"", ""29""]",23-29,2025-01-01,17:00,4000,0
3DL-5PM,3D Lotto 5PM,"[""3"", ""4"", ""2""]",3-4-2,2025-01-01,17:00,4500,0
2DL-9PM,2D Lotto 9PM,"[""31"", ""19""]",31-19,2025-01-01,21:00,4000,0
3DL-9PM,3D Lotto 9PM,"[""6"", ""4"", ""5""]",6-4-5,2025-01-01,21:00,4500,0
4DL,4D Lotto,"[""9"", ""1"", ""6"", ""5""]",9-1-6-5,2025-01-01,21:00,394688,28
GL55,Grand Lotto 6/55,"[""45"", ""44"", ""50"", ""38"", ""55"", ""42""]",45-44-50-38-55-42,2025-01-01,21:00,29700000,0
ML45,Megalotto 6/45,"[""06"", ""41"", ""29"", ""12"", ""02"", ""15""]",06-41-29-12-02-15,2025-01-01,21:00,57030072.2,1
2DL-2PM,2D Lotto 2PM,"[""01"", ""02""]",01-02,2025-01-02,14:00,4000,0
3DL-2PM,3D Lotto 2PM,"[""2"", ""6"", ""7""]",2-6-7,2025-01-02,14:00,4500,0
2DL-5PM,2D Lotto 5PM,"[""29"", ""08""]",29-08,2025-01-02,17:00,4000,0
3DL-5PM,3D Lotto 5PM,"[""6"", ""3"", ""9""]",6-3-9,2025-01-02,17:00,4500,0
2DL-9PM,2D Lotto 9PM,"[""08"", ""01""]",08-01,2025-01-02,21:00,4000,2
3DL-9PM,3D Lotto 9PM,"[""2"", ""9"", ""2""]",2-9-2,2025-01-02,21:00,4500,0
6DL,6D Lotto,"[""6"", ""2"", ""6"", ""7"", ""6"", ""4""]",6-2-6-7-6-4,2025-01-02,21:00,1450774,2
LOTTO42,Lotto 6/42,"[""37"", ""41"", ""05"", ""33"", ""42"", ""40""]",37-41-05-33-42-40,2025-01-02,21:00,5940000,0
SL49,Superlotto 6/49,"[""19"", ""48"", ""15"", ""11"", ""07"", ""24""]",19-48-15-11-07-24,2025-01-02,21:00,18445722,1
2DL-2PM,2D Lotto 2PM,"[""05"", ""31""]",05-31,2025-01-03,14:00,4000,0
3DL-2PM,3D Lotto 2PM,"[""8"", ""3"", ""5""]",8-3-5,2025-01-03,14:00,4500,0
2DL-5PM,2D Lotto 5PM,"[""10"", ""28""]",10-28,2025-01-03,17:00,4000,0
3DL-5PM,3D Lotto 5PM,"[""3"", ""5"", ""9""]",3-5-9,2025-01-03,17:00,4500,0
2DL-9PM,2D Lotto 9PM,"[""07"", ""23""]",07-23,2025-01-03,21:00,4000,0
3DL-9PM,3D Lotto 9PM,"[""5"", ""9"", ""3""]",5-9-3,2025-01-03,21:00,4500,0
4DL,4D Lotto,"[""3"", ""7"", ""1"", ""9""]",3-7-1-9,2025-01-03,21:00,598502,34
ML45,Megalotto 6/45,"[""14"", ""25"", ""22"", ""34"", ""31"", ""27""]",14-25-22-34-31-27,2025-01-03,21:00,8910000,0
UL58,Ultra Lotto 6/58,"[""03"", ""15"", ""36"", ""22"", ""58"", ""46""]",03-15-36-22-58-46,2025-01-03,21:00,302581488.4,0
2DL-2PM,2D Lotto 2PM,"[""03"", ""15""]",03-15,2025-01-04,14:00,4000,0
3DL-2PM,3D Lotto 2PM,"[""7"", ""5"", ""9""]",7-5-9,2025-01-04,14:00,4500,0
2DL-5PM,2D Lotto 5PM,"[""05"", ""05""]",05-05,2025-01-04,17:00,4000,0
3DL-5PM,3D Lotto 5PM,"[""9"", ""1"", ""1""]",9-1-1,2025-01-04,17:00,4500,0
2DL-9PM,2D Lotto 9PM,"[""30"", ""29""]",30-29,2025-01-04,21:00,4000,0
3DL-9PM,3D Lotto 9PM,"[""5"", ""5"", ""1""]",5-5-1,2025-01-04,21:00,4500,0
6DL,6D Lotto,"[""4"", ""7"", ""1"", ""6"", ""5"", ""1""]",4-7-1-6-5-1,2025-01-04,21:00,530076.32,0
GL55,Grand Lotto 6/55,"[""49"", ""35"", ""01"", ""20"", ""43"", ""31""]",49-35-01-20-43-31,2025-01-04,21:00,29700000,0
LOTTO42,Lotto 6/42,"[""24"", ""41"", ""02"", ""36"", ""06"", ""05""]",24-41-02-36-06-05,2025-01-04,21:00,7329497.4,0
2DL-2PM,2D Lotto 2PM,"[""17"", ""30""]",17-30,2025-01-05,14:00,4000,0
3DL-2PM,3D Lotto 2PM,"[""0"", ""1"", ""2""]",0-1-2,2025-01-05,14:00,4500,0
2DL-5PM,2D Lotto 5PM,"[""27"", ""23""]",27-23,2025-01-05,17:00,4000,0
3DL-5PM,3D Lotto 5PM,"[""4"", ""1"", ""3""]",4-1-3,2025-01-05,17:00,4500,1
2DL-9PM,2D Lotto 9PM,"[""26"", ""14""]",26-14,2025-01-05,21:00,4000,0
3DL-9PM,3D Lotto 9PM,"[""2"", ""0"", ""8""]",2-0-8,2025-01-05,21:00,4500,0
SL49,Superlotto 6/49,"[""12"", ""35"", ""16"", ""07"", ""45"", ""42""]",12-35-16-07-45-42,2025-01-05,21:00,15840000,0
UL58,Ultra Lotto 6/58,"[""36"", ""46"", ""16"", ""19"", ""23"", ""27""]",36-46-16-19-23-27,2025-01-05,21:00,314591292.8,1
2DL-2PM,2D Lotto 2PM,"[""28"", ""22""]",28-22,2025-01-06,14:00,4000,0
3DL-2PM,3D Lotto 2PM,"[""9"", ""5"", ""0""]",9-5-0,2025-01-06,14:00,4500,0
2DL-5PM,2D Lotto 5PM,"[""13"", ""03""]",13-03,2025-01-06,17:00,4000,0
3DL-5PM,3D Lotto 5PM,"[""9"", ""3"", ""0""]",9-3-0,2025-01-06,17:00,4500,0
2DL-9PM,2D Lotto 9PM,"[""16"", ""02""]",16-02,2025-01-06,21:00,4000,0
3DL-9PM,3D Lotto 9PM,"[""6"", ""8"", ""1""]",6-8-1,2025-01-06,21:00,4500,0
4DL,4D Lotto,"[""0"", ""5"", ""6"", ""5""]",0-5-6-5,2025-01-06,21:00,852816,16
GL55,Grand Lotto 6/55,"[""38"", ""27"", ""21"", ""23"", ""11"", ""10""]",38-27-21-23-11-10,2025-01-06,21:00,29700000,0
ML45,Megalotto 6/45,"[""37"", ""23"", ""05"", ""06"", ""34"", ""43""]",37-23-05-06-34-43,2025-01-06,21:00,8910000,0
2DL-2PM,2D Lotto 2PM,"[""30"", ""23""]",30-23,2025-01-07,14:00,4000,0
3DL-2PM,3D Lotto 2PM,"[""0"", ""4"", ""7""]",0-4-7,2025-01-07,14:00,4500,0
2DL-5PM,2D Lotto 5PM,"[""27"", ""15""]",27-15,2025-01-07,17:00,4000,0
3DL-5PM,3D Lotto 5PM,"[""6"", ""6"", ""5""]",6-6-5,2025-01-07,17:00,4500,0
2DL-9PM,2D Lotto 9PM,"[""03"", ""30""]",03-30,2025-01-07,21:00,4000,0
3DL-9PM,3D Lotto 9PM,"[""5"", ""1"", ""9""]",5-1-9,2025-01-07,21:00,4500,0
6DL,6D Lotto,"[""2"", ""7"", ""0"", ""4"", ""6"", ""8""]",2-7-0-4-6-8,2025-01-07,21:00,899244.28,0
LOTTO42,Lotto 6/42,"[""25"", ""37"", ""09"", ""41"", ""20"", ""34""]",25-37-09-41-20-34,2025-01-07,21:00,10862997.4,0
SL49,Superlotto 6/49,"[""31"", ""24"", ""03"", ""19"", ""45"", ""09""]",31-24-03-19-45-09,2025-01-07,21:00,15840000,0
UL58,Ultra Lotto 6/58,"[""41"", ""31"", ""25"", ""12"", ""40"", ""33""]",41-31-25-12-40-33,2025-01-07,21:00,49500000,0
2DL-2PM,2D Lotto 2PM,"[""05"", ""27""]",05-27,2025-01-08,14:00,4000,0
3DL-2PM,3D Lotto 2PM,"[""0"", ""2"", ""2""]",0-2-2,2025-01-08,14:00,4500,0
2DL-5PM,2D Lotto 5PM,"[""14"", ""31""]",14-31,2025-01-08,17:00,4000,0
3DL-5PM,3D Lotto 5PM,"[""0"", ""6"", ""1""]",0-6-1,2025-01-08,17:00,4500,0
2DL-9PM,2D Lotto 9PM,"[""17"", ""12""]",17-12,2025-01-08,21:00,4000,0
3DL-9PM,3D Lotto 9PM,"[""0"", ""1"", ""4""]",0-1-4,2025-01-08,21:00,4500,0
4DL,4D Lotto,"[""5"", ""7"", ""4"", ""6""]",5-7-4-6,2025-01-08,21:00,981940,29
GL55,Grand Lotto 6/55,"[""13"", ""21"", ""24"", ""31"", ""09"", ""03""]",13-21-24-31-09-03,2025-01-08,21:00,29700000,1
ML45,Megalotto 6/45,"[""08"", ""44"", ""45"", ""16"", ""32"", ""37""]",08-44-45-16-32-37,2025-01-08,21:00,12004714.2,0
2DL-2PM,2D Lotto 2PM,"[""10"", ""23""]",10-23,2025-01-09,14:00,4000,0
3DL-2PM,3D Lotto 2PM,"[""8"", ""4"", ""1""]",8-4-1,2025-01-09,14:00,4500,0
2DL-5PM,2D Lotto 5PM,"[""28"", ""07""]",28-07,2025-01-09,17:00,4000,0
3DL-5PM,3D Lotto 5PM,"[""3"", ""9"", ""5""]",3-9-5,2025-01-09,17:00,4500,0
2DL-9PM,2D Lotto 9PM,"[""20"", ""07""]",20-07,2025-01-09,21:00,4000,0
3DL-9PM,3D Lotto 9PM,"[""9"", ""7"", ""1""]",9-7-1,2025-01-09,21:00,4500,0
6DL,6D Lotto,"[""3"", ""1"", ""1"", ""9"", ""9"", ""4""]",3-1-1-9-9-4,2025-01-09,21:00,949242,3
LOTTO42,Lotto 6/42,"[""25"", ""04"", ""16"", ""32"", ""22"", ""34""]",25-04-16-32-22-34,2025-01-09,21:00,15000326.4,0
SL49,Superlotto 6/49,"[""22"", ""44"", ""20"", ""08"", ""04"", ""05""]",22-44-20-08-04-05,2025-01-09,21:00,15840000,0
2DL-2PM,2D Lotto 2PM,"[""01"", ""17""]",01-17,2025-01-10,14:00,4000,0
3DL-2PM,3D Lotto 2PM,"[""7"", ""4"", ""9""]",7-4-9,2025-01-10,14:00,4500,0
2DL-5PM,2D Lotto 5PM,"[""09"", ""13""]",09-13,2025-01-10,17:00,4000,0
3DL-5PM,3D Lotto 5PM,"[""3"", ""5"", ""6""]",3-5-6,2025-01-10,17:00,4500,0
2DL-9PM,2D Lotto 9PM,"[""11"", ""23""]",11-23,2025-01-10,21:00,4000,0
3DL-9PM,3D Lotto 9PM,"[""2"", ""0"", ""6""]",2-0-6,2025-01-10,21:00,4500,0
4DL,4D Lotto,"[""8"", ""8"", ""5"", ""5""]",8-8-5-5,2025-01-10,21:00,883932,21
ML45,Megalotto 6/45,"[""12"", ""33"", ""32"", ""17"", ""08"", ""11""]",12-33-32-17-08-11,2025-01-10,21:00,16186700,1
UL58,Ultra Lotto 6/58,"[""43"", ""35"", ""45"", ""14"", ""25"", ""23""]",43-35-45-14-25-23,2025-01-10,21:00,49500000,0
2DL-2PM,2D Lotto 2PM,"[""02"", ""15""]",02-15,2025-01-11,14:00,4000,0
3DL-2PM,3D Lotto 2PM,"[""4"", ""6"", ""9""]",4-6-9,2025-01-11,14:00,4500,0
2DL-5PM,2D Lotto 5PM,"[""23"", ""01""]",23-01,2025-01-11,17:00,4000,0
3DL-5PM,3D Lotto 5PM,"[""3"", ""9"", ""1""]",3-9-1,2025-01-11,17:00,4500,0
2DL-9PM,2D Lotto 9PM,"[""28"", ""23""]",28-23,2025-01-11,21:00,4000,0
3DL-9PM,3D Lotto 9PM,"[""4"", ""7"", ""9""]",4-7-9,2025-01-11,21:00,4500,0
6DL,6D Lotto,"[""4"", ""7"", ""9"", ""3"", ""9"", ""5""]",4-7-9-3-9-5,2025-01-11,21:00,542624.92,0
GL55,Grand Lotto 6/55,"[""18"", ""25"", ""22"", ""06"", ""28"", ""44""]",18-25-22-06-28-44,2025-01-11,21:00,29700000,0
LOTTO42,Lotto 6/42,"[""09"", ""38"", ""23"", ""12"", ""32"", ""29""]",09-38-23-12-32-29,2025-01-11,21:00,19489253.8,1
2DL-2PM,2D Lotto 2PM,"[""03"", ""13""]",03-13,2025-01-12,14:00,4000,0
3DL-2PM,3D Lotto 2PM,"[""4"", ""5"", ""5""]",4-5-5,2025-01-12,14:00,4500,0
2DL-5PM,2D Lotto 5PM,"[""06"", ""07""]",06-07,2025-01-12,17:00,4000,0
3DL-5PM,3D Lotto 5PM,"[""2"", ""5"", ""2""]",2-5-2,2025-01-12,17:00,4500,0
2DL-9PM,2D Lotto 9PM,"[""29"", ""29""]",29-29,2025-01-12,21:00,4000,2
3DL-9PM,3D Lotto 9PM,"[""4"", ""5"", ""2""]",4-5-2,2025-01-12,21:00,4500,0
SL49,Superlotto 6/49,"[""36"", ""09"", ""03"", ""48"", ""25"", ""12""]",36-09-03-48-25-12,2025-01-12,21:00,16079282,0
UL58,Ultra Lotto 6/58,"[""19"", ""54"", ""48"", ""55"", ""41"", ""35""]",19-54-48-55-41-35,2025-01-12,21:00,49500000,0
2DL-2PM,2D Lotto 2PM,"[""13"", ""19""]",13-19,2025-01-13,14:00,4000,0
3DL-2PM,3D Lotto 2PM,"[""7"", ""7"", ""6""]",7-7-6,2025-01-13,14:00,4500,0
2DL-5PM,2D Lotto 5PM,"[""06"", ""28""]",06-28,2025-01-13,17:00,4000,0
3DL-5PM,3D Lotto 5PM,"[""0"", ""8"", ""6""]",0-8-6,2025-01-13,17:00,4500,0
2DL-9PM,2D Lotto 9PM,"[""19"", ""23""]",19-23,2025-01-13,21:00,4000,0
3DL-9PM,3D Lotto 9PM,"[""4"", ""1"", ""8""]",4-1-8,2025-01-13,21:00,4500,0
4DL,4D Lotto,"[""2"", ""4"", ""7"", ""1""]",2-4-7-1,2025-01-13,21:00,968160,60
GL55,Grand Lotto 6/55,"[""09"", ""14"", ""45"", ""05"", ""03"", ""15""]",09-14-45-05-03-15,2025-01-13,21:00,29700000,0
ML45,Megalotto 6/45,"[""39"", ""40"", ""24"", ""05"", ""04"", ""36""]",39-40-24-05-04-36,2025-01-13,21:00,8910000,0
2DL-2PM,2D Lotto 2PM,"[""25"", ""09""]",25-09,2025-01-14,14:00,4000,1
3DL-2PM,3D Lotto 2PM,"[""8"", ""5"", ""5""]",8-5-5,2025-01-14,14:00,4500,0
2DL-5PM,2D Lotto 5PM,"[""08"", ""02""]",08-02,2025-01-14,17:00,4000,0
3DL-5PM,3D Lotto 5PM,"[""3"", ""0"", ""0""]",3-0-0,2025-01-14,17:00,4500,0
2DL-9PM,2D Lotto 9PM,"[""13"", ""03""]",13-03,2025-01-14,21:00,4000,2
3DL-9PM,3D Lotto 9PM,"[""6"", ""3"", ""6""]",6-3-6,2025-01-14,21:00,4500,2
6DL,6D Lotto,"[""4"", ""1"", ""4"", ""2"", ""6"", ""2""]",4-1-4-2-6-2,2025-01-14,21:00,806875.24,1
LOTTO42,Lotto 6/42,"[""16"", ""12"", ""31"", ""34"", ""03"", ""37""]",16-12-31-34-03-37,2025-01-14,21:00,5940000,0
SL49,Superlotto 6/49,"[""05"", ""20"", ""26"", ""40"", ""10"", ""36""]",05-20-26-40-10-36,2025-01-14,21:00,19578081.6,0
UL58,Ultra Lotto 6/58,"[""55"", ""04"", ""13"", ""19"", ""15"", ""48""]",55-04-13-19-15-48,2025-01-14,21:00,49500000,0
2DL-2PM,2D Lotto 2PM,"[""18"", ""01""]",18-01,2025-01-15,14:00,4000,0
3DL-2PM,3D Lotto 2PM,"[""2"", ""3"", ""5""]",2-3-5,2025-01-15,14:00,4500,0
2DL-5PM,2D Lotto 5PM,"[""06"", ""04""]",06-04,2025-01-15,17:00,4000,0
3DL-5PM,3D Lotto 5PM,"[""9"", ""8"", ""9""]",9-8-9,2025-01-15,17:00,4500,0
2DL-9PM,2D Lotto 9PM,"[""25"", ""26""]",25-26,2025-01-15,21:00,4000,0
3DL-9PM,3D Lotto 9PM,"[""9"", ""5"", ""9""]",9-5-9,2025-01-15,21:00,4500,0
4DL,4D Lotto,"[""4"", ""4"", ""5"", ""2""]",4-4-5-2,2025-01-15,21:00,881258,14
GL55,Grand Lotto 6/55,"[""20"", ""32"", ""21"", ""31"", ""13"", ""50""]",20-32-21-31-13-50,2025-01-15,21:00,29700000,0
ML45,Megalotto 6/45,"[""01"", ""21"", ""03"", ""28"", ""02"", ""24""]",01-21-03-28-02-24,2025-01-15,21:00,8910000,1
2DL-2PM,2D Lotto 2PM,"[""31"", ""14""]",31-14,2025-01-16,14:00,4000,0
3DL-2PM,3D Lotto 2PM,"[""4"", ""8"", ""6""]",4-8-6,2025-01-16,14:00,4500,0
2DL-5PM,2D Lotto 5PM,"[""27"", ""25""]",27-25,2025-01-16,17:00,4000,0
3DL-5PM,3D Lotto 5PM,"[""5"", ""3"", ""1""]",5-3-1,2025-01-16,17:00,4500,0
2DL-9PM,2D Lotto 9PM,"[""05"", ""29""]",05-29,2025-01-16,21:00,4000,1
3DL-9PM,3D Lotto 9PM,"[""7"", ""0"", ""1""]",7-0-1,2025-01-16,21:00,4500,0
6DL,6D Lotto,"[""9"", ""4"", ""0"", ""3"", ""7"", ""3""]",9-4-0-3-7-3,2025-01-16,21:00,600272.44,0
LOTTO42,Lotto 6/42,"[""32"", ""25"", ""38"", ""42"", ""40"", ""34""]",32-25-38-42-40-34,2025-01-16,21:00,6615575.8,0
SL49,Superlotto 6/49,"[""33"", ""38"", ""16"", ""31"", ""07"", ""02""]",33-38-16-31-07-02,2025-01-16,21:00,24405640.6,0
2DL-2PM,2D Lotto 2PM,"[""31"", ""20""]",31-20,2025-01-17,14:00,4000,0
3DL-2PM,3D Lotto 2PM,"[""4"", ""4"", ""3""]",4-4-3,2025-01-17,14:00,4500,0
2DL-5PM,2D Lotto 5PM,"[""25"", ""06""]",25-06,2025-01-17,17:00,4000,3
3DL-5PM,3D Lotto 5PM,"[""2"", ""4"", ""2""]",2-4-2,2025-01-17,17:00,4500,0
2DL-9PM,2D Lotto 9PM,"[""10"", ""01""]",10-01,2025-01-17,21:00,4000,0
3DL-9PM,3D Lotto 9PM,"[""6"", ""2"", ""7""]",6-2-7,2025-01-17,21:00,4500,0
4DL,4D Lotto,"[""4"", ""6"", ""5"", ""2""]",4-6-5-2,2025-01-17,21:00,892896,32
ML45,Megalotto 6/45,"[""06"", ""03"", ""15"", ""32"", ""14"", ""07""]",06-03-15-32-14-07,2025-01-17,21:00,8910000,0
UL58,Ultra Lotto 6/58,"[""45"", ""23"", ""39"", ""53"", ""35"", ""05""]",45-23-39-53-35-05,2025-01-17,21:00,49500000,0
2DL-2PM,2D Lotto 2PM,"[""08"", ""28""]",08-28,2025-01-18,14:00,4000,1
3DL-2PM,3D Lotto 2PM,"[""3"", ""2"", ""3""]",3-2-3,2025-01-18,14:00,4500,0
2DL-5PM,2D Lotto 5PM,"[""15"", ""21""]",15-21,2025-01-18,17:00,4000,0
3DL-5PM,3D Lotto 5PM,"[""7"", ""8"", ""1""]",7-8-1,2025-01-18,17:00,4500,0
2DL-9PM,2D Lotto 9PM,"[""02"", ""24""]",02-24,2025-01-18,21:00,4000,0
3DL-9PM,3D Lotto 9PM,"[""7"", ""9"", ""3""]",7-9-3,2025-01-18,21:00,4500,0
6DL,6D Lotto,"[""4"", ""1"", ""9"", ""7"", ""2"", ""4""]",4-1-9-7-2-4,2025-01-18,21:00,1111429.24,0
GL55,Grand Lotto 6/55,"[""13"", ""34"", ""51"", ""04"", ""22"", ""07""]",13-34-51-04-22-07,2025-01-18,21:00,29700000,0
LOTTO42,Lotto 6/42,"[""09"", ""13"", ""40"", ""42"", ""14"", ""33""]",09-13-40-42-14-33,2025-01-18,21:00,10387166,1
2DL-2PM,2D Lotto 2PM,"[""22"", ""21""]",22-21,2025-01-19,14:00,4000,0
3DL-2PM,3D Lotto 2PM,"[""5"", ""2"", ""6""]",5-2-6,2025-01-19,14:00,4500,0
2DL-5PM,2D Lotto 5PM,"[""16"", ""06""]",16-06,2025-01-19,17:00,4000,0
3DL-5PM,3D Lotto 5PM,"[""4"", ""2"", ""2""]",4-2-2,2025-01-19,17:00,4500,0
2DL-9PM,2D Lotto 9PM,"[""30"", ""27""]",30-27,2025-01-19,21:00,4000,0
3DL-9PM,3D Lotto 9PM,"[""0"", ""5"", ""9""]",0-5-9,2025-01-19,21:00,4500,0
SL49,Superlotto 6/49,"[""22"", ""31"", ""04"", ""37"", ""20"", ""30""]",22-31-04-37-20-30,2025-01-19,21:00,28841246.6,0
UL58,Ultra Lotto 6/58,"[""52"", ""25"", ""05"", ""36"", ""31"", ""30""]",52-25-05-36-31-30,2025-01-19,21:00,49500000,0
2DL-2PM,2D Lotto 2PM,"[""25"", ""15""]",25-15,2025-01-20,14:00,4000,0
3DL-2PM,3D Lotto 2PM,"[""8"", ""9"", ""0""]",8-9-0,2025-01-20,14:00,4500,0
2DL-5PM,2D Lotto 5PM,"[""20"", ""06""]",20-06,2025-01-20,17:00,4000,3
3DL-5PM,3D Lotto 5PM,"[""1"", ""5"", ""4""]",1-5-4,2025-01-20,17:00,4500,0
2DL-9PM,2D Lotto 9PM,"[""29"", ""19""]",29-19,2025-01-20,21:00,4000,0
3DL-9PM,3D Lotto 9PM,"[""2"", ""2"", ""1""]",2-2-1,2025-01-20,21:00,4500,0
4DL,4D Lotto,"[""8"", ""3"", ""1"", ""7""]",8-3-1-7,2025-01-20,21:00,569052,27
GL55,Grand Lotto 6/55,"[""47"", ""21"", ""32"", ""40"", ""28"", ""02""]",47-21-32-40-28-02,2025-01-20,21:00,29700000,0
ML45,Megalotto 6/45,"[""33"", ""18"", ""03"", ""19"", ""34"", ""45""]",33-18-03-19-34-45,2025-01-20,21:00,8910000,0
2DL-2PM,2D Lotto 2PM,"[""18"", ""25""]",18-25,2025-01-21,14:00,4000,0
3DL-2PM,3D Lotto 2PM,"[""8"", ""7"", ""3""]",8-7-3,2025-01-21,14:00,4500,0
2DL-5PM,2D Lotto 5PM,"[""10"", ""27""]",10-27,2025-01-21,17:00,4000,0
3DL-5PM,3D Lotto 5PM,"[""4"", ""0"", ""3""]",4-0-3,2025-01-21,17:00,4500,1
2DL-9PM,2D Lotto 9PM,"[""27"", ""07""]",27-07,2025-01-21,21:00,4000,4
3DL-9PM,3D Lotto 9PM,"[""7"", ""1"", ""4""]",7-1-4,2025-01-21,21:00,4500,1
6DL,6D Lotto,"[""9"", ""0"", ""0"", ""2"", ""4"", ""0""]",9-0-0-2-4-0,2025-01-21,21:00,1740076.48,0
LOTTO42,Lotto 6/42,"[""29"", ""19"", ""35"", ""30"", ""12"", ""15""]",29-19-35-30-12-15,2025-01-21,21:00,5940000,0
SL49,Superlotto 6/49,"[""29"", ""47"", ""44"", ""19"", ""40"", ""32""]",29-47-44-19-40-32,2025-01-21,21:00,32733816,0
UL58,Ultra Lotto 6/58,"[""43"", ""09"", ""22"", ""39"", ""52"", ""45""]",43-09-22-39-52-45,2025-01-21,21:00,49500000,0
2DL-2PM,2D Lotto 2PM,"[""05"", ""15""]",05-15,2025-01-22,14:00,4000,0
3DL-2PM,3D Lotto 2PM,"[""3"", ""2"", ""2""]",3-2-2,2025-01-22,14:00,4500,0
2DL-5PM,2D Lotto 5PM,"[""23"", ""07""]",23-07,2025-01-22,17:00,4000,2
3DL-5PM,3D Lotto 5PM,"[""7"", ""0"", ""5""]",7-0-5,2025-01-22,17:00,4500,0
2DL-9PM,2D Lotto 9PM,"[""24"", ""24""]",24-24,2025-01-22,21:00,4000,1
3DL-9PM,3D Lotto 9PM,"[""6"", ""5"", ""4""]",6-5-4,2025-01-22,21:00,4500,0
4DL,4D Lotto,"[""8"", ""4"", ""0"", ""2""]",8-4-0-2,2025-01-22,21:00,895027,29
GL55,Grand Lotto 6/55,"[""22"", ""52"", ""33"", ""49"", ""02"", ""34""]",22-52-33-49-02-34,2025-01-22,21:00,29700000,0
ML45,Megalotto 6/45,"[""27"", ""45"", ""42"", ""32"", ""17"", ""39""]",27-45-42-32-17-39,2025-01-22,21:00,11163509.6,0
2DL-2PM,2D Lotto 2PM,"[""30"", ""25""]",30-25,2025-01-23,14:00,4000,0
3DL-2PM,3D Lotto 2PM,"[""4"", ""2"", ""7""]",4-2-7,2025-01-23,14:00,4500,0
2DL-5PM,2D Lotto 5PM,"[""20"", ""04""]",20-04,2025-01-23,17:00,4000,2
3DL-5PM,3D Lotto 5PM,"[""2"", ""0"", ""1""]",2-0-1,2025-01-23,17:00,4500,0
2DL-9PM,2D Lotto 9PM,"[""03"", ""16""]",03-16,2025-01-23,21:00,4000,0
3DL-9PM,3D Lotto 9PM,"[""3"", ""0"", ""7""]",3-0-7,2025-01-23,21:00,4500,3
6DL,6D Lotto,"[""9"", ""7"", ""1"", ""8"", ""6"", ""4""]",9-7-1-8-6-4,2025-01-23,21:00,2186836.64,0
LOTTO42,Lotto 6/42,"[""20"", ""27"", ""40"", ""16"", ""19"", ""12""]",20-27-40-16-19-12,2025-01-23,21:00,6217911.4,0
SL49,Superlotto 6/49,"[""02"", ""31"", ""39"", ""16"", ""09"", ""12""]",02-31-39-16-09-12,2025-01-23,21:00,37685725.8,0
2DL-2PM,2D Lotto 2PM,"[""20"", ""05""]",20-05,2025-01-24,14:00,4000,0
3DL-2PM,3D Lotto 2PM,"[""0"", ""0"", ""7""]",0-0-7,2025-01-24,14:00,4500,0
2DL-5PM,2D Lotto 5PM,"[""09"", ""07""]",09-07,2025-01-24,17:00,4000,0
3DL-5PM,3D Lotto 5PM,"[""4"", ""9"", ""5""]",4-9-5,2025-01-24,17:00,4500,1
2DL-9PM,2D Lotto 9PM,"[""18"", ""05""]",18-05,2025-01-24,21:00,4000,0
3DL-9PM,3D Lotto 9PM,"[""8"", ""4"", ""2""]",8-4-2,2025-01-24,21:00,4500,0
4DL,4D Lotto,"[""5"", ""0"", ""0"", ""7""]",5-0-0-7,2025-01-24,21:00,862675,11
ML45,Megalotto 6/45,"[""35"", ""08"", ""29"", ""26"", ""15"", ""21""]",35-08-29-26-15-21,2025-01-24,21:00,15038223.4,0
UL58,Ultra Lotto 6/58,"[""17"", ""11"", ""52"", ""25"", ""38"", ""47""]",17-11-52-25-38-47,2025-01-24,21:00,49500000,0
2DL-2PM,2D Lotto 2PM,"[""11"", ""12""]",11-12,2025-01-25,14:00,4000,0
3DL-2PM,3D Lotto 2PM,"[""6"", ""7"", ""3""]",6-7-3,2025-01-25,14:00,4500,0
2DL-5PM,2D Lotto 5PM,"[""19"", ""07""]",19-07,2025-01-25,17:00,4000,2
3DL-5PM,3D Lotto 5PM,"[""1"", ""6"", ""3""]",1-6-3,2025-01-25,17:00,4500,0
2DL-9PM,2D Lotto 9PM,"[""15"", ""29""]",15-29,2025-01-25,21:00,4000,2
3DL-9PM,3D Lotto 9PM,"[""3"", ""2"", ""0""]",3-2-0,2025-01-25,21:00,4500,0
6DL,6D Lotto,"[""7"", ""9"", ""4"", ""9"", ""4"", ""4""]",7-9-4-9-4-4,2025-01-25,21:00,2741280.76,0
GL55,Grand Lotto 6/55,"[""45"", ""22"", ""23"", ""32"", ""03"", ""30""]",45-22-23-32-03-30,2025-01-25,21:00,29700000,0
LOTTO42,Lotto 6/42,"[""10"", ""12"", ""26"", ""15"", ""27"", ""11""]",10-12-26-15-27-11,2025-01-25,21:00,9796810.2,0
2DL-2PM,2D Lotto 2PM,"[""11"", ""11""]",11-11,2025-01-26,14:00,4000,0
3DL-2PM,3D Lotto 2PM,"[""9"", ""6"", ""4""]",9-6-4,2025-01-26,14:00,4500,0
2DL-5PM,2D Lotto 5PM,"[""20"", ""03""]",20-03,2025-01-26,17:00,4000,2
3DL-5PM,3D Lotto 5PM,"[""2"", ""8"", ""1""]",2-8-1,2025-01-26,17:00,4500,0
2DL-9PM,2D Lotto 9PM,"[""06"", ""09""]",06-09,2025-01-26,21:00,4000,0
3DL-9PM,3D Lotto 9PM,"[""5"", ""4"", ""6""]",5-4-6,2025-01-26,21:00,4500,0
SL49,Superlotto 6/49,"[""30"", ""02"", ""21"", ""44"", ""05"", ""32""]",30-02-21-44-05-32,2025-01-26,21:00,42614160,0
UL58,Ultra Lotto 6/58,"[""54"", ""33"", ""42"", ""27"", ""36"", ""26""]",54-33-42-27-36-26,2025-01-26,21:00,49500000,0
2DL-2PM,2D Lotto 2PM,"[""01"", ""13""]",01-13,2025-01-27,14:00,4000,0
3DL-2PM,3D Lotto 2PM,"[""0"", ""6"", ""4""]",0-6-4,2025-01-27,14:00,4500,1
2DL-5PM,2D Lotto 5PM,"[""27"", ""03""]",27-03,2025-01-27,17:00,4000,1
3DL-5PM,3D Lotto 5PM,"[""0"", ""8"", ""7""]",0-8-7,2025-01-27,17:00,4500,0
2DL-9PM,2D Lotto 9PM,"[""02"", ""03""]",02-03,2025-01-27,21:00,4000,1
3DL-9PM,3D Lotto 9PM,"[""9"", ""8"", ""6""]",9-8-6,2025-01-27,21:00,4500,0
4DL,4D Lotto,"[""5"", ""6"", ""2"", ""1""]",5-6-2-1,2025-01-27,21:00,643860,35
GL55,Grand Lotto 6/55,"[""20"", ""48"", ""47"", ""10"", ""26"", ""55""]",20-48-47-10-26-55,2025-01-27,21:00,33497906.4,0
ML45,Megalotto 6/45,"[""43"", ""27"", ""44"", ""45"", ""35"", ""39""]",43-27-44-45-35-39,2025-01-27,21:00,19139171.6,0
2DL-2PM,2D Lotto 2PM,"[""24"", ""07""]",24-07,2025-01-28,14:00,4000,0
3DL-2PM,3D Lotto 2PM,"[""4"", ""9"", ""4""]",4-9-4,2025-01-28,14:00,4500,0
2DL-5PM,2D Lotto 5PM,"[""01"", ""31""]",01-31,2025-01-28,17:00,4000,1
3DL-5PM,3D Lotto 5PM,"[""1"", ""9"", ""4""]",1-9-4,2025-01-28,17:00,4500,0
2DL-9PM,2D Lotto 9PM,"[""18"", ""25""]",18-25,2025-01-28,21:00,4000,0
3DL-9PM,3D Lotto 9PM,"[""4"", ""2"", ""6""]",4-2-6,2025-01-28,21:00,4500,2
6DL,6D Lotto,"[""3"", ""0"", ""0"", ""2"", ""6"", ""2""]",3-0-0-2-6-2,2025-01-28,21:00,3150678.4,0
LOTTO42,Lotto 6/42,"[""10"", ""22"", ""31"", ""28"", ""11"", ""14""]",10-22-31-28-11-14,2025-01-28,21:00,13131506.6,1
SL49,Superlotto 6/49,"[""41"", ""40"", ""16"", ""34"", ""20"", ""28""]",41-40-16-34-20-28,2025-01-28,21:00,46892645,0
UL58,Ultra Lotto 6/58,"[""54"", ""36"", ""51"", ""56"", ""21"", ""26""]",54-36-51-56-21-26,2025-01-28,21:00,49500000,0
2DL-2PM,2D Lotto 2PM,"[""01"", ""23""]",01-23,2025-01-29,14:00,4000,0
3DL-2PM,3D Lotto 2PM,"[""4"", ""0"", ""1""]",4-0-1,2025-01-29,14:00,4500,0
2DL-5PM,2D Lotto 5PM,"[""12"", ""07""]",12-07,2025-01-29,17:00,4000,2
3DL-5PM,3D Lotto 5PM,"[""1"", ""4"", ""9""]",1-4-9,2025-01-29,17:00,4500,1
2DL-9PM,2D Lotto 9PM,"[""09"", ""14""]",09-14,2025-01-29,21:00,4000,2
3DL-9PM,3D Lotto 9PM,"[""9"", ""8"", ""5""]",9-8-5,2025-01-29,21:00,4500,3
4DL,4D Lotto,"[""5"", ""9"", ""2"", ""3""]",5-9-2-3,2025-01-29,21:00,552692,14
GL55,Grand Lotto 6/55,"[""48"", ""29"", ""27"", ""43"", ""17"", ""30""]",48-29-27-43-17-30,2025-01-29,21:00,37358785.8,0
ML45,Megalotto 6/45,"[""32"", ""24"", ""35"", ""03"", ""39"", ""45""]",32-24-35-03-39-45,2025-01-29,21:00,23213925.6,0
2DL-2PM,2D Lotto 2PM,"[""22"", ""18""]",22-18,2025-01-30,14:00,4000,1
3DL-2PM,3D Lotto 2PM,"[""3"", ""4"", ""1""]",3-4-1,2025-01-30,14:00,4500,0
2DL-5PM,2D Lotto 5PM,"[""14"", ""03""]",14-03,2025-01-30,17:00,4000,0
3DL-5PM,3D Lotto 5PM,"[""9"", ""0"", ""4""]",9-0-4,2025-01-30,17:00,4500,2
2DL-9PM,2D Lotto 9PM,"[""03"", ""22""]",03-22,2025-01-30,21:00,4000,0
3DL-9PM,3D Lotto 9PM,"[""8"", ""4"", ""5""]",8-4-5,2025-01-30,21:00,4500,0
6DL,6D Lotto,"[""5"", ""8"", ""6"", ""5"", ""4"", ""2""]",5-8-6-5-4-2,2025-01-30,21:00,3915295.16,0
LOTTO42,Lotto 6/42,"[""42"", ""04"", ""22"", ""28"", ""31"", ""12""]",42-04-22-28-31-12,2025-01-30,21:00,5940000,0
SL49,Superlotto 6/49,"[""28"", ""26"", ""22"", ""37"", ""43"", ""34""]",28-26-22-37-43-34,2025-01-30,21:00,52176830.8,0
2DL-2PM,2D Lotto 2PM,"[""09"", ""16""]",09-16,2025-01-31,14:00,4000,0
3DL-2PM,3D Lotto 2PM,"[""3"", ""2"", ""1""]",3-2-1,2025-01-31,14:00,4500,0
2DL-5PM,2D Lotto 5PM,"[""10"", ""31""]",10-31,2025-01-31,17:00,4000,0
3DL-5PM,3D Lotto 5PM,"[""6"", ""5"", ""5""]",6-5-5,2025-01-31,17:00,4500,0
2DL-9PM,2D Lotto 9PM,"[""05"", ""22""]",05-22,2025-01-31,21:00,4000,0
3DL-9PM,3D Lotto 9PM,"[""4"", ""1"", ""2""]",4-1-2,2025-01-31,21:00,4500,1
4DL,4D Lotto,"[""0"", ""2"", ""3"", ""6""]",0-2-3-6,2025-01-31,21:00,1032936,24
ML45,Megalotto 6/45,"[""15"", ""01"", ""08"", ""33"", ""11"", ""09""]",15-01-08-33-11-09,2025-01-31,21:00,27638097.6,0
UL58,Ultra Lotto 6/58,"[""12"", ""15"", ""58"", ""16"", ""18"", ""41""]",12-15-58-16-18-41,2025-01-31,21:00,54094786.6,0
2DL-2PM,2D Lotto 2PM,"[""19"", ""25""]",19-25,2025-02-01,14:00,4000,0
3DL-2PM,3D Lotto 2PM,"[""7"", ""6"", ""6""]",7-6-6,2025-02-01,14:00,4500,0
2DL-5PM,2D Lotto 5PM,"[""06"", ""09""]",06-09,2025-02-01,17:00,4000,0
3DL-5PM,3D Lotto 5PM,"[""1"", ""4"", ""5""]",1-4-5,2025-02-01,17:00,4500,0
2DL-9PM,2D Lotto 9PM,"[""17"", ""08""]",17-08,2025-02-01,21:00,4000,0
3DL-9PM,3D Lotto 9PM,"[""2"", ""2"", ""3""]",2-2-3,2025-02-01,21:00,4500,0
6DL,6D Lotto,"[""1"", ""1"", ""6"", ""2"", ""9"", ""0""]",1-1-6-2-9-0,2025-02-01,21:00,4253092.32,1
GL55,Grand Lotto 6/55,"[""51"", ""21"", ""01"", ""16"", ""33"", ""38""]",51-21-01-16-33-38,2025-02-01,21:00,41856704.8,0
LOTTO42,Lotto 6/42,"[""08"", ""29"", ""18"", ""15"", ""38"", ""27""]",08-29-18-15-38-27,2025-02-01,21:00,6618790,0
2DL-2PM,2D Lotto 2PM,"[""23"", ""11""]",23-11,2025-02-02,14:00,4000,1
3DL-2PM,3D Lotto 2PM,"[""4"", ""8"", ""4""]",4-8-4,2025-02-02,14:00,4500,0
2DL-5PM,2D Lotto 5PM,"[""14"", ""21""]",14-21,2025-02-02,17:00,4000,0
3DL-5PM,3D Lotto 5PM,"[""2"", ""4"", ""0""]",2-4-0,2025-02-02,17:00,4500,6
2DL-9PM,2D Lotto 9PM,"[""09"", ""04""]",09-04,2025-02-02,21:00,4000,0
3DL-9PM,3D Lotto 9PM,"[""8"", ""9"", ""8""]",8-9-8,2025-02-02,21:00,4500,0
SL49,Superlotto 6/49,"[""12"", ""11"", ""16"", ""49"", ""28"", ""33""]",12-11-16-49-28-33,2025-02-02,21:00,57755477.2,0
UL58,Ultra Lotto 6/58,"[""12"", ""54"", ""30"", ""19"", ""25"", ""48""]",12-54-30-19-25-48,2025-02-02,21:00,58827171,0
2DL-2PM,2D Lotto 2PM,"[""06"", ""10""]",06-10,2025-02-03,14:00,4000,5
3DL-2PM,3D Lotto 2PM,"[""2"", ""8"", ""2""]",2-8-2,2025-02-03,14:00,4500,0
2DL-5PM,2D Lotto 5PM,"[""02"", ""17""]",02-17,2025-02-03,17:00,4000,1
3DL-5PM,3D Lotto 5PM,"[""8"", ""7"", ""8""]",8-7-8,2025-02-03,17:00,4500,0
2DL-9PM,2D Lotto 9PM,"[""06"", ""07""]",06-07,2025-02-03,21:00,4000,0
3DL-9PM,3D Lotto 9PM,"[""1"", ""7"", ""5""]",1-7-5,2025-02-03,21:00,4500,3
4DL,4D Lotto,"[""1"", ""9"", ""7"", ""1""]",1-9-7-1,2025-02-03,21:00,2230000,223
GL55,Grand Lotto 6/55,"[""35"", ""48"", ""01"", ""18"", ""02"", ""19""]",35-48-01-18-02-19,2025-02-03,21:00,45903454.2,0
ML45,Megalotto 6/45,"[""31"", ""04"", ""17"", ""07"", ""19"", ""27""]",31-04-17-07-19-27,2025-02-03,21:00,32244545.6,1
2DL-2PM,2D Lotto 2PM,"[""17"", ""07""]",17-07,2025-02-04,14:00,4000,0
3DL-2PM,3D Lotto 2PM,"[""1"", ""8"", ""8""]",1-8-8,2025-02-04,14:00,4500,0
2DL-5PM,2D Lotto 5PM,"[""14"", ""01""]",14-01,2025-02-04,17:00,4000,0
3DL-5PM,3D Lotto 5PM,"[""0"", ""7"", ""0""]",0-7-0,2025-02-04,17:00,4500,0
2DL-9PM,2D Lotto 9PM,"[""10"", ""18""]",10-18,2025-02-04,21:00,4000,0
3DL-9PM,3D Lotto 9PM,"[""8"", ""4"", ""1""]",8-4-1,2025-02-04,21:00,4500,12
6DL,6D Lotto,"[""0"", ""3"", ""1"", ""8"", ""5"", ""2""]",0-3-1-8-5-2,2025-02-04,21:00,300000,2
LOTTO42,Lotto 6/42,"[""33"", ""19"", ""29"", ""21"", ""04"", ""22""]",33-19-29-21-04-22,2025-02-04,21:00,9723773.4,0
SL49,Superlotto 6/49,"[""29"", ""28"", ""02"", ""47"", ""42"", ""43""]",29-28-02-47-42-43,2025-02-04,21:00,62582774.2,0
UL58,Ultra Lotto 6/58,"[""06"", ""34"", ""32"", ""48"", ""14"", ""23""]",06-34-32-48-14-23,2025-02-04,21:00,63053353.2,0
2DL-2PM,2D Lotto 2PM,"[""28"", ""18""]",28-18,2025-02-05,14:00,4000,0
3DL-2PM,3D Lotto 2PM,"[""8"", ""7"", ""2""]",8-7-2,2025-02-05,14:00,4500,4
2DL-5PM,2D Lotto 5PM,"[""17"", ""08""]",17-08,2025-02-05,17:00,4000,0
3DL-5PM,3D Lotto 5PM,"[""2"", ""5"", ""7""]",2-5-7,2025-02-05,17:00,4500,2
2DL-9PM,2D Lotto 9PM,"[""03"", ""16""]",03-16,2025-02-05,21:00,4000,1
3DL-9PM,3D Lotto 9PM,"[""7"", ""7"", ""9""]",7-7-9,2025-02-05,21:00,4500,0
4DL,4D Lotto,"[""7"", ""3"", ""2"", ""4""]",7-3-2-4,2025-02-05,21:00,573716,11
GL55,Grand Lotto 6/55,"[""24"", ""33"", ""14"", ""43"", ""06"", ""39""]",24-33-14-43-06-39,2025-02-05,21:00,50296058.4,0
ML45,Megalotto 6/45,"[""07"", ""20"", ""40"", ""13"", ""11"", ""08""]",07-20-40-13-11-08,2025-02-05,21:00,8910000,2
2DL-2PM,2D Lotto 2PM,"[""21"", ""29""]",21-29,2025-02-06,14:00,4000,4
3DL-2PM,3D Lotto 2PM,"[""3"", ""1"", ""8""]",3-1-8,2025-02-06,14:00,4500,1
2DL-5PM,2D Lotto 5PM,"[""07"", ""01""]",07-01,2025-02-06,17:00,4000,2
3DL-5PM,3D Lotto 5PM,"[""2"", ""5"", ""8""]",2-5-8,2025-02-06,17:00,4500,9
2DL-9PM,2D Lotto 9PM,"[""31"", ""01""]",31-01,2025-02-06,21:00,4000,0
3DL-9PM,3D Lotto 9PM,"[""3"", ""3"", ""3""]",3-3-3,2025-02-06,21:00,4500,2
6DL,6D Lotto,"[""1"", ""0"", ""4"", ""0"", ""3"", ""6""]",1-0-4-0-3-6,2025-02-06,21:00,214340.28,0
LOTTO42,Lotto 6/42,"[""36"", ""06"", ""13"", ""12"", ""23"", ""37""]",36-06-13-12-23-37,2025-02-06,21:00,13140942,0
SL49,Superlotto 6/49,"[""39"", ""13"", ""30"", ""14"", ""35"", ""06""]",39-13-30-14-35-06,2025-02-06,21:00,68140582,0
2DL-2PM,2D Lotto 2PM,"[""20"", ""31""]",20-31,2025-02-07,14:00,4000,0
3DL-2PM,3D Lotto 2PM,"[""3"", ""4"", ""4""]",3-4-4,2025-02-07,14:00,4500,0
2DL-5PM,2D Lotto 5PM,"[""07"", ""06""]",07-06,2025-02-07,17:00,4000,0
3DL-5PM,3D Lotto 5PM,"[""5"", ""2"", ""9""]",5-2-9,2025-02-07,17:00,4500,0
2DL-9PM,2D Lotto 9PM,"[""25"", ""23""]",25-23,2025-02-07,21:00,4000,0
3DL-9PM,3D Lotto 9PM,"[""7"", ""7"", ""0""]",7-7-0,2025-02-07,21:00,4500,0
4DL,4D Lotto,"[""1"", ""7"", ""8"", ""9""]",1-7-8-9,2025-02-07,21:00,905632,28
ML45,Megalotto 6/45,"[""36"", ""34"", ""43"", ""28"", ""07"", ""29""]",36-34-43-28-07-29,2025-02-07,21:00,8910000,0
UL58,Ultra Lotto 6/58,"[""54"", ""47"", ""48"", ""13"", ""08"", ""02""]",54-47-48-13-08-02,2025-02-07,21:00,68510537,0
2DL-2PM,2D Lotto 2PM,"[""08"", ""11""]",08-11,2025-02-08,14:00,4000,3
3DL-2PM,3D Lotto 2PM,"[""1"", ""4"", ""6""]",1-4-6,2025-02-08,14:00,4500,0
2DL-5PM,2D Lotto 5PM,"[""09"", ""16""]",09-16,2025-02-08,17:00,4000,0
3DL-5PM,3D Lotto 5PM,"[""5"", ""6"", ""9""]",5-6-9,2025-02-08,17:00,4500,0
2DL-9PM,2D Lotto 9PM,"[""31"", ""28""]",31-28,2025-02-08,21:00,4000,0
3DL-9PM,3D Lotto 9PM,"[""6"", ""2"", ""5""]",6-2-5,2025-02-08,21:00,4500,0
6DL,6D Lotto,"[""2"", ""0"", ""5"", ""1"", ""3"", ""9""]",2-0-5-1-3-9,2025-02-08,21:00,696436.44,0
GL55,Grand Lotto 6/55,"[""49"", ""07"", ""37"", ""36"", ""31"", ""20""]",49-07-37-36-31-20,2025-02-08,21:00,54741316.8,0
LOTTO42,Lotto 6/42,"[""28"", ""34"", ""42"", ""05"", ""17"", ""41""]",28-34-42-05-17-41,2025-02-08,21:00,17006843.6,0
2DL-2PM,2D Lotto 2PM,"[""19"", ""05""]",19-05,2025-02-09,14:00,4000,0
3DL-2PM,3D Lotto 2PM,"[""4"", ""6"", ""3""]",4-6-3,2025-02-09,14:00,4500,1
2DL-5PM,2D Lotto 5PM,"[""23"", ""21""]",23-21,2025-02-09,17:00,4000,0
3DL-5PM,3D Lotto 5PM,"[""8"", ""8"", ""1""]",8-8-1,2025-02-09,17:00,4500,0
2DL-9PM,2D Lotto 9PM,"[""12"", ""29""]",12-29,2025-02-09,21:00,4000,1
3DL-9PM,3D Lotto 9PM,"[""6"", ""1"", ""6""]",6-1-6,2025-02-09,21:00,4500,0
SL49,Superlotto 6/49,"[""11"", ""02"", ""08"", ""39"", ""16"", ""17""]",11-02-08-39-16-17,2025-02-09,21:00,73995464.4,0
UL58,Ultra Lotto 6/58,"[""06"", ""13"", ""26"", ""49"", ""43"", ""41""]",06-13-26-49-43-41,2025-02-09,21:00,73250949.6,0
2DL-2PM,2D Lotto 2PM,"[""02"", ""27""]",02-27,2025-02-10,14:00,4000,0
3DL-2PM,3D Lotto 2PM,"[""8"", ""0"", ""7""]",8-0-7,2025-02-10,14:00,4500,2
2DL-5PM,2D Lotto 5PM,"[""19"", ""12""]",19-12,2025-02-10,17:00,4000,0
3DL-5PM,3D Lotto 5PM,"[""6"", ""8"", ""0""]",6-8-0,2025-02-10,17:00,4500,1
2DL-9PM,2D Lotto 9PM,"[""19"", ""04""]",19-04,2025-02-10,21:00,4000,2
3DL-9PM,3D Lotto 9PM,"[""0"", ""2"", ""7""]",0-2-7,2025-02-10,21:00,4500,5
4DL,4D Lotto,"[""6"", ""9"", ""2"", ""3""]",6-9-2-3,2025-02-10,21:00,661842,18
GL55,Grand Lotto 6/55,"[""53"", ""24"", ""31"", ""50"", ""06"", ""22""]",53-24-31-50-06-22,2025-02-10,21:00,59066846.8,0
ML45,Megalotto 6/45,"[""39"", ""10"", ""38"", ""16"", ""15"", ""24""]",39-10-38-16-15-24,2025-02-10,21:00,8910000,0
2DL-2PM,2D Lotto 2PM,"[""07"", ""29""]",07-29,2025-02-11,14:00,4000,5
3DL-2PM,3D Lotto 2PM,"[""0"", ""7"", ""4""]",0-7-4,2025-02-11,14:00,4500,3
2DL-5PM,2D Lotto 5PM,"[""20"", ""01""]",20-01,2025-02-11,17:00,4000,0
3DL-5PM,3D Lotto 5PM,"[""2"", ""6"", ""0""]",2-6-0,2025-02-11,17:00,4500,0
2DL-9PM,2D Lotto 9PM,"[""31"", ""21""]",31-21,2025-02-11,21:00,4000,1
3DL-9PM,3D Lotto 9PM,"[""9"", ""4"", ""5""]",9-4-5,2025-02-11,21:00,4500,0
6DL,6D Lotto,"[""4"", ""7"", ""1"", ""4"", ""2"", ""4""]",4-7-1-4-2-4,2025-02-11,21:00,746436,1
LOTTO42,Lotto 6/42,"[""36"", ""09"", ""13"", ""17"", ""19"", ""24""]",36-09-13-17-19-24,2025-02-11,21:00,20503257,0
SL49,Superlotto 6/49,"[""10"", ""46"", ""23"", ""01"", ""48"", ""38""]",10-46-23-01-48-38,2025-02-11,21:00,78958642,0
UL58,Ultra Lotto 6/58,"[""43"", ""55"", ""21"", ""25"", ""29"", ""35""]",43-55-21-25-29-35,2025-02-11,21:00,77392652.2,0
2DL-2PM,2D Lotto 2PM,"[""24"", ""22""]",24-22,2025-02-12,14:00,4000,2
3DL-2PM,3D Lotto 2PM,"[""4"", ""4"", ""7""]",4-4-7,2025-02-12,14:00,4500,0
2DL-5PM,2D Lotto 5PM,"[""11"", ""30""]",11-30,2025-02-12,17:00,4000,1
3DL-5PM,3D Lotto 5PM,"[""2"", ""6"", ""5""]",2-6-5,2025-02-12,17:00,4500,2
2DL-9PM,2D Lotto 9PM,"[""21"", ""08""]",21-08,2025-02-12,21:00,4000,0
3DL-9PM,3D Lotto 9PM,"[""2"", ""5"", ""8""]",2-5-8,2025-02-12,21:00,4500,0
4DL,4D Lotto,"[""4"", ""3"", ""3"", ""5""]",4-3-3-5,2025-02-12,21:00,963792,12
GL55,Grand Lotto 6/55,"[""07"", ""54"", ""47"", ""32"", ""43"", ""09""]",07-54-47-32-43-09,2025-02-12,21:00,63459624,0
ML45,Megalotto 6/45,"[""13"", ""30"", ""35"", ""12"", ""41"", ""05""]",13-30-35-12-41-05,2025-02-12,21:00,10260101,1
2DL-2PM,2D Lotto 2PM,"[""10"", ""05""]",10-05,2025-02-13,14:00,4000,2
3DL-2PM,3D Lotto 2PM,"[""3"", ""5"", ""2""]",3-5-2,2025-02-13,14:00,4500,0
2DL-5PM,2D Lotto 5PM,"[""26"", ""27""]",26-27,2025-02-13,17:00,4000,0
3DL-5PM,3D Lotto 5PM,"[""6"", ""7"", ""9""]",6-7-9,2025-02-13,17:00,4500,2
2DL-9PM,2D Lotto 9PM,"[""31"", ""04""]",31-04,2025-02-13,21:00,4000,0
3DL-9PM,3D Lotto 9PM,"[""8"", ""1"", ""3""]",8-1-3,2025-02-13,21:00,4500,2
6DL,6D Lotto,"[""1"", ""0"", ""1"", ""7"", ""5"", ""6""]",1-0-1-7-5-6,2025-02-13,21:00,300000,2
LOTTO42,Lotto 6/42,"[""37"", ""05"", ""25"", ""31"", ""18"", ""02""]",37-05-25-31-18-02,2025-02-13,21:00,24427207,0
SL49,Superlotto 6/49,"[""46"", ""13"", ""45"", ""35"", ""26"", ""02""]",46-13-45-35-26-02,2025-02-13,21:00,84693264.2,0
2DL-2PM,2D Lotto 2PM,"[""29"", ""04""]",29-04,2025-02-14,14:00,4000,0
3DL-2PM,3D Lotto 2PM,"[""7"", ""1"", ""0""]",7-1-0,2025-02-14,14:00,4500,0
2DL-5PM,2D Lotto 5PM,"[""12"", ""22""]",12-22,2025-02-14,17:00,4000,1
3DL-5PM,3D Lotto 5PM,"[""3"", ""6"", ""0""]",3-6-0,2025-02-14,17:00,4500,0
2DL-9PM,2D Lotto 9PM,"[""01"", ""04""]",01-04,2025-02-14,21:00,4000,7
3DL-9PM,3D Lotto 9PM,"[""7"", ""5"", ""8""]",7-5-8,2025-02-14,21:00,4500,5
4DL,4D Lotto,"[""1"", ""0"", ""3"", ""1""]",1-0-3-1,2025-02-14,21:00,1800000,180
ML45,Megalotto 6/45,"[""11"", ""06"", ""32"", ""15"", ""21"", ""10""]",11-06-32-15-21-10,2025-02-14,21:00,8910000,0
UL58,Ultra Lotto 6/58,"[""51"", ""38"", ""33"", ""21"", ""16"", ""45""]",51-38-33-21-16-45,2025-02-14,21:00,82863060.4,0
2DL-2PM,2D Lotto 2PM,"[""03"", ""07""]",03-07,2025-02-15,14:00,4000,0
3DL-2PM,3D Lotto 2PM,"[""2"", ""8"", ""6""]",2-8-6,2025-02-15,14:00,4500,0
2DL-5PM,2D Lotto 5PM,"[""21"", ""29""]",21-29,2025-02-15,17:00,4000,0
3DL-5PM,3D Lotto 5PM,"[""6"", ""1"", ""0""]",6-1-0,2025-02-15,17:00,4500,0
2DL-9PM,2D Lotto 9PM,"[""06"", ""26""]",06-26,2025-02-15,21:00,4000,0
3DL-9PM,3D Lotto 9PM,"[""1"", ""9"", ""3""]",1-9-3,2025-02-15,21:00,4500,1
6DL,6D Lotto,"[""9"", ""5"", ""7"", ""7"", ""3"", ""4""]",9-5-7-7-3-4,2025-02-15,21:00,661448.68,0
GL55,Grand Lotto 6/55,"[""53"", ""46"", ""32"", ""29"", ""44"", ""10""]",53-46-32-29-44-10,2025-02-15,21:00,67957926.2,0
LOTTO42,Lotto 6/42,"[""08"", ""14"", ""32"", ""33"", ""02"", ""12""]",08-14-32-33-02-12,2025-02-15,21:00,28763896.8,0
2DL-2PM,2D Lotto 2PM,"[""26"", ""29""]",26-29,2025-02-16,14:00,4000,0
3DL-2PM,3D Lotto 2PM,"[""8"", ""9"", ""3""]",8-9-3,2025-02-16,14:00,4500,1
2DL-5PM,2D Lotto 5PM,"[""05"", ""25""]",05-25,2025-02-16,17:00,4000,0
3DL-5PM,3D Lotto 5PM,"[""2"", ""6"", ""3""]",2-6-3,2025-02-16,17:00,4500,0
2DL-9PM,2D Lotto 9PM,"[""25"", ""10""]",25-10,2025-02-16,21:00,4000,0
3DL-9PM,3D Lotto 9PM,"[""8"", ""0"", ""1""]",8-0-1,2025-02-16,21:00,4500,0
SL49,Superlotto 6/49,"[""48"", ""37"", ""05"", ""21"", ""24"", ""28""]",48-37-05-21-24-28,2025-02-16,21:00,90976680.8,0
UL58,Ultra Lotto 6/58,"[""35"", ""03"", ""53"", ""45"", ""42"", ""13""]",35-03-53-45-42-13,2025-02-16,21:00,87701012.8,0
2DL-2PM,2D Lotto 2PM,"[""01"", ""01""]",01-01,2025-02-17,14:00,4000,1
3DL-2PM,3D Lotto 2PM,"[""1"", ""6"", ""2""]",1-6-2,2025-02-17,14:00,4500,0
2DL-5PM,2D Lotto 5PM,"[""24"", ""12""]",24-12,2025-02-17,17:00,4000,0
3DL-5PM,3D Lotto 5PM,"[""2"", ""5"", ""6""]",2-5-6,2025-02-17,17:00,4500,0
2DL-9PM,2D Lotto 9PM,"[""25"", ""20""]",25-20,2025-02-17,21:00,4000,2
3DL-9PM,3D Lotto 9PM,"[""5"", ""5"", ""5""]",5-5-5,2025-02-17,21:00,4500,1
4DL,4D Lotto,"[""7"", ""6"", ""1"", ""7""]",7-6-1-7,2025-02-17,21:00,317520,30
GL55,Grand Lotto 6/55,"[""11"", ""41"", ""54"", ""49"", ""10"", ""45""]",11-41-54-49-10-45,2025-02-17,21:00,72550865.8,0
ML45,Megalotto 6/45,"[""34"", ""36"", ""27"", ""26"", ""16"", ""04""]",34-36-27-26-16-04,2025-02-17,21:00,8910000,0
2DL-2PM,2D Lotto 2PM,"[""24"", ""25""]",24-25,2025-02-18,14:00,4000,0
3DL-2PM,3D Lotto 2PM,"[""7"", ""5"", ""9""]",7-5-9,2025-02-18,14:00,4500,1
2DL-5PM,2D Lotto 5PM,"[""08"", ""22""]",08-22,2025-02-18,17:00,4000,0
3DL-5PM,3D Lotto 5PM,"[""8"", ""9"", ""9""]",8-9-9,2025-02-18,17:00,4500,0
2DL-9PM,2D Lotto 9PM,"[""18"", ""03""]",18-03,2025-02-18,21:00,4000,2
3DL-9PM,3D Lotto 9PM,"[""2"", ""5"", ""8""]",2-5-8,2025-02-18,21:00,4500,0
6DL,6D Lotto,"[""5"", ""6"", ""4"", ""1"", ""0"", ""2""]",5-6-4-1-0-2,2025-02-18,21:00,1187196.28,0
LOTTO42,Lotto 6/42,"[""18"", ""31"", ""09"", ""27"", ""19"", ""01""]",18-31-09-27-19-01,2025-02-18,21:00,32748016,0
SL49,Superlotto 6/49,"[""20"", ""30"", ""21"", ""33"", ""48"", ""13""]",20-30-21-33-48-13,2025-02-18,21:00,96379318.8,0
UL58,Ultra Lotto 6/58,"[""09"", ""14"", ""07"", ""13"", ""47"", ""32""]",09-14-07-13-47-32,2025-02-18,21:00,91945668.4,0
2DL-2PM,2D Lotto 2PM,"[""22"", ""04""]",22-04,2025-02-19,14:00,4000,3
3DL-2PM,3D Lotto 2PM,"[""9"", ""7"", ""5""]",9-7-5,2025-02-19,14:00,4500,0
2DL-5PM,2D Lotto 5PM,"[""05"", ""19""]",05-19,2025-02-19,17:00,4000,1
3DL-5PM,3D Lotto 5PM,"[""0"", ""7"", ""7""]",0-7-7,2025-02-19,17:00,4500,0
2DL-9PM,2D Lotto 9PM,"[""03"", ""11""]",03-11,2025-02-19,21:00,4000,1
3DL-9PM,3D Lotto 9PM,"[""4"", ""2"", ""5""]",4-2-5,2025-02-19,21:00,4500,0
4DL,4D Lotto,"[""5"", ""1"", ""9"", ""6""]",5-1-9-6,2025-02-19,21:00,952096,8
GL55,Grand Lotto 6/55,"[""15"", ""21"", ""37"", ""55"", ""49"", ""22""]",15-21-37-55-49-22,2025-02-19,21:00,77205840.8,0
ML45,Megalotto 6/45,"[""35"", ""06"", ""18"", ""24"", ""10"", ""21""]",35-06-18-24-10-21,2025-02-19,21:00,10063924.6,0
2DL-2PM,2D Lotto 2PM,"[""20"", ""24""]",20-24,2025-02-20,14:00,4000,7
3DL-2PM,3D Lotto 2PM,"[""5"", ""7"", ""0""]",5-7-0,2025-02-20,14:00,4500,1
2DL-5PM,2D Lotto 5PM,"[""10"", ""24""]",10-24,2025-02-20,17:00,4000,3
3DL-5PM,3D Lotto 5PM,"[""2"", ""4"", ""7""]",2-4-7,2025-02-20,17:00,4500,9
2DL-9PM,2D Lotto 9PM,"[""07"", ""07""]",07-07,2025-02-20,21:00,4000,3
3DL-9PM,3D Lotto 9PM,"[""7"", ""5"", ""2""]",7-5-2,2025-02-20,21:00,4500,2
6DL,6D Lotto,"[""9"", ""9"", ""9"", ""0"", ""9"", ""8""]",9-9-9-0-9-8,2025-02-20,21:00,1945056,1
LOTTO42,Lotto 6/42,"[""26"", ""29"", ""01"", ""11"", ""31"", ""36""]",26-29-01-11-31-36,2025-02-20,21:00,37004141.8,0
SL49,Superlotto 6/49,"[""46"", ""02"", ""23"", ""24"", ""03"", ""36""]",46-02-23-24-03-36,2025-02-20,21:00,102517620.8,0
2DL-2PM,2D Lotto 2PM,"[""28"", ""04""]",28-04,2025-02-21,14:00,4000,0
3DL-2PM,3D Lotto 2PM,"[""1"", ""3"", ""9""]",1-3-9,2025-02-21,14:00,4500,0
2DL-5PM,2D Lotto 5PM,"[""20"", ""12""]",20-12,2025-02-21,17:00,4000,0
3DL-5PM,3D Lotto 5PM,"[""4"", ""0"", ""0""]",4-0-0,2025-02-21,17:00,4500,0
2DL-9PM,2D Lotto 9PM,"[""07"", ""02""]",07-02,2025-02-21,21:00,4000,0
3DL-9PM,3D Lotto 9PM,"[""2"", ""4"", ""7""]",2-4-7,2025-02-21,21:00,4500,7
4DL,4D Lotto,"[""0"", ""6"", ""9"", ""3""]",0-6-9-3,2025-02-21,21:00,1128537,9
ML45,Megalotto 6/45,"[""36"", ""08"", ""11"", ""43"", ""25"", ""14""]",36-08-11-43-25-14,2025-02-21,21:00,13567830,0
UL58,Ultra Lotto 6/58,"[""12"", ""55"", ""36"", ""10"", ""14"", ""40""]",12-55-36-10-14-40,2025-02-21,21:00,97588745.2,0
2DL-2PM,2D Lotto 2PM,"[""20"", ""25""]",20-25,2025-02-22,14:00,4000,2
3DL-2PM,3D Lotto 2PM,"[""8"", ""8"", ""2""]",8-8-2,2025-02-22,14:00,4500,0
2DL-5PM,2D Lotto 5PM,"[""11"", ""06""]",11-06,2025-02-22,17:00,4000,3
3DL-5PM,3D Lotto 5PM,"[""5"", ""9"", ""9""]",5-9-9,2025-02-22,17:00,4500,1
2DL-9PM,2D Lotto 9PM,"[""25"", ""14""]",25-14,2025-02-22,21:00,4000,0
3DL-9PM,3D Lotto 9PM,"[""9"", ""9"", ""8""]",9-9-8,2025-02-22,21:00,4500,0
6DL,6D Lotto,"[""1"", ""9"", ""6"", ""1"", ""7"", ""6""]",1-9-6-1-7-6,2025-02-22,21:00,150000,0
GL55,Grand Lotto 6/55,"[""04"", ""33"", ""45"", ""23"", ""47"", ""31""]",04-33-45-23-47-31,2025-02-22,21:00,81787952,0
LOTTO42,Lotto 6/42,"[""41"", ""35"", ""03"", ""20"", ""27"", ""09""]",41-35-03-20-27-09,2025-02-22,21:00,41681828.4,0
2DL-2PM,2D Lotto 2PM,"[""25"", ""21""]",25-21,2025-02-23,14:00,4000,5
3DL-2PM,3D Lotto 2PM,"[""6"", ""9"", ""5""]",6-9-5,2025-02-23,14:00,4500,0
2DL-5PM,2D Lotto 5PM,"[""17"", ""21""]",17-21,2025-02-23,17:00,4000,0
3DL-5PM,3D Lotto 5PM,"[""5"", ""7"", ""6""]",5-7-6,2025-02-23,17:00,4500,0
2DL-9PM,2D Lotto 9PM,"[""26"", ""01""]",26-01,2025-02-23,21:00,4000,0
3DL-9PM,3D Lotto 9PM,"[""8"", ""9"", ""9""]",8-9-9,2025-02-23,21:00,4500,0
SL49,Superlotto 6/49,"[""40"", ""34"", ""32"", ""26"", ""21"", ""12""]",40-34-32-26-21-12,2025-02-23,21:00,109545674.8,1
UL58,Ultra Lotto 6/58,"[""54"", ""36"", ""22"", ""04"", ""31"", ""45""]",54-36-22-04-31-45,2025-02-23,21:00,102591752,0
2DL-2PM,2D Lotto 2PM,"[""09"", ""26""]",09-26,2025-02-24,14:00,4000,1
3DL-2PM,3D Lotto 2PM,"[""6"", ""3"", ""3""]",6-3-3,2025-02-24,14:00,4500,0
2DL-5PM,2D Lotto 5PM,"[""31"", ""29""]",31-29,2025-02-24,17:00,4000,0
3DL-5PM,3D Lotto 5PM,"[""4"", ""8"", ""1""]",4-8-1,2025-02-24,17:00,4500,0
2DL-9PM,2D Lotto 9PM,"[""29"", ""17""]",29-17,2025-02-24,21:00,4000,0
3DL-9PM,3D Lotto 9PM,"[""1"", ""2"", ""6""]",1-2-6,2025-02-24,21:00,4500,5
4DL,4D Lotto,"[""1"", ""1"", ""4"", ""6""]",1-1-4-6,2025-02-24,21:00,959115,43
GL55,Grand Lotto 6/55,"[""28"", ""06"", ""11"", ""43"", ""53"", ""13""]",28-06-11-43-53-13,2025-02-24,21:00,86411519,0
ML45,Megalotto 6/45,"[""06"", ""07"", ""45"", ""34"", ""21"", ""20""]",06-07-45-34-21-20,2025-02-24,21:00,17226904.2,0
2DL-2PM,2D Lotto 2PM,"[""02"", ""02""]",02-02,2025-02-25,14:00,4000,0
3DL-2PM,3D Lotto 2PM,"[""1"", ""0"", ""4""]",1-0-4,2025-02-25,14:00,4500,0
2DL-5PM,2D Lotto 5PM,"[""29"", ""11""]",29-11,2025-02-25,17:00,4000,0
3DL-5PM,3D Lotto 5PM,"[""0"", ""3"", ""7""]",0-3-7,2025-02-25,17:00,4500,0
2DL-9PM,2D Lotto 9PM,"[""12"", ""07""]",12-07,2025-02-25,21:00,4000,0
3DL-9PM,3D Lotto 9PM,"[""5"", ""7"", ""5""]",5-7-5,2025-02-25,21:00,4500,0
6DL,6D Lotto,"[""5"", ""6"", ""0"", ""4"", ""3"", ""4""]",5-6-0-4-3-4,2025-02-25,21:00,778402,0
LOTTO42,Lotto 6/42,"[""34"", ""22"", ""29"", ""35"", ""31"", ""17""]",34-22-29-35-31-17,2025-02-25,21:00,46479400.8,0
SL49,Superlotto 6/49,"[""15"", ""03"", ""48"", ""49"", ""41"", ""31""]",15-03-48-49-41-31,2025-02-25,21:00,15840000,0
UL58,Ultra Lotto 6/58,"[""42"", ""10"", ""37"", ""03"", ""15"", ""43""]",42-10-37-03-15-43,2025-02-25,21:00,107895063.2,0
2DL-2PM,2D Lotto 2PM,"[""25"", ""18""]",25-18,2025-02-26,14:00,4000,4
3DL-2PM,3D Lotto 2PM,"[""0"", ""8"", ""1""]",0-8-1,2025-02-26,14:00,4500,0
2DL-5PM,2D Lotto 5PM,"[""27"", ""17""]",27-17,2025-02-26,17:00,4000,1
3DL-5PM,3D Lotto 5PM,"[""3"", ""6"", ""1""]",3-6-1,2025-02-26,17:00,4500,1
2DL-9PM,2D Lotto 9PM,"[""14"", ""24""]",14-24,2025-02-26,21:00,4000,0
3DL-9PM,3D Lotto 9PM,"[""8"", ""8"", ""5""]",8-8-5,2025-02-26,21:00,4500,0
4DL,4D Lotto,"[""2"", ""5"", ""1"", ""7""]",2-5-1-7,2025-02-26,21:00,970000,97
GL55,Grand Lotto 6/55,"[""14"", ""51"", ""28"", ""34"", ""53"", ""22""]",14-51-28-34-53-22,2025-02-26,21:00,91223540.2,0
ML45,Megalotto 6/45,"[""09"", ""35"", ""25"", ""16"", ""17"", ""08""]",09-35-25-16-17-08,2025-02-26,21:00,20949798.8,0
2DL-2PM,2D Lotto 2PM,"[""22"", ""09""]",22-09,2025-02-27,14:00,4000,0
3DL-2PM,3D Lotto 2PM,"[""3"", ""7"", ""2""]",3-7-2,2025-02-27,14:00,4500,0
2DL-5PM,2D Lotto 5PM,"[""26"", ""15""]",26-15,2025-02-27,17:00,4000,0
3DL-5PM,3D Lotto 5PM,"[""9"", ""6"", ""8""]",9-6-8,2025-02-27,17:00,4500,0
2DL-9PM,2D Lotto 9PM,"[""28"", ""19""]",28-19,2025-02-27,21:00,4000,2
3DL-9PM,3D Lotto 9PM,"[""8"", ""2"", ""8""]",8-2-8,2025-02-27,21:00,4500,3
6DL,6D Lotto,"[""1"", ""7"", ""0"", ""0"", ""3"", ""9""]",1-7-0-0-3-9,2025-02-27,21:00,1250869.92,0
LOTTO42,Lotto 6/42,"[""12"", ""36"", ""26"", ""25"", ""37"", ""10""]",12-36-26-25-37-10,2025-02-27,21:00,52280573.2,0
SL49,Superlotto 6/49,"[""27"", ""42"", ""37"", ""33"", ""09"", ""13""]",27-42-37-33-09-13,2025-02-27,21:00,15840000,0
2DL-2PM,2D Lotto 2PM,"[""19"", ""09""]",19-09,2025-02-28,14:00,4000,1
3DL-2PM,3D Lotto 2PM,"[""3"", ""9"", ""0""]",3-9-0,2025-02-28,14:00,4500,2
2DL-5PM,2D Lotto 5PM,"[""29"", ""09""]",29-09,2025-02-28,17:00,4000,0
3DL-5PM,3D Lotto 5PM,"[""3"", ""5"", ""3""]",3-5-3,2025-02-28,17:00,4500,0
2DL-9PM,2D Lotto 9PM,"[""29"", ""08""]",29-08,2025-02-28,21:00,4000,6
3DL-9PM,3D Lotto 9PM,"[""6"", ""1"", ""7""]",6-1-7,2025-02-28,21:00,4500,1
4DL,4D Lotto,"[""2"", ""3"", ""1"", ""7""]",2-3-1-7,2025-02-28,21:00,480000,48
ML45,Megalotto 6/45,"[""02"", ""17"", ""01"", ""04"", ""39"", ""09""]",02-17-01-04-39-09,2025-02-28,21:00,24976503.4,0
UL58,Ultra Lotto 6/58,"[""46"", ""24"", ""28"", ""27"", ""56"", ""13""]",46-24-28-27-56-13,2025-02-28,21:00,114555462,0
2DL-2PM,2D Lotto 2PM,"[""09"", ""05""]",09-05,2025-03-01,14:00,4000,0
3DL-2PM,3D Lotto 2PM,"[""6"", ""2"", ""9""]",6-2-9,2025-03-01,14:00,4500,0
2DL-5PM,2D Lotto 5PM,"[""07"", ""06""]",07-06,2025-03-01,17:00,4000,0
3DL-5PM,3D Lotto 5PM,"[""8"", ""1"", ""0""]",8-1-0,2025-03-01,17:00,4500,0
2DL-9PM,2D Lotto 9PM,"[""26"", ""28""]",26-28,2025-03-01,21:00,4000,2
3DL-9PM,3D Lotto 9PM,"[""2"", ""7"", ""5""]",2-7-5,2025-03-01,21:00,4500,2
6DL,6D Lotto,"[""8"", ""8"", ""7"", ""5"", ""4"", ""1""]",8-8-7-5-4-1,2025-03-01,21:00,1813655.68,0
GL55,Grand Lotto 6/55,"[""04"", ""51"", ""41"", ""44"", ""43"", ""31""]",04-51-41-44-43-31,2025-03-01,21:00,96228170.2,0
LOTTO42,Lotto 6/42,"[""33"", ""22"", ""31"", ""04"", ""36"", ""07""]",33-22-31-04-36-07,2025-03-01,21:00,57844701.4,0
2DL-2PM,2D Lotto 2PM,"[""03"", ""07""]",03-07,2025-03-02,14:00,4000,2
3DL-2PM,3D Lotto 2PM,"[""2"", ""1"", ""1""]",2-1-1,2025-03-02,14:00,4500,4
2DL-5PM,2D Lotto 5PM,"[""25"", ""13""]",25-13,2025-03-02,17:00,4000,0
3DL-5PM,3D Lotto 5PM,"[""7"", ""3"", ""4""]",7-3-4,2025-03-02,17:00,4500,0
2DL-9PM,2D Lotto 9PM,"[""03"", ""05""]",03-05,2025-03-02,21:00,4000,6
3DL-9PM,3D Lotto 9PM,"[""6"", ""9"", ""2""]",6-9-2,2025-03-02,21:00,4500,2
SL49,Superlotto 6/49,"[""26"", ""06"", ""24"", ""08"", ""37"", ""25""]",26-06-24-08-37-25,2025-03-02,21:00,15840000,0
UL58,Ultra Lotto 6/58,"[""02"", ""29"", ""45"", ""11"", ""36"", ""24""]",02-29-45-11-36-24,2025-03-02,21:00,121106705.6,0
2DL-2PM,2D Lotto 2PM,"[""23"", ""06""]",23-06,2025-03-03,14:00,4000,2
3DL-2PM,3D Lotto 2PM,"[""8"", ""5"", ""2""]",8-5-2,2025-03-03,14:00,4500,10
2DL-5PM,2D Lotto 5PM,"[""07"", ""27""]",07-27,2025-03-03,17:00,4000,2
3DL-5PM,3D Lotto 5PM,"[""5"", ""1"", ""1""]",5-1-1,2025-03-03,17:00,4500,0
2DL-9PM,2D Lotto 9PM,"[""16"", ""06""]",16-06,2025-03-03,21:00,4000,2
3DL-9PM,3D Lotto 9PM,"[""7"", ""4"", ""8""]",7-4-8,2025-03-03,21:00,4500,0
4DL,4D Lotto,"[""5"", ""6"", ""3"", ""6""]",5-6-3-6,2025-03-03,21:00,982960,11
GL55,Grand Lotto 6/55,"[""02"", ""28"", ""04"", ""46"", ""11"", ""49""]",02-28-04-46-11-49,2025-03-03,21:00,101470284.4,0
ML45,Megalotto 6/45,"[""11"", ""22"", ""14"", ""04"", ""40"", ""17""]",11-22-14-04-40-17,2025-03-03,21:00,29092478.6,0
2DL-2PM,2D Lotto 2PM,"[""09"", ""03""]",09-03,2025-03-04,14:00,4000,19
3DL-2PM,3D Lotto 2PM,"[""6"", ""3"", ""6""]",6-3-6,2025-03-04,14:00,4500,4
2DL-5PM,2D Lotto 5PM,"[""01"", ""04""]",01-04,2025-03-04,17:00,4000,2
3DL-5PM,3D Lotto 5PM,"[""7"", ""7"", ""3""]",7-7-3,2025-03-04,17:00,4500,0
2DL-9PM,2D Lotto 9PM,"[""08"", ""24""]",08-24,2025-03-04,21:00,4000,2
3DL-9PM,3D Lotto 9PM,"[""9"", ""8"", ""8""]",9-8-8,2025-03-04,21:00,4500,1
6DL,6D Lotto,"[""5"", ""2"", ""6"", ""8"", ""9"", ""8""]",5-2-6-8-9-8,2025-03-04,21:00,2543102.04,0
LOTTO42,Lotto 6/42,"[""12"", ""35"", ""41"", ""25"", ""16"", ""40""]",12-35-41-25-16-40,2025-03-04,21:00,63341802.8,0
SL49,Superlotto 6/49,"[""25"", ""38"", ""02"", ""03"", ""41"", ""07""]",25-38-02-03-41-07,2025-03-04,21:00,15840000,0
UL58,Ultra Lotto 6/58,"[""55"", ""34"", ""16"", ""14"", ""01"", ""04""]",55-34-16-14-01-04,2025-03-04,21:00,126896986.8,0
2DL-2PM,2D Lotto 2PM,"[""17"", ""21""]",17-21,2025-03-05,14:00,4000,0
3DL-2PM,3D Lotto 2PM,"[""2"", ""2"", ""9""]",2-2-9,2025-03-05,14:00,4500,3
2DL-5PM,2D Lotto 5PM,"[""24"", ""13""]",24-13,2025-03-05,17:00,4000,0
3DL-5PM,3D Lotto 5PM,"[""8"", ""5"", ""3""]",8-5-3,2025-03-05,17:00,4500,0
2DL-9PM,2D Lotto 9PM,"[""19"", ""03""]",19-03,2025-03-05,21:00,4000,22
3DL-9PM,3D Lotto 9PM,"[""8"", ""6"", ""9""]",8-6-9,2025-03-05,21:00,4500,0
4DL,4D Lotto,"[""1"", ""4"", ""9"", ""4""]",1-4-9-4,2025-03-05,21:00,1048591,19
GL55,Grand Lotto 6/55,"[""13"", ""49"", ""48"", ""30"", ""17"", ""03""]",13-49-48-30-17-03,2025-03-05,21:00,106752480,0
ML45,Megalotto 6/45,"[""02"", ""41"", ""11"", ""24"", ""03"", ""36""]",02-41-11-24-03-36,2025-03-05,21:00,32987800.8,0
2DL-2PM,2D Lotto 2PM,"[""07"", ""11""]",07-11,2025-03-06,14:00,4000,0
3DL-2PM,3D Lotto 2PM,"[""7"", ""4"", ""4""]",7-4-4,2025-03-06,14:00,4500,2
2DL-5PM,2D Lotto 5PM,"[""26"", ""15""]",26-15,2025-03-06,17:00,4000,0
3DL-5PM,3D Lotto 5PM,"[""2"", ""2"", ""1""]",2-2-1,2025-03-06,17:00,4500,0
2DL-9PM,2D Lotto 9PM,"[""30"", ""01""]",30-01,2025-03-06,21:00,4000,5
3DL-9PM,3D Lotto 9PM,"[""9"", ""1"", ""6""]",9-1-6,2025-03-06,21:00,4500,0
6DL,6D Lotto,"[""9"", ""7"", ""3"", ""0"", ""6"", ""6""]",9-7-3-0-6-6,2025-03-06,21:00,2785478.68,0
LOTTO42,Lotto 6/42,"[""35"", ""42"", ""07"", ""34"", ""03"", ""41""]",35-42-07-34-03-41,2025-03-06,21:00,69536644.8,0
SL49,Superlotto 6/49,"[""11"", ""31"", ""20"", ""39"", ""18"", ""16""]",11-31-20-39-18-16,2025-03-06,21:00,15978767,0
2DL-2PM,2D Lotto 2PM,"[""19"", ""02""]",19-02,2025-03-07,14:00,4000,1
3DL-2PM,3D Lotto 2PM,"[""0"", ""2"", ""1""]",0-2-1,2025-03-07,14:00,4500,1
2DL-5PM,2D Lotto 5PM,"[""16"", ""30""]",16-30,2025-03-07,17:00,4000,0
3DL-5PM,3D Lotto 5PM,"[""3"", ""8"", ""0""]",3-8-0,2025-03-07,17:00,4500,4
2DL-9PM,2D Lotto 9PM,"[""18"", ""11""]",18-11,2025-03-07,21:00,4000,2
3DL-9PM,3D Lotto 9PM,"[""9"", ""7"", ""6""]",9-7-6,2025-03-07,21:00,4500,1
4DL,4D Lotto,"[""7"", ""8"", ""1"", ""0""]",7-8-1-0,2025-03-07,21:00,448672,28
ML45,Megalotto 6/45,"[""21"", ""30"", ""15"", ""11"", ""41"", ""02""]",21-30-15-11-41-02,2025-03-07,21:00,37101441.6,1
UL58,Ultra Lotto 6/58,"[""01"", ""29"", ""12"", ""44"", ""30"", ""11""]",01-29-12-44-30-11,2025-03-07,21:00,133632410,0
2DL-2PM,2D Lotto 2PM,"[""18"", ""05""]",18-05,2025-03-08,14:00,4000,3
3DL-2PM,3D Lotto 2PM,"[""9"", ""8"", ""8""]",9-8-8,2025-03-08,14:00,4500,0
2DL-5PM,2D Lotto 5PM,"[""04"", ""04""]",04-04,2025-03-08,17:00,4000,1
3DL-5PM,3D Lotto 5PM,"[""4"", ""0"", ""8""]",4-0-8,2025-03-08,17:00,4500,1
2DL-9PM,2D Lotto 9PM,"[""30"", ""31""]",30-31,2025-03-08,21:00,4000,1
3DL-9PM,3D Lotto 9PM,"[""4"", ""3"", ""4""]",4-3-4,2025-03-08,21:00,4500,2
6DL,6D Lotto,"[""1"", ""4"", ""5"", ""3"", ""3"", ""3""]",1-4-5-3-3-3,2025-03-08,21:00,3347040.84,0
GL55,Grand Lotto 6/55,"[""41"", ""30"", ""23"", ""33"", ""55"", ""42""]",41-30-23-33-55-42,2025-03-08,21:00,112135272.8,0
LOTTO42,Lotto 6/42,"[""30"", ""10"", ""22"", ""35"", ""01"", ""40""]",30-10-22-35-01-40,2025-03-08,21:00,75293682.4,0
2DL-2PM,2D Lotto 2PM,"[""22"", ""29""]",22-29,2025-03-09,14:00,4000,0
3DL-2PM,3D Lotto 2PM,"[""9"", ""4"", ""0""]",9-4-0,2025-03-09,14:00,4500,1
2DL-5PM,2D Lotto 5PM,"[""03"", ""31""]",03-31,2025-03-09,17:00,4000,4
3DL-5PM,3D Lotto 5PM,"[""3"", ""3"", ""4""]",3-3-4,2025-03-09,17:00,4500,0
2DL-9PM,2D Lotto 9PM,"[""26"", ""31""]",26-31,2025-03-09,21:00,4000,1
3DL-9PM,3D Lotto 9PM,"[""6"", ""9"", ""0""]",6-9-0,2025-03-09,21:00,4500,1
SL49,Superlotto 6/49,"[""42"", ""21"", ""07"", ""41"", ""08"", ""04""]",42-21-07-41-08-04,2025-03-09,21:00,19640464,0
UL58,Ultra Lotto 6/58,"[""04"", ""03"", ""36"", ""23"", ""46"", ""15""]",04-03-36-23-46-15,2025-03-09,21:00,140360634.8,0
2DL-2PM,2D Lotto 2PM,"[""29"", ""31""]",29-31,2025-03-10,14:00,4000,2
3DL-2PM,3D Lotto 2PM,"[""1"", ""7"", ""4""]",1-7-4,2025-03-10,14:00,4500,9
2DL-5PM,2D Lotto 5PM,"[""21"", ""30""]",21-30,2025-03-10,17:00,4000,0
3DL-5PM,3D Lotto 5PM,"[""7"", ""6"", ""2""]",7-6-2,2025-03-10,17:00,4500,0
2DL-9PM,2D Lotto 9PM,"[""28"", ""03""]",28-03,2025-03-10,21:00,4000,1
3DL-9PM,3D Lotto 9PM,"[""5"", ""7"", ""0""]",5-7-0,2025-03-10,21:00,4500,1
4DL,4D Lotto,"[""1"", ""9"", ""4"", ""8""]",1-9-4-8,2025-03-10,21:00,1440000,144
GL55,Grand Lotto 6/55,"[""20"", ""13"", ""09"", ""34"", ""01"", ""08""]",20-13-09-34-01-08,2025-03-10,21:00,117917202.8,0
ML45,Megalotto 6/45,"[""22"", ""30"", ""10"", ""18"", ""33"", ""04""]",22-30-10-18-33-04,2025-03-10,21:00,8910000,0
2DL-2PM,2D Lotto 2PM,"[""26"", ""23""]",26-23,2025-03-11,14:00,4000,1
3DL-2PM,3D Lotto 2PM,"[""0"", ""5"", ""7""]",0-5-7,2025-03-11,14:00,4500,0
2DL-5PM,2D Lotto 5PM,"[""25"", ""17""]",25-17,2025-03-11,17:00,4000,0
3DL-5PM,3D Lotto 5PM,"[""4"", ""3"", ""6""]",4-3-6,2025-03-11,17:00,4500,0
2DL-9PM,2D Lotto 9PM,"[""22"", ""15""]",22-15,2025-03-11,21:00,4000,2
3DL-9PM,3D Lotto 9PM,"[""9"", ""3"", ""4""]",9-3-4,2025-03-11,21:00,4500,4
6DL,6D Lotto,"[""8"", ""0"", ""2"", ""3"", ""9"", ""4""]",8-0-2-3-9-4,2025-03-11,21:00,3953197.76,0
LOTTO42,Lotto 6/42,"[""13"", ""06"", ""09"", ""21"", ""35"", ""08""]",13-06-09-21-35-08,2025-03-11,21:00,81270210.2,0
SL49,Superlotto 6/49,"[""41"", ""36"", ""25"", ""47"", ""23"", ""33""]",41-36-25-47-23-33,2025-03-11,21:00,22413109.8,0
UL58,Ultra Lotto 6/58,"[""45"", ""21"", ""25"", ""35"", ""11"", ""37""]",45-21-25-35-11-37,2025-03-11,21:00,146169189.2,0
2DL-2PM,2D Lotto 2PM,"[""07"", ""07""]",07-07,2025-03-12,14:00,4000,1
3DL-2PM,3D Lotto 2PM,"[""8"", ""5"", ""3""]",8-5-3,2025-03-12,14:00,4500,12
2DL-5PM,2D Lotto 5PM,"[""26"", ""18""]",26-18,2025-03-12,17:00,4000,2
3DL-5PM,3D Lotto 5PM,"[""7"", ""6"", ""1""]",7-6-1,2025-03-12,17:00,4500,0
2DL-9PM,2D Lotto 9PM,"[""12"", ""21""]",12-21,2025-03-12,21:00,4000,5
3DL-9PM,3D Lotto 9PM,"[""8"", ""2"", ""1""]",8-2-1,2025-03-12,21:00,4500,4
4DL,4D Lotto,"[""8"", ""4"", ""1"", ""7""]",8-4-1-7,2025-03-12,21:00,317412,18
GL55,Grand Lotto 6/55,"[""07"", ""09"", ""17"", ""13"", ""24"", ""35""]",07-09-17-13-24-35,2025-03-12,21:00,123558896,0
ML45,Megalotto 6/45,"[""09"", ""33"", ""30"", ""31"", ""40"", ""17""]",09-33-30-31-40-17,2025-03-12,21:00,8910000,0
2DL-2PM,2D Lotto 2PM,"[""21"", ""29""]",21-29,2025-03-13,14:00,4000,0
3DL-2PM,3D Lotto 2PM,"[""4"", ""1"", ""6""]",4-1-6,2025-03-13,14:00,4500,5
2DL-5PM,2D Lotto 5PM,"[""20"", ""01""]",20-01,2025-03-13,17:00,4000,0
3DL-5PM,3D Lotto 5PM,"[""6"", ""9"", ""7""]",6-9-7,2025-03-13,17:00,4500,0
2DL-9PM,2D Lotto 9PM,"[""02"", ""16""]",02-16,2025-03-13,21:00,4000,2
3DL-9PM,3D Lotto 9PM,"[""7"", ""7"", ""8""]",7-7-8,2025-03-13,21:00,4500,5
6DL,6D Lotto,"[""5"", ""8"", ""1"", ""6"", ""7"", ""4""]",5-8-1-6-7-4,2025-03-13,21:00,4522085,1
LOTTO42,Lotto 6/42,"[""01"", ""35"", ""12"", ""30"", ""42"", ""21""]",01-35-12-30-42-21,2025-03-13,21:00,87958304.2,0
SL49,Superlotto 6/49,"[""14"", ""30"", ""06"", ""19"", ""38"", ""40""]",14-30-06-19-38-40,2025-03-13,21:00,25767600.8,0
2DL-2PM,2D Lotto 2PM,"[""22"", ""04""]",22-04,2025-03-14,14:00,4000,2
3DL-2PM,3D Lotto 2PM,"[""8"", ""5"", ""6""]",8-5-6,2025-03-14,14:00,4500,3
2DL-5PM,2D Lotto 5PM,"[""30"", ""04""]",30-04,2025-03-14,17:00,4000,0
3DL-5PM,3D Lotto 5PM,"[""8"", ""4"", ""9""]",8-4-9,2025-03-14,17:00,4500,0
2DL-9PM,2D Lotto 9PM,"[""01"", ""28""]",01-28,2025-03-14,21:00,4000,0
3DL-9PM,3D Lotto 9PM,"[""1"", ""6"", ""9""]",1-6-9,2025-03-14,21:00,4500,1
4DL,4D Lotto,"[""7"", ""1"", ""8"", ""7""]",7-1-8-7,2025-03-14,21:00,1018495,19
ML45,Megalotto 6/45,"[""31"", ""01"", ""34"", ""33"", ""22"", ""16""]",31-01-34-33-22-16,2025-03-14,21:00,10076090.8,0
UL58,Ultra Lotto 6/58,"[""14"", ""44"", ""29"", ""09"", ""31"", ""02""]",14-44-29-09-31-02,2025-03-14,21:00,153317306,0
2DL-2PM,2D Lotto 2PM,"[""27"", ""06""]",27-06,2025-03-15,14:00,4000,0
3DL-2PM,3D Lotto 2PM,"[""6"", ""4"", ""7""]",6-4-7,2025-03-15,14:00,4500,23
2DL-5PM,2D Lotto 5PM,"[""20"", ""31""]",20-31,2025-03-15,17:00,4000,0
3DL-5PM,3D Lotto 5PM,"[""3"", ""9"", ""1""]",3-9-1,2025-03-15,17:00,4500,2
2DL-9PM,2D Lotto 9PM,"[""01"", ""03""]",01-03,2025-03-15,21:00,4000,4
3DL-9PM,3D Lotto 9PM,"[""4"", ""4"", ""3""]",4-4-3,2025-03-15,21:00,4500,4
6DL,6D Lotto,"[""5"", ""1"", ""5"", ""2"", ""4"", ""7""]",5-1-5-2-4-7,2025-03-15,21:00,231709.24,0
GL55,Grand Lotto 6/55,"[""37"", ""34"", ""19"", ""32"", ""39"", ""54""]",37-34-19-32-39-54,2025-03-15,21:00,129240435.6,0
LOTTO42,Lotto 6/42,"[""41"", ""04"", ""21"", ""22"", ""17"", ""01""]",41-04-21-22-17-01,2025-03-15,21:00,94246294.8,0
2DL-2PM,2D Lotto 2PM,"[""02"", ""03""]",02-03,2025-03-16,14:00,4000,2
3DL-2PM,3D Lotto 2PM,"[""2"", ""9"", ""4""]",2-9-4,2025-03-16,14:00,4500,2
2DL-5PM,2D Lotto 5PM,"[""09"", ""08""]",09-08,2025-03-16,17:00,4000,0
3DL-5PM,3D Lotto 5PM,"[""6"", ""5"", ""8""]",6-5-8,2025-03-16,17:00,4500,0
2DL-9PM,2D Lotto 9PM,"[""15"", ""08""]",15-08,2025-03-16,21:00,4000,1
3DL-9PM,3D Lotto 9PM,"[""5"", ""1"", ""6""]",5-1-6,2025-03-16,21:00,4500,1
SL49,Superlotto 6/49,"[""28"", ""07"", ""35"", ""05"", ""31"", ""16""]",28-07-35-05-31-16,2025-03-16,21:00,29573368.4,0
UL58,Ultra Lotto 6/58,"[""47"", ""53"", ""50"", ""52"", ""49"", ""22""]",47-53-50-52-49-22,2025-03-16,21:00,160056337.2,0
2DL-2PM,2D Lotto 2PM,"[""29"", ""25""]",29-25,2025-03-17,14:00,4000,1
3DL-2PM,3D Lotto 2PM,"[""3"", ""9"", ""4""]",3-9-4,2025-03-17,14:00,4500,2
2DL-5PM,2D Lotto 5PM,"[""04"", ""08""]",04-08,2025-03-17,17:00,4000,2
3DL-5PM,3D Lotto 5PM,"[""1"", ""7"", ""0""]",1-7-0,2025-03-17,17:00,4500,9
2DL-9PM,2D Lotto 9PM,"[""21"", ""05""]",21-05,2025-03-17,21:00,4000,3
3DL-9PM,3D Lotto 9PM,"[""4"", ""7"", ""8""]",4-7-8,2025-03-17,21:00,4500,1
4DL,4D Lotto,"[""8"", ""7"", ""7"", ""8""]",8-7-7-8,2025-03-17,21:00,909400,25
GL55,Grand Lotto 6/55,"[""06"", ""12"", ""41"", ""34"", ""44"", ""50""]",06-12-41-34-44-50,2025-03-17,21:00,135222477.6,0
ML45,Megalotto 6/45,"[""34"", ""45"", ""31"", ""40"", ""28"", ""42""]",34-45-31-40-28-42,2025-03-17,21:00,13678563.4,0
2DL-2PM,2D Lotto 2PM,"[""14"", ""01""]",14-01,2025-03-18,14:00,4000,1
3DL-2PM,3D Lotto 2PM,"[""6"", ""6"", ""6""]",6-6-6,2025-03-18,14:00,4500,1
2DL-5PM,2D Lotto 5PM,"[""21"", ""08""]",21-08,2025-03-18,17:00,4000,0
3DL-5PM,3D Lotto 5PM,"[""3"", ""5"", ""8""]",3-5-8,2025-03-18,17:00,4500,1
2DL-9PM,2D Lotto 9PM,"[""26"", ""06""]",26-06,2025-03-18,21:00,4000,0
3DL-9PM,3D Lotto 9PM,"[""7"", ""3"", ""9""]",7-3-9,2025-03-18,21:00,4500,6
6DL,6D Lotto,"[""6"", ""6"", ""3"", ""3"", ""5"", ""6""]",6-6-3-3-5-6,2025-03-18,21:00,643006,2
LOTTO42,Lotto 6/42,"[""19"", ""02"", ""21"", ""13"", ""16"", ""22""]",19-02-21-13-16-22,2025-03-18,21:00,100890109.2,1
SL49,Superlotto 6/49,"[""13"", ""10"", ""02"", ""40"", ""29"", ""38""]",13-10-02-40-29-38,2025-03-18,21:00,32428638.4,0
UL58,Ultra Lotto 6/58,"[""21"", ""52"", ""23"", ""11"", ""10"", ""05""]",21-52-23-11-10-05,2025-03-18,21:00,165890270.8,0
2DL-2PM,2D Lotto 2PM,"[""09"", ""31""]",09-31,2025-03-19,14:00,4000,0
3DL-2PM,3D Lotto 2PM,"[""7"", ""3"", ""4""]",7-3-4,2025-03-19,14:00,4500,0
2DL-5PM,2D Lotto 5PM,"[""07"", ""12""]",07-12,2025-03-19,17:00,4000,3
3DL-5PM,3D Lotto 5PM,"[""1"", ""0"", ""8""]",1-0-8,2025-03-19,17:00,4500,2
2DL-9PM,2D Lotto 9PM,"[""11"", ""30""]",11-30,2025-03-19,21:00,4000,1
3DL-9PM,3D Lotto 9PM,"[""2"", ""3"", ""7""]",2-3-7,2025-03-19,21:00,4500,11
4DL,4D Lotto,"[""0"", ""2"", ""6"", ""8""]",0-2-6-8,2025-03-19,21:00,776805,15
GL55,Grand Lotto 6/55,"[""16"", ""38"", ""37"", ""25"", ""36"", ""04""]",16-38-37-25-36-04,2025-03-19,21:00,141037812.4,0
ML45,Megalotto 6/45,"[""38"", ""04"", ""39"", ""44"", ""23"", ""34""]",38-04-39-44-23-34,2025-03-19,21:00,17138037.8,0
2DL-2PM,2D Lotto 2PM,"[""09"", ""26""]",09-26,2025-03-20,14:00,4000,0
3DL-2PM,3D Lotto 2PM,"[""2"", ""6"", ""2""]",2-6-2,2025-03-20,14:00,4500,0
2DL-5PM,2D Lotto 5PM,"[""29"", ""17""]",29-17,2025-03-20,17:00,4000,0
3DL-5PM,3D Lotto 5PM,"[""1"", ""1"", ""8""]",1-1-8,2025-03-20,17:00,4500,0
2DL-9PM,2D Lotto 9PM,"[""06"", ""04""]",06-04,2025-03-20,21:00,4000,1
3DL-9PM,3D Lotto 9PM,"[""9"", ""4"", ""6""]",9-4-6,2025-03-20,21:00,4500,7
6DL,6D Lotto,"[""8"", ""2"", ""5"", ""8"", ""4"", ""9""]",8-2-5-8-4-9,2025-03-20,21:00,388063.52,0
LOTTO42,Lotto 6/42,"[""02"", ""14"", ""36"", ""03"", ""15"", ""33""]",02-14-36-03-15-33,2025-03-20,21:00,5940000,0
SL49,Superlotto 6/49,"[""32"", ""01"", ""33"", ""27"", ""05"", ""21""]",32-01-33-27-05-21,2025-03-20,21:00,36829309.4,0
2DL-2PM,2D Lotto 2PM,"[""29"", ""13""]",29-13,2025-03-21,14:00,4000,0
3DL-2PM,3D Lotto 2PM,"[""3"", ""9"", ""2""]",3-9-2,2025-03-21,14:00,4500,1
2DL-5PM,2D Lotto 5PM,"[""09"", ""23""]",09-23,2025-03-21,17:00,4000,3
3DL-5PM,3D Lotto 5PM,"[""9"", ""3"", ""1""]",9-3-1,2025-03-21,17:00,4500,12
2DL-9PM,2D Lotto 9PM,"[""04"", ""27""]",04-27,2025-03-21,21:00,4000,2
3DL-9PM,3D Lotto 9PM,"[""2"", ""1"", ""1""]",2-1-1,2025-03-21,21:00,4500,2
4DL,4D Lotto,"[""1"", ""5"", ""0"", ""2""]",1-5-0-2,2025-03-21,21:00,950774,22
ML45,Megalotto 6/45,"[""20"", ""31"", ""01"", ""29"", ""45"", ""15""]",20-31-01-29-45-15,2025-03-21,21:00,20796402.8,0
UL58,Ultra Lotto 6/58,"[""40"", ""45"", ""07"", ""52"", ""21"", ""20""]",40-45-07-52-21-20,2025-03-21,21:00,173263799.6,0
2DL-2PM,2D Lotto 2PM,"[""28"", ""28""]",28-28,2025-03-22,14:00,4000,0
3DL-2PM,3D Lotto 2PM,"[""0"", ""1"", ""1""]",0-1-1,2025-03-22,14:00,4500,4
2DL-5PM,2D Lotto 5PM,"[""27"", ""30""]",27-30,2025-03-22,17:00,4000,0
3DL-5PM,3D Lotto 5PM,"[""4"", ""3"", ""4""]",4-3-4,2025-03-22,17:00,4500,2
2DL-9PM,2D Lotto 9PM,"[""05"", ""14""]",05-14,2025-03-22,21:00,4000,2
3DL-9PM,3D Lotto 9PM,"[""4"", ""9"", ""2""]",4-9-2,2025-03-22,21:00,4500,13
6DL,6D Lotto,"[""0"", ""5"", ""4"", ""7"", ""5"", ""1""]",0-5-4-7-5-1,2025-03-22,21:00,973801.4,0
GL55,Grand Lotto 6/55,"[""04"", ""29"", ""24"", ""32"", ""12"", ""40""]",04-29-24-32-12-40,2025-03-22,21:00,147516381.2,0
LOTTO42,Lotto 6/42,"[""07"", ""32"", ""18"", ""27"", ""12"", ""10""]",07-32-18-27-12-10,2025-03-22,21:00,6510878.8,0
2DL-2PM,2D Lotto 2PM,"[""31"", ""10""]",31-10,2025-03-23,14:00,4000,3
3DL-2PM,3D Lotto 2PM,"[""2"", ""2"", ""0""]",2-2-0,2025-03-23,14:00,4500,1
2DL-5PM,2D Lotto 5PM,"[""20"", ""11""]",20-11,2025-03-23,17:00,4000,6
3DL-5PM,3D Lotto 5PM,"[""1"", ""7"", ""5""]",1-7-5,2025-03-23,17:00,4500,0
2DL-9PM,2D Lotto 9PM,"[""17"", ""13""]",17-13,2025-03-23,21:00,4000,0
3DL-9PM,3D Lotto 9PM,"[""2"", ""1"", ""3""]",2-1-3,2025-03-23,21:00,4500,15
SL49,Superlotto 6/49,"[""37"", ""11"", ""23"", ""35"", ""36"", ""06""]",37-11-23-35-36-06,2025-03-23,21:00,40851208.8,0
UL58,Ultra Lotto 6/58,"[""51"", ""45"", ""40"", ""33"", ""08"", ""27""]",51-45-40-33-08-27,2025-03-23,21:00,180269620.4,0
2DL-2PM,2D Lotto 2PM,"[""08"", ""30""]",08-30,2025-03-24,14:00,4000,3
3DL-2PM,3D Lotto 2PM,"[""1"", ""7"", ""6""]",1-7-6,2025-03-24,14:00,4500,0
2DL-5PM,2D Lotto 5PM,"[""05"", ""15""]",05-15,2025-03-24,17:00,4000,0
3DL-5PM,3D Lotto 5PM,"[""5"", ""0"", ""5""]",5-0-5,2025-03-24,17:00,4500,1
2DL-9PM,2D Lotto 9PM,"[""18"", ""31""]",18-31,2025-03-24,21:00,4000,0
3DL-9PM,3D Lotto 9PM,"[""5"", ""6"", ""1""]",5-6-1,2025-03-24,21:00,4500,2
4DL,4D Lotto,"[""9"", ""9"", ""5"", ""8""]",9-9-5-8,2025-03-24,21:00,724983,7
GL55,Grand Lotto 6/55,"[""21"", ""30"", ""27"", ""38"", ""29"", ""03""]",21-30-27-38-29-03,2025-03-24,21:00,153619797.2,0
ML45,Megalotto 6/45,"[""14"", ""17"", ""38"", ""01"", ""18"", ""19""]",14-17-38-01-18-19,2025-03-24,21:00,24600271,0
2DL-2PM,2D Lotto 2PM,"[""10"", ""16""]",10-16,2025-03-25,14:00,4000,1
3DL-2PM,3D Lotto 2PM,"[""5"", ""3"", ""3""]",5-3-3,2025-03-25,14:00,4500,0
2DL-5PM,2D Lotto 5PM,"[""15"", ""27""]",15-27,2025-03-25,17:00,4000,0
3DL-5PM,3D Lotto 5PM,"[""9"", ""9"", ""6""]",9-9-6,2025-03-25,17:00,4500,0
2DL-9PM,2D Lotto 9PM,"[""22"", ""01""]",22-01,2025-03-25,21:00,4000,3
3DL-9PM,3D Lotto 9PM,"[""6"", ""5"", ""7""]",6-5-7,2025-03-25,21:00,4500,4
6DL,6D Lotto,"[""6"", ""0"", ""7"", ""4"", ""5"", ""2""]",6-0-7-4-5-2,2025-03-25,21:00,1556802.84,0
LOTTO42,Lotto 6/42,"[""14"", ""36"", ""35"", ""21"", ""40"", ""10""]",14-36-35-21-40-10,2025-03-25,21:00,9390377.6,0
SL49,Superlotto 6/49,"[""41"", ""46"", ""43"", ""24"", ""37"", ""12""]",41-46-43-24-37-12,2025-03-25,21:00,44261765.2,0
UL58,Ultra Lotto 6/58,"[""41"", ""52"", ""56"", ""38"", ""58"", ""48""]",41-52-56-38-58-48,2025-03-25,21:00,186807400,0
2DL-2PM,2D Lotto 2PM,"[""10"", ""30""]",10-30,2025-03-26,14:00,4000,2
3DL-2PM,3D Lotto 2PM,"[""2"", ""8"", ""2""]",2-8-2,2025-03-26,14:00,4500,1
2DL-5PM,2D Lotto 5PM,"[""25"", ""12""]",25-12,2025-03-26,17:00,4000,0
3DL-5PM,3D Lotto 5PM,"[""2"", ""7"", ""4""]",2-7-4,2025-03-26,17:00,4500,2
2DL-9PM,2D Lotto 9PM,"[""19"", ""08""]",19-08,2025-03-26,21:00,4000,2
3DL-9PM,3D Lotto 9PM,"[""6"", ""5"", ""1""]",6-5-1,2025-03-26,21:00,4500,3
4DL,4D Lotto,"[""0"", ""8"", ""7"", ""7""]",0-8-7-7,2025-03-26,21:00,799248,12
GL55,Grand Lotto 6/55,"[""52"", ""33"", ""19"", ""44"", ""21"", ""43""]",52-33-19-44-21-43,2025-03-26,21:00,159628582.4,0
ML45,Megalotto 6/45,"[""33"", ""02"", ""22"", ""44"", ""03"", ""07""]",33-02-22-44-03-07,2025-03-26,21:00,28270941,0
2DL-2PM,2D Lotto 2PM,"[""21"", ""08""]",21-08,2025-03-27,14:00,4000,0
3DL-2PM,3D Lotto 2PM,"[""1"", ""1"", ""9""]",1-1-9,2025-03-27,14:00,4500,5
2DL-5PM,2D Lotto 5PM,"[""31"", ""08""]",31-08,2025-03-27,17:00,4000,1
3DL-5PM,3D Lotto 5PM,"[""1"", ""0"", ""4""]",1-0-4,2025-03-27,17:00,4500,1
2DL-9PM,2D Lotto 9PM,"[""04"", ""03""]",04-03,2025-03-27,21:00,4000,3
3DL-9PM,3D Lotto 9PM,"[""0"", ""7"", ""3""]",0-7-3,2025-03-27,21:00,4500,4
6DL,6D Lotto,"[""7"", ""2"", ""1"", ""7"", ""5"", ""4""]",7-2-1-7-5-4,2025-03-27,21:00,1936522.4,0
LOTTO42,Lotto 6/42,"[""30"", ""16"", ""37"", ""35"", ""05"", ""31""]",30-16-37-35-05-31,2025-03-27,21:00,12655831.6,0
SL49,Superlotto 6/49,"[""24"", ""30"", ""48"", ""39"", ""13"", ""05""]",24-30-48-39-13-05,2025-03-27,21:00,48711828.8,0
2DL-2PM,2D Lotto 2PM,"[""15"", ""08""]",15-08,2025-03-28,14:00,4000,0
3DL-2PM,3D Lotto 2PM,"[""4"", ""2"", ""6""]",4-2-6,2025-03-28,14:00,4500,3
2DL-5PM,2D Lotto 5PM,"[""01"", ""19""]",01-19,2025-03-28,17:00,4000,2
3DL-5PM,3D Lotto 5PM,"[""7"", ""7"", ""5""]",7-7-5,2025-03-28,17:00,4500,3
2DL-9PM,2D Lotto 9PM,"[""23"", ""12""]",23-12,2025-03-28,21:00,4000,0
3DL-9PM,3D Lotto 9PM,"[""2"", ""3"", ""4""]",2-3-4,2025-03-28,21:00,4500,7
4DL,4D Lotto,"[""5"", ""3"", ""0"", ""6""]",5-3-0-6,2025-03-28,21:00,946232,14
ML45,Megalotto 6/45,"[""28"", ""42"", ""37"", ""07"", ""03"", ""39""]",28-42-37-07-03-39,2025-03-28,21:00,31994193.4,0
UL58,Ultra Lotto 6/58,"[""09"", ""04"", ""06"", ""51"", ""31"", ""49""]",09-04-06-51-31-49,2025-03-28,21:00,194155580.4,0
2DL-2PM,2D Lotto 2PM,"[""04"", ""14""]",04-14,2025-03-29,14:00,4000,1
3DL-2PM,3D Lotto 2PM,"[""2"", ""8"", ""3""]",2-8-3,2025-03-29,14:00,4500,6
2DL-5PM,2D Lotto 5PM,"[""19"", ""16""]",19-16,2025-03-29,17:00,4000,2
3DL-5PM,3D Lotto 5PM,"[""6"", ""9"", ""9""]",6-9-9,2025-03-29,17:00,4500,0
2DL-9PM,2D Lotto 9PM,"[""30"", ""07""]",30-07,2025-03-29,21:00,4000,0
3DL-9PM,3D Lotto 9PM,"[""3"", ""6"", ""3""]",3-6-3,2025-03-29,21:00,4500,2
6DL,6D Lotto,"[""7"", ""1"", ""4"", ""4"", ""1"", ""5""]",7-1-4-4-1-5,2025-03-29,21:00,2336920.64,0
GL55,Grand Lotto 6/55,"[""44"", ""16"", ""30"", ""34"", ""54"", ""55""]",44-16-30-34-54-55,2025-03-29,21:00,165941975.2,0
LOTTO42,Lotto 6/42,"[""21"", ""02"", ""08"", ""07"", ""05"", ""37""]",21-02-08-07-05-37,2025-03-29,21:00,16145344.4,0
2DL-2PM,2D Lotto 2PM,"[""04"", ""27""]",04-27,2025-03-30,14:00,4000,1
3DL-2PM,3D Lotto 2PM,"[""3"", ""8"", ""3""]",3-8-3,2025-03-30,14:00,4500,1
2DL-5PM,2D Lotto 5PM,"[""29"", ""30""]",29-30,2025-03-30,17:00,4000,1
3DL-5PM,3D Lotto 5PM,"[""5"", ""0"", ""9""]",5-0-9,2025-03-30,17:00,4500,2
2DL-9PM,2D Lotto 9PM,"[""22"", ""26""]",22-26,2025-03-30,21:00,4000,1
3DL-9PM,3D Lotto 9PM,"[""5"", ""0"", ""1""]",5-0-1,2025-03-30,21:00,4500,7
SL49,Superlotto 6/49,"[""45"", ""21"", ""14"", ""28"", ""18"", ""41""]",45-21-14-28-18-41,2025-03-30,21:00,52946905.8,0
UL58,Ultra Lotto 6/58,"[""50"", ""48"", ""30"", ""25"", ""06"", ""33""]",50-48-30-25-06-33,2025-03-30,21:00,201367778.8,0
2DL-2PM,2D Lotto 2PM,"[""30"", ""19""]",30-19,2025-03-31,14:00,4000,0
3DL-2PM,3D Lotto 2PM,"[""3"", ""9"", ""9""]",3-9-9,2025-03-31,14:00,4500,2
2DL-5PM,2D Lotto 5PM,"[""06"", ""06""]",06-06,2025-03-31,17:00,4000,6
3DL-5PM,3D Lotto 5PM,"[""9"", ""7"", ""8""]",9-7-8,2025-03-31,17:00,4500,3
2DL-9PM,2D Lotto 9PM,"[""01"", ""28""]",01-28,2025-03-31,21:00,4000,2
3DL-9PM,3D Lotto 9PM,"[""3"", ""2"", ""4""]",3-2-4,2025-03-31,21:00,4500,1
4DL,4D Lotto,"[""5"", ""9"", ""4"", ""1""]",5-9-4-1,2025-03-31,21:00,931032,36
GL55,Grand Lotto 6/55,"[""50"", ""42"", ""29"", ""45"", ""11"", ""08""]",50-42-29-45-11-08,2025-03-31,21:00,172158264.4,0
ML45,Megalotto 6/45,"[""37"", ""30"", ""11"", ""26"", ""31"", ""38""]",37-30-11-26-31-38,2025-03-31,21:00,36058419.6,0
2DL-2PM,2D Lotto 2PM,"[""16"", ""24""]",16-24,2025-04-01,14:00,4000,0
3DL-2PM,3D Lotto 2PM,"[""1"", ""6"", ""0""]",1-6-0,2025-04-01,14:00,4500,0
2DL-5PM,2D Lotto 5PM,"[""01"", ""10""]",01-10,2025-04-01,17:00,4000,0
3DL-5PM,3D Lotto 5PM,"[""8"", ""1"", ""3""]",8-1-3,2025-04-01,17:00,4500,0
2DL-9PM,2D Lotto 9PM,"[""08"", ""07""]",08-07,2025-04-01,21:00,4000,1
3DL-9PM,3D Lotto 9PM,"[""1"", ""1"", ""8""]",1-1-8,2025-04-01,21:00,4500,0
6DL,6D Lotto,"[""7"", ""6"", ""8"", ""9"", ""0"", ""2""]",7-6-8-9-0-2,2025-04-01,21:00,2994267.92,0
LOTTO42,Lotto 6/42,"[""23"", ""05"", ""39"", ""11"", ""02"", ""07""]",23-05-39-11-02-07,2025-04-01,21:00,19410097,1
SL49,Superlotto 6/49,"[""20"", ""46"", ""26"", ""41"", ""17"", ""43""]",20-46-26-41-17-43,2025-04-01,21:00,56512770.8,0
UL58,Ultra Lotto 6/58,"[""02"", ""21"", ""44"", ""08"", ""11"", ""51""]",02-21-44-08-11-51,2025-04-01,21:00,208185983.6,0
2DL-2PM,2D Lotto 2PM,"[""14"", ""28""]",14-28,2025-04-02,14:00,4000,0
3DL-2PM,3D Lotto 2PM,"[""9"", ""9"", ""8""]",9-9-8,2025-04-02,14:00,4500,1
2DL-5PM,2D Lotto 5PM,"[""21"", ""08""]",21-08,2025-04-02,17:00,4000,1
3DL-5PM,3D Lotto 5PM,"[""1"", ""2"", ""9""]",1-2-9,2025-04-02,17:00,4500,5
2DL-9PM,2D Lotto 9PM,"[""21"", ""01""]",21-01,2025-04-02,21:00,4000,0
3DL-9PM,3D Lotto 9PM,"[""0"", ""7"", ""3""]",0-7-3,2025-04-02,21:00,4500,1
4DL,4D Lotto,"[""9"", ""8"", ""2"", ""1""]",9-8-2-1,2025-04-02,21:00,633864,22
GL55,Grand Lotto 6/55,"[""20"", ""08"", ""52"", ""24"", ""05"", ""25""]",20-08-52-24-05-25,2025-04-02,21:00,178398282.8,0
ML45,Megalotto 6/45,"[""40"", ""34"", ""08"", ""29"", ""39"", ""35""]",40-34-08-29-39-35,2025-04-02,21:00,40048054.2,0
2DL-2PM,2D Lotto 2PM,"[""09"", ""10""]",09-10,2025-04-03,14:00,4000,1
3DL-2PM,3D Lotto 2PM,"[""0"", ""7"", ""1""]",0-7-1,2025-04-03,14:00,4500,1
2DL-5PM,2D Lotto 5PM,"[""12"", ""14""]",12-14,2025-04-03,17:00,4000,0
3DL-5PM,3D Lotto 5PM,"[""3"", ""9"", ""0""]",3-9-0,2025-04-03,17:00,4500,1
2DL-9PM,2D Lotto 9PM,"[""17"", ""21""]",17-21,2025-04-03,21:00,4000,1
3DL-9PM,3D Lotto 9PM,"[""2"", ""2"", ""5""]",2-2-5,2025-04-03,21:00,4500,1
6DL,6D Lotto,"[""7"", ""6"", ""6"", ""5"", ""8"", ""9""]",7-6-6-5-8-9,2025-04-03,21:00,3650047.08,0
LOTTO42,Lotto 6/42,"[""42"", ""14"", ""16"", ""39"", ""27"", ""15""]",42-14-16-39-27-15,2025-04-03,21:00,5940000,0
SL49,Superlotto 6/49,"[""36"", ""25"", ""35"", ""37"", ""39"", ""47""]",36-25-35-37-39-47,2025-04-03,21:00,61432868.4,0
2DL-2PM,2D Lotto 2PM,"[""16"", ""30""]",16-30,2025-04-04,14:00,4000,2
3DL-2PM,3D Lotto 2PM,"[""4"", ""0"", ""1""]",4-0-1,2025-04-04,14:00,4500,7
2DL-5PM,2D Lotto 5PM,"[""25"", ""19""]",25-19,2025-04-04,17:00,4000,1
3DL-5PM,3D Lotto 5PM,"[""1"", ""1"", ""5""]",1-1-5,2025-04-04,17:00,4500,1
2DL-9PM,2D Lotto 9PM,"[""24"", ""09""]",24-09,2025-04-04,21:00,4000,3
3DL-9PM,3D Lotto 9PM,"[""8"", ""2"", ""7""]",8-2-7,2025-04-04,21:00,4500,5
4DL,4D Lotto,"[""2"", ""2"", ""4"", ""9""]",2-2-4-9,2025-04-04,21:00,923860,35
ML45,Megalotto 6/45,"[""28"", ""14"", ""40"", ""34"", ""42"", ""17""]",28-14-40-34-42-17,2025-04-04,21:00,44217452,0
UL58,Ultra Lotto 6/58,"[""17"", ""55"", ""36"", ""04"", ""35"", ""40""]",17-55-36-04-35-40,2025-04-04,21:00,216198638.8,0
2DL-2PM,2D Lotto 2PM,"[""06"", ""28""]",06-28,2025-04-05,14:00,4000,0
3DL-2PM,3D Lotto 2PM,"[""4"", ""5"", ""2""]",4-5-2,2025-04-05,14:00,4500,5
2DL-5PM,2D Lotto 5PM,"[""11"", ""31""]",11-31,2025-04-05,17:00,4000,0
3DL-5PM,3D Lotto 5PM,"[""6"", ""8"", ""2""]",6-8-2,2025-04-05,17:00,4500,1
2DL-9PM,2D Lotto 9PM,"[""23"", ""02""]",23-02,2025-04-05,21:00,4000,0
3DL-9PM,3D Lotto 9PM,"[""3"", ""7"", ""8""]",3-7-8,2025-04-05,21:00,4500,6
6DL,6D Lotto,"[""1"", ""9"", ""2"", ""9"", ""1"", ""6""]",1-9-2-9-1-6,2025-04-05,21:00,3700047,1
GL55,Grand Lotto 6/55,"[""09"", ""10"", ""20"", ""38"", ""55"", ""36""]",09-10-20-38-55-36,2025-04-05,21:00,185073166.4,0
LOTTO42,Lotto 6/42,"[""11"", ""10"", ""05"", ""42"", ""24"", ""39""]",11-10-05-42-24-39,2025-04-05,21:00,6184178.8,2
2DL-2PM,2D Lotto 2PM,"[""14"", ""03""]",14-03,2025-04-06,14:00,4000,1
3DL-2PM,3D Lotto 2PM,"[""8"", ""5"", ""1""]",8-5-1,2025-04-06,14:00,4500,1
2DL-5PM,2D Lotto 5PM,"[""21"", ""05""]",21-05,2025-04-06,17:00,4000,1
3DL-5PM,3D Lotto 5PM,"[""6"", ""6"", ""3""]",6-6-3,2025-04-06,17:00,4500,0
2DL-9PM,2D Lotto 9PM,"[""06"", ""08""]",06-08,2025-04-06,21:00,4000,3
3DL-9PM,3D Lotto 9PM,"[""2"", ""1"", ""4""]",2-1-4,2025-04-06,21:00,4500,36
SL49,Superlotto 6/49,"[""28"", ""26"", ""41"", ""38"", ""44"", ""09""]",28-26-41-38-44-09,2025-04-06,21:00,65907081.6,0
UL58,Ultra Lotto 6/58,"[""09"", ""11"", ""02"", ""23"", ""26"", ""07""]",09-11-02-23-26-07,2025-04-06,21:00,223728165.2,1
2DL-2PM,2D Lotto 2PM,"[""14"", ""29""]",14-29,2025-04-07,14:00,4000,2
3DL-2PM,3D Lotto 2PM,"[""3"", ""8"", ""5""]",3-8-5,2025-04-07,14:00,4500,1
2DL-5PM,2D Lotto 5PM,"[""16"", ""03""]",16-03,2025-04-07,17:00,4000,4
3DL-5PM,3D Lotto 5PM,"[""1"", ""4"", ""4""]",1-4-4,2025-04-07,17:00,4500,3
2DL-9PM,2D Lotto 9PM,"[""24"", ""15""]",24-15,2025-04-07,21:00,4000,9
3DL-9PM,3D Lotto 9PM,"[""6"", ""8"", ""1""]",6-8-1,2025-04-07,21:00,4500,2
4DL,4D Lotto,"[""5"", ""1"", ""6"", ""5""]",5-1-6-5,2025-04-07,21:00,858252,12
GL55,Grand Lotto 6/55,"[""35"", ""55"", ""50"", ""47"", ""14"", ""34""]",35-55-50-47-14-34,2025-04-07,21:00,191435971.2,0
ML45,Megalotto 6/45,"[""05"", ""25"", ""06"", ""26"", ""32"", ""42""]",05-25-06-26-32-42,2025-04-07,21:00,48497191.2,0
2DL-2PM,2D Lotto 2PM,"[""26"", ""06""]",26-06,2025-04-08,14:00,4000,2
3DL-2PM,3D Lotto 2PM,"[""6"", ""6"", ""8""]",6-6-8,2025-04-08,14:00,4500,3
2DL-5PM,2D Lotto 5PM,"[""09"", ""26""]",09-26,2025-04-08,17:00,4000,1
3DL-5PM,3D Lotto 5PM,"[""6"", ""7"", ""5""]",6-7-5,2025-04-08,17:00,4500,2
2DL-9PM,2D Lotto 9PM,"[""01"", ""10""]",01-10,2025-04-08,21:00,4000,4
3DL-9PM,3D Lotto 9PM,"[""6"", ""1"", ""8""]",6-1-8,2025-04-08,21:00,4500,3
6DL,6D Lotto,"[""2"", ""3"", ""3"", ""2"", ""7"", ""8""]",2-3-3-2-7-8,2025-04-08,21:00,370396.84,0
LOTTO42,Lotto 6/42,"[""41"", ""28"", ""03"", ""20"", ""35"", ""25""]",41-28-03-20-35-25,2025-04-08,21:00,5940000,0
SL49,Superlotto 6/49,"[""36"", ""39"", ""43"", ""44"", ""49"", ""34""]",36-39-43-44-49-34,2025-04-08,21:00,70447519,0
UL58,Ultra Lotto 6/58,"[""37"", ""02"", ""48"", ""32"", ""34"", ""12""]",37-02-48-32-34-12,2025-04-08,21:00,49500000,0
2DL-2PM,2D Lotto 2PM,"[""23"", ""07""]",23-07,2025-04-09,14:00,4000,0
3DL-2PM,3D Lotto 2PM,"[""8"", ""3"", ""5""]",8-3-5,2025-04-09,14:00,4500,1
2DL-5PM,2D Lotto 5PM,"[""24"", ""19""]",24-19,2025-04-09,17:00,4000,0
3DL-5PM,3D Lotto 5PM,"[""1"", ""8"", ""0""]",1-8-0,2025-04-09,17:00,4500,10
2DL-9PM,2D Lotto 9PM,"[""20"", ""09""]",20-09,2025-04-09,21:00,4000,5
3DL-9PM,3D Lotto 9PM,"[""9"", ""5"", ""7""]",9-5-7,2025-04-09,21:00,4500,3
4DL,4D Lotto,"[""9"", ""8"", ""3"", ""9""]",9-8-3-9,2025-04-09,21:00,889812,12
GL55,Grand Lotto 6/55,"[""19"", ""31"", ""36"", ""45"", ""13"", ""16""]",19-31-36-45-13-16,2025-04-09,21:00,197827618,0
ML45,Megalotto 6/45,"[""43"", ""18"", ""27"", ""15"", ""45"", ""04""]",43-18-27-15-45-04,2025-04-09,21:00,52575447.8,0
2DL-2PM,2D Lotto 2PM,"[""08"", ""17""]",08-17,2025-04-10,14:00,4000,2
3DL-2PM,3D Lotto 2PM,"[""8"", ""6"", ""5""]",8-6-5,2025-04-10,14:00,4500,1
2DL-5PM,2D Lotto 5PM,"[""07"", ""09""]",07-09,2025-04-10,17:00,4000,2
3DL-5PM,3D Lotto 5PM,"[""0"", ""7"", ""7""]",0-7-7,2025-04-10,17:00,4500,0
2DL-9PM,2D Lotto 9PM,"[""13"", ""17""]",13-17,2025-04-10,21:00,4000,3
3DL-9PM,3D Lotto 9PM,"[""9"", ""9"", ""1""]",9-9-1,2025-04-10,21:00,4500,1
6DL,6D Lotto,"[""5"", ""1"", ""7"", ""8"", ""8"", ""0""]",5-1-7-8-8-0,2025-04-10,21:00,836757.84,0
LOTTO42,Lotto 6/42,"[""38"", ""41"", ""29"", ""06"", ""16"", ""25""]",38-41-29-06-16-25,2025-04-10,21:00,5940000,1
SL49,Superlotto 6/49,"[""40"", ""36"", ""20"", ""01"", ""35"", ""08""]",40-36-20-01-35-08,2025-04-10,21:00,75551009,1
2DL-2PM,2D Lotto 2PM,"[""31"", ""23""]",31-23,2025-04-11,14:00,4000,2
3DL-2PM,3D Lotto 2PM,"[""4"", ""2"", ""9""]",4-2-9,2025-04-11,14:00,4500,7
2DL-5PM,2D Lotto 5PM,"[""04"", ""23""]",04-23,2025-04-11,17:00,4000,8
3DL-5PM,3D Lotto 5PM,"[""7"", ""9"", ""0""]",7-9-0,2025-04-11,17:00,4500,0
2DL-9PM,2D Lotto 9PM,"[""27"", ""19""]",27-19,2025-04-11,21:00,4000,1
3DL-9PM,3D Lotto 9PM,"[""9"", ""9"", ""1""]",9-9-1,2025-04-11,21:00,4500,3
4DL,4D Lotto,"[""4"", ""4"", ""7"", ""7""]",4-4-7-7,2025-04-11,21:00,869750,50
ML45,Megalotto 6/45,"[""22"", ""24"", ""28"", ""05"", ""07"", ""25""]",22-24-28-05-07-25,2025-04-11,21:00,57540190,1
UL58,Ultra Lotto 6/58,"[""11"", ""38"", ""14"", ""56"", ""40"", ""48""]",11-38-14-56-40-48,2025-04-11,21:00,49500000,0
2DL-2PM,2D Lotto 2PM,"[""16"", ""13""]",16-13,2025-04-12,14:00,4000,1
3DL-2PM,3D Lotto 2PM,"[""8"", ""3"", ""9""]",8-3-9,2025-04-12,14:00,4500,1
2DL-5PM,2D Lotto 5PM,"[""14"", ""25""]",14-25,2025-04-12,17:00,4000,1
3DL-5PM,3D Lotto 5PM,"[""2"", ""9"", ""3""]",2-9-3,2025-04-12,17:00,4500,0
2DL-9PM,2D Lotto 9PM,"[""24"", ""03""]",24-03,2025-04-12,21:00,4000,6
3DL-9PM,3D Lotto 9PM,"[""3"", ""4"", ""8""]",3-4-8,2025-04-12,21:00,4500,3
6DL,6D Lotto,"[""2"", ""1"", ""4"", ""2"", ""6"", ""0""]",2-1-4-2-6-0,2025-04-12,21:00,1186829,1
GL55,Grand Lotto 6/55,"[""47"", ""44"", ""45"", ""13"", ""10"", ""50""]",47-44-45-13-10-50,2025-04-12,21:00,205399930,0
LOTTO42,Lotto 6/42,"[""27"", ""10"", ""18"", ""25"", ""22"", ""06""]",27-10-18-25-22-06,2025-04-12,21:00,5940000,0
2DL-2PM,2D Lotto 2PM,"[""10"", ""22""]",10-22,2025-04-13,14:00,4000,4
3DL-2PM,3D Lotto 2PM,"[""8"", ""7"", ""3""]",8-7-3,2025-04-13,14:00,4500,10
2DL-5PM,2D Lotto 5PM,"[""10"", ""07""]",10-07,2025-04-13,17:00,4000,4
3DL-5PM,3D Lotto 5PM,"[""6"", ""2"", ""6""]",6-2-6,2025-04-13,17:00,4500,0
2DL-9PM,2D Lotto 9PM,"[""14"", ""20""]",14-20,2025-04-13,21:00,4000,1
3DL-9PM,3D Lotto 9PM,"[""2"", ""0"", ""9""]",2-0-9,2025-04-13,21:00,4500,0
SL49,Superlotto 6/49,"[""02"", ""07"", ""06"", ""18"", ""03"", ""35""]",02-07-06-18-03-35,2025-04-13,21:00,15840000,0
UL58,Ultra Lotto 6/58,"[""47"", ""36"", ""06"", ""12"", ""38"", ""23""]",47-36-06-12-38-23,2025-04-13,21:00,49500000,0
2DL-2PM,2D Lotto 2PM,"[""13"", ""21""]",13-21,2025-04-14,14:00,4000,2
3DL-2PM,3D Lotto 2PM,"[""8"", ""6"", ""4""]",8-6-4,2025-04-14,14:00,4500,2
2DL-5PM,2D Lotto 5PM,"[""26"", ""29""]",26-29,2025-04-14,17:00,4000,2
3DL-5PM,3D Lotto 5PM,"[""6"", ""1"", ""6""]",6-1-6,2025-04-14,17:00,4500,0
2DL-9PM,2D Lotto 9PM,"[""03"", ""06""]",03-06,2025-04-14,21:00,4000,1
3DL-9PM,3D Lotto 9PM,"[""8"", ""6"", ""9""]",8-6-9,2025-04-14,21:00,4500,4
4DL,4D Lotto,"[""3"", ""7"", ""2"", ""4""]",3-7-2-4,2025-04-14,21:00,546338,13
GL55,Grand Lotto 6/55,"[""47"", ""14"", ""41"", ""46"", ""51"", ""49""]",47-14-41-46-51-49,2025-04-14,21:00,212871732.8,0
ML45,Megalotto 6/45,"[""43"", ""04"", ""16"", ""14"", ""10"", ""24""]",43-04-16-14-10-24,2025-04-14,21:00,8910000,0
2DL-2PM,2D Lotto 2PM,"[""10"", ""07""]",10-07,2025-04-15,14:00,4000,0
3DL-2PM,3D Lotto 2PM,"[""6"", ""8"", ""6""]",6-8-6,2025-04-15,14:00,4500,0
2DL-5PM,2D Lotto 5PM,"[""02"", ""14""]",02-14,2025-04-15,17:00,4000,0
3DL-5PM,3D Lotto 5PM,"[""2"", ""7"", ""0""]",2-7-0,2025-04-15,17:00,4500,2
2DL-9PM,2D Lotto 9PM,"[""24"", ""19""]",24-19,2025-04-15,21:00,4000,2
3DL-9PM,3D Lotto 9PM,"[""0"", ""7"", ""2""]",0-7-2,2025-04-15,21:00,4500,1
6DL,6D Lotto,"[""8"", ""3"", ""8"", ""5"", ""0"", ""1""]",8-3-8-5-0-1,2025-04-15,21:00,150000,0
LOTTO42,Lotto 6/42,"[""24"", ""06"", ""29"", ""41"", ""01"", ""07""]",24-06-29-41-01-07,2025-04-15,21:00,5940000,0
SL49,Superlotto 6/49,"[""36"", ""34"", ""22"", ""01"", ""33"", ""37""]",36-34-22-01-33-37,2025-04-15,21:00,15840000,0
UL58,Ultra Lotto 6/58,"[""27"", ""13"", ""07"", ""14"", ""33"", ""03""]",27-13-07-14-33-03,2025-04-15,21:00,49500000,0
2DL-2PM,2D Lotto 2PM,"[""11"", ""25""]",11-25,2025-04-16,14:00,4000,2
3DL-2PM,3D Lotto 2PM,"[""0"", ""1"", ""4""]",0-1-4,2025-04-16,14:00,4500,1
2DL-5PM,2D Lotto 5PM,"[""21"", ""20""]",21-20,2025-04-16,17:00,4000,0
3DL-5PM,3D Lotto 5PM,"[""1"", ""1"", ""1""]",1-1-1,2025-04-16,17:00,4500,3
2DL-9PM,2D Lotto 9PM,"[""12"", ""22""]",12-22,2025-04-16,21:00,4000,4
3DL-9PM,3D Lotto 9PM,"[""5"", ""1"", ""2""]",5-1-2,2025-04-16,21:00,4500,7
4DL,4D Lotto,"[""7"", ""1"", ""5"", ""4""]",7-1-5-4,2025-04-16,21:00,918598,71
GL55,Grand Lotto 6/55,"[""54"", ""08"", ""28"", ""23"", ""52"", ""43""]",54-08-28-23-52-43,2025-04-16,21:00,220966382,0
ML45,Megalotto 6/45,"[""05"", ""01"", ""28"", ""29"", ""44"", ""42""]",05-01-28-29-44-42,2025-04-16,21:00,8910000,0
2DL-2PM,2D Lotto 2PM,"[""27"", ""14""]",27-14,2025-04-20,14:00,4000,2
3DL-2PM,3D Lotto 2PM,"[""4"", ""4"", ""9""]",4-4-9,2025-04-20,14:00,4500,0
2DL-5PM,2D Lotto 5PM,"[""27"", ""28""]",27-28,2025-04-20,17:00,4000,0
3DL-5PM,3D Lotto 5PM,"[""2"", ""2"", ""0""]",2-2-0,2025-04-20,17:00,4500,5
2DL-9PM,2D Lotto 9PM,"[""13"", ""23""]",13-23,2025-04-20,21:00,4000,5
3DL-9PM,3D Lotto 9PM,"[""2"", ""2"", ""3""]",2-2-3,2025-04-20,21:00,4500,1
SL49,Superlotto 6/49,"[""28"", ""16"", ""41"", ""45"", ""30"", ""18""]",28-16-41-45-30-18,2025-04-20,21:00,15840000,0
UL58,Ultra Lotto 6/58,"[""53"", ""20"", ""11"", ""35"", ""19"", ""37""]",53-20-11-35-19-37,2025-04-20,21:00,49500000,0
2DL-2PM,2D Lotto 2PM,"[""21"", ""06""]",21-06,2025-04-21,14:00,4000,1
3DL-2PM,3D Lotto 2PM,"[""7"", ""3"", ""5""]",7-3-5,2025-04-21,14:00,4500,5
2DL-5PM,2D Lotto 5PM,"[""29"", ""01""]",29-01,2025-04-21,17:00,4000,0
3DL-5PM,3D Lotto 5PM,"[""8"", ""6"", ""7""]",8-6-7,2025-04-21,17:00,4500,2
2DL-9PM,2D Lotto 9PM,"[""26"", ""16""]",26-16,2025-04-21,21:00,4000,11
3DL-9PM,3D Lotto 9PM,"[""5"", ""6"", ""2""]",5-6-2,2025-04-21,21:00,4500,5
4DL,4D Lotto,"[""9"", ""6"", ""3"", ""9""]",9-6-3-9,2025-04-21,21:00,997248,28
GL55,Grand Lotto 6/55,"[""09"", ""50"", ""26"", ""30"", ""07"", ""03""]",09-50-26-30-07-03,2025-04-21,21:00,229362686.4,0
ML45,Megalotto 6/45,"[""42"", ""11"", ""15"", ""33"", ""44"", ""28""]",42-11-15-33-44-28,2025-04-21,21:00,9946651.8,0
2DL-2PM,2D Lotto 2PM,"[""28"", ""29""]",28-29,2025-04-22,14:00,4000,2
3DL-2PM,3D Lotto 2PM,"[""7"", ""5"", ""4""]",7-5-4,2025-04-22,14:00,4500,28
2DL-5PM,2D Lotto 5PM,"[""06"", ""19""]",06-19,2025-04-22,17:00,4000,1
3DL-5PM,3D Lotto 5PM,"[""2"", ""1"", ""3""]",2-1-3,2025-04-22,17:00,4500,2
2DL-9PM,2D Lotto 9PM,"[""07"", ""21""]",07-21,2025-04-22,21:00,4000,6
3DL-9PM,3D Lotto 9PM,"[""9"", ""7"", ""7""]",9-7-7,2025-04-22,21:00,4500,0
6DL,6D Lotto,"[""0"", ""7"", ""8"", ""4"", ""5"", ""4""]",0-7-8-4-5-4,2025-04-22,21:00,619322.2,0
LOTTO42,Lotto 6/42,"[""40"", ""13"", ""35"", ""36"", ""12"", ""14""]",40-13-35-36-12-14,2025-04-22,21:00,8602455.8,0
SL49,Superlotto 6/49,"[""39"", ""42"", ""23"", ""49"", ""25"", ""31""]",39-42-23-49-25-31,2025-04-22,21:00,15840000,0
UL58,Ultra Lotto 6/58,"[""32"", ""45"", ""05"", ""40"", ""22"", ""04""]",32-45-05-40-22-04,2025-04-22,21:00,49500000,0
2DL-2PM,2D Lotto 2PM,"[""03"", ""23""]",03-23,2025-04-23,14:00,4000,0
3DL-2PM,3D Lotto 2PM,"[""1"", ""6"", ""2""]",1-6-2,2025-04-23,14:00,4500,5
2DL-5PM,2D Lotto 5PM,"[""25"", ""13""]",25-13,2025-04-23,17:00,4000,0
3DL-5PM,3D Lotto 5PM,"[""4"", ""5"", ""4""]",4-5-4,2025-04-23,17:00,4500,3
2DL-9PM,2D Lotto 9PM,"[""28"", ""01""]",28-01,2025-04-23,21:00,4000,1
3DL-9PM,3D Lotto 9PM,"[""4"", ""0"", ""4""]",4-0-4,2025-04-23,21:00,4500,0
4DL,4D Lotto,"[""1"", ""0"", ""6"", ""6""]",1-0-6-6,2025-04-23,21:00,877952,38
GL55,Grand Lotto 6/55,"[""13"", ""11"", ""38"", ""34"", ""18"", ""10""]",13-11-38-34-18-10,2025-04-23,21:00,237731895.6,0
ML45,Megalotto 6/45,"[""21"", ""14"", ""16"", ""33"", ""30"", ""25""]",21-14-16-33-30-25,2025-04-23,21:00,13231485.4,0
2DL-2PM,2D Lotto 2PM,"[""24"", ""06""]",24-06,2025-04-24,14:00,4000,4
3DL-2PM,3D Lotto 2PM,"[""7"", ""4"", ""1""]",7-4-1,2025-04-24,14:00,4500,7
2DL-5PM,2D Lotto 5PM,"[""02"", ""05""]",02-05,2025-04-24,17:00,4000,4
3DL-5PM,3D Lotto 5PM,"[""1"", ""3"", ""2""]",1-3-2,2025-04-24,17:00,4500,0
2DL-9PM,2D Lotto 9PM,"[""08"", ""05""]",08-05,2025-04-24,21:00,4000,5
3DL-9PM,3D Lotto 9PM,"[""3"", ""5"", ""0""]",3-5-0,2025-04-24,21:00,4500,4
6DL,6D Lotto,"[""9"", ""2"", ""7"", ""7"", ""7"", ""6""]",9-2-7-7-7-6,2025-04-24,21:00,1151507.2,0
LOTTO42,Lotto 6/42,"[""12"", ""11"", ""37"", ""34"", ""26"", ""13""]",12-11-37-34-26-13,2025-04-24,21:00,11825882.6,0
SL49,Superlotto 6/49,"[""17"", ""32"", ""34"", ""06"", ""42"", ""20""]",17-32-34-06-42-20,2025-04-24,21:00,16132058.4,0
2DL-2PM,2D Lotto 2PM,"[""31"", ""26""]",31-26,2025-04-25,14:00,4000,0
3DL-2PM,3D Lotto 2PM,"[""7"", ""0"", ""3""]",7-0-3,2025-04-25,14:00,4500,0
2DL-5PM,2D Lotto 5PM,"[""27"", ""27""]",27-27,2025-04-25,17:00,4000,3
3DL-5PM,3D Lotto 5PM,"[""6"", ""9"", ""2""]",6-9-2,2025-04-25,17:00,4500,3
2DL-9PM,2D Lotto 9PM,"[""28"", ""08""]",28-08,2025-04-25,21:00,4000,2
3DL-9PM,3D Lotto 9PM,"[""4"", ""7"", ""4""]",4-7-4,2025-04-25,21:00,4500,3
4DL,4D Lotto,"[""6"", ""7"", ""3"", ""7""]",6-7-3-7,2025-04-25,21:00,920887,11
ML45,Megalotto 6/45,"[""11"", ""02"", ""40"", ""38"", ""15"", ""24""]",11-02-40-38-15-24,2025-04-25,21:00,16765294.8,0
UL58,Ultra Lotto 6/58,"[""47"", ""22"", ""44"", ""53"", ""09"", ""08""]",47-22-44-53-09-08,2025-04-25,21:00,49500000,0
2DL-2PM,2D Lotto 2PM,"[""14"", ""23""]",14-23,2025-04-26,14:00,4000,2
3DL-2PM,3D Lotto 2PM,"[""4"", ""4"", ""9""]",4-4-9,2025-04-26,14:00,4500,0
2DL-5PM,2D Lotto 5PM,"[""02"", ""18""]",02-18,2025-04-26,17:00,4000,8
3DL-5PM,3D Lotto 5PM,"[""8"", ""6"", ""0""]",8-6-0,2025-04-26,17:00,4500,0
2DL-9PM,2D Lotto 9PM,"[""28"", ""02""]",28-02,2025-04-26,21:00,4000,2
3DL-9PM,3D Lotto 9PM,"[""1"", ""9"", ""8""]",1-9-8,2025-04-26,21:00,4500,9
6DL,6D Lotto,"[""2"", ""7"", ""9"", ""4"", ""2"", ""4""]",2-7-9-4-2-4,2025-04-26,21:00,1420216.08,0
GL55,Grand Lotto 6/55,"[""47"", ""06"", ""36"", ""11"", ""53"", ""42""]",47-06-36-11-53-42,2025-04-26,21:00,246834914.8,0
LOTTO42,Lotto 6/42,"[""04"", ""30"", ""40"", ""03"", ""18"", ""38""]",04-30-40-03-18-38,2025-04-26,21:00,15200401.8,0
2DL-2PM,2D Lotto 2PM,"[""30"", ""21""]",30-21,2025-04-27,14:00,4000,0
3DL-2PM,3D Lotto 2PM,"[""3"", ""9"", ""8""]",3-9-8,2025-04-27,14:00,4500,0
2DL-5PM,2D Lotto 5PM,"[""12"", ""09""]",12-09,2025-04-27,17:00,4000,0
3DL-5PM,3D Lotto 5PM,"[""0"", ""9"", ""5""]",0-9-5,2025-04-27,17:00,4500,0
2DL-9PM,2D Lotto 9PM,"[""01"", ""26""]",01-26,2025-04-27,21:00,4000,2
3DL-9PM,3D Lotto 9PM,"[""4"", ""1"", ""2""]",4-1-2,2025-04-27,21:00,4500,6
SL49,Superlotto 6/49,"[""39"", ""07"", ""08"", ""40"", ""35"", ""30""]",39-07-08-40-35-30,2025-04-27,21:00,19595118,0
UL58,Ultra Lotto 6/58,"[""19"", ""08"", ""17"", ""55"", ""28"", ""02""]",19-08-17-55-28-02,2025-04-27,21:00,49500000,0
2DL-2PM,2D Lotto 2PM,"[""02"", ""18""]",02-18,2025-04-28,14:00,4000,1
3DL-2PM,3D Lotto 2PM,"[""2"", ""4"", ""4""]",2-4-4,2025-04-28,14:00,4500,2
2DL-5PM,2D Lotto 5PM,"[""08"", ""09""]",08-09,2025-04-28,17:00,4000,0
3DL-5PM,3D Lotto 5PM,"[""8"", ""1"", ""5""]",8-1-5,2025-04-28,17:00,4500,0
2DL-9PM,2D Lotto 9PM,"[""05"", ""07""]",05-07,2025-04-28,21:00,4000,12
3DL-9PM,3D Lotto 9PM,"[""2"", ""1"", ""7""]",2-1-7,2025-04-28,21:00,4500,4
4DL,4D Lotto,"[""4"", ""7"", ""9"", ""2""]",4-7-9-2,2025-04-28,21:00,983654,34
GL55,Grand Lotto 6/55,"[""41"", ""34"", ""37"", ""26"", ""30"", ""28""]",41-34-37-26-30-28,2025-04-28,21:00,255420159.6,0
ML45,Megalotto 6/45,"[""39"", ""23"", ""44"", ""43"", ""08"", ""30""]",39-23-44-43-08-30,2025-04-28,21:00,20377695,0
2DL-2PM,2D Lotto 2PM,"[""28"", ""03""]",28-03,2025-04-29,14:00,4000,1
3DL-2PM,3D Lotto 2PM,"[""7"", ""3"", ""7""]",7-3-7,2025-04-29,14:00,4500,0
2DL-5PM,2D Lotto 5PM,"[""08"", ""21""]",08-21,2025-04-29,17:00,4000,2
3DL-5PM,3D Lotto 5PM,"[""5"", ""4"", ""7""]",5-4-7,2025-04-29,17:00,4500,0
2DL-9PM,2D Lotto 9PM,"[""03"", ""27""]",03-27,2025-04-29,21:00,4000,3
3DL-9PM,3D Lotto 9PM,"[""0"", ""9"", ""5""]",0-9-5,2025-04-29,21:00,4500,0
6DL,6D Lotto,"[""2"", ""6"", ""9"", ""6"", ""5"", ""0""]",2-6-9-6-5-0,2025-04-29,21:00,2137732.76,0
LOTTO42,Lotto 6/42,"[""31"", ""13"", ""17"", ""25"", ""28"", ""35""]",31-13-17-25-28-35,2025-04-29,21:00,18428250.6,0
SL49,Superlotto 6/49,"[""24"", ""02"", ""10"", ""09"", ""25"", ""05""]",24-02-10-09-25-05,2025-04-29,21:00,22432132.6,2
UL58,Ultra Lotto 6/58,"[""39"", ""05"", ""11"", ""45"", ""10"", ""25""]",39-05-11-45-10-25,2025-04-29,21:00,49500000,0
2DL-2PM,2D Lotto 2PM,"[""23"", ""14""]",23-14,2025-04-30,14:00,4000,0
3DL-2PM,3D Lotto 2PM,"[""0"", ""6"", ""0""]",0-6-0,2025-04-30,14:00,4500,0
2DL-5PM,2D Lotto 5PM,"[""27"", ""10""]",27-10,2025-04-30,17:00,4000,1
3DL-5PM,3D Lotto 5PM,"[""1"", ""2"", ""1""]",1-2-1,2025-04-30,17:00,4500,2
2DL-9PM,2D Lotto 9PM,"[""15"", ""20""]",15-20,2025-04-30,21:00,4000,9
3DL-9PM,3D Lotto 9PM,"[""4"", ""7"", ""7""]",4-7-7,2025-04-30,21:00,4500,0
4DL,4D Lotto,"[""4"", ""4"", ""5"", ""6""]",4-4-5-6,2025-04-30,21:00,803737,11
GL55,Grand Lotto 6/55,"[""27"", ""55"", ""44"", ""19"", ""48"", ""43""]",27-55-44-19-48-43,2025-04-30,21:00,264443908.4,0
ML45,Megalotto 6/45,"[""36"", ""40"", ""31"", ""18"", ""37"", ""09""]",36-40-31-18-37-09,2025-04-30,21:00,24177594.8,0
2DL-2PM,2D Lotto 2PM,"[""15"", ""13""]",15-13,2025-05-01,14:00,4000,6
3DL-2PM,3D Lotto 2PM,"[""5"", ""0"", ""3""]",5-0-3,2025-05-01,14:00,4500,7
2DL-5PM,2D Lotto 5PM,"[""27"", ""21""]",27-21,2025-05-01,17:00,4000,0
3DL-5PM,3D Lotto 5PM,"[""1"", ""1"", ""3""]",1-1-3,2025-05-01,17:00,4500,4
2DL-9PM,2D Lotto 9PM,"[""21"", ""04""]",21-04,2025-05-01,21:00,4000,5
3DL-9PM,3D Lotto 9PM,"[""1"", ""8"", ""0""]",1-8-0,2025-05-01,21:00,4500,11
6DL,6D Lotto,"[""0"", ""6"", ""5"", ""7"", ""2"", ""1""]",0-6-5-7-2-1,2025-05-01,21:00,2714297.88,0
LOTTO42,Lotto 6/42,"[""40"", ""11"", ""34"", ""42"", ""08"", ""19""]",40-11-34-42-08-19,2025-05-01,21:00,22383750.8,0
SL49,Superlotto 6/49,"[""27"", ""04"", ""06"", ""34"", ""13"", ""01""]",27-04-06-34-13-01,2025-05-01,21:00,15840000,0
2DL-2PM,2D Lotto 2PM,"[""11"", ""07""]",11-07,2025-05-02,14:00,4000,2
3DL-2PM,3D Lotto 2PM,"[""3"", ""6"", ""0""]",3-6-0,2025-05-02,14:00,4500,0
2DL-5PM,2D Lotto 5PM,"[""02"", ""29""]",02-29,2025-05-02,17:00,4000,0
3DL-5PM,3D Lotto 5PM,"[""0"", ""2"", ""5""]",0-2-5,2025-05-02,17:00,4500,10
2DL-9PM,2D Lotto 9PM,"[""04"", ""16""]",04-16,2025-05-02,21:00,4000,2
3DL-9PM,3D Lotto 9PM,"[""3"", ""2"", ""1""]",3-2-1,2025-05-02,21:00,4500,2
4DL,4D Lotto,"[""6"", ""6"", ""9"", ""8""]",6-6-9-8,2025-05-02,21:00,913330,19
ML45,Megalotto 6/45,"[""37"", ""25"", ""36"", ""12"", ""21"", ""35""]",37-25-36-12-21-35,2025-05-02,21:00,28188025,0
UL58,Ultra Lotto 6/58,"[""11"", ""20"", ""16"", ""30"", ""08"", ""57""]",11-20-16-30-08-57,2025-05-02,21:00,49500000,0
2DL-2PM,2D Lotto 2PM,"[""17"", ""24""]",17-24,2025-05-03,14:00,4000,2
3DL-2PM,3D Lotto 2PM,"[""1"", ""6"", ""8""]",1-6-8,2025-05-03,14:00,4500,5
2DL-5PM,2D Lotto 5PM,"[""27"", ""25""]",27-25,2025-05-03,17:00,4000,4
3DL-5PM,3D Lotto 5PM,"[""3"", ""3"", ""3""]",3-3-3,2025-05-03,17:00,4500,4
2DL-9PM,2D Lotto 9PM,"[""20"", ""13""]",20-13,2025-05-03,21:00,4000,1
3DL-9PM,3D Lotto 9PM,"[""6"", ""1"", ""0""]",6-1-0,2025-05-03,21:00,4500,1
6DL,6D Lotto,"[""0"", ""2"", ""0"", ""8"", ""8"", ""2""]",0-2-0-8-8-2,2025-05-03,21:00,3028488,1
GL55,Grand Lotto 6/55,"[""22"", ""02"", ""35"", ""37"", ""42"", ""19""]",22-02-35-37-42-19,2025-05-03,21:00,274035873.2,0
LOTTO42,Lotto 6/42,"[""30"", ""11"", ""18"", ""34"", ""15"", ""31""]",30-11-18-34-15-31,2025-05-03,21:00,26282941.2,0
2DL-2PM,2D Lotto 2PM,"[""23"", ""16""]",23-16,2025-05-04,14:00,4000,1
3DL-2PM,3D Lotto 2PM,"[""0"", ""8"", ""2""]",0-8-2,2025-05-04,14:00,4500,4
2DL-5PM,2D Lotto 5PM,"[""10"", ""20""]",10-20,2025-05-04,17:00,4000,0
3DL-5PM,3D Lotto 5PM,"[""5"", ""4"", ""5""]",5-4-5,2025-05-04,17:00,4500,0
2DL-9PM,2D Lotto 9PM,"[""02"", ""13""]",02-13,2025-05-04,21:00,4000,6
3DL-9PM,3D Lotto 9PM,"[""5"", ""4"", ""9""]",5-4-9,2025-05-04,21:00,4500,1
SL49,Superlotto 6/49,"[""33"", ""43"", ""06"", ""16"", ""29"", ""48""]",33-43-06-16-29-48,2025-05-04,21:00,15840000,0
UL58,Ultra Lotto 6/58,"[""22"", ""40"", ""13"", ""58"", ""23"", ""25""]",22-40-13-58-23-25,2025-05-04,21:00,49500000,0
2DL-2PM,2D Lotto 2PM,"[""31"", ""30""]",31-30,2025-05-05,14:00,4000,2
3DL-2PM,3D Lotto 2PM,"[""0"", ""8"", ""0""]",0-8-0,2025-05-05,14:00,4500,2
2DL-5PM,2D Lotto 5PM,"[""21"", ""13""]",21-13,2025-05-05,17:00,4000,0
3DL-5PM,3D Lotto 5PM,"[""0"", ""7"", ""4""]",0-7-4,2025-05-05,17:00,4500,1
2DL-9PM,2D Lotto 9PM,"[""22"", ""08""]",22-08,2025-05-05,21:00,4000,4
3DL-9PM,3D Lotto 9PM,"[""7"", ""7"", ""7""]",7-7-7,2025-05-05,21:00,4500,24
4DL,4D Lotto,"[""0"", ""6"", ""5"", ""4""]",0-6-5-4,2025-05-05,21:00,784420,20
GL55,Grand Lotto 6/55,"[""27"", ""24"", ""01"", ""31"", ""53"", ""23""]",27-24-01-31-53-23,2025-05-05,21:00,282975564.4,0
ML45,Megalotto 6/45,"[""02"", ""03"", ""32"", ""07"", ""11"", ""36""]",02-03-32-07-11-36,2025-05-05,21:00,32176487,0
2DL-2PM,2D Lotto 2PM,"[""05"", ""24""]",05-24,2025-05-06,14:00,4000,2
3DL-2PM,3D Lotto 2PM,"[""0"", ""7"", ""4""]",0-7-4,2025-05-06,14:00,4500,3
2DL-5PM,2D Lotto 5PM,"[""11"", ""03""]",11-03,2025-05-06,17:00,4000,1
3DL-5PM,3D Lotto 5PM,"[""1"", ""2"", ""7""]",1-2-7,2025-05-06,17:00,4500,1
2DL-9PM,2D Lotto 9PM,"[""24"", ""18""]",24-18,2025-05-06,21:00,4000,8
3DL-9PM,3D Lotto 9PM,"[""9"", ""2"", ""9""]",9-2-9,2025-05-06,21:00,4500,0
6DL,6D Lotto,"[""9"", ""0"", ""1"", ""5"", ""0"", ""4""]",9-0-1-5-0-4,2025-05-06,21:00,465032.92,0
LOTTO42,Lotto 6/42,"[""40"", ""14"", ""09"", ""24"", ""39"", ""06""]",40-14-09-24-39-06,2025-05-06,21:00,30056709.4,0
SL49,Superlotto 6/49,"[""28"", ""47"", ""14"", ""41"", ""40"", ""12""]",28-47-14-41-40-12,2025-05-06,21:00,15840000,0
UL58,Ultra Lotto 6/58,"[""54"", ""06"", ""40"", ""30"", ""49"", ""20""]",54-06-40-30-49-20,2025-05-06,21:00,49500000,0
2DL-2PM,2D Lotto 2PM,"[""20"", ""22""]",20-22,2025-05-07,14:00,4000,2
3DL-2PM,3D Lotto 2PM,"[""2"", ""2"", ""3""]",2-2-3,2025-05-07,14:00,4500,3
2DL-5PM,2D Lotto 5PM,"[""22"", ""22""]",22-22,2025-05-07,17:00,4000,6
3DL-5PM,3D Lotto 5PM,"[""2"", ""9"", ""0""]",2-9-0,2025-05-07,17:00,4500,0
2DL-9PM,2D Lotto 9PM,"[""16"", ""18""]",16-18,2025-05-07,21:00,4000,0
3DL-9PM,3D Lotto 9PM,"[""1"", ""5"", ""5""]",1-5-5,2025-05-07,21:00,4500,2
4DL,4D Lotto,"[""0"", ""2"", ""3"", ""1""]",0-2-3-1,2025-05-07,21:00,713940,10
GL55,Grand Lotto 6/55,"[""24"", ""52"", ""20"", ""34"", ""22"", ""43""]",24-52-20-34-22-43,2025-05-07,21:00,292223660.4,0
ML45,Megalotto 6/45,"[""07"", ""26"", ""04"", ""41"", ""03"", ""39""]",07-26-04-41-03-39,2025-05-07,21:00,36194731.8,0
2DL-2PM,2D Lotto 2PM,"[""12"", ""20""]",12-20,2025-05-08,14:00,4000,4
3DL-2PM,3D Lotto 2PM,"[""3"", ""5"", ""3""]",3-5-3,2025-05-08,14:00,4500,0
2DL-5PM,2D Lotto 5PM,"[""13"", ""28""]",13-28,2025-05-08,17:00,4000,1
3DL-5PM,3D Lotto 5PM,"[""0"", ""2"", ""0""]",0-2-0,2025-05-08,17:00,4500,1
2DL-9PM,2D Lotto 9PM,"[""20"", ""26""]",20-26,2025-05-08,21:00,4000,5
3DL-9PM,3D Lotto 9PM,"[""6"", ""1"", ""9""]",6-1-9,2025-05-08,21:00,4500,0
6DL,6D Lotto,"[""4"", ""0"", ""6"", ""5"", ""8"", ""2""]",4-0-6-5-8-2,2025-05-08,21:00,1177570.76,0
LOTTO42,Lotto 6/42,"[""15"", ""39"", ""21"", ""40"", ""16"", ""27""]",15-39-21-40-16-27,2025-05-08,21:00,34708834.8,0
SL49,Superlotto 6/49,"[""31"", ""02"", ""20"", ""48"", ""47"", ""28""]",31-02-20-48-47-28,2025-05-08,21:00,15840000,0
2DL-2PM,2D Lotto 2PM,"[""02"", ""11""]",02-11,2025-05-09,14:00,4000,2
3DL-2PM,3D Lotto 2PM,"[""9"", ""6"", ""0""]",9-6-0,2025-05-09,14:00,4500,2
2DL-5PM,2D Lotto 5PM,"[""02"", ""04""]",02-04,2025-05-09,17:00,4000,4
3DL-5PM,3D Lotto 5PM,"[""1"", ""3"", ""1""]",1-3-1,2025-05-09,17:00,4500,0
2DL-9PM,2D Lotto 9PM,"[""30"", ""04""]",30-04,2025-05-09,21:00,4000,13
3DL-9PM,3D Lotto 9PM,"[""7"", ""9"", ""2""]",7-9-2,2025-05-09,21:00,4500,4
4DL,4D Lotto,"[""4"", ""2"", ""4"", ""7""]",4-2-4-7,2025-05-09,21:00,880902,18
ML45,Megalotto 6/45,"[""33"", ""45"", ""39"", ""07"", ""30"", ""26""]",33-45-39-07-30-26,2025-05-09,21:00,40541906.4,0
UL58,Ultra Lotto 6/58,"[""54"", ""43"", ""40"", ""04"", ""14"", ""36""]",54-43-40-04-14-36,2025-05-09,21:00,49500000,0
2DL-2PM,2D Lotto 2PM,"[""15"", ""25""]",15-25,2025-05-10,14:00,4000,1
3DL-2PM,3D Lotto 2PM,"[""3"", ""7"", ""7""]",3-7-7,2025-05-10,14:00,4500,1
2DL-5PM,2D Lotto 5PM,"[""23"", ""26""]",23-26,2025-05-10,17:00,4000,1
3DL-5PM,3D Lotto 5PM,"[""9"", ""4"", ""4""]",9-4-4,2025-05-10,17:00,4500,0
2DL-9PM,2D Lotto 9PM,"[""13"", ""02""]",13-02,2025-05-10,21:00,4000,1
3DL-9PM,3D Lotto 9PM,"[""5"", ""0"", ""9""]",5-0-9,2025-05-10,21:00,4500,3
6DL,6D Lotto,"[""2"", ""6"", ""7"", ""0"", ""1"", ""8""]",2-6-7-0-1-8,2025-05-10,21:00,1227570.76,0
GL55,Grand Lotto 6/55,"[""51"", ""09"", ""42"", ""28"", ""40"", ""31""]",51-09-42-28-40-31,2025-05-10,21:00,302420224.8,0
LOTTO42,Lotto 6/42,"[""38"", ""42"", ""12"", ""01"", ""32"", ""11""]",38-42-12-01-32-11,2025-05-10,21:00,38971450.6,0
2DL-2PM,2D Lotto 2PM,"[""05"", ""07""]",05-07,2025-05-11,14:00,4000,5
3DL-2PM,3D Lotto 2PM,"[""5"", ""6"", ""5""]",5-6-5,2025-05-11,14:00,4500,2
2DL-5PM,2D Lotto 5PM,"[""16"", ""17""]",16-17,2025-05-11,17:00,4000,0
3DL-5PM,3D Lotto 5PM,"[""0"", ""4"", ""2""]",0-4-2,2025-05-11,17:00,4500,0
2DL-9PM,2D Lotto 9PM,"[""13"", ""21""]",13-21,2025-05-11,21:00,4000,0
3DL-9PM,3D Lotto 9PM,"[""0"", ""9"", ""3""]",0-9-3,2025-05-11,21:00,4500,5
SL49,Superlotto 6/49,"[""47"", ""48"", ""03"", ""33"", ""12"", ""41""]",47-48-03-33-12-41,2025-05-11,21:00,15840000,0
UL58,Ultra Lotto 6/58,"[""24"", ""10"", ""30"", ""34"", ""51"", ""13""]",24-10-30-34-51-13,2025-05-11,21:00,52062729.2,0
2DL-2PM,2D Lotto 2PM,"[""11"", ""28""]",11-28,2025-05-12,14:00,4000,6
3DL-2PM,3D Lotto 2PM,"[""5"", ""1"", ""8""]",5-1-8,2025-05-12,14:00,4500,1
2DL-5PM,2D Lotto 5PM,"[""01"", ""27""]",01-27,2025-05-12,17:00,4000,4
3DL-5PM,3D Lotto 5PM,"[""8"", ""5"", ""6""]",8-5-6,2025-05-12,17:00,4500,2
2DL-9PM,2D Lotto 9PM,"[""07"", ""31""]",07-31,2025-05-12,21:00,4000,0
3DL-9PM,3D Lotto 9PM,"[""3"", ""2"", ""3""]",3-2-3,2025-05-12,21:00,4500,9
4DL,4D Lotto,"[""6"", ""9"", ""5"", ""0""]",6-9-5-0,2025-05-12,21:00,645700,11
GL55,Grand Lotto 6/55,"[""10"", ""26"", ""43"", ""45"", ""04"", ""30""]",10-26-43-45-04-30,2025-05-12,21:00,310394107.2,0
ML45,Megalotto 6/45,"[""21"", ""34"", ""27"", ""44"", ""37"", ""41""]",21-34-27-44-37-41,2025-05-12,21:00,44127448.2,0
2DL-2PM,2D Lotto 2PM,"[""27"", ""30""]",27-30,2025-05-13,14:00,4000,0
3DL-2PM,3D Lotto 2PM,"[""0"", ""7"", ""1""]",0-7-1,2025-05-13,14:00,4500,5
2DL-5PM,2D Lotto 5PM,"[""11"", ""29""]",11-29,2025-05-13,17:00,4000,2
3DL-5PM,3D Lotto 5PM,"[""3"", ""3"", ""7""]",3-3-7,2025-05-13,17:00,4500,1
2DL-9PM,2D Lotto 9PM,"[""14"", ""03""]",14-03,2025-05-13,21:00,4000,0
3DL-9PM,3D Lotto 9PM,"[""2"", ""4"", ""8""]",2-4-8,2025-05-13,21:00,4500,3
6DL,6D Lotto,"[""3"", ""2"", ""1"", ""0"", ""9"", ""4""]",3-2-1-0-9-4,2025-05-13,21:00,1714447.32,0
LOTTO42,Lotto 6/42,"[""12"", ""09"", ""15"", ""16"", ""24"", ""20""]",12-09-15-16-24-20,2025-05-13,21:00,43009332.6,0
SL49,Superlotto 6/49,"[""16"", ""41"", ""29"", ""04"", ""43"", ""19""]",16-41-29-04-43-19,2025-05-13,21:00,17504028.8,0
UL58,Ultra Lotto 6/58,"[""09"", ""07"", ""51"", ""14"", ""41"", ""46""]",09-07-51-14-41-46,2025-05-13,21:00,55230643.4,0
2DL-2PM,2D Lotto 2PM,"[""16"", ""21""]",16-21,2025-05-14,14:00,4000,2
3DL-2PM,3D Lotto 2PM,"[""5"", ""3"", ""3""]",5-3-3,2025-05-14,14:00,4500,0
2DL-5PM,2D Lotto 5PM,"[""28"", ""27""]",28-27,2025-05-14,17:00,4000,0
3DL-5PM,3D Lotto 5PM,"[""4"", ""0"", ""7""]",4-0-7,2025-05-14,17:00,4500,1
2DL-9PM,2D Lotto 9PM,"[""09"", ""19""]",09-19,2025-05-14,21:00,4000,5
3DL-9PM,3D Lotto 9PM,"[""6"", ""0"", ""7""]",6-0-7,2025-05-14,21:00,4500,4
4DL,4D Lotto,"[""6"", ""4"", ""4"", ""8""]",6-4-4-8,2025-05-14,21:00,799290,18
GL55,Grand Lotto 6/55,"[""51"", ""21"", ""42"", ""04"", ""25"", ""17""]",51-21-42-04-25-17,2025-05-14,21:00,320220530.4,0
ML45,Megalotto 6/45,"[""12"", ""34"", ""07"", ""20"", ""29"", ""45""]",12-34-07-20-29-45,2025-05-14,21:00,48482132.4,0
2DL-2PM,2D Lotto 2PM,"[""24"", ""17""]",24-17,2025-05-15,14:00,4000,5
3DL-2PM,3D Lotto 2PM,"[""1"", ""7"", ""3""]",1-7-3,2025-05-15,14:00,4500,4
2DL-5PM,2D Lotto 5PM,"[""10"", ""23""]",10-23,2025-05-15,17:00,4000,0
3DL-5PM,3D Lotto 5PM,"[""9"", ""7"", ""9""]",9-7-9,2025-05-15,17:00,4500,1
2DL-9PM,2D Lotto 9PM,"[""24"", ""03""]",24-03,2025-05-15,21:00,4000,0
3DL-9PM,3D Lotto 9PM,"[""3"", ""6"", ""6""]",3-6-6,2025-05-15,21:00,4500,2
6DL,6D Lotto,"[""0"", ""5"", ""1"", ""5"", ""9"", ""1""]",0-5-1-5-9-1,2025-05-15,21:00,1764447.32,0
LOTTO42,Lotto 6/42,"[""22"", ""14"", ""24"", ""21"", ""08"", ""06""]",22-14-24-21-08-06,2025-05-15,21:00,48153537.4,0
SL49,Superlotto 6/49,"[""02"", ""05"", ""18"", ""13"", ""45"", ""14""]",02-05-18-13-45-14,2025-05-15,21:00,20618241.8,0
2DL-2PM,2D Lotto 2PM,"[""30"", ""21""]",30-21,2025-05-16,14:00,4000,3
3DL-2PM,3D Lotto 2PM,"[""9"", ""0"", ""6""]",9-0-6,2025-05-16,14:00,4500,1
2DL-5PM,2D Lotto 5PM,"[""05"", ""30""]",05-30,2025-05-16,17:00,4000,0
3DL-5PM,3D Lotto 5PM,"[""0"", ""6"", ""0""]",0-6-0,2025-05-16,17:00,4500,0
2DL-9PM,2D Lotto 9PM,"[""13"", ""31""]",13-31,2025-05-16,21:00,4000,15
3DL-9PM,3D Lotto 9PM,"[""8"", ""2"", ""5""]",8-2-5,2025-05-16,21:00,4500,5
4DL,4D Lotto,"[""7"", ""6"", ""2"", ""5""]",7-6-2-5,2025-05-16,21:00,280000,28
ML45,Megalotto 6/45,"[""42"", ""33"", ""43"", ""41"", ""08"", ""21""]",42-33-43-41-08-21,2025-05-16,21:00,53398357.4,0
UL58,Ultra Lotto 6/58,"[""36"", ""53"", ""20"", ""27"", ""46"", ""24""]",36-53-20-27-46-24,2025-05-16,21:00,59537852,0
2DL-2PM,2D Lotto 2PM,"[""18"", ""24""]",18-24,2025-05-17,14:00,4000,4
3DL-2PM,3D Lotto 2PM,"[""4"", ""2"", ""2""]",4-2-2,2025-05-17,14:00,4500,16
2DL-5PM,2D Lotto 5PM,"[""02"", ""21""]",02-21,2025-05-17,17:00,4000,0
3DL-5PM,3D Lotto 5PM,"[""3"", ""9"", ""0""]",3-9-0,2025-05-17,17:00,4500,0
2DL-9PM,2D Lotto 9PM,"[""30"", ""03""]",30-03,2025-05-17,21:00,4000,14
3DL-9PM,3D Lotto 9PM,"[""4"", ""1"", ""4""]",4-1-4,2025-05-17,21:00,4500,1
6DL,6D Lotto,"[""1"", ""0"", ""4"", ""2"", ""5"", ""3""]",1-0-4-2-5-3,2025-05-17,21:00,1844600.92,0
GL55,Grand Lotto 6/55,"[""30"", ""29"", ""42"", ""28"", ""02"", ""43""]",30-29-42-28-02-43,2025-05-17,21:00,331359271.2,1
LOTTO42,Lotto 6/42,"[""15"", ""32"", ""14"", ""28"", ""13"", ""08""]",15-32-14-28-13-08,2025-05-17,21:00,53228564.8,0
2DL-2PM,2D Lotto 2PM,"[""04"", ""22""]",04-22,2025-05-18,14:00,4000,1
3DL-2PM,3D Lotto 2PM,"[""9"", ""5"", ""6""]",9-5-6,2025-05-18,14:00,4500,0
2DL-5PM,2D Lotto 5PM,"[""14"", ""22""]",14-22,2025-05-18,17:00,4000,2
3DL-5PM,3D Lotto 5PM,"[""4"", ""2"", ""4""]",4-2-4,2025-05-18,17:00,4500,0
2DL-9PM,2D Lotto 9PM,"[""05"", ""06""]",05-06,2025-05-18,21:00,4000,13
3DL-9PM,3D Lotto 9PM,"[""8"", ""1"", ""8""]",8-1-8,2025-05-18,21:00,4500,13
SL49,Superlotto 6/49,"[""06"", ""46"", ""37"", ""04"", ""18"", ""03""]",06-46-37-04-18-03,2025-05-18,21:00,24342614,0
UL58,Ultra Lotto 6/58,"[""53"", ""34"", ""46"", ""11"", ""50"", ""49""]",53-34-46-11-50-49,2025-05-18,21:00,63790157,0
2DL-2PM,2D Lotto 2PM,"[""25"", ""01""]",25-01,2025-05-19,14:00,4000,1
3DL-2PM,3D Lotto 2PM,"[""8"", ""6"", ""7""]",8-6-7,2025-05-19,14:00,4500,1
2DL-5PM,2D Lotto 5PM,"[""24"", ""04""]",24-04,2025-05-19,17:00,4000,2
3DL-5PM,3D Lotto 5PM,"[""2"", ""5"", ""5""]",2-5-5,2025-05-19,17:00,4500,1
2DL-9PM,2D Lotto 9PM,"[""31"", ""19""]",31-19,2025-05-19,21:00,4000,0
3DL-9PM,3D Lotto 9PM,"[""1"", ""9"", ""8""]",1-9-8,2025-05-19,21:00,4500,5
4DL,4D Lotto,"[""6"", ""7"", ""7"", ""9""]",6-7-7-9,2025-05-19,21:00,905411,13
GL55,Grand Lotto 6/55,"[""33"", ""51"", ""28"", ""23"", ""31"", ""20""]",33-51-28-23-31-20,2025-05-19,21:00,29700000,0
ML45,Megalotto 6/45,"[""42"", ""15"", ""43"", ""06"", ""26"", ""37""]",42-15-43-06-26-37,2025-05-19,21:00,59005030.4,0
2DL-2PM,2D Lotto 2PM,"[""22"", ""14""]",22-14,2025-05-20,14:00,4000,3
3DL-2PM,3D Lotto 2PM,"[""5"", ""7"", ""3""]",5-7-3,2025-05-20,14:00,4500,1
2DL-5PM,2D Lotto 5PM,"[""03"", ""07""]",03-07,2025-05-20,17:00,4000,1
3DL-5PM,3D Lotto 5PM,"[""7"", ""7"", ""4""]",7-7-4,2025-05-20,17:00,4500,2
2DL-9PM,2D Lotto 9PM,"[""07"", ""01""]",07-01,2025-05-20,21:00,4000,4
3DL-9PM,3D Lotto 9PM,"[""8"", ""9"", ""9""]",8-9-9,2025-05-20,21:00,4500,1
6DL,6D Lotto,"[""5"", ""5"", ""0"", ""5"", ""2"", ""0""]",5-5-0-5-2-0,2025-05-20,21:00,1894600,1
LOTTO42,Lotto 6/42,"[""34"", ""20"", ""23"", ""16"", ""13"", ""03""]",34-20-23-16-13-03,2025-05-20,21:00,58726119.8,0
SL49,Superlotto 6/49,"[""02"", ""35"", ""32"", ""12"", ""07"", ""36""]",02-35-32-12-07-36,2025-05-20,21:00,27015864.6,0
UL58,Ultra Lotto 6/58,"[""21"", ""28"", ""38"", ""52"", ""17"", ""29""]",21-28-38-52-17-29,2025-05-20,21:00,67362412.8,0
2DL-2PM,2D Lotto 2PM,"[""09"", ""07""]",09-07,2025-05-21,14:00,4000,4
3DL-2PM,3D Lotto 2PM,"[""3"", ""6"", ""3""]",3-6-3,2025-05-21,14:00,4500,3
2DL-5PM,2D Lotto 5PM,"[""29"", ""18""]",29-18,2025-05-21,17:00,4000,0
3DL-5PM,3D Lotto 5PM,"[""8"", ""2"", ""0""]",8-2-0,2025-05-21,17:00,4500,0
2DL-9PM,2D Lotto 9PM,"[""17"", ""18""]",17-18,2025-05-21,21:00,4000,2
3DL-9PM,3D Lotto 9PM,"[""6"", ""6"", ""8""]",6-6-8,2025-05-21,21:00,4500,0
4DL,4D Lotto,"[""3"", ""1"", ""0"", ""9""]",3-1-0-9,2025-05-21,21:00,771212,26
GL55,Grand Lotto 6/55,"[""43"", ""24"", ""07"", ""29"", ""08"", ""27""]",43-24-07-29-08-27,2025-05-21,21:00,29700000,0
ML45,Megalotto 6/45,"[""23"", ""25"", ""28"", ""19"", ""10"", ""18""]",23-25-28-19-10-18,2025-05-21,21:00,64712644.6,1
2DL-2PM,2D Lotto 2PM,"[""13"", ""16""]",13-16,2025-05-22,14:00,4000,0
3DL-2PM,3D Lotto 2PM,"[""7"", ""3"", ""2""]",7-3-2,2025-05-22,14:00,4500,1
2DL-5PM,2D Lotto 5PM,"[""22"", ""08""]",22-08,2025-05-22,17:00,4000,3
3DL-5PM,3D Lotto 5PM,"[""2"", ""5"", ""0""]",2-5-0,2025-05-22,17:00,4500,3
2DL-9PM,2D Lotto 9PM,"[""10"", ""06""]",10-06,2025-05-22,21:00,4000,6
3DL-9PM,3D Lotto 9PM,"[""3"", ""5"", ""0""]",3-5-0,2025-05-22,21:00,4500,5
6DL,6D Lotto,"[""9"", ""8"", ""0"", ""1"", ""7"", ""8""]",9-8-0-1-7-8,2025-05-22,21:00,622272,0
LOTTO42,Lotto 6/42,"[""18"", ""39"", ""17"", ""35"", ""29"", ""38""]",18-39-17-35-29-38,2025-05-22,21:00,64959042.6,0
SL49,Superlotto 6/49,"[""03"", ""15"", ""43"", ""19"", ""11"", ""23""]",03-15-43-19-11-23,2025-05-22,21:00,30290919.2,0
2DL-2PM,2D Lotto 2PM,"[""27"", ""25""]",27-25,2025-05-23,14:00,4000,0
3DL-2PM,3D Lotto 2PM,"[""9"", ""2"", ""3""]",9-2-3,2025-05-23,14:00,4500,3
2DL-5PM,2D Lotto 5PM,"[""12"", ""23""]",12-23,2025-05-23,17:00,4000,0
3DL-5PM,3D Lotto 5PM,"[""6"", ""0"", ""5""]",6-0-5,2025-05-23,17:00,4500,0
2DL-9PM,2D Lotto 9PM,"[""13"", ""17""]",13-17,2025-05-23,21:00,4000,3
3DL-9PM,3D Lotto 9PM,"[""4"", ""1"", ""0""]",4-1-0,2025-05-23,21:00,4500,2
4DL,4D Lotto,"[""3"", ""6"", ""2"", ""9""]",3-6-2-9,2025-05-23,21:00,572033,17
ML45,Megalotto 6/45,"[""33"", ""02"", ""21"", ""40"", ""25"", ""05""]",33-02-21-40-25-05,2025-05-23,21:00,8910000,0
UL58,Ultra Lotto 6/58,"[""06"", ""52"", ""18"", ""20"", ""43"", ""42""]",06-52-18-20-43-42,2025-05-23,21:00,72271167.8,0
2DL-2PM,2D Lotto 2PM,"[""01"", ""14""]",01-14,2025-05-24,14:00,4000,0
3DL-2PM,3D Lotto 2PM,"[""2"", ""8"", ""6""]",2-8-6,2025-05-24,14:00,4500,0
2DL-5PM,2D Lotto 5PM,"[""23"", ""13""]",23-13,2025-05-24,17:00,4000,0
3DL-5PM,3D Lotto 5PM,"[""6"", ""4"", ""5""]",6-4-5,2025-05-24,17:00,4500,0
2DL-9PM,2D Lotto 9PM,"[""07"", ""01""]",07-01,2025-05-24,21:00,4000,2
3DL-9PM,3D Lotto 9PM,"[""5"", ""9"", ""6""]",5-9-6,2025-05-24,21:00,4500,3
6DL,6D Lotto,"[""3"", ""5"", ""7"", ""1"", ""9"", ""2""]",3-5-7-1-9-2,2025-05-24,21:00,1022976.84,0
GL55,Grand Lotto 6/55,"[""27"", ""21"", ""49"", ""02"", ""16"", ""07""]",27-21-49-02-16-07,2025-05-24,21:00,29700000,0
LOTTO42,Lotto 6/42,"[""42"", ""22"", ""10"", ""40"", ""24"", ""35""]",42-22-10-40-24-35,2025-05-24,21:00,71671076,0
2DL-2PM,2D Lotto 2PM,"[""08"", ""28""]",08-28,2025-05-25,14:00,4000,2
3DL-2PM,3D Lotto 2PM,"[""0"", ""9"", ""4""]",0-9-4,2025-05-25,14:00,4500,2
2DL-5PM,2D Lotto 5PM,"[""23"", ""18""]",23-18,2025-05-25,17:00,4000,1
3DL-5PM,3D Lotto 5PM,"[""8"", ""6"", ""1""]",8-6-1,2025-05-25,17:00,4500,1
2DL-9PM,2D Lotto 9PM,"[""01"", ""31""]",01-31,2025-05-25,21:00,4000,5
3DL-9PM,3D Lotto 9PM,"[""0"", ""7"", ""7""]",0-7-7,2025-05-25,21:00,4500,0
SL49,Superlotto 6/49,"[""35"", ""13"", ""42"", ""14"", ""24"", ""16""]",35-13-42-14-24-16,2025-05-25,21:00,34162383.6,0
UL58,Ultra Lotto 6/58,"[""57"", ""51"", ""13"", ""47"", ""24"", ""18""]",57-51-13-47-24-18,2025-05-25,21:00,76870794.4,0
2DL-2PM,2D Lotto 2PM,"[""25"", ""18""]",25-18,2025-05-26,14:00,4000,2
3DL-2PM,3D Lotto 2PM,"[""3"", ""3"", ""4""]",3-3-4,2025-05-26,14:00,4500,0
2DL-5PM,2D Lotto 5PM,"[""31"", ""25""]",31-25,2025-05-26,17:00,4000,1
3DL-5PM,3D Lotto 5PM,"[""4"", ""4"", ""7""]",4-4-7,2025-05-26,17:00,4500,1
2DL-9PM,2D Lotto 9PM,"[""13"", ""14""]",13-14,2025-05-26,21:00,4000,4
3DL-9PM,3D Lotto 9PM,"[""2"", ""6"", ""1""]",2-6-1,2025-05-26,21:00,4500,2
4DL,4D Lotto,"[""0"", ""0"", ""9"", ""2""]",0-0-9-2,2025-05-26,21:00,995470,7
GL55,Grand Lotto 6/55,"[""04"", ""19"", ""43"", ""25"", ""47"", ""26""]",04-19-43-25-47-26,2025-05-26,21:00,29700000,0
ML45,Megalotto 6/45,"[""17"", ""05"", ""29"", ""06"", ""01"", ""40""]",17-05-29-06-01-40,2025-05-26,21:00,8910000,0
2DL-2PM,2D Lotto 2PM,"[""02"", ""30""]",02-30,2025-05-27,14:00,4000,0
3DL-2PM,3D Lotto 2PM,"[""2"", ""2"", ""4""]",2-2-4,2025-05-27,14:00,4500,0
2DL-5PM,2D Lotto 5PM,"[""26"", ""26""]",26-26,2025-05-27,17:00,4000,0
3DL-5PM,3D Lotto 5PM,"[""1"", ""9"", ""3""]",1-9-3,2025-05-27,17:00,4500,3
2DL-9PM,2D Lotto 9PM,"[""16"", ""07""]",16-07,2025-05-27,21:00,4000,0
3DL-9PM,3D Lotto 9PM,"[""2"", ""0"", ""5""]",2-0-5,2025-05-27,21:00,4500,1
6DL,6D Lotto,"[""2"", ""9"", ""3"", ""2"", ""5"", ""3""]",2-9-3-2-5-3,2025-05-27,21:00,1468345,1
LOTTO42,Lotto 6/42,"[""07"", ""23"", ""21"", ""15"", ""02"", ""42""]",07-23-21-15-02-42,2025-05-27,21:00,78531109.8,0
SL49,Superlotto 6/49,"[""46"", ""17"", ""12"", ""28"", ""01"", ""19""]",46-17-12-28-01-19,2025-05-27,21:00,37046482.8,0
UL58,Ultra Lotto 6/58,"[""55"", ""57"", ""34"", ""06"", ""42"", ""41""]",55-57-34-06-42-41,2025-05-27,21:00,80820083.2,0
2DL-2PM,2D Lotto 2PM,"[""19"", ""15""]",19-15,2025-05-28,14:00,4000,2
3DL-2PM,3D Lotto 2PM,"[""8"", ""6"", ""6""]",8-6-6,2025-05-28,14:00,4500,2
2DL-5PM,2D Lotto 5PM,"[""12"", ""30""]",12-30,2025-05-28,17:00,4000,0
3DL-5PM,3D Lotto 5PM,"[""2"", ""2"", ""0""]",2-2-0,2025-05-28,17:00,4500,3
2DL-9PM,2D Lotto 9PM,"[""30"", ""02""]",30-02,2025-05-28,21:00,4000,0
3DL-9PM,3D Lotto 9PM,"[""5"", ""0"", ""1""]",5-0-1,2025-05-28,21:00,4500,17
4DL,4D Lotto,"[""8"", ""7"", ""9"", ""2""]",8-7-9-2,2025-05-28,21:00,978808,8
GL55,Grand Lotto 6/55,"[""51"", ""49"", ""21"", ""17"", ""47"", ""54""]",51-49-21-17-47-54,2025-05-28,21:00,29700000,0
ML45,Megalotto 6/45,"[""12"", ""27"", ""36"", ""14"", ""19"", ""29""]",12-27-36-14-19-29,2025-05-28,21:00,10494427.6,0
2DL-2PM,2D Lotto 2PM,"[""27"", ""16""]",27-16,2025-05-29,14:00,4000,0
3DL-2PM,3D Lotto 2PM,"[""6"", ""9"", ""9""]",6-9-9,2025-05-29,14:00,4500,3
2DL-5PM,2D Lotto 5PM,"[""07"", ""12""]",07-12,2025-05-29,17:00,4000,2
3DL-5PM,3D Lotto 5PM,"[""3"", ""4"", ""6""]",3-4-6,2025-05-29,17:00,4500,5
2DL-9PM,2D Lotto 9PM,"[""18"", ""11""]",18-11,2025-05-29,21:00,4000,4
3DL-9PM,3D Lotto 9PM,"[""0"", ""1"", ""5""]",0-1-5,2025-05-29,21:00,4500,5
6DL,6D Lotto,"[""3"", ""9"", ""3"", ""8"", ""0"", ""9""]",3-9-3-8-0-9,2025-05-29,21:00,483952.52,0
LOTTO42,Lotto 6/42,"[""12"", ""27"", ""31"", ""10"", ""24"", ""14""]",12-27-31-10-24-14,2025-05-29,21:00,86040161.2,0
SL49,Superlotto 6/49,"[""41"", ""25"", ""24"", ""03"", ""34"", ""29""]",41-25-24-03-34-29,2025-05-29,21:00,40594126.6,0
2DL-2PM,2D Lotto 2PM,"[""13"", ""11""]",13-11,2025-05-30,14:00,4000,3
3DL-2PM,3D Lotto 2PM,"[""1"", ""8"", ""1""]",1-8-1,2025-05-30,14:00,4500,5
2DL-5PM,2D Lotto 5PM,"[""13"", ""18""]",13-18,2025-05-30,17:00,4000,1
3DL-5PM,3D Lotto 5PM,"[""6"", ""6"", ""4""]",6-6-4,2025-05-30,17:00,4500,8
2DL-9PM,2D Lotto 9PM,"[""11"", ""05""]",11-05,2025-05-30,21:00,4000,10
3DL-9PM,3D Lotto 9PM,"[""7"", ""6"", ""2""]",7-6-2,2025-05-30,21:00,4500,3
4DL,4D Lotto,"[""5"", ""5"", ""9"", ""6""]",5-5-9-6,2025-05-30,21:00,992530,7
ML45,Megalotto 6/45,"[""24"", ""01"", ""30"", ""26"", ""17"", ""04""]",24-01-30-26-17-04,2025-05-30,21:00,13815041.8,0
UL58,Ultra Lotto 6/58,"[""19"", ""12"", ""35"", ""18"", ""29"", ""43""]",19-12-35-18-29-43,2025-05-30,21:00,85753449.2,0
2DL-2PM,2D Lotto 2PM,"[""27"", ""05""]",27-05,2025-05-31,14:00,4000,5
3DL-2PM,3D Lotto 2PM,"[""2"", ""1"", ""7""]",2-1-7,2025-05-31,14:00,4500,5
2DL-5PM,2D Lotto 5PM,"[""29"", ""07""]",29-07,2025-05-31,17:00,4000,1
3DL-5PM,3D Lotto 5PM,"[""6"", ""9"", ""7""]",6-9-7,2025-05-31,17:00,4500,0
2DL-9PM,2D Lotto 9PM,"[""30"", ""04""]",30-04,2025-05-31,21:00,4000,0
3DL-9PM,3D Lotto 9PM,"[""2"", ""3"", ""6""]",2-3-6,2025-05-31,21:00,4500,7
6DL,6D Lotto,"[""8"", ""4"", ""3"", ""7"", ""3"", ""9""]",8-4-3-7-3-9,2025-05-31,21:00,1144422.28,0
GL55,Grand Lotto 6/55,"[""52"", ""33"", ""40"", ""48"", ""31"", ""06""]",52-33-40-48-31-06,2025-05-31,21:00,29700000,0
LOTTO42,Lotto 6/42,"[""42"", ""41"", ""33"", ""17"", ""03"", ""36""]",42-41-33-17-03-36,2025-05-31,21:00,93806443.4,0
2DL-2PM,2D Lotto 2PM,"[""17"", ""06""]",17-06,2025-06-01,14:00,4000,1
3DL-2PM,3D Lotto 2PM,"[""8"", ""0"", ""7""]",8-0-7,2025-06-01,14:00,4500,0
2DL-5PM,2D Lotto 5PM,"[""25"", ""09""]",25-09,2025-06-01,17:00,4000,10
3DL-5PM,3D Lotto 5PM,"[""4"", ""8"", ""5""]",4-8-5,2025-06-01,17:00,4500,3
2DL-9PM,2D Lotto 9PM,"[""17"", ""18""]",17-18,2025-06-01,21:00,4000,5
3DL-9PM,3D Lotto 9PM,"[""7"", ""5"", ""7""]",7-5-7,2025-06-01,21:00,4500,7
SL49,Superlotto 6/49,"[""27"", ""19"", ""23"", ""06"", ""38"", ""10""]",27-19-23-06-38-10,2025-06-01,21:00,44911436.8,0
UL58,Ultra Lotto 6/58,"[""17"", ""28"", ""33"", ""02"", ""49"", ""20""]",17-28-33-02-49-20,2025-06-01,21:00,90813300,0
2DL-2PM,2D Lotto 2PM,"[""02"", ""07""]",02-07,2025-06-02,14:00,4000,7
3DL-2PM,3D Lotto 2PM,"[""7"", ""2"", ""4""]",7-2-4,2025-06-02,14:00,4500,34
2DL-5PM,2D Lotto 5PM,"[""20"", ""25""]",20-25,2025-06-02,17:00,4000,4
3DL-5PM,3D Lotto 5PM,"[""3"", ""7"", ""1""]",3-7-1,2025-06-02,17:00,4500,1
2DL-9PM,2D Lotto 9PM,"[""01"", ""03""]",01-03,2025-06-02,21:00,4000,0
3DL-9PM,3D Lotto 9PM,"[""7"", ""3"", ""8""]",7-3-8,2025-06-02,21:00,4500,1
4DL,4D Lotto,"[""5"", ""2"", ""7"", ""1""]",5-2-7-1,2025-06-02,21:00,910400,40
GL55,Grand Lotto 6/55,"[""36"", ""12"", ""02"", ""26"", ""51"", ""29""]",36-12-02-26-51-29,2025-06-02,21:00,29700000,0
ML45,Megalotto 6/45,"[""14"", ""42"", ""37"", ""10"", ""18"", ""27""]",14-42-37-10-18-27,2025-06-02,21:00,17723222.8,0
2DL-2PM,2D Lotto 2PM,"[""09"", ""15""]",09-15,2025-06-03,14:00,4000,1
3DL-2PM,3D Lotto 2PM,"[""4"", ""6"", ""9""]",4-6-9,2025-06-03,14:00,4500,1
2DL-5PM,2D Lotto 5PM,"[""11"", ""08""]",11-08,2025-06-03,17:00,4000,5
3DL-5PM,3D Lotto 5PM,"[""2"", ""6"", ""3""]",2-6-3,2025-06-03,17:00,4500,0
2DL-9PM,2D Lotto 9PM,"[""24"", ""20""]",24-20,2025-06-03,21:00,4000,4
3DL-9PM,3D Lotto 9PM,"[""7"", ""1"", ""0""]",7-1-0,2025-06-03,21:00,4500,9
6DL,6D Lotto,"[""9"", ""6"", ""9"", ""4"", ""2"", ""2""]",9-6-9-4-2-2,2025-06-03,21:00,1726555.64,0
LOTTO42,Lotto 6/42,"[""05"", ""22"", ""14"", ""03"", ""23"", ""11""]",05-22-14-03-23-11,2025-06-03,21:00,102346298,1
SL49,Superlotto 6/49,"[""21"", ""43"", ""47"", ""17"", ""45"", ""19""]",21-43-47-17-45-19,2025-06-03,21:00,48050797,0
UL58,Ultra Lotto 6/58,"[""02"", ""18"", ""28"", ""19"", ""41"", ""26""]",02-18-28-19-41-26,2025-06-03,21:00,94914130.4,0
2DL-2PM,2D Lotto 2PM,"[""09"", ""05""]",09-05,2025-06-04,14:00,4000,2
3DL-2PM,3D Lotto 2PM,"[""2"", ""6"", ""2""]",2-6-2,2025-06-04,14:00,4500,1
2DL-5PM,2D Lotto 5PM,"[""14"", ""23""]",14-23,2025-06-04,17:00,4000,1
3DL-5PM,3D Lotto 5PM,"[""2"", ""7"", ""7""]",2-7-7,2025-06-04,17:00,4500,1
2DL-9PM,2D Lotto 9PM,"[""04"", ""18""]",04-18,2025-06-04,21:00,4000,1
3DL-9PM,3D Lotto 9PM,"[""2"", ""0"", ""9""]",2-0-9,2025-06-04,21:00,4500,0
4DL,4D Lotto,"[""5"", ""2"", ""3"", ""6""]",5-2-3-6,2025-06-04,21:00,912752,16
GL55,Grand Lotto 6/55,"[""53"", ""26"", ""03"", ""22"", ""01"", ""06""]",53-26-03-22-01-06,2025-06-04,21:00,29700000,0
ML45,Megalotto 6/45,"[""42"", ""28"", ""04"", ""29"", ""10"", ""30""]",42-28-04-29-10-30,2025-06-04,21:00,21749042.2,1
2DL-2PM,2D Lotto 2PM,"[""24"", ""17""]",24-17,2025-06-05,14:00,4000,7
3DL-2PM,3D Lotto 2PM,"[""2"", ""4"", ""7""]",2-4-7,2025-06-05,14:00,4500,1
2DL-5PM,2D Lotto 5PM,"[""02"", ""18""]",02-18,2025-06-05,17:00,4000,1
3DL-5PM,3D Lotto 5PM,"[""1"", ""5"", ""6""]",1-5-6,2025-06-05,17:00,4500,4
2DL-9PM,2D Lotto 9PM,"[""13"", ""10""]",13-10,2025-06-05,21:00,4000,2
3DL-9PM,3D Lotto 9PM,"[""1"", ""4"", ""3""]",1-4-3,2025-06-05,21:00,4500,6
6DL,6D Lotto,"[""8"", ""3"", ""4"", ""4"", ""9"", ""2""]",8-3-4-4-9-2,2025-06-05,21:00,2508611.8,0
LOTTO42,Lotto 6/42,"[""10"", ""40"", ""34"", ""12"", ""36"", ""16""]",10-40-34-12-36-16,2025-06-05,21:00,5940000,0
SL49,Superlotto 6/49,"[""37"", ""11"", ""28"", ""41"", ""35"", ""12""]",37-11-28-41-35-12,2025-06-05,21:00,53078892.8,0
2DL-2PM,2D Lotto 2PM,"[""12"", ""26""]",12-26,2025-06-06,14:00,4000,2
3DL-2PM,3D Lotto 2PM,"[""1"", ""5"", ""9""]",1-5-9,2025-06-06,14:00,4500,2
2DL-5PM,2D Lotto 5PM,"[""17"", ""12""]",17-12,2025-06-06,17:00,4000,3
3DL-5PM,3D Lotto 5PM,"[""0"", ""8"", ""7""]",0-8-7,2025-06-06,17:00,4500,0
2DL-9PM,2D Lotto 9PM,"[""11"", ""06""]",11-06,2025-06-06,21:00,4000,15
3DL-9PM,3D Lotto 9PM,"[""3"", ""5"", ""0""]",3-5-0,2025-06-06,21:00,4500,3
4DL,4D Lotto,"[""5"", ""0"", ""3"", ""7""]",5-0-3-7,2025-06-06,21:00,913094,14
ML45,Megalotto 6/45,"[""36"", ""12"", ""02"", ""27"", ""21"", ""14""]",36-12-02-27-21-14,2025-06-06,21:00,8910000,0
UL58,Ultra Lotto 6/58,"[""29"", ""57"", ""06"", ""10"", ""33"", ""12""]",29-57-06-10-33-12,2025-06-06,21:00,100698625.6,0
2DL-2PM,2D Lotto 2PM,"[""18"", ""08""]",18-08,2025-06-07,14:00,4000,3
3DL-2PM,3D Lotto 2PM,"[""1"", ""2"", ""2""]",1-2-2,2025-06-07,14:00,4500,3
2DL-5PM,2D Lotto 5PM,"[""20"", ""31""]",20-31,2025-06-07,17:00,4000,0
3DL-5PM,3D Lotto 5PM,"[""9"", ""6"", ""9""]",9-6-9,2025-06-07,17:00,4500,6
2DL-9PM,2D Lotto 9PM,"[""10"", ""12""]",10-12,2025-06-07,21:00,4000,9
3DL-9PM,3D Lotto 9PM,"[""5"", ""7"", ""9""]",5-7-9,2025-06-07,21:00,4500,3
6DL,6D Lotto,"[""0"", ""3"", ""5"", ""8"", ""6"", ""0""]",0-3-5-8-6-0,2025-06-07,21:00,3000349.76,0
GL55,Grand Lotto 6/55,"[""17"", ""19"", ""02"", ""06"", ""09"", ""42""]",17-19-02-06-09-42,2025-06-07,21:00,31679141,0
LOTTO42,Lotto 6/42,"[""21"", ""22"", ""32"", ""33"", ""31"", ""03""]",21-22-32-33-31-03,2025-06-07,21:00,7027614.2,0
2DL-2PM,2D Lotto 2PM,"[""22"", ""29""]",22-29,2025-06-08,14:00,4000,0
3DL-2PM,3D Lotto 2PM,"[""8"", ""2"", ""4""]",8-2-4,2025-06-08,14:00,4500,6
2DL-5PM,2D Lotto 5PM,"[""15"", ""21""]",15-21,2025-06-08,17:00,4000,7
3DL-5PM,3D Lotto 5PM,"[""1"", ""3"", ""3""]",1-3-3,2025-06-08,17:00,4500,0
2DL-9PM,2D Lotto 9PM,"[""29"", ""03""]",29-03,2025-06-08,21:00,4000,2
3DL-9PM,3D Lotto 9PM,"[""0"", ""3"", ""9""]",0-3-9,2025-06-08,21:00,4500,2
SL49,Superlotto 6/49,"[""37"", ""22"", ""30"", ""01"", ""26"", ""27""]",37-22-30-01-26-27,2025-06-08,21:00,57908146.4,0
UL58,Ultra Lotto 6/58,"[""04"", ""28"", ""38"", ""39"", ""23"", ""49""]",04-28-38-39-23-49,2025-06-08,21:00,106788318,0
2DL-2PM,2D Lotto 2PM,"[""11"", ""01""]",11-01,2025-06-09,14:00,4000,5
3DL-2PM,3D Lotto 2PM,"[""1"", ""2"", ""0""]",1-2-0,2025-06-09,14:00,4500,11
2DL-5PM,2D Lotto 5PM,"[""27"", ""20""]",27-20,2025-06-09,17:00,4000,1
3DL-5PM,3D Lotto 5PM,"[""5"", ""9"", ""2""]",5-9-2,2025-06-09,17:00,4500,1
2DL-9PM,2D Lotto 9PM,"[""04"", ""12""]",04-12,2025-06-09,21:00,4000,4
3DL-9PM,3D Lotto 9PM,"[""6"", ""4"", ""2""]",6-4-2,2025-06-09,21:00,4500,5
4DL,4D Lotto,"[""8"", ""0"", ""8"", ""9""]",8-0-8-9,2025-06-09,21:00,800814,23
GL55,Grand Lotto 6/55,"[""43"", ""17"", ""37"", ""09"", ""53"", ""04""]",43-17-37-09-53-04,2025-06-09,21:00,35456847.8,0
ML45,Megalotto 6/45,"[""32"", ""02"", ""28"", ""15"", ""18"", ""08""]",32-02-28-15-18-08,2025-06-09,21:00,8910000,0
2DL-2PM,2D Lotto 2PM,"[""22"", ""04""]",22-04,2025-06-10,14:00,4000,5
3DL-2PM,3D Lotto 2PM,"[""8"", ""2"", ""3""]",8-2-3,2025-06-10,14:00,4500,0
2DL-5PM,2D Lotto 5PM,"[""14"", ""13""]",14-13,2025-06-10,17:00,4000,1
3DL-5PM,3D Lotto 5PM,"[""8"", ""6"", ""4""]",8-6-4,2025-06-10,17:00,4500,0
2DL-9PM,2D Lotto 9PM,"[""23"", ""22""]",23-22,2025-06-10,21:00,4000,0
3DL-9PM,3D Lotto 9PM,"[""9"", ""8"", ""5""]",9-8-5,2025-06-10,21:00,4500,3
6DL,6D Lotto,"[""4"", ""4"", ""0"", ""6"", ""5"", ""7""]",4-4-0-6-5-7,2025-06-10,21:00,3734121.28,0
LOTTO42,Lotto 6/42,"[""25"", ""09"", ""33"", ""10"", ""20"", ""30""]",25-09-33-10-20-30,2025-06-10,21:00,10068136.4,0
SL49,Superlotto 6/49,"[""23"", ""20"", ""22"", ""41"", ""39"", ""19""]",23-20-22-41-39-19,2025-06-10,21:00,61972542.2,0
UL58,Ultra Lotto 6/58,"[""43"", ""32"", ""47"", ""31"", ""01"", ""08""]",43-32-47-31-01-08,2025-06-10,21:00,112369933.6,0
2DL-2PM,2D Lotto 2PM,"[""05"", ""28""]",05-28,2025-06-11,14:00,4000,0
3DL-2PM,3D Lotto 2PM,"[""7"", ""8"", ""0""]",7-8-0,2025-06-11,14:00,4500,1
2DL-5PM,2D Lotto 5PM,"[""04"", ""28""]",04-28,2025-06-11,17:00,4000,2
3DL-5PM,3D Lotto 5PM,"[""7"", ""0"", ""5""]",7-0-5,2025-06-11,17:00,4500,2
2DL-9PM,2D Lotto 9PM,"[""01"", ""07""]",01-07,2025-06-11,21:00,4000,10
3DL-9PM,3D Lotto 9PM,"[""3"", ""3"", ""8""]",3-3-8,2025-06-11,21:00,4500,1
4DL,4D Lotto,"[""3"", ""4"", ""8"", ""3""]",3-4-8-3,2025-06-11,21:00,994760,8
GL55,Grand Lotto 6/55,"[""25"", ""32"", ""46"", ""44"", ""26"", ""36""]",25-32-46-44-26-36,2025-06-11,21:00,39361064.8,0
ML45,Megalotto 6/45,"[""14"", ""39"", ""10"", ""17"", ""44"", ""41""]",14-39-10-17-44-41,2025-06-11,21:00,9996380.2,0
2DL-2PM,2D Lotto 2PM,"[""13"", ""31""]",13-31,2025-06-12,14:00,4000,8
3DL-2PM,3D Lotto 2PM,"[""4"", ""4"", ""0""]",4-4-0,2025-06-12,14:00,4500,17
2DL-5PM,2D Lotto 5PM,"[""22"", ""04""]",22-04,2025-06-12,17:00,4000,1
3DL-5PM,3D Lotto 5PM,"[""2"", ""4"", ""9""]",2-4-9,2025-06-12,17:00,4500,0
2DL-9PM,2D Lotto 9PM,"[""29"", ""11""]",29-11,2025-06-12,21:00,4000,2
3DL-9PM,3D Lotto 9PM,"[""1"", ""4"", ""2""]",1-4-2,2025-06-12,21:00,4500,4
6DL,6D Lotto,"[""7"", ""2"", ""7"", ""3"", ""9"", ""7""]",7-2-7-3-9-7,2025-06-12,21:00,4421496,0
LOTTO42,Lotto 6/42,"[""05"", ""13"", ""14"", ""30"", ""25"", ""42""]",05-13-14-30-25-42,2025-06-12,21:00,13536866.8,0
SL49,Superlotto 6/49,"[""07"", ""14"", ""16"", ""08"", ""46"", ""06""]",07-14-16-08-46-06,2025-06-12,21:00,67157511.2,0
2DL-2PM,2D Lotto 2PM,"[""06"", ""12""]",06-12,2025-06-13,14:00,4000,3
3DL-2PM,3D Lotto 2PM,"[""7"", ""9"", ""2""]",7-9-2,2025-06-13,14:00,4500,0
2DL-5PM,2D Lotto 5PM,"[""14"", ""26""]",14-26,2025-06-13,17:00,4000,2
3DL-5PM,3D Lotto 5PM,"[""6"", ""3"", ""2""]",6-3-2,2025-06-13,17:00,4500,2
2DL-9PM,2D Lotto 9PM,"[""10"", ""01""]",10-01,2025-06-13,21:00,4000,3
3DL-9PM,3D Lotto 9PM,"[""7"", ""3"", ""2""]",7-3-2,2025-06-13,21:00,4500,9
4DL,4D Lotto,"[""4"", ""3"", ""1"", ""1""]",4-3-1-1,2025-06-13,21:00,513330,30
ML45,Megalotto 6/45,"[""12"", ""07"", ""35"", ""03"", ""30"", ""13""]",12-07-35-03-30-13,2025-06-13,21:00,13546459.6,0
UL58,Ultra Lotto 6/58,"[""50"", ""57"", ""12"", ""23"", ""39"", ""05""]",50-57-12-23-39-05,2025-06-13,21:00,119353230.8,0
2DL-2PM,2D Lotto 2PM,"[""04"", ""31""]",04-31,2025-06-14,14:00,4000,0
3DL-2PM,3D Lotto 2PM,"[""7"", ""0"", ""8""]",7-0-8,2025-06-14,14:00,4500,0
2DL-5PM,2D Lotto 5PM,"[""06"", ""13""]",06-13,2025-06-14,17:00,4000,6
3DL-5PM,3D Lotto 5PM,"[""8"", ""8"", ""4""]",8-8-4,2025-06-14,17:00,4500,0
2DL-9PM,2D Lotto 9PM,"[""30"", ""23""]",30-23,2025-06-14,21:00,4000,0
3DL-9PM,3D Lotto 9PM,"[""7"", ""8"", ""6""]",7-8-6,2025-06-14,21:00,4500,2
6DL,6D Lotto,"[""9"", ""6"", ""0"", ""0"", ""3"", ""0""]",9-6-0-0-3-0,2025-06-14,21:00,5207268.24,0
GL55,Grand Lotto 6/55,"[""33"", ""55"", ""48"", ""19"", ""01"", ""50""]",33-55-48-19-01-50,2025-06-14,21:00,43493802.2,0
LOTTO42,Lotto 6/42,"[""26"", ""05"", ""01"", ""20"", ""09"", ""37""]",26-05-01-20-09-37,2025-06-14,21:00,17563262,0
2DL-2PM,2D Lotto 2PM,"[""20"", ""18""]",20-18,2025-06-15,14:00,4000,4
3DL-2PM,3D Lotto 2PM,"[""4"", ""4"", ""0""]",4-4-0,2025-06-15,14:00,4500,1
2DL-5PM,2D Lotto 5PM,"[""11"", ""31""]",11-31,2025-06-15,17:00,4000,0
3DL-5PM,3D Lotto 5PM,"[""4"", ""7"", ""8""]",4-7-8,2025-06-15,17:00,4500,8
2DL-9PM,2D Lotto 9PM,"[""22"", ""24""]",22-24,2025-06-15,21:00,4000,12
3DL-9PM,3D Lotto 9PM,"[""3"", ""1"", ""8""]",3-1-8,2025-06-15,21:00,4500,2
SL49,Superlotto 6/49,"[""35"", ""32"", ""19"", ""14"", ""12"", ""43""]",35-32-19-14-12-43,2025-06-15,21:00,72198130,0
UL58,Ultra Lotto 6/58,"[""28"", ""52"", ""43"", ""50"", ""02"", ""18""]",28-52-43-50-02-18,2025-06-15,21:00,125693094,0
2DL-2PM,2D Lotto 2PM,"[""20"", ""24""]",20-24,2025-06-16,14:00,4000,0
3DL-2PM,3D Lotto 2PM,"[""2"", ""0"", ""6""]",2-0-6,2025-06-16,14:00,4500,2
2DL-5PM,2D Lotto 5PM,"[""14"", ""25""]",14-25,2025-06-16,17:00,4000,1
3DL-5PM,3D Lotto 5PM,"[""3"", ""9"", ""6""]",3-9-6,2025-06-16,17:00,4500,3
2DL-9PM,2D Lotto 9PM,"[""05"", ""29""]",05-29,2025-06-16,21:00,4000,0
3DL-9PM,3D Lotto 9PM,"[""5"", ""4"", ""9""]",5-4-9,2025-06-16,21:00,4500,4
4DL,4D Lotto,"[""2"", ""0"", ""0"", ""8""]",2-0-0-8,2025-06-16,21:00,950000,95
GL55,Grand Lotto 6/55,"[""36"", ""32"", ""28"", ""14"", ""49"", ""45""]",36-32-28-14-49-45,2025-06-16,21:00,47492275.4,0
ML45,Megalotto 6/45,"[""08"", ""22"", ""20"", ""41"", ""29"", ""42""]",08-22-20-41-29-42,2025-06-16,21:00,17357253.8,0
2DL-2PM,2D Lotto 2PM,"[""05"", ""16""]",05-16,2025-06-17,14:00,4000,7
3DL-2PM,3D Lotto 2PM,"[""3"", ""3"", ""0""]",3-3-0,2025-06-17,14:00,4500,0
2DL-5PM,2D Lotto 5PM,"[""07"", ""10""]",07-10,2025-06-17,17:00,4000,0
3DL-5PM,3D Lotto 5PM,"[""4"", ""0"", ""8""]",4-0-8,2025-06-17,17:00,4500,5
2DL-9PM,2D Lotto 9PM,"[""29"", ""13""]",29-13,2025-06-17,21:00,4000,4
3DL-9PM,3D Lotto 9PM,"[""9"", ""1"", ""1""]",9-1-1,2025-06-17,21:00,4500,11
6DL,6D Lotto,"[""5"", ""9"", ""9"", ""1"", ""1"", ""4""]",5-9-9-1-1-4,2025-06-17,21:00,5901935.92,0
LOTTO42,Lotto 6/42,"[""06"", ""30"", ""17"", ""41"", ""04"", ""18""]",06-30-17-41-04-18,2025-06-17,21:00,21080522.8,0
SL49,Superlotto 6/49,"[""27"", ""19"", ""08"", ""21"", ""46"", ""24""]",27-19-08-21-46-24,2025-06-17,21:00,76466205,0
UL58,Ultra Lotto 6/58,"[""45"", ""01"", ""19"", ""09"", ""44"", ""11""]",45-01-19-09-44-11,2025-06-17,21:00,131566412,0
2DL-2PM,2D Lotto 2PM,"[""21"", ""01""]",21-01,2025-06-18,14:00,4000,0
3DL-2PM,3D Lotto 2PM,"[""7"", ""9"", ""1""]",7-9-1,2025-06-18,14:00,4500,5
2DL-5PM,2D Lotto 5PM,"[""15"", ""31""]",15-31,2025-06-18,17:00,4000,2
3DL-5PM,3D Lotto 5PM,"[""4"", ""2"", ""4""]",4-2-4,2025-06-18,17:00,4500,0
2DL-9PM,2D Lotto 9PM,"[""16"", ""14""]",16-14,2025-06-18,21:00,4000,3
3DL-9PM,3D Lotto 9PM,"[""0"", ""0"", ""3""]",0-0-3,2025-06-18,21:00,4500,1
4DL,4D Lotto,"[""5"", ""8"", ""4"", ""5""]",5-8-4-5,2025-06-18,21:00,947225,25
GL55,Grand Lotto 6/55,"[""03"", ""45"", ""05"", ""18"", ""21"", ""28""]",03-45-05-18-21-28,2025-06-18,21:00,51481844,0
ML45,Megalotto 6/45,"[""29"", ""15"", ""44"", ""05"", ""08"", ""31""]",29-15-44-05-08-31,2025-06-18,21:00,21125006.6,0
2DL-2PM,2D Lotto 2PM,"[""04"", ""23""]",04-23,2025-06-19,14:00,4000,2
3DL-2PM,3D Lotto 2PM,"[""6"", ""9"", ""9""]",6-9-9,2025-06-19,14:00,4500,0
2DL-5PM,2D Lotto 5PM,"[""20"", ""09""]",20-09,2025-06-19,17:00,4000,6
3DL-5PM,3D Lotto 5PM,"[""8"", ""2"", ""5""]",8-2-5,2025-06-19,17:00,4500,0
2DL-9PM,2D Lotto 9PM,"[""20"", ""25""]",20-25,2025-06-19,21:00,4000,4
3DL-9PM,3D Lotto 9PM,"[""3"", ""2"", ""2""]",3-2-2,2025-06-19,21:00,4500,3
6DL,6D Lotto,"[""8"", ""3"", ""5"", ""4"", ""6"", ""6""]",8-3-5-4-6-6,2025-06-19,21:00,6638583.68,0
LOTTO42,Lotto 6/42,"[""02"", ""14"", ""16"", ""28"", ""22"", ""30""]",02-14-16-28-22-30,2025-06-19,21:00,25051343.8,1
SL49,Superlotto 6/49,"[""19"", ""33"", ""26"", ""18"", ""17"", ""39""]",19-33-26-18-17-39,2025-06-19,21:00,81897783.6,0
2DL-2PM,2D Lotto 2PM,"[""22"", ""07""]",22-07,2025-06-20,14:00,4000,3
3DL-2PM,3D Lotto 2PM,"[""1"", ""3"", ""3""]",1-3-3,2025-06-20,14:00,4500,3
2DL-5PM,2D Lotto 5PM,"[""10"", ""11""]",10-11,2025-06-20,17:00,4000,2
3DL-5PM,3D Lotto 5PM,"[""7"", ""6"", ""6""]",7-6-6,2025-06-20,17:00,4500,0
2DL-9PM,2D Lotto 9PM,"[""26"", ""04""]",26-04,2025-06-20,21:00,4000,0
3DL-9PM,3D Lotto 9PM,"[""5"", ""1"", ""9""]",5-1-9,2025-06-20,21:00,4500,0
4DL,4D Lotto,"[""7"", ""9"", ""4"", ""4""]",7-9-4-4,2025-06-20,21:00,833156,4
ML45,Megalotto 6/45,"[""23"", ""04"", ""05"", ""06"", ""24"", ""44""]",23-04-05-06-24-44,2025-06-20,21:00,25002216.6,0
UL58,Ultra Lotto 6/58,"[""23"", ""27"", ""51"", ""38"", ""20"", ""22""]",23-27-51-38-20-22,2025-06-20,21:00,138703022.8,0
2DL-2PM,2D Lotto 2PM,"[""07"", ""30""]",07-30,2025-06-21,14:00,4000,1
3DL-2PM,3D Lotto 2PM,"[""5"", ""1"", ""6""]",5-1-6,2025-06-21,14:00,4500,0
2DL-5PM,2D Lotto 5PM,"[""08"", ""11""]",08-11,2025-06-21,17:00,4000,1
3DL-5PM,3D Lotto 5PM,"[""5"", ""0"", ""0""]",5-0-0,2025-06-21,17:00,4500,0
2DL-9PM,2D Lotto 9PM,"[""12"", ""06""]",12-06,2025-06-21,21:00,4000,7
3DL-9PM,3D Lotto 9PM,"[""1"", ""3"", ""1""]",1-3-1,2025-06-21,21:00,4500,4
6DL,6D Lotto,"[""5"", ""6"", ""8"", ""3"", ""1"", ""5""]",5-6-8-3-1-5,2025-06-21,21:00,7389192,4
GL55,Grand Lotto 6/55,"[""05"", ""08"", ""22"", ""06"", ""02"", ""45""]",05-08-22-06-02-45,2025-06-21,21:00,55799907.4,0
LOTTO42,Lotto 6/42,"[""11"", ""17"", ""30"", ""31"", ""04"", ""33""]",11-17-30-31-04-33,2025-06-21,21:00,5940000,0
2DL-2PM,2D Lotto 2PM,"[""17"", ""20""]",17-20,2025-06-22,14:00,4000,0
3DL-2PM,3D Lotto 2PM,"[""2"", ""0"", ""3""]",2-0-3,2025-06-22,14:00,4500,5
2DL-5PM,2D Lotto 5PM,"[""20"", ""13""]",20-13,2025-06-22,17:00,4000,0
3DL-5PM,3D Lotto 5PM,"[""0"", ""7"", ""8""]",0-7-8,2025-06-22,17:00,4500,0
2DL-9PM,2D Lotto 9PM,"[""22"", ""19""]",22-19,2025-06-22,21:00,4000,1
3DL-9PM,3D Lotto 9PM,"[""8"", ""7"", ""1""]",8-7-1,2025-06-22,21:00,4500,3
SL49,Superlotto 6/49,"[""11"", ""38"", ""21"", ""22"", ""28"", ""36""]",11-38-21-22-28-36,2025-06-22,21:00,87281882.2,0
UL58,Ultra Lotto 6/58,"[""34"", ""54"", ""23"", ""58"", ""15"", ""07""]",34-54-23-58-15-07,2025-06-22,21:00,145295283.2,0
2DL-2PM,2D Lotto 2PM,"[""27"", ""22""]",27-22,2025-06-23,14:00,4000,8
3DL-2PM,3D Lotto 2PM,"[""3"", ""5"", ""5""]",3-5-5,2025-06-23,14:00,4500,3
2DL-5PM,2D Lotto 5PM,"[""01"", ""09""]",01-09,2025-06-23,17:00,4000,4
3DL-5PM,3D Lotto 5PM,"[""5"", ""7"", ""4""]",5-7-4,2025-06-23,17:00,4500,2
2DL-9PM,2D Lotto 9PM,"[""02"", ""30""]",02-30,2025-06-23,21:00,4000,0
3DL-9PM,3D Lotto 9PM,"[""2"", ""0"", ""3""]",2-0-3,2025-06-23,21:00,4500,3
4DL,4D Lotto,"[""7"", ""0"", ""7"", ""8""]",7-0-7-8,2025-06-23,21:00,903188,13
GL55,Grand Lotto 6/55,"[""18"", ""08"", ""42"", ""03"", ""32"", ""24""]",18-08-42-03-32-24,2025-06-23,21:00,59628474.6,0
ML45,Megalotto 6/45,"[""23"", ""36"", ""42"", ""12"", ""19"", ""18""]",23-36-42-12-19-18,2025-06-23,21:00,28803092,0
2DL-2PM,2D Lotto 2PM,"[""11"", ""07""]",11-07,2025-06-24,14:00,4000,3
3DL-2PM,3D Lotto 2PM,"[""4"", ""2"", ""2""]",4-2-2,2025-06-24,14:00,4500,6
2DL-5PM,2D Lotto 5PM,"[""02"", ""11""]",02-11,2025-06-24,17:00,4000,0
3DL-5PM,3D Lotto 5PM,"[""6"", ""4"", ""8""]",6-4-8,2025-06-24,17:00,4500,0
2DL-9PM,2D Lotto 9PM,"[""17"", ""02""]",17-02,2025-06-24,21:00,4000,15
3DL-9PM,3D Lotto 9PM,"[""1"", ""4"", ""3""]",1-4-3,2025-06-24,21:00,4500,0
6DL,6D Lotto,"[""5"", ""4"", ""3"", ""1"", ""1"", ""7""]",5-4-3-1-1-7,2025-06-24,21:00,190935.16,0
LOTTO42,Lotto 6/42,"[""24"", ""31"", ""13"", ""22"", ""09"", ""37""]",24-31-13-22-09-37,2025-06-24,21:00,5940000,0
SL49,Superlotto 6/49,"[""40"", ""12"", ""36"", ""15"", ""08"", ""13""]",40-12-36-15-08-13,2025-06-24,21:00,91915425.2,0
UL58,Ultra Lotto 6/58,"[""30"", ""20"", ""31"", ""12"", ""03"", ""23""]",30-20-31-12-03-23,2025-06-24,21:00,151270025.6,0
2DL-2PM,2D Lotto 2PM,"[""15"", ""19""]",15-19,2025-06-25,14:00,4000,3
3DL-2PM,3D Lotto 2PM,"[""3"", ""0"", ""5""]",3-0-5,2025-06-25,14:00,4500,1
2DL-5PM,2D Lotto 5PM,"[""19"", ""12""]",19-12,2025-06-25,17:00,4000,4
3DL-5PM,3D Lotto 5PM,"[""6"", ""1"", ""4""]",6-1-4,2025-06-25,17:00,4500,5
2DL-9PM,2D Lotto 9PM,"[""21"", ""31""]",21-31,2025-06-25,21:00,4000,4
3DL-9PM,3D Lotto 9PM,"[""7"", ""5"", ""5""]",7-5-5,2025-06-25,21:00,4500,2
4DL,4D Lotto,"[""9"", ""7"", ""0"", ""5""]",9-7-0-5,2025-06-25,21:00,887328,18
GL55,Grand Lotto 6/55,"[""01"", ""07"", ""02"", ""11"", ""41"", ""37""]",01-07-02-11-41-37,2025-06-25,21:00,63655396.2,0
ML45,Megalotto 6/45,"[""36"", ""13"", ""27"", ""43"", ""34"", ""24""]",36-13-27-43-34-24,2025-06-25,21:00,32723870.8,0
2DL-2PM,2D Lotto 2PM,"[""05"", ""19""]",05-19,2025-06-26,14:00,4000,4
3DL-2PM,3D Lotto 2PM,"[""6"", ""1"", ""2""]",6-1-2,2025-06-26,14:00,4500,6
2DL-5PM,2D Lotto 5PM,"[""10"", ""18""]",10-18,2025-06-26,17:00,4000,0
3DL-5PM,3D Lotto 5PM,"[""3"", ""9"", ""6""]",3-9-6,2025-06-26,17:00,4500,4
2DL-9PM,2D Lotto 9PM,"[""03"", ""15""]",03-15,2025-06-26,21:00,4000,9
3DL-9PM,3D Lotto 9PM,"[""6"", ""7"", ""4""]",6-7-4,2025-06-26,21:00,4500,3
6DL,6D Lotto,"[""0"", ""4"", ""7"", ""4"", ""1"", ""1""]",0-4-7-4-1-1,2025-06-26,21:00,592334.44,0
LOTTO42,Lotto 6/42,"[""25"", ""02"", ""23"", ""18"", ""05"", ""24""]",25-02-23-18-05-24,2025-06-26,21:00,9056625,0
SL49,Superlotto 6/49,"[""25"", ""08"", ""05"", ""27"", ""18"", ""16""]",25-08-05-27-18-16,2025-06-26,21:00,97897380.4,1
2DL-2PM,2D Lotto 2PM,"[""19"", ""15""]",19-15,2025-06-27,14:00,4000,5
3DL-2PM,3D Lotto 2PM,"[""2"", ""5"", ""6""]",2-5-6,2025-06-27,14:00,4500,9
2DL-5PM,2D Lotto 5PM,"[""16"", ""16""]",16-16,2025-06-27,17:00,4000,1
3DL-5PM,3D Lotto 5PM,"[""7"", ""1"", ""8""]",7-1-8,2025-06-27,17:00,4500,2
2DL-9PM,2D Lotto 9PM,"[""09"", ""20""]",09-20,2025-06-27,21:00,4000,0
3DL-9PM,3D Lotto 9PM,"[""0"", ""4"", ""4""]",0-4-4,2025-06-27,21:00,4500,9
4DL,4D Lotto,"[""8"", ""7"", ""0"", ""4""]",8-7-0-4,2025-06-27,21:00,833586,13
ML45,Megalotto 6/45,"[""24"", ""25"", ""12"", ""43"", ""02"", ""42""]",24-25-12-43-02-42,2025-06-27,21:00,36892798.4,0
UL58,Ultra Lotto 6/58,"[""09"", ""23"", ""57"", ""01"", ""15"", ""39""]",09-23-57-01-15-39,2025-06-27,21:00,158689842.4,0
2DL-2PM,2D Lotto 2PM,"[""04"", ""04""]",04-04,2025-06-28,14:00,4000,0
3DL-2PM,3D Lotto 2PM,"[""7"", ""5"", ""9""]",7-5-9,2025-06-28,14:00,4500,7
2DL-5PM,2D Lotto 5PM,"[""26"", ""15""]",26-15,2025-06-28,17:00,4000,0
3DL-5PM,3D Lotto 5PM,"[""1"", ""1"", ""4""]",1-1-4,2025-06-28,17:00,4500,8
2DL-9PM,2D Lotto 9PM,"[""29"", ""31""]",29-31,2025-06-28,21:00,4000,2
3DL-9PM,3D Lotto 9PM,"[""6"", ""2"", ""5""]",6-2-5,2025-06-28,21:00,4500,4
6DL,6D Lotto,"[""5"", ""1"", ""0"", ""0"", ""6"", ""0""]",5-1-0-0-6-0,2025-06-28,21:00,1256595.4,0
GL55,Grand Lotto 6/55,"[""05"", ""03"", ""42"", ""27"", ""45"", ""34""]",05-03-42-27-45-34,2025-06-28,21:00,68282103.6,0
LOTTO42,Lotto 6/42,"[""26"", ""11"", ""03"", ""20"", ""36"", ""29""]",26-11-03-20-36-29,2025-06-28,21:00,12610136.6,0
2DL-2PM,2D Lotto 2PM,"[""03"", ""26""]",03-26,2025-06-29,14:00,4000,12
3DL-2PM,3D Lotto 2PM,"[""0"", ""4"", ""4""]",0-4-4,2025-06-29,14:00,4500,2
2DL-5PM,2D Lotto 5PM,"[""13"", ""27""]",13-27,2025-06-29,17:00,4000,5
3DL-5PM,3D Lotto 5PM,"[""7"", ""7"", ""5""]",7-7-5,2025-06-29,17:00,4500,0
2DL-9PM,2D Lotto 9PM,"[""30"", ""25""]",30-25,2025-06-29,21:00,4000,9
3DL-9PM,3D Lotto 9PM,"[""9"", ""7"", ""2""]",9-7-2,2025-06-29,21:00,4500,1
SL49,Superlotto 6/49,"[""05"", ""32"", ""25"", ""46"", ""06"", ""14""]",05-32-25-46-06-14,2025-06-29,21:00,15840000,0
UL58,Ultra Lotto 6/58,"[""14"", ""36"", ""17"", ""22"", ""34"", ""29""]",14-36-17-22-34-29,2025-06-29,21:00,166136332,0
2DL-2PM,2D Lotto 2PM,"[""17"", ""22""]",17-22,2025-06-30,14:00,4000,4
3DL-2PM,3D Lotto 2PM,"[""8"", ""8"", ""7""]",8-8-7,2025-06-30,14:00,4500,0
2DL-5PM,2D Lotto 5PM,"[""19"", ""05""]",19-05,2025-06-30,17:00,4000,0
3DL-5PM,3D Lotto 5PM,"[""4"", ""5"", ""5""]",4-5-5,2025-06-30,17:00,4500,2
2DL-9PM,2D Lotto 9PM,"[""05"", ""31""]",05-31,2025-06-30,21:00,4000,23
3DL-9PM,3D Lotto 9PM,"[""6"", ""4"", ""8""]",6-4-8,2025-06-30,21:00,4500,5
4DL,4D Lotto,"[""6"", ""2"", ""9"", ""6""]",6-2-9-6,2025-06-30,21:00,931500,23
GL55,Grand Lotto 6/55,"[""03"", ""54"", ""24"", ""36"", ""18"", ""46""]",03-54-24-36-18-46,2025-06-30,21:00,72366751,1
ML45,Megalotto 6/45,"[""25"", ""17"", ""19"", ""07"", ""08"", ""35""]",25-17-19-07-08-35,2025-06-30,21:00,41001229.8,0
2DL-2PM,2D Lotto 2PM,"[""05"", ""14""]",05-14,2025-07-01,14:00,4000,0
3DL-2PM,3D Lotto 2PM,"[""0"", ""2"", ""0""]",0-2-0,2025-07-01,14:00,4500,6
2DL-5PM,2D Lotto 5PM,"[""29"", ""11""]",29-11,2025-07-01,17:00,4000,1
3DL-5PM,3D Lotto 5PM,"[""8"", ""4"", ""7""]",8-4-7,2025-07-01,17:00,4500,10
2DL-9PM,2D Lotto 9PM,"[""11"", ""01""]",11-01,2025-07-01,21:00,4000,2
3DL-9PM,3D Lotto 9PM,"[""9"", ""2"", ""3""]",9-2-3,2025-07-01,21:00,4500,1
6DL,6D Lotto,"[""9"", ""2"", ""0"", ""1"", ""1"", ""1""]",9-2-0-1-1-1,2025-07-01,21:00,1306594,2
LOTTO42,Lotto 6/42,"[""34"", ""22"", ""28"", ""11"", ""37"", ""17""]",34-22-28-11-37-17,2025-07-01,21:00,16089613.8,0
SL49,Superlotto 6/49,"[""19"", ""15"", ""17"", ""25"", ""20"", ""47""]",19-15-17-25-20-47,2025-07-01,21:00,15840000,0
UL58,Ultra Lotto 6/58,"[""34"", ""24"", ""41"", ""48"", ""37"", ""36""]",34-24-41-48-37-36,2025-07-01,21:00,173307289.2,0
2DL-2PM,2D Lotto 2PM,"[""06"", ""26""]",06-26,2025-07-02,14:00,4000,11
3DL-2PM,3D Lotto 2PM,"[""9"", ""0"", ""9""]",9-0-9,2025-07-02,14:00,4500,2
2DL-5PM,2D Lotto 5PM,"[""26"", ""11""]",26-11,2025-07-02,17:00,4000,4
3DL-5PM,3D Lotto 5PM,"[""7"", ""3"", ""3""]",7-3-3,2025-07-02,17:00,4500,2
2DL-9PM,2D Lotto 9PM,"[""01"", ""22""]",01-22,2025-07-02,21:00,4000,1
3DL-9PM,3D Lotto 9PM,"[""7"", ""6"", ""7""]",7-6-7,2025-07-02,21:00,4500,4
4DL,4D Lotto,"[""8"", ""2"", ""2"", ""3""]",8-2-2-3,2025-07-02,21:00,527376,24
GL55,Grand Lotto 6/55,"[""11"", ""29"", ""13"", ""48"", ""20"", ""09""]",11-29-13-48-20-09,2025-07-02,21:00,29700000,0
ML45,Megalotto 6/45,"[""38"", ""07"", ""16"", ""44"", ""15"", ""42""]",38-07-16-44-15-42,2025-07-02,21:00,46134409.2,1
2DL-2PM,2D Lotto 2PM,"[""28"", ""03""]",28-03,2025-07-03,14:00,4000,1
3DL-2PM,3D Lotto 2PM,"[""8"", ""6"", ""5""]",8-6-5,2025-07-03,14:00,4500,1
2DL-5PM,2D Lotto 5PM,"[""10"", ""21""]",10-21,2025-07-03,17:00,4000,4
3DL-5PM,3D Lotto 5PM,"[""8"", ""5"", ""9""]",8-5-9,2025-07-03,17:00,4500,4
2DL-9PM,2D Lotto 9PM,"[""14"", ""29""]",14-29,2025-07-03,21:00,4000,4
3DL-9PM,3D Lotto 9PM,"[""9"", ""9"", ""9""]",9-9-9,2025-07-03,21:00,4500,11
6DL,6D Lotto,"[""0"", ""0"", ""2"", ""4"", ""3"", ""8""]",0-0-2-4-3-8,2025-07-03,21:00,493474,1
LOTTO42,Lotto 6/42,"[""34"", ""02"", ""17"", ""35"", ""20"", ""05""]",34-02-17-35-20-05,2025-07-03,21:00,20386720.8,0
SL49,Superlotto 6/49,"[""27"", ""42"", ""48"", ""46"", ""45"", ""44""]",27-42-48-46-45-44,2025-07-03,21:00,15840000,0
2DL-2PM,2D Lotto 2PM,"[""16"", ""06""]",16-06,2025-07-04,14:00,4000,4
3DL-2PM,3D Lotto 2PM,"[""5"", ""6"", ""4""]",5-6-4,2025-07-04,14:00,4500,4
2DL-5PM,2D Lotto 5PM,"[""29"", ""26""]",29-26,2025-07-04,17:00,4000,0
3DL-5PM,3D Lotto 5PM,"[""4"", ""9"", ""0""]",4-9-0,2025-07-04,17:00,4500,0
2DL-9PM,2D Lotto 9PM,"[""04"", ""28""]",04-28,2025-07-04,21:00,4000,12
3DL-9PM,3D Lotto 9PM,"[""3"", ""0"", ""7""]",3-0-7,2025-07-04,21:00,4500,5
4DL,4D Lotto,"[""9"", ""2"", ""5"", ""6""]",9-2-5-6,2025-07-04,21:00,872664,24
ML45,Megalotto 6/45,"[""18"", ""29"", ""41"", ""40"", ""10"", ""24""]",18-29-41-40-10-24,2025-07-04,21:00,8910000,0
UL58,Ultra Lotto 6/58,"[""16"", ""15"", ""57"", ""42"", ""41"", ""47""]",16-15-57-42-41-47,2025-07-04,21:00,181743268.4,0
2DL-2PM,2D Lotto 2PM,"[""21"", ""19""]",21-19,2025-07-05,14:00,4000,3
3DL-2PM,3D Lotto 2PM,"[""6"", ""3"", ""8""]",6-3-8,2025-07-05,14:00,4500,0
2DL-5PM,2D Lotto 5PM,"[""10"", ""05""]",10-05,2025-07-05,17:00,4000,2
3DL-5PM,3D Lotto 5PM,"[""4"", ""6"", ""7""]",4-6-7,2025-07-05,17:00,4500,1
2DL-9PM,2D Lotto 9PM,"[""23"", ""22""]",23-22,2025-07-05,21:00,4000,1
3DL-9PM,3D Lotto 9PM,"[""3"", ""9"", ""3""]",3-9-3,2025-07-05,21:00,4500,2
6DL,6D Lotto,"[""3"", ""9"", ""4"", ""5"", ""0"", ""0""]",3-9-4-5-0-0,2025-07-05,21:00,467301.56,0
GL55,Grand Lotto 6/55,"[""42"", ""55"", ""49"", ""29"", ""03"", ""36""]",42-55-49-29-03-36,2025-07-05,21:00,29700000,0
LOTTO42,Lotto 6/42,"[""26"", ""18"", ""16"", ""34"", ""03"", ""35""]",26-18-16-34-03-35,2025-07-05,21:00,24706840,0
2DL-2PM,2D Lotto 2PM,"[""25"", ""28""]",25-28,2025-07-06,14:00,4000,0
3DL-2PM,3D Lotto 2PM,"[""3"", ""8"", ""3""]",3-8-3,2025-07-06,14:00,4500,1
2DL-5PM,2D Lotto 5PM,"[""11"", ""30""]",11-30,2025-07-06,17:00,4000,0
3DL-5PM,3D Lotto 5PM,"[""8"", ""1"", ""5""]",8-1-5,2025-07-06,17:00,4500,1
2DL-9PM,2D Lotto 9PM,"[""17"", ""08""]",17-08,2025-07-06,21:00,4000,1
3DL-9PM,3D Lotto 9PM,"[""9"", ""6"", ""9""]",9-6-9,2025-07-06,21:00,4500,0
SL49,Superlotto 6/49,"[""23"", ""13"", ""30"", ""28"", ""09"", ""36""]",23-13-30-28-09-36,2025-07-06,21:00,15840000,0
UL58,Ultra Lotto 6/58,"[""23"", ""35"", ""04"", ""14"", ""15"", ""16""]",23-35-04-14-15-16,2025-07-06,21:00,189803483.2,0
2DL-2PM,2D Lotto 2PM,"[""27"", ""11""]",27-11,2025-07-07,14:00,4000,3
3DL-2PM,3D Lotto 2PM,"[""0"", ""5"", ""0""]",0-5-0,2025-07-07,14:00,4500,1
2DL-5PM,2D Lotto 5PM,"[""23"", ""16""]",23-16,2025-07-07,17:00,4000,2
3DL-5PM,3D Lotto 5PM,"[""8"", ""4"", ""3""]",8-4-3,2025-07-07,17:00,4500,0
2DL-9PM,2D Lotto 9PM,"[""21"", ""03""]",21-03,2025-07-07,21:00,4000,9
3DL-9PM,3D Lotto 9PM,"[""2"", ""9"", ""1""]",2-9-1,2025-07-07,21:00,4500,7
4DL,4D Lotto,"[""1"", ""7"", ""8"", ""4""]",1-7-8-4,2025-07-07,21:00,980616,84
GL55,Grand Lotto 6/55,"[""25"", ""35"", ""19"", ""12"", ""05"", ""45""]",25-35-19-12-05-45,2025-07-07,21:00,29700000,0
ML45,Megalotto 6/45,"[""38"", ""01"", ""06"", ""07"", ""42"", ""12""]",38-01-06-07-42-12,2025-07-07,21:00,8910000,0
2DL-2PM,2D Lotto 2PM,"[""11"", ""14""]",11-14,2025-07-08,14:00,4000,5
3DL-2PM,3D Lotto 2PM,"[""1"", ""1"", ""3""]",1-1-3,2025-07-08,14:00,4500,3
2DL-5PM,2D Lotto 5PM,"[""30"", ""19""]",30-19,2025-07-08,17:00,4000,2
3DL-5PM,3D Lotto 5PM,"[""4"", ""8"", ""0""]",4-8-0,2025-07-08,17:00,4500,0
2DL-9PM,2D Lotto 9PM,"[""02"", ""21""]",02-21,2025-07-08,21:00,4000,0
3DL-9PM,3D Lotto 9PM,"[""6"", ""6"", ""0""]",6-6-0,2025-07-08,21:00,4500,1
6DL,6D Lotto,"[""7"", ""0"", ""7"", ""0"", ""3"", ""1""]",7-0-7-0-3-1,2025-07-08,21:00,1021148.64,0
LOTTO42,Lotto 6/42,"[""18"", ""23"", ""34"", ""05"", ""09"", ""12""]",18-23-34-05-09-12,2025-07-08,21:00,28711263.6,0
SL49,Superlotto 6/49,"[""38"", ""03"", ""16"", ""23"", ""48"", ""26""]",38-03-16-23-48-26,2025-07-08,21:00,16410441.6,0
UL58,Ultra Lotto 6/58,"[""24"", ""33"", ""27"", ""07"", ""52"", ""30""]",24-33-27-07-52-30,2025-07-08,21:00,197294254.4,0
2DL-2PM,2D Lotto 2PM,"[""22"", ""16""]",22-16,2025-07-09,14:00,4000,0
3DL-2PM,3D Lotto 2PM,"[""0"", ""1"", ""0""]",0-1-0,2025-07-09,14:00,4500,1
2DL-5PM,2D Lotto 5PM,"[""03"", ""01""]",03-01,2025-07-09,17:00,4000,4
3DL-5PM,3D Lotto 5PM,"[""4"", ""5"", ""9""]",4-5-9,2025-07-09,17:00,4500,1
2DL-9PM,2D Lotto 9PM,"[""13"", ""31""]",13-31,2025-07-09,21:00,4000,17
3DL-9PM,3D Lotto 9PM,"[""6"", ""6"", ""3""]",6-6-3,2025-07-09,21:00,4500,4
4DL,4D Lotto,"[""8"", ""0"", ""2"", ""6""]",8-0-2-6,2025-07-09,21:00,393614,26
GL55,Grand Lotto 6/55,"[""52"", ""13"", ""40"", ""27"", ""05"", ""11""]",52-13-40-27-05-11,2025-07-09,21:00,29700000,0
ML45,Megalotto 6/45,"[""22"", ""44"", ""37"", ""15"", ""28"", ""24""]",22-44-37-15-28-24,2025-07-09,21:00,10352639.6,0
2DL-2PM,2D Lotto 2PM,"[""04"", ""21""]",04-21,2025-07-10,14:00,4000,3
3DL-2PM,3D Lotto 2PM,"[""5"", ""3"", ""3""]",5-3-3,2025-07-10,14:00,4500,0
2DL-5PM,2D Lotto 5PM,"[""18"", ""19""]",18-19,2025-07-10,17:00,4000,0
3DL-5PM,3D Lotto 5PM,"[""4"", ""3"", ""4""]",4-3-4,2025-07-10,17:00,4500,0
2DL-9PM,2D Lotto 9PM,"[""29"", ""14""]",29-14,2025-07-10,21:00,4000,1
3DL-9PM,3D Lotto 9PM,"[""1"", ""2"", ""6""]",1-2-6,2025-07-10,21:00,4500,6
6DL,6D Lotto,"[""2"", ""2"", ""4"", ""9"", ""1"", ""0""]",2-2-4-9-1-0,2025-07-10,21:00,1099883.48,0
LOTTO42,Lotto 6/42,"[""15"", ""23"", ""07"", ""22"", ""08"", ""21""]",15-23-07-22-08-21,2025-07-10,21:00,33699580.6,0
SL49,Superlotto 6/49,"[""07"", ""03"", ""25"", ""13"", ""44"", ""08""]",07-03-25-13-44-08,2025-07-10,21:00,19613687.2,0
2DL-2PM,2D Lotto 2PM,"[""21"", ""08""]",21-08,2025-07-11,14:00,4000,1
3DL-2PM,3D Lotto 2PM,"[""8"", ""5"", ""6""]",8-5-6,2025-07-11,14:00,4500,0
2DL-5PM,2D Lotto 5PM,"[""19"", ""31""]",19-31,2025-07-11,17:00,4000,3
3DL-5PM,3D Lotto 5PM,"[""3"", ""7"", ""8""]",3-7-8,2025-07-11,17:00,4500,3
2DL-9PM,2D Lotto 9PM,"[""30"", ""24""]",30-24,2025-07-11,21:00,4000,5
3DL-9PM,3D Lotto 9PM,"[""8"", ""6"", ""6""]",8-6-6,2025-07-11,21:00,4500,0
4DL,4D Lotto,"[""6"", ""1"", ""1"", ""1""]",6-1-1-1,2025-07-11,21:00,220000,22
ML45,Megalotto 6/45,"[""25"", ""27"", ""24"", ""33"", ""35"", ""08""]",25-27-24-33-35-08,2025-07-11,21:00,13821850,0
UL58,Ultra Lotto 6/58,"[""12"", ""29"", ""41"", ""24"", ""25"", ""38""]",12-29-41-24-25-38,2025-07-11,21:00,206344530.8,0
2DL-2PM,2D Lotto 2PM,"[""15"", ""26""]",15-26,2025-07-12,14:00,4000,1
3DL-2PM,3D Lotto 2PM,"[""1"", ""5"", ""4""]",1-5-4,2025-07-12,14:00,4500,0
2DL-5PM,2D Lotto 5PM,"[""22"", ""31""]",22-31,2025-07-12,17:00,4000,2
3DL-5PM,3D Lotto 5PM,"[""5"", ""5"", ""6""]",5-5-6,2025-07-12,17:00,4500,0
2DL-9PM,2D Lotto 9PM,"[""27"", ""09""]",27-09,2025-07-12,21:00,4000,2
3DL-9PM,3D Lotto 9PM,"[""2"", ""7"", ""7""]",2-7-7,2025-07-12,21:00,4500,3
6DL,6D Lotto,"[""8"", ""6"", ""2"", ""5"", ""3"", ""0""]",8-6-2-5-3-0,2025-07-12,21:00,1149883.48,0
GL55,Grand Lotto 6/55,"[""46"", ""54"", ""21"", ""51"", ""49"", ""42""]",46-54-21-51-49-42,2025-07-12,21:00,29700000,0
LOTTO42,Lotto 6/42,"[""39"", ""33"", ""40"", ""10"", ""20"", ""22""]",39-33-40-10-20-22,2025-07-12,21:00,38848464,0
2DL-2PM,2D Lotto 2PM,"[""21"", ""23""]",21-23,2025-07-13,14:00,4000,1
3DL-2PM,3D Lotto 2PM,"[""6"", ""7"", ""1""]",6-7-1,2025-07-13,14:00,4500,5
2DL-5PM,2D Lotto 5PM,"[""21"", ""02""]",21-02,2025-07-13,17:00,4000,0
3DL-5PM,3D Lotto 5PM,"[""7"", ""4"", ""9""]",7-4-9,2025-07-13,17:00,4500,2
2DL-9PM,2D Lotto 9PM,"[""23"", ""11""]",23-11,2025-07-13,21:00,4000,7
3DL-9PM,3D Lotto 9PM,"[""4"", ""6"", ""1""]",4-6-1,2025-07-13,21:00,4500,4
SL49,Superlotto 6/49,"[""04"", ""46"", ""25"", ""11"", ""03"", ""07""]",04-46-25-11-03-07,2025-07-13,21:00,23469035.6,0
UL58,Ultra Lotto 6/58,"[""12"", ""57"", ""41"", ""18"", ""33"", ""17""]",12-57-41-18-33-17,2025-07-13,21:00,215283830.4,0
2DL-2PM,2D Lotto 2PM,"[""28"", ""27""]",28-27,2025-07-14,14:00,4000,0
3DL-2PM,3D Lotto 2PM,"[""4"", ""0"", ""5""]",4-0-5,2025-07-14,14:00,4500,1
2DL-5PM,2D Lotto 5PM,"[""13"", ""16""]",13-16,2025-07-14,17:00,4000,0
3DL-5PM,3D Lotto 5PM,"[""7"", ""4"", ""8""]",7-4-8,2025-07-14,17:00,4500,3
2DL-9PM,2D Lotto 9PM,"[""22"", ""17""]",22-17,2025-07-14,21:00,4000,2
3DL-9PM,3D Lotto 9PM,"[""6"", ""9"", ""0""]",6-9-0,2025-07-14,21:00,4500,3
4DL,4D Lotto,"[""0"", ""6"", ""3"", ""7""]",0-6-3-7,2025-07-14,21:00,941028,12
GL55,Grand Lotto 6/55,"[""01"", ""02"", ""31"", ""13"", ""14"", ""44""]",01-02-31-13-14-44,2025-07-14,21:00,29700000,0
ML45,Megalotto 6/45,"[""34"", ""28"", ""08"", ""35"", ""32"", ""11""]",34-28-08-35-32-11,2025-07-14,21:00,17588988.4,0
2DL-2PM,2D Lotto 2PM,"[""05"", ""27""]",05-27,2025-07-15,14:00,4000,1
3DL-2PM,3D Lotto 2PM,"[""2"", ""7"", ""8""]",2-7-8,2025-07-15,14:00,4500,14
2DL-5PM,2D Lotto 5PM,"[""20"", ""23""]",20-23,2025-07-15,17:00,4000,3
3DL-5PM,3D Lotto 5PM,"[""4"", ""8"", ""2""]",4-8-2,2025-07-15,17:00,4500,1
2DL-9PM,2D Lotto 9PM,"[""25"", ""06""]",25-06,2025-07-15,21:00,4000,2
3DL-9PM,3D Lotto 9PM,"[""4"", ""2"", ""2""]",4-2-2,2025-07-15,21:00,4500,0
6DL,6D Lotto,"[""7"", ""1"", ""9"", ""7"", ""7"", ""9""]",7-1-9-7-7-9,2025-07-15,21:00,1407108,0
LOTTO42,Lotto 6/42,"[""09"", ""15"", ""39"", ""01"", ""42"", ""27""]",09-15-39-01-42-27,2025-07-15,21:00,43583666.2,0
SL49,Superlotto 6/49,"[""08"", ""07"", ""13"", ""23"", ""30"", ""29""]",08-07-13-23-30-29,2025-07-15,21:00,26338807.2,0
UL58,Ultra Lotto 6/58,"[""22"", ""38"", ""36"", ""08"", ""16"", ""41""]",22-38-36-08-16-41,2025-07-15,21:00,223465859.2,0
2DL-2PM,2D Lotto 2PM,"[""07"", ""15""]",07-15,2025-07-16,14:00,4000,25
3DL-2PM,3D Lotto 2PM,"[""8"", ""4"", ""8""]",8-4-8,2025-07-16,14:00,4500,2
2DL-5PM,2D Lotto 5PM,"[""27"", ""30""]",27-30,2025-07-16,17:00,4000,2
3DL-5PM,3D Lotto 5PM,"[""5"", ""4"", ""7""]",5-4-7,2025-07-16,17:00,4500,0
2DL-9PM,2D Lotto 9PM,"[""27"", ""10""]",27-10,2025-07-16,21:00,4000,4
3DL-9PM,3D Lotto 9PM,"[""9"", ""6"", ""3""]",9-6-3,2025-07-16,21:00,4500,4
4DL,4D Lotto,"[""0"", ""9"", ""5"", ""2""]",0-9-5-2,2025-07-16,21:00,833472,16
GL55,Grand Lotto 6/55,"[""32"", ""53"", ""20"", ""08"", ""45"", ""54""]",32-53-20-08-45-54,2025-07-16,21:00,29700000,0
ML45,Megalotto 6/45,"[""44"", ""30"", ""12"", ""24"", ""06"", ""35""]",44-30-12-24-06-35,2025-07-16,21:00,21538656,1
2DL-2PM,2D Lotto 2PM,"[""08"", ""17""]",08-17,2025-07-17,14:00,4000,3
3DL-2PM,3D Lotto 2PM,"[""6"", ""3"", ""9""]",6-3-9,2025-07-17,14:00,4500,1
2DL-5PM,2D Lotto 5PM,"[""27"", ""05""]",27-05,2025-07-17,17:00,4000,1
3DL-5PM,3D Lotto 5PM,"[""8"", ""3"", ""9""]",8-3-9,2025-07-17,17:00,4500,0
2DL-9PM,2D Lotto 9PM,"[""06"", ""03""]",06-03,2025-07-17,21:00,4000,6
3DL-9PM,3D Lotto 9PM,"[""8"", ""3"", ""7""]",8-3-7,2025-07-17,21:00,4500,3
6DL,6D Lotto,"[""5"", ""1"", ""4"", ""3"", ""4"", ""2""]",5-1-4-3-4-2,2025-07-17,21:00,2120010.36,0
LOTTO42,Lotto 6/42,"[""33"", ""31"", ""19"", ""37"", ""21"", ""41""]",33-31-19-37-21-41,2025-07-17,21:00,48913755.2,0
SL49,Superlotto 6/49,"[""29"", ""08"", ""04"", ""37"", ""14"", ""02""]",29-08-04-37-14-02,2025-07-17,21:00,29576927.2,0
2DL-2PM,2D Lotto 2PM,"[""21"", ""14""]",21-14,2025-07-18,14:00,4000,6
3DL-2PM,3D Lotto 2PM,"[""5"", ""4"", ""3""]",5-4-3,2025-07-18,14:00,4500,1
2DL-5PM,2D Lotto 5PM,"[""10"", ""10""]",10-10,2025-07-18,17:00,4000,1
3DL-5PM,3D Lotto 5PM,"[""4"", ""5"", ""1""]",4-5-1,2025-07-18,17:00,4500,2
2DL-9PM,2D Lotto 9PM,"[""08"", ""02""]",08-02,2025-07-18,21:00,4000,4
3DL-9PM,3D Lotto 9PM,"[""1"", ""0"", ""2""]",1-0-2,2025-07-18,21:00,4500,9
4DL,4D Lotto,"[""2"", ""9"", ""7"", ""2""]",2-9-7-2,2025-07-18,21:00,758376,18
ML45,Megalotto 6/45,"[""05"", ""09"", ""38"", ""03"", ""16"", ""17""]",05-09-38-03-16-17,2025-07-18,21:00,8910000,0
UL58,Ultra Lotto 6/58,"[""19"", ""16"", ""01"", ""54"", ""12"", ""46""]",19-16-01-54-12-46,2025-07-18,21:00,233048782,0
2DL-2PM,2D Lotto 2PM,"[""30"", ""02""]",30-02,2025-07-19,14:00,4000,0
3DL-2PM,3D Lotto 2PM,"[""6"", ""7"", ""0""]",6-7-0,2025-07-19,14:00,4500,0
2DL-5PM,2D Lotto 5PM,"[""11"", ""01""]",11-01,2025-07-19,17:00,4000,0
3DL-5PM,3D Lotto 5PM,"[""8"", ""5"", ""6""]",8-5-6,2025-07-19,17:00,4500,3
2DL-9PM,2D Lotto 9PM,"[""31"", ""31""]",31-31,2025-07-19,21:00,4000,2
3DL-9PM,3D Lotto 9PM,"[""7"", ""8"", ""5""]",7-8-5,2025-07-19,21:00,4500,12
6DL,6D Lotto,"[""0"", ""8"", ""8"", ""6"", ""2"", ""0""]",0-8-8-6-2-0,2025-07-19,21:00,2573140.2,0
GL55,Grand Lotto 6/55,"[""35"", ""49"", ""44"", ""53"", ""16"", ""31""]",35-49-44-53-16-31,2025-07-19,21:00,29700000,0
LOTTO42,Lotto 6/42,"[""11"", ""38"", ""40"", ""27"", ""06"", ""01""]",11-38-40-27-06-01,2025-07-19,21:00,54107784.2,0
2DL-2PM,2D Lotto 2PM,"[""21"", ""27""]",21-27,2025-07-20,14:00,4000,4
3DL-2PM,3D Lotto 2PM,"[""8"", ""8"", ""3""]",8-8-3,2025-07-20,14:00,4500,0
2DL-5PM,2D Lotto 5PM,"[""23"", ""19""]",23-19,2025-07-20,17:00,4000,0
3DL-5PM,3D Lotto 5PM,"[""7"", ""1"", ""5""]",7-1-5,2025-07-20,17:00,4500,1
2DL-9PM,2D Lotto 9PM,"[""07"", ""12""]",07-12,2025-07-20,21:00,4000,10
3DL-9PM,3D Lotto 9PM,"[""8"", ""0"", ""6""]",8-0-6,2025-07-20,21:00,4500,1
SL49,Superlotto 6/49,"[""27"", ""13"", ""12"", ""29"", ""44"", ""34""]",27-13-12-29-44-34,2025-07-20,21:00,33342362.2,0
UL58,Ultra Lotto 6/58,"[""32"", ""20"", ""23"", ""44"", ""39"", ""09""]",32-20-23-44-39-09,2025-07-20,21:00,241882917.2,0
2DL-2PM,2D Lotto 2PM,"[""20"", ""28""]",20-28,2025-07-21,14:00,4000,4
3DL-2PM,3D Lotto 2PM,"[""9"", ""3"", ""0""]",9-3-0,2025-07-21,14:00,4500,0
2DL-5PM,2D Lotto 5PM,"[""21"", ""28""]",21-28,2025-07-21,17:00,4000,3
3DL-5PM,3D Lotto 5PM,"[""4"", ""7"", ""0""]",4-7-0,2025-07-21,17:00,4500,0
2DL-9PM,2D Lotto 9PM,"[""08"", ""14""]",08-14,2025-07-21,21:00,4000,12
3DL-9PM,3D Lotto 9PM,"[""9"", ""3"", ""5""]",9-3-5,2025-07-21,21:00,4500,2
4DL,4D Lotto,"[""7"", ""1"", ""7"", ""8""]",7-1-7-8,2025-07-21,21:00,757650,15
GL55,Grand Lotto 6/55,"[""39"", ""31"", ""19"", ""24"", ""29"", ""12""]",39-31-19-24-29-12,2025-07-21,21:00,31513425.8,0
ML45,Megalotto 6/45,"[""44"", ""39"", ""45"", ""42"", ""09"", ""20""]",44-39-45-42-09-20,2025-07-21,21:00,8910000,0
2DL-2PM,2D Lotto 2PM,"[""06"", ""19""]",06-19,2025-07-22,14:00,4000,8
3DL-2PM,3D Lotto 2PM,"[""7"", ""4"", ""2""]",7-4-2,2025-07-22,14:00,4500,3
2DL-5PM,2D Lotto 5PM,"[""28"", ""07""]",28-07,2025-07-22,17:00,4000,3
3DL-5PM,3D Lotto 5PM,"[""3"", ""5"", ""7""]",3-5-7,2025-07-22,17:00,4500,7
2DL-9PM,2D Lotto 9PM,"[""02"", ""07""]",02-07,2025-07-22,21:00,4000,9
3DL-9PM,3D Lotto 9PM,"[""2"", ""7"", ""2""]",2-7-2,2025-07-22,21:00,4500,19
6DL,6D Lotto,"[""9"", ""7"", ""0"", ""4"", ""3"", ""3""]",9-7-0-4-3-3,2025-07-22,21:00,3277302,1
LOTTO42,Lotto 6/42,"[""24"", ""31"", ""35"", ""39"", ""04"", ""14""]",24-31-35-39-04-14,2025-07-22,21:00,58652835.2,0
SL49,Superlotto 6/49,"[""28"", ""42"", ""45"", ""17"", ""08"", ""14""]",28-42-45-17-08-14,2025-07-22,21:00,35910555.6,0
UL58,Ultra Lotto 6/58,"[""42"", ""49"", ""52"", ""27"", ""39"", ""18""]",42-49-52-27-39-18,2025-07-22,21:00,249157124.8,0
2DL-2PM,2D Lotto 2PM,"[""10"", ""11""]",10-11,2025-07-23,14:00,4000,5
3DL-2PM,3D Lotto 2PM,"[""7"", ""6"", ""1""]",7-6-1,2025-07-23,14:00,4500,0
2DL-5PM,2D Lotto 5PM,"[""29"", ""05""]",29-05,2025-07-23,17:00,4000,0
3DL-5PM,3D Lotto 5PM,"[""9"", ""3"", ""3""]",9-3-3,2025-07-23,17:00,4500,1
2DL-9PM,2D Lotto 9PM,"[""22"", ""09""]",22-09,2025-07-23,21:00,4000,1
3DL-9PM,3D Lotto 9PM,"[""3"", ""4"", ""6""]",3-4-6,2025-07-23,21:00,4500,3
4DL,4D Lotto,"[""1"", ""4"", ""2"", ""9""]",1-4-2-9,2025-07-23,21:00,1000000,100
GL55,Grand Lotto 6/55,"[""11"", ""32"", ""16"", ""09"", ""04"", ""24""]",11-32-16-09-04-24,2025-07-23,21:00,34801430.6,0
ML45,Megalotto 6/45,"[""37"", ""04"", ""23"", ""35"", ""13"", ""07""]",37-04-23-35-13-07,2025-07-23,21:00,8910000,0
2DL-2PM,2D Lotto 2PM,"[""14"", ""03""]",14-03,2025-07-24,14:00,4000,3
3DL-2PM,3D Lotto 2PM,"[""8"", ""7"", ""3""]",8-7-3,2025-07-24,14:00,4500,0
2DL-5PM,2D Lotto 5PM,"[""23"", ""18""]",23-18,2025-07-24,17:00,4000,2
3DL-5PM,3D Lotto 5PM,"[""4"", ""9"", ""2""]",4-9-2,2025-07-24,17:00,4500,5
2DL-9PM,2D Lotto 9PM,"[""08"", ""09""]",08-09,2025-07-24,21:00,4000,3
3DL-9PM,3D Lotto 9PM,"[""3"", ""7"", ""6""]",3-7-6,2025-07-24,21:00,4500,1
6DL,6D Lotto,"[""8"", ""6"", ""5"", ""4"", ""7"", ""0""]",8-6-5-4-7-0,2025-07-24,21:00,393263.96,0
LOTTO42,Lotto 6/42,"[""24"", ""34"", ""32"", ""09"", ""21"", ""16""]",24-34-32-09-21-16,2025-07-24,21:00,63908331.6,1
SL49,Superlotto 6/49,"[""47"", ""42"", ""29"", ""31"", ""48"", ""08""]",47-42-29-31-48-08,2025-07-24,21:00,38975027,0
2DL-2PM,2D Lotto 2PM,"[""23"", ""24""]",23-24,2025-07-25,14:00,4000,3
3DL-2PM,3D Lotto 2PM,"[""6"", ""1"", ""1""]",6-1-1,2025-07-25,14:00,4500,7
2DL-5PM,2D Lotto 5PM,"[""20"", ""06""]",20-06,2025-07-25,17:00,4000,0
3DL-5PM,3D Lotto 5PM,"[""9"", ""1"", ""2""]",9-1-2,2025-07-25,17:00,4500,2
2DL-9PM,2D Lotto 9PM,"[""28"", ""09""]",28-09,2025-07-25,21:00,4000,0
3DL-9PM,3D Lotto 9PM,"[""0"", ""6"", ""0""]",0-6-0,2025-07-25,21:00,4500,1
4DL,4D Lotto,"[""6"", ""6"", ""7"", ""5""]",6-6-7-5,2025-07-25,21:00,837279,31
ML45,Megalotto 6/45,"[""41"", ""14"", ""05"", ""36"", ""29"", ""27""]",41-14-05-36-29-27,2025-07-25,21:00,12040346.2,0
UL58,Ultra Lotto 6/58,"[""05"", ""30"", ""19"", ""43"", ""51"", ""50""]",05-30-19-43-51-50,2025-07-25,21:00,258660618.8,0
2DL-2PM,2D Lotto 2PM,"[""26"", ""22""]",26-22,2025-07-26,14:00,4000,6
3DL-2PM,3D Lotto 2PM,"[""2"", ""9"", ""3""]",2-9-3,2025-07-26,14:00,4500,0
2DL-5PM,2D Lotto 5PM,"[""06"", ""11""]",06-11,2025-07-26,17:00,4000,0
3DL-5PM,3D Lotto 5PM,"[""4"", ""4"", ""3""]",4-4-3,2025-07-26,17:00,4500,0
2DL-9PM,2D Lotto 9PM,"[""30"", ""15""]",30-15,2025-07-26,21:00,4000,6
3DL-9PM,3D Lotto 9PM,"[""2"", ""6"", ""8""]",2-6-8,2025-07-26,21:00,4500,6
6DL,6D Lotto,"[""9"", ""2"", ""7"", ""6"", ""6"", ""1""]",9-2-7-6-6-1,2025-07-26,21:00,911779.28,0
GL55,Grand Lotto 6/55,"[""09"", ""35"", ""45"", ""52"", ""41"", ""38""]",09-35-45-52-41-38,2025-07-26,21:00,38658341.6,0
LOTTO42,Lotto 6/42,"[""33"", ""10"", ""37"", ""23"", ""11"", ""17""]",33-10-37-23-11-17,2025-07-26,21:00,5940000,0
2DL-2PM,2D Lotto 2PM,"[""05"", ""10""]",05-10,2025-07-27,14:00,4000,2
3DL-2PM,3D Lotto 2PM,"[""4"", ""1"", ""0""]",4-1-0,2025-07-27,14:00,4500,0
2DL-5PM,2D Lotto 5PM,"[""17"", ""04""]",17-04,2025-07-27,17:00,4000,2
3DL-5PM,3D Lotto 5PM,"[""7"", ""5"", ""1""]",7-5-1,2025-07-27,17:00,4500,2
2DL-9PM,2D Lotto 9PM,"[""07"", ""14""]",07-14,2025-07-27,21:00,4000,21
3DL-9PM,3D Lotto 9PM,"[""1"", ""1"", ""8""]",1-1-8,2025-07-27,21:00,4500,5
SL49,Superlotto 6/49,"[""01"", ""33"", ""34"", ""11"", ""39"", ""22""]",01-33-34-11-39-22,2025-07-27,21:00,43009332.6,0
UL58,Ultra Lotto 6/58,"[""23"", ""40"", ""38"", ""39"", ""50"", ""42""]",23-40-38-39-50-42,2025-07-27,21:00,267812434,0
2DL-2PM,2D Lotto 2PM,"[""11"", ""09""]",11-09,2025-07-28,14:00,4000,1
3DL-2PM,3D Lotto 2PM,"[""8"", ""0"", ""3""]",8-0-3,2025-07-28,14:00,4500,7
2DL-5PM,2D Lotto 5PM,"[""07"", ""18""]",07-18,2025-07-28,17:00,4000,6
3DL-5PM,3D Lotto 5PM,"[""5"", ""5"", ""3""]",5-5-3,2025-07-28,17:00,4500,3
2DL-9PM,2D Lotto 9PM,"[""18"", ""16""]",18-16,2025-07-28,21:00,4000,5
3DL-9PM,3D Lotto 9PM,"[""1"", ""8"", ""0""]",1-8-0,2025-07-28,21:00,4500,41
4DL,4D Lotto,"[""4"", ""8"", ""4"", ""2""]",4-8-4-2,2025-07-28,21:00,848628,11
GL55,Grand Lotto 6/55,"[""12"", ""13"", ""55"", ""02"", ""30"", ""14""]",12-13-55-02-30-14,2025-07-28,21:00,42349332.6,0
ML45,Megalotto 6/45,"[""16"", ""29"", ""19"", ""14"", ""35"", ""31""]",16-29-19-14-35-31,2025-07-28,21:00,15412338.4,0
2DL-2PM,2D Lotto 2PM,"[""21"", ""21""]",21-21,2025-07-29,14:00,4000,2
3DL-2PM,3D Lotto 2PM,"[""4"", ""9"", ""6""]",4-9-6,2025-07-29,14:00,4500,3
2DL-5PM,2D Lotto 5PM,"[""13"", ""08""]",13-08,2025-07-29,17:00,4000,3
3DL-5PM,3D Lotto 5PM,"[""9"", ""3"", ""8""]",9-3-8,2025-07-29,17:00,4500,7
2DL-9PM,2D Lotto 9PM,"[""23"", ""12""]",23-12,2025-07-29,21:00,4000,4
3DL-9PM,3D Lotto 9PM,"[""5"", ""8"", ""4""]",5-8-4,2025-07-29,21:00,4500,1
6DL,6D Lotto,"[""7"", ""9"", ""6"", ""2"", ""9"", ""8""]",7-9-6-2-9-8,2025-07-29,21:00,1589583.96,0
LOTTO42,Lotto 6/42,"[""25"", ""33"", ""05"", ""21"", ""06"", ""03""]",25-33-05-21-06-03,2025-07-29,21:00,6054592.2,0
SL49,Superlotto 6/49,"[""47"", ""34"", ""06"", ""30"", ""15"", ""21""]",47-34-06-30-15-21,2025-07-29,21:00,46615416.8,0
UL58,Ultra Lotto 6/58,"[""05"", ""07"", ""18"", ""28"", ""48"", ""32""]",05-07-18-28-48-32,2025-07-29,21:00,276717316.8,0
2DL-2PM,2D Lotto 2PM,"[""21"", ""08""]",21-08,2025-07-30,14:00,4000,2
3DL-2PM,3D Lotto 2PM,"[""9"", ""5"", ""6""]",9-5-6,2025-07-30,14:00,4500,1
2DL-5PM,2D Lotto 5PM,"[""09"", ""01""]",09-01,2025-07-30,17:00,4000,0
3DL-5PM,3D Lotto 5PM,"[""0"", ""8"", ""7""]",0-8-7,2025-07-30,17:00,4500,1
2DL-9PM,2D Lotto 9PM,"[""12"", ""06""]",12-06,2025-07-30,21:00,4000,3
3DL-9PM,3D Lotto 9PM,"[""7"", ""1"", ""9""]",7-1-9,2025-07-30,21:00,4500,6
4DL,4D Lotto,"[""8"", ""6"", ""7"", ""3""]",8-6-7-3,2025-07-30,21:00,888624,22
GL55,Grand Lotto 6/55,"[""42"", ""13"", ""52"", ""04"", ""31"", ""12""]",42-13-52-04-31-12,2025-07-30,21:00,46269193,0
ML45,Megalotto 6/45,"[""25"", ""24"", ""29"", ""17"", ""05"", ""40""]",25-24-29-17-05-40,2025-07-30,21:00,18905149,0
2DL-2PM,2D Lotto 2PM,"[""19"", ""17""]",19-17,2025-07-31,14:00,4000,20
3DL-2PM,3D Lotto 2PM,"[""3"", ""6"", ""1""]",3-6-1,2025-07-31,14:00,4500,4
2DL-5PM,2D Lotto 5PM,"[""28"", ""26""]",28-26,2025-07-31,17:00,4000,1
3DL-5PM,3D Lotto 5PM,"[""8"", ""1"", ""2""]",8-1-2,2025-07-31,17:00,4500,6
2DL-9PM,2D Lotto 9PM,"[""19"", ""08""]",19-08,2025-07-31,21:00,4000,7
3DL-9PM,3D Lotto 9PM,"[""3"", ""6"", ""9""]",3-6-9,2025-07-31,21:00,4500,14
6DL,6D Lotto,"[""7"", ""3"", ""6"", ""2"", ""1"", ""2""]",7-3-6-2-1-2,2025-07-31,21:00,2101333.68,0
LOTTO42,Lotto 6/42,"[""24"", ""40"", ""03"", ""09"", ""36"", ""07""]",24-40-03-09-36-07,2025-07-31,21:00,9212984,0
SL49,Superlotto 6/49,"[""47"", ""11"", ""06"", ""28"", ""37"", ""01""]",47-11-06-28-37-01,2025-07-31,21:00,51493635.8,0
2DL-2PM,2D Lotto 2PM,"[""08"", ""21""]",08-21,2025-08-01,14:00,4000,9
3DL-2PM,3D Lotto 2PM,"[""2"", ""9"", ""2""]",2-9-2,2025-08-01,14:00,4500,0
2DL-5PM,2D Lotto 5PM,"[""16"", ""09""]",16-09,2025-08-01,17:00,4000,0
3DL-5PM,3D Lotto 5PM,"[""3"", ""1"", ""3""]",3-1-3,2025-08-01,17:00,4500,2
2DL-9PM,2D Lotto 9PM,"[""09"", ""01""]",09-01,2025-08-01,21:00,4000,11
3DL-9PM,3D Lotto 9PM,"[""2"", ""8"", ""7""]",2-8-7,2025-08-01,21:00,4500,5
4DL,4D Lotto,"[""4"", ""9"", ""3"", ""7""]",4-9-3-7,2025-08-01,21:00,900564,14
ML45,Megalotto 6/45,"[""25"", ""04"", ""10"", ""44"", ""32"", ""33""]",25-04-10-44-32-33,2025-08-01,21:00,22766141.8,0
UL58,Ultra Lotto 6/58,"[""03"", ""13"", ""07"", ""44"", ""15"", ""10""]",03-13-07-44-15-10,2025-08-01,21:00,287539944,0
2DL-2PM,2D Lotto 2PM,"[""20"", ""06""]",20-06,2025-08-02,14:00,4000,0
3DL-2PM,3D Lotto 2PM,"[""0"", ""2"", ""1""]",0-2-1,2025-08-02,14:00,4500,5
2DL-5PM,2D Lotto 5PM,"[""14"", ""20""]",14-20,2025-08-02,17:00,4000,9
3DL-5PM,3D Lotto 5PM,"[""5"", ""8"", ""8""]",5-8-8,2025-08-02,17:00,4500,2
2DL-9PM,2D Lotto 9PM,"[""30"", ""27""]",30-27,2025-08-02,21:00,4000,2
3DL-9PM,3D Lotto 9PM,"[""3"", ""2"", ""5""]",3-2-5,2025-08-02,21:00,4500,20
6DL,6D Lotto,"[""9"", ""1"", ""3"", ""9"", ""6"", ""1""]",9-1-3-9-6-1,2025-08-02,21:00,2580267.72,0
GL55,Grand Lotto 6/55,"[""01"", ""53"", ""46"", ""52"", ""08"", ""18""]",01-53-46-52-08-18,2025-08-02,21:00,50561260.2,0
LOTTO42,Lotto 6/42,"[""23"", ""31"", ""21"", ""29"", ""06"", ""37""]",23-31-21-29-06-37,2025-08-02,21:00,12715992,0
2DL-2PM,2D Lotto 2PM,"[""01"", ""21""]",01-21,2025-08-03,14:00,4000,0
3DL-2PM,3D Lotto 2PM,"[""1"", ""5"", ""1""]",1-5-1,2025-08-03,14:00,4500,1
2DL-5PM,2D Lotto 5PM,"[""16"", ""25""]",16-25,2025-08-03,17:00,4000,0
3DL-5PM,3D Lotto 5PM,"[""2"", ""6"", ""6""]",2-6-6,2025-08-03,17:00,4500,1
2DL-9PM,2D Lotto 9PM,"[""08"", ""20""]",08-20,2025-08-03,21:00,4000,30
3DL-9PM,3D Lotto 9PM,"[""2"", ""4"", ""9""]",2-4-9,2025-08-03,21:00,4500,3
SL49,Superlotto 6/49,"[""29"", ""43"", ""37"", ""10"", ""25"", ""26""]",29-43-37-10-25-26,2025-08-03,21:00,56233268.8,0
UL58,Ultra Lotto 6/58,"[""45"", ""46"", ""17"", ""44"", ""37"", ""12""]",45-46-17-44-37-12,2025-08-03,21:00,297664986.4,0
2DL-2PM,2D Lotto 2PM,"[""02"", ""28""]",02-28,2025-08-04,14:00,4000,5
3DL-2PM,3D Lotto 2PM,"[""8"", ""8"", ""9""]",8-8-9,2025-08-04,14:00,4500,4
2DL-5PM,2D Lotto 5PM,"[""05"", ""02""]",05-02,2025-08-04,17:00,4000,0
3DL-5PM,3D Lotto 5PM,"[""1"", ""9"", ""3""]",1-9-3,2025-08-04,17:00,4500,4
2DL-9PM,2D Lotto 9PM,"[""22"", ""06""]",22-06,2025-08-04,21:00,4000,1
3DL-9PM,3D Lotto 9PM,"[""3"", ""3"", ""6""]",3-3-6,2025-08-04,21:00,4500,1
4DL,4D Lotto,"[""5"", ""4"", ""4"", ""5""]",5-4-4-5,2025-08-04,21:00,857205,45
GL55,Grand Lotto 6/55,"[""44"", ""08"", ""12"", ""29"", ""05"", ""39""]",44-08-12-29-05-39,2025-08-04,21:00,54608763.8,0
ML45,Megalotto 6/45,"[""34"", ""16"", ""05"", ""33"", ""28"", ""24""]",34-16-05-33-28-24,2025-08-04,21:00,26667428.6,0
2DL-2PM,2D Lotto 2PM,"[""12"", ""18""]",12-18,2025-08-05,14:00,4000,2
3DL-2PM,3D Lotto 2PM,"[""0"", ""0"", ""5""]",0-0-5,2025-08-05,14:00,4500,7
2DL-5PM,2D Lotto 5PM,"[""18"", ""09""]",18-09,2025-08-05,17:00,4000,1
3DL-5PM,3D Lotto 5PM,"[""3"", ""4"", ""1""]",3-4-1,2025-08-05,17:00,4500,3
2DL-9PM,2D Lotto 9PM,"[""03"", ""10""]",03-10,2025-08-05,21:00,4000,15
3DL-9PM,3D Lotto 9PM,"[""3"", ""4"", ""2""]",3-4-2,2025-08-05,21:00,4500,7
6DL,6D Lotto,"[""4"", ""4"", ""9"", ""1"", ""6"", ""5""]",4-4-9-1-6-5,2025-08-05,21:00,3051776.12,0
LOTTO42,Lotto 6/42,"[""03"", ""31"", ""06"", ""28"", ""04"", ""23""]",03-31-06-28-04-23,2025-08-05,21:00,15979564.2,0
SL49,Superlotto 6/49,"[""43"", ""38"", ""39"", ""06"", ""11"", ""49""]",43-38-39-06-11-49,2025-08-05,21:00,60213515.4,0
UL58,Ultra Lotto 6/58,"[""50"", ""21"", ""37"", ""22"", ""39"", ""48""]",50-21-37-22-39-48,2025-08-05,21:00,307514426,0
2DL-2PM,2D Lotto 2PM,"[""16"", ""26""]",16-26,2025-08-06,14:00,4000,0
3DL-2PM,3D Lotto 2PM,"[""3"", ""2"", ""6""]",3-2-6,2025-08-06,14:00,4500,2
2DL-5PM,2D Lotto 5PM,"[""30"", ""10""]",30-10,2025-08-06,17:00,4000,15
3DL-5PM,3D Lotto 5PM,"[""3"", ""5"", ""4""]",3-5-4,2025-08-06,17:00,4500,2
2DL-9PM,2D Lotto 9PM,"[""05"", ""18""]",05-18,2025-08-06,21:00,4000,5
3DL-9PM,3D Lotto 9PM,"[""5"", ""7"", ""8""]",5-7-8,2025-08-06,21:00,4500,3
4DL,4D Lotto,"[""2"", ""6"", ""5"", ""4""]",2-6-5-4,2025-08-06,21:00,754676,46
GL55,Grand Lotto 6/55,"[""17"", ""25"", ""04"", ""11"", ""37"", ""52""]",17-25-04-11-37-52,2025-08-06,21:00,58558083.4,0
ML45,Megalotto 6/45,"[""02"", ""35"", ""37"", ""10"", ""44"", ""24""]",02-35-37-10-44-24,2025-08-06,21:00,30373525.8,0
2DL-2PM,2D Lotto 2PM,"[""02"", ""22""]",02-22,2025-08-07,14:00,4000,5
3DL-2PM,3D Lotto 2PM,"[""6"", ""5"", ""8""]",6-5-8,2025-08-07,14:00,4500,2
2DL-5PM,2D Lotto 5PM,"[""15"", ""21""]",15-21,2025-08-07,17:00,4000,0
3DL-5PM,3D Lotto 5PM,"[""5"", ""2"", ""4""]",5-2-4,2025-08-07,17:00,4500,4
2DL-9PM,2D Lotto 9PM,"[""20"", ""02""]",20-02,2025-08-07,21:00,4000,4
3DL-9PM,3D Lotto 9PM,"[""0"", ""5"", ""2""]",0-5-2,2025-08-07,21:00,4500,6
6DL,6D Lotto,"[""8"", ""2"", ""3"", ""2"", ""3"", ""6""]",8-2-3-2-3-6,2025-08-07,21:00,3640676.36,0
LOTTO42,Lotto 6/42,"[""36"", ""41"", ""33"", ""05"", ""25"", ""01""]",36-41-33-05-25-01,2025-08-07,21:00,19560635.6,0
SL49,Superlotto 6/49,"[""49"", ""47"", ""16"", ""41"", ""20"", ""15""]",49-47-16-41-20-15,2025-08-07,21:00,65204921,0
2DL-2PM,2D Lotto 2PM,"[""25"", ""10""]",25-10,2025-08-08,14:00,4000,6
3DL-2PM,3D Lotto 2PM,"[""5"", ""4"", ""7""]",5-4-7,2025-08-08,14:00,4500,5
2DL-5PM,2D Lotto 5PM,"[""31"", ""03""]",31-03,2025-08-08,17:00,4000,2
3DL-5PM,3D Lotto 5PM,"[""8"", ""5"", ""0""]",8-5-0,2025-08-08,17:00,4500,3
2DL-9PM,2D Lotto 9PM,"[""04"", ""18""]",04-18,2025-08-08,21:00,4000,34
3DL-9PM,3D Lotto 9PM,"[""3"", ""0"", ""2""]",3-0-2,2025-08-08,21:00,4500,8
4DL,4D Lotto,"[""9"", ""5"", ""7"", ""4""]",9-5-7-4,2025-08-08,21:00,973168,16
ML45,Megalotto 6/45,"[""04"", ""28"", ""02"", ""41"", ""01"", ""06""]",04-28-02-41-01-06,2025-08-08,21:00,34529403,0
UL58,Ultra Lotto 6/58,"[""43"", ""04"", ""52"", ""41"", ""15"", ""06""]",43-04-52-41-15-06,2025-08-08,21:00,319010402.8,0
2DL-2PM,2D Lotto 2PM,"[""10"", ""03""]",10-03,2025-08-09,14:00,4000,2
3DL-2PM,3D Lotto 2PM,"[""9"", ""6"", ""8""]",9-6-8,2025-08-09,14:00,4500,2
2DL-5PM,2D Lotto 5PM,"[""19"", ""09""]",19-09,2025-08-09,17:00,4000,0
3DL-5PM,3D Lotto 5PM,"[""7"", ""4"", ""1""]",7-4-1,2025-08-09,17:00,4500,11
2DL-9PM,2D Lotto 9PM,"[""04"", ""29""]",04-29,2025-08-09,21:00,4000,7
3DL-9PM,3D Lotto 9PM,"[""0"", ""4"", ""6""]",0-4-6,2025-08-09,21:00,4500,7
6DL,6D Lotto,"[""5"", ""4"", ""7"", ""6"", ""2"", ""1""]",5-4-7-6-2-1,2025-08-09,21:00,4178784,1
GL55,Grand Lotto 6/55,"[""42"", ""30"", ""49"", ""06"", ""03"", ""45""]",42-30-49-06-03-45,2025-08-09,21:00,62913268.6,0
LOTTO42,Lotto 6/42,"[""09"", ""13"", ""36"", ""18"", ""27"", ""34""]",09-13-36-18-27-34,2025-08-09,21:00,23489765.2,0
2DL-2PM,2D Lotto 2PM,"[""30"", ""09""]",30-09,2025-08-10,14:00,4000,1
3DL-2PM,3D Lotto 2PM,"[""6"", ""1"", ""1""]",6-1-1,2025-08-10,14:00,4500,2
2DL-5PM,2D Lotto 5PM,"[""18"", ""19""]",18-19,2025-08-10,17:00,4000,0
3DL-5PM,3D Lotto 5PM,"[""2"", ""6"", ""8""]",2-6-8,2025-08-10,17:00,4500,5
2DL-9PM,2D Lotto 9PM,"[""01"", ""21""]",01-21,2025-08-10,21:00,4000,2
3DL-9PM,3D Lotto 9PM,"[""8"", ""8"", ""7""]",8-8-7,2025-08-10,21:00,4500,1
SL49,Superlotto 6/49,"[""10"", ""34"", ""06"", ""30"", ""44"", ""24""]",10-34-06-30-44-24,2025-08-10,21:00,70216325,0
UL58,Ultra Lotto 6/58,"[""15"", ""47"", ""13"", ""30"", ""57"", ""03""]",15-47-13-30-57-03,2025-08-10,21:00,329754859.6,0
2DL-2PM,2D Lotto 2PM,"[""06"", ""02""]",06-02,2025-08-11,14:00,4000,1
3DL-2PM,3D Lotto 2PM,"[""8"", ""1"", ""2""]",8-1-2,2025-08-11,14:00,4500,10
2DL-5PM,2D Lotto 5PM,"[""15"", ""03""]",15-03,2025-08-11,17:00,4000,1
3DL-5PM,3D Lotto 5PM,"[""4"", ""2"", ""2""]",4-2-2,2025-08-11,17:00,4500,2
2DL-9PM,2D Lotto 9PM,"[""25"", ""13""]",25-13,2025-08-11,21:00,4000,4
3DL-9PM,3D Lotto 9PM,"[""8"", ""8"", ""9""]",8-8-9,2025-08-11,21:00,4500,0
4DL,4D Lotto,"[""7"", ""0"", ""7"", ""5""]",7-0-7-5,2025-08-11,21:00,840780,20
GL55,Grand Lotto 6/55,"[""40"", ""17"", ""12"", ""29"", ""11"", ""48""]",40-17-12-29-11-48,2025-08-11,21:00,66935255,0
ML45,Megalotto 6/45,"[""40"", ""10"", ""16"", ""28"", ""07"", ""09""]",40-10-16-28-07-09,2025-08-11,21:00,38521162.8,2
2DL-2PM,2D Lotto 2PM,"[""19"", ""12""]",19-12,2025-08-12,14:00,4000,5
3DL-2PM,3D Lotto 2PM,"[""7"", ""4"", ""8""]",7-4-8,2025-08-12,14:00,4500,3
2DL-5PM,2D Lotto 5PM,"[""28"", ""30""]",28-30,2025-08-12,17:00,4000,0
3DL-5PM,3D Lotto 5PM,"[""3"", ""3"", ""0""]",3-3-0,2025-08-12,17:00,4500,1
2DL-9PM,2D Lotto 9PM,"[""10"", ""27""]",10-27,2025-08-12,21:00,4000,9
3DL-9PM,3D Lotto 9PM,"[""7"", ""0"", ""2""]",7-0-2,2025-08-12,21:00,4500,13
6DL,6D Lotto,"[""7"", ""4"", ""9"", ""7"", ""7"", ""3""]",7-4-9-7-7-3,2025-08-12,21:00,487265.92,0
LOTTO42,Lotto 6/42,"[""13"", ""30"", ""11"", ""36"", ""27"", ""42""]",13-30-11-36-27-42,2025-08-12,21:00,27137946,0
SL49,Superlotto 6/49,"[""35"", ""44"", ""21"", ""16"", ""27"", ""34""]",35-44-21-16-27-34,2025-08-12,21:00,74485701.6,0
UL58,Ultra Lotto 6/58,"[""14"", ""33"", ""50"", ""57"", ""22"", ""39""]",14-33-50-57-22-39,2025-08-12,21:00,339955661.2,0
2DL-2PM,2D Lotto 2PM,"[""31"", ""14""]",31-14,2025-08-13,14:00,4000,2
3DL-2PM,3D Lotto 2PM,"[""6"", ""4"", ""1""]",6-4-1,2025-08-13,14:00,4500,6
2DL-5PM,2D Lotto 5PM,"[""31"", ""20""]",31-20,2025-08-13,17:00,4000,0
3DL-5PM,3D Lotto 5PM,"[""6"", ""6"", ""3""]",6-6-3,2025-08-13,17:00,4500,0
2DL-9PM,2D Lotto 9PM,"[""02"", ""02""]",02-02,2025-08-13,21:00,4000,1
3DL-9PM,3D Lotto 9PM,"[""1"", ""3"", ""9""]",1-3-9,2025-08-13,21:00,4500,11
4DL,4D Lotto,"[""6"", ""9"", ""3"", ""0""]",6-9-3-0,2025-08-13,21:00,500633,17
GL55,Grand Lotto 6/55,"[""48"", ""45"", ""23"", ""30"", ""43"", ""17""]",48-45-23-30-43-17,2025-08-13,21:00,71512918.8,0
ML45,Megalotto 6/45,"[""41"", ""36"", ""02"", ""08"", ""34"", ""30""]",41-36-02-08-34-30,2025-08-13,21:00,8910000,0
2DL-2PM,2D Lotto 2PM,"[""25"", ""15""]",25-15,2025-08-14,14:00,4000,9
3DL-2PM,3D Lotto 2PM,"[""5"", ""3"", ""5""]",5-3-5,2025-08-14,14:00,4500,1
2DL-5PM,2D Lotto 5PM,"[""26"", ""30""]",26-30,2025-08-14,17:00,4000,9
3DL-5PM,3D Lotto 5PM,"[""9"", ""7"", ""8""]",9-7-8,2025-08-14,17:00,4500,3
2DL-9PM,2D Lotto 9PM,"[""29"", ""18""]",29-18,2025-08-14,21:00,4000,5
3DL-9PM,3D Lotto 9PM,"[""7"", ""4"", ""6""]",7-4-6,2025-08-14,21:00,4500,6
6DL,6D Lotto,"[""4"", ""9"", ""7"", ""1"", ""2"", ""9""]",4-9-7-1-2-9,2025-08-14,21:00,828928.32,0
LOTTO42,Lotto 6/42,"[""16"", ""20"", ""30"", ""38"", ""24"", ""32""]",16-20-30-38-24-32,2025-08-14,21:00,30978800.6,0
SL49,Superlotto 6/49,"[""34"", ""36"", ""28"", ""22"", ""48"", ""19""]",34-36-28-22-48-19,2025-08-14,21:00,79475795.8,0
2DL-2PM,2D Lotto 2PM,"[""08"", ""30""]",08-30,2025-08-15,14:00,4000,16
3DL-2PM,3D Lotto 2PM,"[""2"", ""3"", ""2""]",2-3-2,2025-08-15,14:00,4500,16
2DL-5PM,2D Lotto 5PM,"[""06"", ""19""]",06-19,2025-08-15,17:00,4000,2
3DL-5PM,3D Lotto 5PM,"[""3"", ""3"", ""6""]",3-3-6,2025-08-15,17:00,4500,1
2DL-9PM,2D Lotto 9PM,"[""03"", ""20""]",03-20,2025-08-15,21:00,4000,1
3DL-9PM,3D Lotto 9PM,"[""1"", ""9"", ""1""]",1-9-1,2025-08-15,21:00,4500,6
4DL,4D Lotto,"[""2"", ""4"", ""5"", ""1""]",2-4-5-1,2025-08-15,21:00,884106,18
ML45,Megalotto 6/45,"[""07"", ""13"", ""03"", ""17"", ""12"", ""23""]",07-13-03-17-12-23,2025-08-15,21:00,8910000,0
UL58,Ultra Lotto 6/58,"[""47"", ""05"", ""34"", ""24"", ""04"", ""07""]",47-05-34-24-04-07,2025-08-15,21:00,351893609.2,0
2DL-2PM,2D Lotto 2PM,"[""01"", ""07""]",01-07,2025-08-16,14:00,4000,2
3DL-2PM,3D Lotto 2PM,"[""6"", ""0"", ""1""]",6-0-1,2025-08-16,14:00,4500,11
2DL-5PM,2D Lotto 5PM,"[""04"", ""10""]",04-10,2025-08-16,17:00,4000,6
3DL-5PM,3D Lotto 5PM,"[""9"", ""5"", ""7""]",9-5-7,2025-08-16,17:00,4500,1
2DL-9PM,2D Lotto 9PM,"[""12"", ""27""]",12-27,2025-08-16,21:00,4000,12
3DL-9PM,3D Lotto 9PM,"[""0"", ""3"", ""9""]",0-3-9,2025-08-16,21:00,4500,5
6DL,6D Lotto,"[""2"", ""5"", ""6"", ""8"", ""9"", ""3""]",2-5-6-8-9-3,2025-08-16,21:00,1396324,1
GL55,Grand Lotto 6/55,"[""07"", ""45"", ""32"", ""42"", ""06"", ""28""]",07-45-32-42-06-28,2025-08-16,21:00,76085171.8,0
LOTTO42,Lotto 6/42,"[""13"", ""08"", ""29"", ""03"", ""41"", ""36""]",13-08-29-03-41-36,2025-08-16,21:00,35318748.6,0
2DL-2PM,2D Lotto 2PM,"[""04"", ""13""]",04-13,2025-08-17,14:00,4000,0
3DL-2PM,3D Lotto 2PM,"[""4"", ""9"", ""9""]",4-9-9,2025-08-17,14:00,4500,6
2DL-5PM,2D Lotto 5PM,"[""04"", ""15""]",04-15,2025-08-17,17:00,4000,6
3DL-5PM,3D Lotto 5PM,"[""2"", ""6"", ""0""]",2-6-0,2025-08-17,17:00,4500,1
2DL-9PM,2D Lotto 9PM,"[""09"", ""11""]",09-11,2025-08-17,21:00,4000,12
3DL-9PM,3D Lotto 9PM,"[""7"", ""1"", ""7""]",7-1-7,2025-08-17,21:00,4500,2
SL49,Superlotto 6/49,"[""04"", ""22"", ""44"", ""34"", ""30"", ""33""]",04-22-44-34-30-33,2025-08-17,21:00,84961245.2,0
UL58,Ultra Lotto 6/58,"[""17"", ""26"", ""02"", ""28"", ""57"", ""54""]",17-26-02-28-57-54,2025-08-17,21:00,363258633.2,0
2DL-2PM,2D Lotto 2PM,"[""10"", ""02""]",10-02,2025-08-18,14:00,4000,9
3DL-2PM,3D Lotto 2PM,"[""9"", ""2"", ""0""]",9-2-0,2025-08-18,14:00,4500,4
2DL-5PM,2D Lotto 5PM,"[""19"", ""22""]",19-22,2025-08-18,17:00,4000,10
3DL-5PM,3D Lotto 5PM,"[""7"", ""9"", ""6""]",7-9-6,2025-08-18,17:00,4500,1
2DL-9PM,2D Lotto 9PM,"[""21"", ""22""]",21-22,2025-08-18,21:00,4000,0
3DL-9PM,3D Lotto 9PM,"[""1"", ""5"", ""3""]",1-5-3,2025-08-18,21:00,4500,9
4DL,4D Lotto,"[""0"", ""4"", ""1"", ""7""]",0-4-1-7,2025-08-18,21:00,800000,80
GL55,Grand Lotto 6/55,"[""48"", ""28"", ""35"", ""26"", ""05"", ""41""]",48-28-35-26-05-41,2025-08-18,21:00,80900673.6,0
ML45,Megalotto 6/45,"[""19"", ""35"", ""16"", ""04"", ""42"", ""14""]",19-35-16-04-42-14,2025-08-18,21:00,10089332.8,0
2DL-2PM,2D Lotto 2PM,"[""29"", ""02""]",29-02,2025-08-19,14:00,4000,0
3DL-2PM,3D Lotto 2PM,"[""7"", ""7"", ""3""]",7-7-3,2025-08-19,14:00,4500,3
2DL-5PM,2D Lotto 5PM,"[""31"", ""22""]",31-22,2025-08-19,17:00,4000,1
3DL-5PM,3D Lotto 5PM,"[""2"", ""6"", ""0""]",2-6-0,2025-08-19,17:00,4500,1
2DL-9PM,2D Lotto 9PM,"[""08"", ""30""]",08-30,2025-08-19,21:00,4000,0
3DL-9PM,3D Lotto 9PM,"[""4"", ""5"", ""9""]",4-5-9,2025-08-19,21:00,4500,3
6DL,6D Lotto,"[""7"", ""8"", ""0"", ""2"", ""3"", ""2""]",7-8-0-2-3-2,2025-08-19,21:00,671496.52,0
LOTTO42,Lotto 6/42,"[""24"", ""28"", ""26"", ""05"", ""35"", ""20""]",24-28-26-05-35-20,2025-08-19,21:00,39462472.8,0
SL49,Superlotto 6/49,"[""17"", ""27"", ""21"", ""30"", ""15"", ""12""]",17-27-21-30-15-12,2025-08-19,21:00,89548070.2,1
UL58,Ultra Lotto 6/58,"[""15"", ""43"", ""07"", ""40"", ""52"", ""29""]",15-43-07-40-52-29,2025-08-19,21:00,373899069.6,0
2DL-2PM,2D Lotto 2PM,"[""02"", ""02""]",02-02,2025-08-20,14:00,4000,1
3DL-2PM,3D Lotto 2PM,"[""1"", ""3"", ""0""]",1-3-0,2025-08-20,14:00,4500,38
2DL-5PM,2D Lotto 5PM,"[""02"", ""10""]",02-10,2025-08-20,17:00,4000,2
3DL-5PM,3D Lotto 5PM,"[""9"", ""0"", ""9""]",9-0-9,2025-08-20,17:00,4500,1
2DL-9PM,2D Lotto 9PM,"[""30"", ""06""]",30-06,2025-08-20,21:00,4000,3
3DL-9PM,3D Lotto 9PM,"[""9"", ""0"", ""6""]",9-0-6,2025-08-20,21:00,4500,15
4DL,4D Lotto,"[""6"", ""5"", ""6"", ""4""]",6-5-6-4,2025-08-20,21:00,791250,30
GL55,Grand Lotto 6/55,"[""09"", ""45"", ""21"", ""39"", ""14"", ""06""]",09-45-21-39-14-06,2025-08-20,21:00,85722656.6,0
ML45,Megalotto 6/45,"[""43"", ""38"", ""30"", ""11"", ""02"", ""14""]",43-38-30-11-02-14,2025-08-20,21:00,13485257.6,0
2DL-2PM,2D Lotto 2PM,"[""27"", ""15""]",27-15,2025-08-21,14:00,4000,2
3DL-2PM,3D Lotto 2PM,"[""9"", ""5"", ""9""]",9-5-9,2025-08-21,14:00,4500,8
2DL-5PM,2D Lotto 5PM,"[""20"", ""25""]",20-25,2025-08-21,17:00,4000,10
3DL-5PM,3D Lotto 5PM,"[""3"", ""6"", ""8""]",3-6-8,2025-08-21,17:00,4500,16
2DL-9PM,2D Lotto 9PM,"[""28"", ""05""]",28-05,2025-08-21,21:00,4000,4
3DL-9PM,3D Lotto 9PM,"[""1"", ""1"", ""4""]",1-1-4,2025-08-21,21:00,4500,12
6DL,6D Lotto,"[""8"", ""0"", ""9"", ""2"", ""1"", ""8""]",8-0-9-2-1-8,2025-08-21,21:00,968378.12,0
LOTTO42,Lotto 6/42,"[""25"", ""27"", ""08"", ""39"", ""35"", ""40""]",25-27-08-39-35-40,2025-08-21,21:00,44760884,0
SL49,Superlotto 6/49,"[""36"", ""15"", ""47"", ""10"", ""01"", ""41""]",36-15-47-10-01-41,2025-08-21,21:00,15840000,0
2DL-2PM,2D Lotto 2PM,"[""04"", ""12""]",04-12,2025-08-22,14:00,4000,4
3DL-2PM,3D Lotto 2PM,"[""8"", ""7"", ""2""]",8-7-2,2025-08-22,14:00,4500,5
2DL-5PM,2D Lotto 5PM,"[""30"", ""24""]",30-24,2025-08-22,17:00,4000,0
3DL-5PM,3D Lotto 5PM,"[""9"", ""3"", ""6""]",9-3-6,2025-08-22,17:00,4500,5
2DL-9PM,2D Lotto 9PM,"[""14"", ""27""]",14-27,2025-08-22,21:00,4000,8
3DL-9PM,3D Lotto 9PM,"[""4"", ""4"", ""0""]",4-4-0,2025-08-22,21:00,4500,35
4DL,4D Lotto,"[""7"", ""6"", ""8"", ""9""]",7-6-8-9,2025-08-22,21:00,759335,19
ML45,Megalotto 6/45,"[""40"", ""33"", ""42"", ""06"", ""20"", ""17""]",40-33-42-06-20-17,2025-08-22,21:00,17049877.2,0
UL58,Ultra Lotto 6/58,"[""01"", ""34"", ""44"", ""27"", ""57"", ""16""]",01-34-44-27-57-16,2025-08-22,21:00,386153104.8,1
2DL-2PM,2D Lotto 2PM,"[""29"", ""16""]",29-16,2025-08-23,14:00,4000,1
3DL-2PM,3D Lotto 2PM,"[""5"", ""8"", ""3""]",5-8-3,2025-08-23,14:00,4500,10
2DL-5PM,2D Lotto 5PM,"[""07"", ""11""]",07-11,2025-08-23,17:00,4000,19
3DL-5PM,3D Lotto 5PM,"[""2"", ""7"", ""2""]",2-7-2,2025-08-23,17:00,4500,6
2DL-9PM,2D Lotto 9PM,"[""14"", ""18""]",14-18,2025-08-23,21:00,4000,8
3DL-9PM,3D Lotto 9PM,"[""6"", ""0"", ""3""]",6-0-3,2025-08-23,21:00,4500,17
6DL,6D Lotto,"[""3"", ""6"", ""7"", ""2"", ""5"", ""3""]",3-6-7-2-5-3,2025-08-23,21:00,1018378,1
GL55,Grand Lotto 6/55,"[""24"", ""35"", ""41"", ""15"", ""45"", ""13""]",24-35-41-15-45-13,2025-08-23,21:00,90601768.6,0
LOTTO42,Lotto 6/42,"[""28"", ""01"", ""39"", ""40"", ""26"", ""16""]",28-01-39-40-26-16,2025-08-23,21:00,49700531.8,0
2DL-2PM,2D Lotto 2PM,"[""29"", ""18""]",29-18,2025-08-24,14:00,4000,4
3DL-2PM,3D Lotto 2PM,"[""6"", ""5"", ""1""]",6-5-1,2025-08-24,14:00,4500,10
2DL-5PM,2D Lotto 5PM,"[""23"", ""31""]",23-31,2025-08-24,17:00,4000,0
3DL-5PM,3D Lotto 5PM,"[""1"", ""0"", ""5""]",1-0-5,2025-08-24,17:00,4500,17
2DL-9PM,2D Lotto 9PM,"[""05"", ""24""]",05-24,2025-08-24,21:00,4000,9
3DL-9PM,3D Lotto 9PM,"[""4"", ""3"", ""5""]",4-3-5,2025-08-24,21:00,4500,2
SL49,Superlotto 6/49,"[""24"", ""08"", ""15"", ""45"", ""43"", ""46""]",24-08-15-45-43-46,2025-08-24,21:00,15840000,0
UL58,Ultra Lotto 6/58,"[""35"", ""29"", ""42"", ""56"", ""43"", ""28""]",35-29-42-56-43-28,2025-08-24,21:00,49500000,0
2DL-2PM,2D Lotto 2PM,"[""21"", ""18""]",21-18,2025-08-25,14:00,4000,2
3DL-2PM,3D Lotto 2PM,"[""7"", ""9"", ""3""]",7-9-3,2025-08-25,14:00,4500,2
2DL-5PM,2D Lotto 5PM,"[""18"", ""11""]",18-11,2025-08-25,17:00,4000,2
3DL-5PM,3D Lotto 5PM,"[""1"", ""8"", ""5""]",1-8-5,2025-08-25,17:00,4500,6
2DL-9PM,2D Lotto 9PM,"[""16"", ""23""]",16-23,2025-08-25,21:00,4000,3
3DL-9PM,3D Lotto 9PM,"[""4"", ""1"", ""7""]",4-1-7,2025-08-25,21:00,4500,6
4DL,4D Lotto,"[""8"", ""8"", ""3"", ""8""]",8-8-3-8,2025-08-25,21:00,824236,14
GL55,Grand Lotto 6/55,"[""11"", ""17"", ""38"", ""01"", ""07"", ""49""]",11-17-38-01-07-49,2025-08-25,21:00,95530852.4,0
ML45,Megalotto 6/45,"[""40"", ""05"", ""16"", ""03"", ""20"", ""27""]",40-05-16-03-20-27,2025-08-25,21:00,20523660.6,1
2DL-2PM,2D Lotto 2PM,"[""30"", ""05""]",30-05,2025-08-26,14:00,4000,4
3DL-2PM,3D Lotto 2PM,"[""7"", ""7"", ""3""]",7-7-3,2025-08-26,14:00,4500,2
2DL-5PM,2D Lotto 5PM,"[""08"", ""20""]",08-20,2025-08-26,17:00,4000,8
3DL-5PM,3D Lotto 5PM,"[""4"", ""8"", ""9""]",4-8-9,2025-08-26,17:00,4500,8
2DL-9PM,2D Lotto 9PM,"[""16"", ""16""]",16-16,2025-08-26,21:00,4000,4
3DL-9PM,3D Lotto 9PM,"[""1"", ""0"", ""7""]",1-0-7,2025-08-26,21:00,4500,23
6DL,6D Lotto,"[""0"", ""6"", ""6"", ""1"", ""5"", ""0""]",0-6-6-1-5-0,2025-08-26,21:00,471393.92,0
LOTTO42,Lotto 6/42,"[""01"", ""36"", ""17"", ""35"", ""42"", ""19""]",01-36-17-35-42-19,2025-08-26,21:00,55241711.8,0
SL49,Superlotto 6/49,"[""25"", ""16"", ""31"", ""27"", ""46"", ""35""]",25-16-31-27-46-35,2025-08-26,21:00,15840000,0
UL58,Ultra Lotto 6/58,"[""31"", ""04"", ""36"", ""35"", ""16"", ""50""]",31-04-36-35-16-50,2025-08-26,21:00,49500000,0
2DL-2PM,2D Lotto 2PM,"[""16"", ""02""]",16-02,2025-08-27,14:00,4000,7
3DL-2PM,3D Lotto 2PM,"[""7"", ""0"", ""8""]",7-0-8,2025-08-27,14:00,4500,21
2DL-5PM,2D Lotto 5PM,"[""21"", ""07""]",21-07,2025-08-27,17:00,4000,0
3DL-5PM,3D Lotto 5PM,"[""1"", ""0"", ""6""]",1-0-6,2025-08-27,17:00,4500,11
2DL-9PM,2D Lotto 9PM,"[""11"", ""12""]",11-12,2025-08-27,21:00,4000,11
3DL-9PM,3D Lotto 9PM,"[""9"", ""5"", ""9""]",9-5-9,2025-08-27,21:00,4500,2
4DL,4D Lotto,"[""1"", ""7"", ""7"", ""1""]",1-7-7-1,2025-08-27,21:00,1320000,132
GL55,Grand Lotto 6/55,"[""01"", ""31"", ""13"", ""43"", ""33"", ""20""]",01-31-13-43-33-20,2025-08-27,21:00,100896572.8,0
ML45,Megalotto 6/45,"[""37"", ""35"", ""39"", ""25"", ""27"", ""44""]",37-35-39-25-27-44,2025-08-27,21:00,8910000,0
2DL-2PM,2D Lotto 2PM,"[""28"", ""13""]",28-13,2025-08-28,14:00,4000,3
3DL-2PM,3D Lotto 2PM,"[""7"", ""8"", ""5""]",7-8-5,2025-08-28,14:00,4500,4
2DL-5PM,2D Lotto 5PM,"[""25"", ""19""]",25-19,2025-08-28,17:00,4000,4
3DL-5PM,3D Lotto 5PM,"[""1"", ""5"", ""2""]",1-5-2,2025-08-28,17:00,4500,22
2DL-9PM,2D Lotto 9PM,"[""12"", ""04""]",12-04,2025-08-28,21:00,4000,1
3DL-9PM,3D Lotto 9PM,"[""1"", ""0"", ""3""]",1-0-3,2025-08-28,21:00,4500,40
6DL,6D Lotto,"[""2"", ""1"", ""8"", ""7"", ""0"", ""5""]",2-1-8-7-0-5,2025-08-28,21:00,985432,1
LOTTO42,Lotto 6/42,"[""02"", ""03"", ""10"", ""15"", ""26"", ""33""]",02-03-10-15-26-33,2025-08-28,21:00,61104270,0
SL49,Superlotto 6/49,"[""16"", ""49"", ""14"", ""17"", ""22"", ""06""]",16-49-14-17-22-06,2025-08-28,21:00,15840000,0
2DL-2PM,2D Lotto 2PM,"[""29"", ""31""]",29-31,2025-08-29,14:00,4000,1
3DL-2PM,3D Lotto 2PM,"[""8"", ""7"", ""6""]",8-7-6,2025-08-29,14:00,4500,11
2DL-5PM,2D Lotto 5PM,"[""16"", ""14""]",16-14,2025-08-29,17:00,4000,1
3DL-5PM,3D Lotto 5PM,"[""0"", ""4"", ""1""]",0-4-1,2025-08-29,17:00,4500,12
2DL-9PM,2D Lotto 9PM,"[""16"", ""29""]",16-29,2025-08-29,21:00,4000,6
3DL-9PM,3D Lotto 9PM,"[""2"", ""4"", ""3""]",2-4-3,2025-08-29,21:00,4500,36
4DL,4D Lotto,"[""4"", ""7"", ""6"", ""1""]",4-7-6-1,2025-08-29,21:00,888381,27
ML45,Megalotto 6/45,"[""31"", ""07"", ""33"", ""12"", ""36"", ""20""]",31-07-33-12-36-20,2025-08-29,21:00,8910000,0
UL58,Ultra Lotto 6/58,"[""41"", ""01"", ""19"", ""57"", ""27"", ""11""]",41-01-19-57-27-11,2025-08-29,21:00,49500000,0
2DL-2PM,2D Lotto 2PM,"[""06"", ""29""]",06-29,2025-08-30,14:00,4000,6
3DL-2PM,3D Lotto 2PM,"[""2"", ""6"", ""6""]",2-6-6,2025-08-30,14:00,4500,2
2DL-5PM,2D Lotto 5PM,"[""02"", ""14""]",02-14,2025-08-30,17:00,4000,0
3DL-5PM,3D Lotto 5PM,"[""8"", ""6"", ""1""]",8-6-1,2025-08-30,17:00,4500,17
2DL-9PM,2D Lotto 9PM,"[""20"", ""12""]",20-12,2025-08-30,21:00,4000,9
3DL-9PM,3D Lotto 9PM,"[""2"", ""2"", ""7""]",2-2-7,2025-08-30,21:00,4500,4
6DL,6D Lotto,"[""0"", ""5"", ""8"", ""3"", ""0"", ""9""]",0-5-8-3-0-9,2025-08-30,21:00,508895.36,0
GL55,Grand Lotto 6/55,"[""02"", ""40"", ""31"", ""17"", ""43"", ""10""]",02-40-31-17-43-10,2025-08-30,21:00,106866519.2,0
LOTTO42,Lotto 6/42,"[""08"", ""19"", ""27"", ""13"", ""11"", ""21""]",08-19-27-13-11-21,2025-08-30,21:00,66711495.8,0
2DL-2PM,2D Lotto 2PM,"[""01"", ""28""]",01-28,2025-08-31,14:00,4000,1
3DL-2PM,3D Lotto 2PM,"[""5"", ""7"", ""5""]",5-7-5,2025-08-31,14:00,4500,2
2DL-5PM,2D Lotto 5PM,"[""23"", ""19""]",23-19,2025-08-31,17:00,4000,0
3DL-5PM,3D Lotto 5PM,"[""4"", ""8"", ""7""]",4-8-7,2025-08-31,17:00,4500,6
2DL-9PM,2D Lotto 9PM,"[""16"", ""09""]",16-09,2025-08-31,21:00,4000,14
3DL-9PM,3D Lotto 9PM,"[""7"", ""6"", ""8""]",7-6-8,2025-08-31,21:00,4500,3
SL49,Superlotto 6/49,"[""23"", ""32"", ""45"", ""05"", ""18"", ""43""]",23-32-45-05-18-43,2025-08-31,21:00,16126443.8,0
UL58,Ultra Lotto 6/58,"[""52"", ""43"", ""14"", ""50"", ""18"", ""45""]",52-43-14-50-18-45,2025-08-31,21:00,49500000,0
2DL-2PM,2D Lotto 2PM,"[""01"", ""11""]",01-11,2025-09-01,14:00,4000,7
3DL-2PM,3D Lotto 2PM,"[""2"", ""5"", ""6""]",2-5-6,2025-09-01,14:00,4500,9
2DL-5PM,2D Lotto 5PM,"[""05"", ""05""]",05-05,2025-09-01,17:00,4000,1
3DL-5PM,3D Lotto 5PM,"[""7"", ""5"", ""7""]",7-5-7,2025-09-01,17:00,4500,0
2DL-9PM,2D Lotto 9PM,"[""07"", ""23""]",07-23,2025-09-01,21:00,4000,7
3DL-9PM,3D Lotto 9PM,"[""5"", ""1"", ""5""]",5-1-5,2025-09-01,21:00,4500,5
4DL,4D Lotto,"[""9"", ""5"", ""1"", ""2""]",9-5-1-2,2025-09-01,21:00,669970,5
GL55,Grand Lotto 6/55,"[""54"", ""20"", ""24"", ""30"", ""39"", ""29""]",54-20-24-30-39-29,2025-09-01,21:00,113375439.2,0
ML45,Megalotto 6/45,"[""38"", ""03"", ""36"", ""15"", ""27"", ""33""]",38-03-36-15-27-33,2025-09-01,21:00,9759510,0
2DL-2PM,2D Lotto 2PM,"[""14"", ""15""]",14-15,2025-09-02,14:00,4000,0
3DL-2PM,3D Lotto 2PM,"[""7"", ""6"", ""5""]",7-6-5,2025-09-02,14:00,4500,7
2DL-5PM,2D Lotto 5PM,"[""23"", ""30""]",23-30,2025-09-02,17:00,4000,0
3DL-5PM,3D Lotto 5PM,"[""3"", ""8"", ""1""]",3-8-1,2025-09-02,17:00,4500,25
2DL-9PM,2D Lotto 9PM,"[""07"", ""19""]",07-19,2025-09-02,21:00,4000,8
3DL-9PM,3D Lotto 9PM,"[""1"", ""0"", ""6""]",1-0-6,2025-09-02,21:00,4500,13
6DL,6D Lotto,"[""8"", ""9"", ""5"", ""5"", ""7"", ""1""]",8-9-5-5-7-1,2025-09-02,21:00,1137440.8,0
LOTTO42,Lotto 6/42,"[""40"", ""14"", ""16"", ""29"", ""35"", ""18""]",40-14-16-29-35-18,2025-09-02,21:00,73224072.6,0
SL49,Superlotto 6/49,"[""38"", ""11"", ""16"", ""31"", ""21"", ""07""]",38-11-16-31-21-07,2025-09-02,21:00,18731955,0
UL58,Ultra Lotto 6/58,"[""36"", ""58"", ""49"", ""22"", ""25"", ""40""]",36-58-49-22-25-40,2025-09-02,21:00,49500000,0
2DL-2PM,2D Lotto 2PM,"[""18"", ""20""]",18-20,2025-09-03,14:00,4000,2
3DL-2PM,3D Lotto 2PM,"[""9"", ""7"", ""6""]",9-7-6,2025-09-03,14:00,4500,1
2DL-5PM,2D Lotto 5PM,"[""23"", ""25""]",23-25,2025-09-03,17:00,4000,0
3DL-5PM,3D Lotto 5PM,"[""3"", ""0"", ""0""]",3-0-0,2025-09-03,17:00,4500,14
2DL-9PM,2D Lotto 9PM,"[""11"", ""05""]",11-05,2025-09-03,21:00,4000,5
3DL-9PM,3D Lotto 9PM,"[""4"", ""6"", ""2""]",4-6-2,2025-09-03,21:00,4500,5
4DL,4D Lotto,"[""7"", ""4"", ""5"", ""7""]",7-4-5-7,2025-09-03,21:00,808800,24
GL55,Grand Lotto 6/55,"[""43"", ""09"", ""41"", ""18"", ""48"", ""27""]",43-09-41-18-48-27,2025-09-03,21:00,119888627.2,0
ML45,Megalotto 6/45,"[""10"", ""39"", ""43"", ""33"", ""14"", ""09""]",10-39-43-33-14-09,2025-09-03,21:00,13103444.8,0
2DL-2PM,2D Lotto 2PM,"[""31"", ""17""]",31-17,2025-09-04,14:00,4000,4
3DL-2PM,3D Lotto 2PM,"[""0"", ""3"", ""9""]",0-3-9,2025-09-04,14:00,4500,3
2DL-5PM,2D Lotto 5PM,"[""24"", ""11""]",24-11,2025-09-04,17:00,4000,3
3DL-5PM,3D Lotto 5PM,"[""7"", ""6"", ""3""]",7-6-3,2025-09-04,17:00,4500,3
2DL-9PM,2D Lotto 9PM,"[""14"", ""19""]",14-19,2025-09-04,21:00,4000,1
3DL-9PM,3D Lotto 9PM,"[""8"", ""2"", ""1""]",8-2-1,2025-09-04,21:00,4500,19
6DL,6D Lotto,"[""3"", ""3"", ""1"", ""0"", ""0"", ""3""]",3-3-1-0-0-3,2025-09-04,21:00,1505561.76,0
LOTTO42,Lotto 6/42,"[""24"", ""38"", ""18"", ""30"", ""09"", ""27""]",24-38-18-30-09-27,2025-09-04,21:00,79979967.6,0
SL49,Superlotto 6/49,"[""02"", ""32"", ""17"", ""06"", ""10"", ""04""]",02-32-17-06-10-04,2025-09-04,21:00,21833187,0
2DL-2PM,2D Lotto 2PM,"[""08"", ""16""]",08-16,2025-09-05,14:00,4000,9
3DL-2PM,3D Lotto 2PM,"[""6"", ""9"", ""0""]",6-9-0,2025-09-05,14:00,4500,3
2DL-5PM,2D Lotto 5PM,"[""13"", ""10""]",13-10,2025-09-05,17:00,4000,7
3DL-5PM,3D Lotto 5PM,"[""8"", ""5"", ""5""]",8-5-5,2025-09-05,17:00,4500,4
2DL-9PM,2D Lotto 9PM,"[""05"", ""10""]",05-10,2025-09-05,21:00,4000,29
3DL-9PM,3D Lotto 9PM,"[""1"", ""6"", ""6""]",1-6-6,2025-09-05,21:00,4500,14
4DL,4D Lotto,"[""7"", ""0"", ""3"", ""7""]",7-0-3-7,2025-09-05,21:00,927872,4
ML45,Megalotto 6/45,"[""04"", ""34"", ""31"", ""25"", ""18"", ""41""]",04-34-31-25-18-41,2025-09-05,21:00,16682679.4,0
UL58,Ultra Lotto 6/58,"[""47"", ""36"", ""19"", ""38"", ""29"", ""20""]",47-36-19-38-29-20,2025-09-05,21:00,49500000,0
2DL-2PM,2D Lotto 2PM,"[""23"", ""06""]",23-06,2025-09-06,14:00,4000,1
3DL-2PM,3D Lotto 2PM,"[""7"", ""9"", ""7""]",7-9-7,2025-09-06,14:00,4500,10
2DL-5PM,2D Lotto 5PM,"[""11"", ""29""]",11-29,2025-09-06,17:00,4000,3
3DL-5PM,3D Lotto 5PM,"[""2"", ""4"", ""2""]",2-4-2,2025-09-06,17:00,4500,1
2DL-9PM,2D Lotto 9PM,"[""12"", ""19""]",12-19,2025-09-06,21:00,4000,10
3DL-9PM,3D Lotto 9PM,"[""1"", ""8"", ""3""]",1-8-3,2025-09-06,21:00,4500,6
6DL,6D Lotto,"[""2"", ""5"", ""8"", ""5"", ""3"", ""0""]",2-5-8-5-3-0,2025-09-06,21:00,1736413.76,0
GL55,Grand Lotto 6/55,"[""29"", ""04"", ""34"", ""20"", ""01"", ""48""]",29-04-34-20-01-48,2025-09-06,21:00,126391514.8,0
LOTTO42,Lotto 6/42,"[""08"", ""39"", ""07"", ""38"", ""02"", ""09""]",08-39-07-38-02-09,2025-09-06,21:00,86346740.6,1
2DL-2PM,2D Lotto 2PM,"[""01"", ""03""]",01-03,2025-09-07,14:00,4000,0
3DL-2PM,3D Lotto 2PM,"[""4"", ""2"", ""7""]",4-2-7,2025-09-07,14:00,4500,17
2DL-5PM,2D Lotto 5PM,"[""16"", ""03""]",16-03,2025-09-07,17:00,4000,1
3DL-5PM,3D Lotto 5PM,"[""0"", ""6"", ""1""]",0-6-1,2025-09-07,17:00,4500,0
2DL-9PM,2D Lotto 9PM,"[""04"", ""11""]",04-11,2025-09-07,21:00,4000,10
3DL-9PM,3D Lotto 9PM,"[""2"", ""2"", ""7""]",2-2-7,2025-09-07,21:00,4500,8
SL49,Superlotto 6/49,"[""45"", ""21"", ""49"", ""10"", ""26"", ""05""]",45-21-49-10-26-05,2025-09-07,21:00,25654340.4,0
UL58,Ultra Lotto 6/58,"[""40"", ""54"", ""29"", ""31"", ""50"", ""19""]",40-54-29-31-50-19,2025-09-07,21:00,49500000,0
2DL-2PM,2D Lotto 2PM,"[""27"", ""16""]",27-16,2025-09-08,14:00,4000,0
3DL-2PM,3D Lotto 2PM,"[""1"", ""7"", ""0""]",1-7-0,2025-09-08,14:00,4500,7
2DL-5PM,2D Lotto 5PM,"[""06"", ""19""]",06-19,2025-09-08,17:00,4000,2
3DL-5PM,3D Lotto 5PM,"[""4"", ""9"", ""2""]",4-9-2,2025-09-08,17:00,4500,0
2DL-9PM,2D Lotto 9PM,"[""27"", ""09""]",27-09,2025-09-08,21:00,4000,10
3DL-9PM,3D Lotto 9PM,"[""4"", ""9"", ""2""]",4-9-2,2025-09-08,21:00,4500,2
4DL,4D Lotto,"[""5"", ""8"", ""2"", ""0""]",5-8-2-0,2025-09-08,21:00,570850,49
GL55,Grand Lotto 6/55,"[""14"", ""45"", ""24"", ""55"", ""44"", ""16""]",14-45-24-55-44-16,2025-09-08,21:00,132998277.6,0
ML45,Megalotto 6/45,"[""39"", ""28"", ""08"", ""44"", ""34"", ""31""]",39-28-08-44-34-31,2025-09-08,21:00,20241744,0
2DL-2PM,2D Lotto 2PM,"[""04"", ""26""]",04-26,2025-09-09,14:00,4000,3
3DL-2PM,3D Lotto 2PM,"[""1"", ""0"", ""7""]",1-0-7,2025-09-09,14:00,4500,8
2DL-5PM,2D Lotto 5PM,"[""17"", ""07""]",17-07,2025-09-09,17:00,4000,3
3DL-5PM,3D Lotto 5PM,"[""5"", ""1"", ""1""]",5-1-1,2025-09-09,17:00,4500,0
2DL-9PM,2D Lotto 9PM,"[""20"", ""04""]",20-04,2025-09-09,21:00,4000,10
3DL-9PM,3D Lotto 9PM,"[""6"", ""6"", ""3""]",6-6-3,2025-09-09,21:00,4500,3
6DL,6D Lotto,"[""7"", ""2"", ""6"", ""7"", ""2"", ""5""]",7-2-6-7-2-5,2025-09-09,21:00,1844684,1
LOTTO42,Lotto 6/42,"[""40"", ""34"", ""14"", ""01"", ""13"", ""30""]",40-34-14-01-13-30,2025-09-09,21:00,5940000,0
SL49,Superlotto 6/49,"[""32"", ""22"", ""08"", ""29"", ""15"", ""05""]",32-22-08-29-15-05,2025-09-09,21:00,28906625.2,0
UL58,Ultra Lotto 6/58,"[""23"", ""52"", ""38"", ""31"", ""15"", ""54""]",23-52-38-31-15-54,2025-09-09,21:00,49500000,0
2DL-2PM,2D Lotto 2PM,"[""20"", ""25""]",20-25,2025-09-10,14:00,4000,3
3DL-2PM,3D Lotto 2PM,"[""0"", ""3"", ""5""]",0-3-5,2025-09-10,14:00,4500,3
2DL-5PM,2D Lotto 5PM,"[""25"", ""10""]",25-10,2025-09-10,17:00,4000,4
3DL-5PM,3D Lotto 5PM,"[""5"", ""9"", ""8""]",5-9-8,2025-09-10,17:00,4500,7
2DL-9PM,2D Lotto 9PM,"[""17"", ""28""]",17-28,2025-09-10,21:00,4000,3
3DL-9PM,3D Lotto 9PM,"[""3"", ""3"", ""8""]",3-3-8,2025-09-10,21:00,4500,5
4DL,4D Lotto,"[""1"", ""5"", ""7"", ""8""]",1-5-7-8,2025-09-10,21:00,873250,25
GL55,Grand Lotto 6/55,"[""52"", ""50"", ""08"", ""45"", ""04"", ""48""]",52-50-08-45-04-48,2025-09-10,21:00,139842746,0
ML45,Megalotto 6/45,"[""03"", ""05"", ""20"", ""42"", ""31"", ""38""]",03-05-20-42-31-38,2025-09-10,21:00,23856257.2,0
2DL-2PM,2D Lotto 2PM,"[""29"", ""28""]",29-28,2025-09-11,14:00,4000,14
3DL-2PM,3D Lotto 2PM,"[""6"", ""5"", ""9""]",6-5-9,2025-09-11,14:00,4500,5
2DL-5PM,2D Lotto 5PM,"[""16"", ""13""]",16-13,2025-09-11,17:00,4000,0
3DL-5PM,3D Lotto 5PM,"[""2"", ""8"", ""0""]",2-8-0,2025-09-11,17:00,4500,7
2DL-9PM,2D Lotto 9PM,"[""09"", ""04""]",09-04,2025-09-11,21:00,4000,15
3DL-9PM,3D Lotto 9PM,"[""6"", ""0"", ""7""]",6-0-7,2025-09-11,21:00,4500,6
6DL,6D Lotto,"[""7"", ""0"", ""5"", ""6"", ""4"", ""4""]",7-0-5-6-4-4,2025-09-11,21:00,640040.12,0
LOTTO42,Lotto 6/42,"[""06"", ""39"", ""08"", ""31"", ""19"", ""16""]",06-39-08-31-19-16,2025-09-11,21:00,5988733.6,0
SL49,Superlotto 6/49,"[""24"", ""02"", ""44"", ""45"", ""28"", ""11""]",24-02-44-45-28-11,2025-09-11,21:00,32974881.4,0
2DL-2PM,2D Lotto 2PM,"[""03"", ""01""]",03-01,2025-09-12,14:00,4000,1
3DL-2PM,3D Lotto 2PM,"[""0"", ""1"", ""8""]",0-1-8,2025-09-12,14:00,4500,23
2DL-5PM,2D Lotto 5PM,"[""22"", ""29""]",22-29,2025-09-12,17:00,4000,2
3DL-5PM,3D Lotto 5PM,"[""5"", ""7"", ""2""]",5-7-2,2025-09-12,17:00,4500,3
2DL-9PM,2D Lotto 9PM,"[""05"", ""23""]",05-23,2025-09-12,21:00,4000,6
3DL-9PM,3D Lotto 9PM,"[""9"", ""9"", ""6""]",9-9-6,2025-09-12,21:00,4500,0
4DL,4D Lotto,"[""4"", ""7"", ""9"", ""4""]",4-7-9-4,2025-09-12,21:00,940428,18
ML45,Megalotto 6/45,"[""27"", ""02"", ""45"", ""37"", ""36"", ""10""]",27-02-45-37-36-10,2025-09-12,21:00,27778957.4,0
UL58,Ultra Lotto 6/58,"[""30"", ""57"", ""27"", ""46"", ""26"", ""22""]",30-57-27-46-26-22,2025-09-12,21:00,49500000,0
2DL-2PM,2D Lotto 2PM,"[""08"", ""20""]",08-20,2025-09-13,14:00,4000,11
3DL-2PM,3D Lotto 2PM,"[""5"", ""1"", ""8""]",5-1-8,2025-09-13,14:00,4500,4
2DL-5PM,2D Lotto 5PM,"[""16"", ""16""]",16-16,2025-09-13,17:00,4000,1
3DL-5PM,3D Lotto 5PM,"[""0"", ""1"", ""4""]",0-1-4,2025-09-13,17:00,4500,4
2DL-9PM,2D Lotto 9PM,"[""14"", ""02""]",14-02,2025-09-13,21:00,4000,1
3DL-9PM,3D Lotto 9PM,"[""3"", ""3"", ""0""]",3-3-0,2025-09-13,21:00,4500,3
6DL,6D Lotto,"[""8"", ""5"", ""9"", ""0"", ""1"", ""0""]",8-5-9-0-1-0,2025-09-13,21:00,1116074.36,0
GL55,Grand Lotto 6/55,"[""39"", ""33"", ""30"", ""53"", ""01"", ""23""]",39-33-30-53-01-23,2025-09-13,21:00,147546983.2,0
LOTTO42,Lotto 6/42,"[""06"", ""07"", ""27"", ""17"", ""23"", ""33""]",06-07-27-17-23-33,2025-09-13,21:00,9272591.6,0
2DL-2PM,2D Lotto 2PM,"[""22"", ""31""]",22-31,2025-09-14,14:00,4000,2
3DL-2PM,3D Lotto 2PM,"[""5"", ""7"", ""5""]",5-7-5,2025-09-14,14:00,4500,3
2DL-5PM,2D Lotto 5PM,"[""09"", ""15""]",09-15,2025-09-14,17:00,4000,9
3DL-5PM,3D Lotto 5PM,"[""1"", ""4"", ""9""]",1-4-9,2025-09-14,17:00,4500,13
2DL-9PM,2D Lotto 9PM,"[""21"", ""12""]",21-12,2025-09-14,21:00,4000,5
3DL-9PM,3D Lotto 9PM,"[""4"", ""4"", ""9""]",4-4-9,2025-09-14,21:00,4500,16
SL49,Superlotto 6/49,"[""40"", ""41"", ""08"", ""26"", ""45"", ""10""]",40-41-08-26-45-10,2025-09-14,21:00,36949195.2,0
UL58,Ultra Lotto 6/58,"[""05"", ""17"", ""18"", ""02"", ""45"", ""57""]",05-17-18-02-45-57,2025-09-14,21:00,49500000,1
2DL-2PM,2D Lotto 2PM,"[""11"", ""17""]",11-17,2025-09-15,14:00,4000,4
3DL-2PM,3D Lotto 2PM,"[""6"", ""8"", ""1""]",6-8-1,2025-09-15,14:00,4500,3
2DL-5PM,2D Lotto 5PM,"[""23"", ""19""]",23-19,2025-09-15,17:00,4000,3
3DL-5PM,3D Lotto 5PM,"[""9"", ""8"", ""6""]",9-8-6,2025-09-15,17:00,4500,15
2DL-9PM,2D Lotto 9PM,"[""31"", ""23""]",31-23,2025-09-15,21:00,4000,7
3DL-9PM,3D Lotto 9PM,"[""4"", ""1"", ""2""]",4-1-2,2025-09-15,21:00,4500,13
4DL,4D Lotto,"[""5"", ""1"", ""9"", ""7""]",5-1-9-7,2025-09-15,21:00,1002100,20
GL55,Grand Lotto 6/55,"[""49"", ""46"", ""45"", ""02"", ""33"", ""25""]",49-46-45-02-33-25,2025-09-15,21:00,154670134.4,0
ML45,Megalotto 6/45,"[""20"", ""09"", ""21"", ""30"", ""43"", ""44""]",20-09-21-30-43-44,2025-09-15,21:00,31742677.4,0
2DL-2PM,2D Lotto 2PM,"[""28"", ""07""]",28-07,2025-09-16,14:00,4000,0
3DL-2PM,3D Lotto 2PM,"[""2"", ""3"", ""9""]",2-3-9,2025-09-16,14:00,4500,5
2DL-5PM,2D Lotto 5PM,"[""26"", ""08""]",26-08,2025-09-16,17:00,4000,8
3DL-5PM,3D Lotto 5PM,"[""9"", ""5"", ""8""]",9-5-8,2025-09-16,17:00,4500,3
2DL-9PM,2D Lotto 9PM,"[""08"", ""17""]",08-17,2025-09-16,21:00,4000,11
3DL-9PM,3D Lotto 9PM,"[""3"", ""5"", ""9""]",3-5-9,2025-09-16,21:00,4500,11
6DL,6D Lotto,"[""1"", ""3"", ""4"", ""7"", ""3"", ""7""]",1-3-4-7-3-7,2025-09-16,21:00,1510611.6,0
LOTTO42,Lotto 6/42,"[""20"", ""18"", ""06"", ""42"", ""10"", ""21""]",20-18-06-42-10-21,2025-09-16,21:00,12348288.8,0
SL49,Superlotto 6/49,"[""34"", ""37"", ""41"", ""48"", ""46"", ""33""]",34-37-41-48-46-33,2025-09-16,21:00,40458594,0
UL58,Ultra Lotto 6/58,"[""34"", ""24"", ""32"", ""01"", ""27"", ""03""]",34-24-32-01-27-03,2025-09-16,21:00,49500000,0
2DL-2PM,2D Lotto 2PM,"[""15"", ""26""]",15-26,2025-09-17,14:00,4000,4
3DL-2PM,3D Lotto 2PM,"[""8"", ""0"", ""9""]",8-0-9,2025-09-17,14:00,4500,1
2DL-5PM,2D Lotto 5PM,"[""25"", ""02""]",25-02,2025-09-17,17:00,4000,1
3DL-5PM,3D Lotto 5PM,"[""6"", ""4"", ""5""]",6-4-5,2025-09-17,17:00,4500,1
2DL-9PM,2D Lotto 9PM,"[""01"", ""02""]",01-02,2025-09-17,21:00,4000,9
3DL-9PM,3D Lotto 9PM,"[""3"", ""1"", ""0""]",3-1-0,2025-09-17,21:00,4500,19
4DL,4D Lotto,"[""9"", ""7"", ""3"", ""8""]",9-7-3-8,2025-09-17,21:00,872158,7
GL55,Grand Lotto 6/55,"[""41"", ""44"", ""40"", ""09"", ""26"", ""49""]",41-44-40-09-26-49,2025-09-17,21:00,161835217.6,0
ML45,Megalotto 6/45,"[""17"", ""09"", ""06"", ""38"", ""16"", ""36""]",17-09-06-38-16-36,2025-09-17,21:00,35709957.2,0
2DL-2PM,2D Lotto 2PM,"[""24"", ""19""]",24-19,2025-09-18,14:00,4000,1
3DL-2PM,3D Lotto 2PM,"[""2"", ""1"", ""5""]",2-1-5,2025-09-18,14:00,4500,11
2DL-5PM,2D Lotto 5PM,"[""29"", ""25""]",29-25,2025-09-18,17:00,4000,3
3DL-5PM,3D Lotto 5PM,"[""8"", ""2"", ""0""]",8-2-0,2025-09-18,17:00,4500,0
2DL-9PM,2D Lotto 9PM,"[""27"", ""31""]",27-31,2025-09-18,21:00,4000,3
3DL-9PM,3D Lotto 9PM,"[""2"", ""6"", ""2""]",2-6-2,2025-09-18,21:00,4500,10
6DL,6D Lotto,"[""1"", ""0"", ""4"", ""1"", ""4"", ""1""]",1-0-4-1-4-1,2025-09-18,21:00,1560611.6,0
LOTTO42,Lotto 6/42,"[""18"", ""42"", ""21"", ""02"", ""32"", ""24""]",18-42-21-02-32-24,2025-09-18,21:00,15770336.4,0
SL49,Superlotto 6/49,"[""45"", ""03"", ""18"", ""25"", ""23"", ""36""]",45-03-18-25-23-36,2025-09-18,21:00,44756986,0
2DL-2PM,2D Lotto 2PM,"[""28"", ""01""]",28-01,2025-09-19,14:00,4000,1
3DL-2PM,3D Lotto 2PM,"[""1"", ""8"", ""3""]",1-8-3,2025-09-19,14:00,4500,8
2DL-5PM,2D Lotto 5PM,"[""02"", ""02""]",02-02,2025-09-19,17:00,4000,1
3DL-5PM,3D Lotto 5PM,"[""1"", ""6"", ""4""]",1-6-4,2025-09-19,17:00,4500,3
2DL-9PM,2D Lotto 9PM,"[""17"", ""04""]",17-04,2025-09-19,21:00,4000,2
3DL-9PM,3D Lotto 9PM,"[""1"", ""5"", ""5""]",1-5-5,2025-09-19,21:00,4500,4
4DL,4D Lotto,"[""2"", ""4"", ""0"", ""1""]",2-4-0-1,2025-09-19,21:00,948288,32
ML45,Megalotto 6/45,"[""03"", ""40"", ""39"", ""41"", ""26"", ""33""]",03-40-39-41-26-33,2025-09-19,21:00,40047409,0
UL58,Ultra Lotto 6/58,"[""19"", ""47"", ""10"", ""31"", ""22"", ""09""]",19-47-10-31-22-09,2025-09-19,21:00,49500000,0
2DL-2PM,2D Lotto 2PM,"[""25"", ""22""]",25-22,2025-09-20,14:00,4000,2
3DL-2PM,3D Lotto 2PM,"[""4"", ""1"", ""2""]",4-1-2,2025-09-20,14:00,4500,8
2DL-5PM,2D Lotto 5PM,"[""24"", ""13""]",24-13,2025-09-20,17:00,4000,1
3DL-5PM,3D Lotto 5PM,"[""0"", ""8"", ""1""]",0-8-1,2025-09-20,17:00,4500,0
2DL-9PM,2D Lotto 9PM,"[""11"", ""30""]",11-30,2025-09-20,21:00,4000,5
3DL-9PM,3D Lotto 9PM,"[""0"", ""5"", ""5""]",0-5-5,2025-09-20,21:00,4500,12
6DL,6D Lotto,"[""2"", ""8"", ""9"", ""7"", ""1"", ""7""]",2-8-9-7-1-7,2025-09-20,21:00,1913875,1
GL55,Grand Lotto 6/55,"[""35"", ""55"", ""09"", ""44"", ""33"", ""07""]",35-55-09-44-33-07,2025-09-20,21:00,169552034.4,0
LOTTO42,Lotto 6/42,"[""31"", ""22"", ""06"", ""28"", ""41"", ""36""]",31-22-06-28-41-36,2025-09-20,21:00,19413215.4,0
2DL-2PM,2D Lotto 2PM,"[""13"", ""01""]",13-01,2025-09-21,14:00,4000,4
3DL-2PM,3D Lotto 2PM,"[""4"", ""3"", ""6""]",4-3-6,2025-09-21,14:00,4500,1
2DL-5PM,2D Lotto 5PM,"[""24"", ""09""]",24-09,2025-09-21,17:00,4000,3
3DL-5PM,3D Lotto 5PM,"[""1"", ""3"", ""9""]",1-3-9,2025-09-21,17:00,4500,7
2DL-9PM,2D Lotto 9PM,"[""03"", ""14""]",03-14,2025-09-21,21:00,4000,5
3DL-9PM,3D Lotto 9PM,"[""4"", ""1"", ""0""]",4-1-0,2025-09-21,21:00,4500,9
SL49,Superlotto 6/49,"[""07"", ""40"", ""03"", ""27"", ""35"", ""46""]",07-40-03-27-35-46,2025-09-21,21:00,48993827,0
UL58,Ultra Lotto 6/58,"[""19"", ""21"", ""49"", ""51"", ""28"", ""54""]",19-21-49-51-28-54,2025-09-21,21:00,49500000,0
2DL-2PM,2D Lotto 2PM,"[""06"", ""24""]",06-24,2025-09-22,14:00,4000,6
3DL-2PM,3D Lotto 2PM,"[""3"", ""9"", ""2""]",3-9-2,2025-09-22,14:00,4500,14
2DL-5PM,2D Lotto 5PM,"[""13"", ""07""]",13-07,2025-09-22,17:00,4000,5
3DL-5PM,3D Lotto 5PM,"[""6"", ""9"", ""4""]",6-9-4,2025-09-22,17:00,4500,1
2DL-9PM,2D Lotto 9PM,"[""06"", ""13""]",06-13,2025-09-22,21:00,4000,8
3DL-9PM,3D Lotto 9PM,"[""2"", ""9"", ""0""]",2-9-0,2025-09-22,21:00,4500,7
4DL,4D Lotto,"[""5"", ""1"", ""3"", ""5""]",5-1-3-5,2025-09-22,21:00,722310,5
GL55,Grand Lotto 6/55,"[""27"", ""31"", ""15"", ""36"", ""23"", ""54""]",27-31-15-36-23-54,2025-09-22,21:00,175710820,0
ML45,Megalotto 6/45,"[""45"", ""08"", ""39"", ""35"", ""26"", ""24""]",45-08-39-35-26-24,2025-09-22,21:00,43568168,0
2DL-2PM,2D Lotto 2PM,"[""08"", ""09""]",08-09,2025-09-23,14:00,4000,1
3DL-2PM,3D Lotto 2PM,"[""7"", ""3"", ""5""]",7-3-5,2025-09-23,14:00,4500,12
2DL-5PM,2D Lotto 5PM,"[""06"", ""07""]",06-07,2025-09-23,17:00,4000,12
3DL-5PM,3D Lotto 5PM,"[""5"", ""2"", ""3""]",5-2-3,2025-09-23,17:00,4500,15
2DL-9PM,2D Lotto 9PM,"[""12"", ""25""]",12-25,2025-09-23,21:00,4000,0
3DL-9PM,3D Lotto 9PM,"[""6"", ""7"", ""6""]",6-7-6,2025-09-23,21:00,4500,3
6DL,6D Lotto,"[""6"", ""5"", ""3"", ""4"", ""5"", ""4""]",6-5-3-4-5-4,2025-09-23,21:00,447118.92,0
LOTTO42,Lotto 6/42,"[""24"", ""13"", ""12"", ""22"", ""36"", ""33""]",24-13-12-22-36-33,2025-09-23,21:00,22494977.4,0
SL49,Superlotto 6/49,"[""25"", ""41"", ""08"", ""16"", ""14"", ""38""]",25-41-08-16-14-38,2025-09-23,21:00,52291815.6,0
UL58,Ultra Lotto 6/58,"[""55"", ""17"", ""47"", ""49"", ""33"", ""40""]",55-17-47-49-33-40,2025-09-23,21:00,49500000,0
2DL-2PM,2D Lotto 2PM,"[""10"", ""20""]",10-20,2025-09-24,14:00,4000,14
3DL-2PM,3D Lotto 2PM,"[""6"", ""4"", ""0""]",6-4-0,2025-09-24,14:00,4500,3
2DL-5PM,2D Lotto 5PM,"[""18"", ""16""]",18-16,2025-09-24,17:00,4000,0
3DL-5PM,3D Lotto 5PM,"[""1"", ""3"", ""8""]",1-3-8,2025-09-24,17:00,4500,7
2DL-9PM,2D Lotto 9PM,"[""24"", ""10""]",24-10,2025-09-24,21:00,4000,13
3DL-9PM,3D Lotto 9PM,"[""2"", ""4"", ""1""]",2-4-1,2025-09-24,21:00,4500,14
4DL,4D Lotto,"[""7"", ""5"", ""9"", ""3""]",7-5-9-3,2025-09-24,21:00,983177,13
GL55,Grand Lotto 6/55,"[""45"", ""19"", ""21"", ""50"", ""28"", ""20""]",45-19-21-50-28-20,2025-09-24,21:00,182743480.8,0
ML45,Megalotto 6/45,"[""42"", ""10"", ""32"", ""15"", ""29"", ""23""]",42-10-32-15-29-23,2025-09-24,21:00,47560633.6,0
2DL-2PM,2D Lotto 2PM,"[""16"", ""03""]",16-03,2025-09-25,14:00,4000,8
3DL-2PM,3D Lotto 2PM,"[""9"", ""2"", ""8""]",9-2-8,2025-09-25,14:00,4500,17
2DL-5PM,2D Lotto 5PM,"[""09"", ""16""]",09-16,2025-09-25,17:00,4000,15
3DL-5PM,3D Lotto 5PM,"[""6"", ""1"", ""0""]",6-1-0,2025-09-25,17:00,4500,4
2DL-9PM,2D Lotto 9PM,"[""20"", ""16""]",20-16,2025-09-25,21:00,4000,2
3DL-9PM,3D Lotto 9PM,"[""1"", ""0"", ""9""]",1-0-9,2025-09-25,21:00,4500,91
6DL,6D Lotto,"[""5"", ""6"", ""3"", ""5"", ""2"", ""5""]",5-6-3-5-2-5,2025-09-25,21:00,550067.92,0
LOTTO42,Lotto 6/42,"[""39"", ""14"", ""26"", ""21"", ""04"", ""35""]",39-14-26-21-04-35,2025-09-25,21:00,25921463.6,0
SL49,Superlotto 6/49,"[""31"", ""06"", ""07"", ""25"", ""27"", ""46""]",31-06-07-25-27-46,2025-09-25,21:00,56250989,0
2DL-2PM,2D Lotto 2PM,"[""04"", ""29""]",04-29,2025-09-26,14:00,4000,7
3DL-2PM,3D Lotto 2PM,"[""5"", ""8"", ""3""]",5-8-3,2025-09-26,14:00,4500,1
2DL-5PM,2D Lotto 5PM,"[""25"", ""15""]",25-15,2025-09-26,17:00,4000,0
3DL-5PM,3D Lotto 5PM,"[""3"", ""0"", ""5""]",3-0-5,2025-09-26,17:00,4500,2
2DL-9PM,2D Lotto 9PM,"[""03"", ""09""]",03-09,2025-09-26,21:00,4000,7
3DL-9PM,3D Lotto 9PM,"[""3"", ""9"", ""6""]",3-9-6,2025-09-26,21:00,4500,10
4DL,4D Lotto,"[""0"", ""2"", ""7"", ""4""]",0-2-7-4,2025-09-26,21:00,840294,13
ML45,Megalotto 6/45,"[""10"", ""36"", ""19"", ""24"", ""06"", ""15""]",10-36-19-24-06-15,2025-09-26,21:00,51732871.2,0
UL58,Ultra Lotto 6/58,"[""48"", ""33"", ""02"", ""01"", ""11"", ""27""]",48-33-02-01-11-27,2025-09-26,21:00,49500000,0
2DL-2PM,2D Lotto 2PM,"[""28"", ""15""]",28-15,2025-09-27,14:00,4000,2
3DL-2PM,3D Lotto 2PM,"[""3"", ""9"", ""8""]",3-9-8,2025-09-27,14:00,4500,17
2DL-5PM,2D Lotto 5PM,"[""06"", ""24""]",06-24,2025-09-27,17:00,4000,7
3DL-5PM,3D Lotto 5PM,"[""3"", ""3"", ""4""]",3-3-4,2025-09-27,17:00,4500,2
2DL-9PM,2D Lotto 9PM,"[""22"", ""21""]",22-21,2025-09-27,21:00,4000,1
3DL-9PM,3D Lotto 9PM,"[""7"", ""8"", ""2""]",7-8-2,2025-09-27,21:00,4500,19
6DL,6D Lotto,"[""4"", ""2"", ""9"", ""5"", ""6"", ""1""]",4-2-9-5-6-1,2025-09-27,21:00,1252510,2
GL55,Grand Lotto 6/55,"[""02"", ""21"", ""32"", ""37"", ""45"", ""30""]",02-21-32-37-45-30,2025-09-27,21:00,190686140.8,0
LOTTO42,Lotto 6/42,"[""21"", ""29"", ""12"", ""11"", ""24"", ""05""]",21-29-12-11-24-05,2025-09-27,21:00,29935246.8,1
2DL-2PM,2D Lotto 2PM,"[""06"", ""08""]",06-08,2025-09-28,14:00,4000,12
3DL-2PM,3D Lotto 2PM,"[""1"", ""1"", ""4""]",1-1-4,2025-09-28,14:00,4500,12
2DL-5PM,2D Lotto 5PM,"[""06"", ""04""]",06-04,2025-09-28,17:00,4000,12
3DL-5PM,3D Lotto 5PM,"[""9"", ""6"", ""7""]",9-6-7,2025-09-28,17:00,4500,2
2DL-9PM,2D Lotto 9PM,"[""05"", ""09""]",05-09,2025-09-28,21:00,4000,32
3DL-9PM,3D Lotto 9PM,"[""1"", ""3"", ""3""]",1-3-3,2025-09-28,21:00,4500,10
SL49,Superlotto 6/49,"[""19"", ""42"", ""12"", ""08"", ""22"", ""04""]",19-42-12-08-22-04,2025-09-28,21:00,60963401.4,0
UL58,Ultra Lotto 6/58,"[""50"", ""17"", ""25"", ""14"", ""33"", ""36""]",50-17-25-14-33-36,2025-09-28,21:00,49500000,0
2DL-2PM,2D Lotto 2PM,"[""12"", ""28""]",12-28,2025-09-29,14:00,4000,0
3DL-2PM,3D Lotto 2PM,"[""9"", ""7"", ""9""]",9-7-9,2025-09-29,14:00,4500,0
2DL-5PM,2D Lotto 5PM,"[""23"", ""26""]",23-26,2025-09-29,17:00,4000,0
3DL-5PM,3D Lotto 5PM,"[""2"", ""0"", ""9""]",2-0-9,2025-09-29,17:00,4500,4
2DL-9PM,2D Lotto 9PM,"[""23"", ""22""]",23-22,2025-09-29,21:00,4000,0
3DL-9PM,3D Lotto 9PM,"[""3"", ""1"", ""5""]",3-1-5,2025-09-29,21:00,4500,26
4DL,4D Lotto,"[""9"", ""1"", ""2"", ""5""]",9-1-2-5,2025-09-29,21:00,610000,61
GL55,Grand Lotto 6/55,"[""05"", ""37"", ""17"", ""10"", ""47"", ""54""]",05-37-17-10-47-54,2025-09-29,21:00,197847532.4,0
ML45,Megalotto 6/45,"[""30"", ""20"", ""23"", ""40"", ""12"", ""14""]",30-20-23-40-12-14,2025-09-29,21:00,56078818,1
2DL-2PM,2D Lotto 2PM,"[""01"", ""13""]",01-13,2025-09-30,14:00,4000,2
3DL-2PM,3D Lotto 2PM,"[""7"", ""1"", ""7""]",7-1-7,2025-09-30,14:00,4500,6
2DL-5PM,2D Lotto 5PM,"[""12"", ""10""]",12-10,2025-09-30,17:00,4000,2
3DL-5PM,3D Lotto 5PM,"[""5"", ""3"", ""0""]",5-3-0,2025-09-30,17:00,4500,3
2DL-9PM,2D Lotto 9PM,"[""31"", ""08""]",31-08,2025-09-30,21:00,4000,11
3DL-9PM,3D Lotto 9PM,"[""3"", ""2"", ""5""]",3-2-5,2025-09-30,21:00,4500,26
6DL,6D Lotto,"[""5"", ""4"", ""7"", ""3"", ""1"", ""1""]",5-4-7-3-1-1,2025-09-30,21:00,412636.8,0
LOTTO42,Lotto 6/42,"[""02"", ""41"", ""23"", ""38"", ""30"", ""40""]",02-41-23-38-30-40,2025-09-30,21:00,5940000,0
SL49,Superlotto 6/49,"[""45"", ""44"", ""08"", ""23"", ""21"", ""02""]",45-44-08-23-21-02,2025-09-30,21:00,65201814.8,0
UL58,Ultra Lotto 6/58,"[""41"", ""32"", ""46"", ""28"", ""29"", ""39""]",41-32-46-28-29-39,2025-09-30,21:00,49500000,0
2DL-2PM,2D Lotto 2PM,"[""04"", ""01""]",04-01,2025-10-01,14:00,4000,2
3DL-2PM,3D Lotto 2PM,"[""8"", ""3"", ""2""]",8-3-2,2025-10-01,14:00,4500,6
2DL-5PM,2D Lotto 5PM,"[""09"", ""02""]",09-02,2025-10-01,17:00,4000,8
3DL-5PM,3D Lotto 5PM,"[""8"", ""0"", ""7""]",8-0-7,2025-10-01,17:00,4500,1
2DL-9PM,2D Lotto 9PM,"[""03"", ""16""]",03-16,2025-10-01,21:00,4000,11
3DL-9PM,3D Lotto 9PM,"[""2"", ""5"", ""1""]",2-5-1,2025-10-01,21:00,4500,10
4DL,4D Lotto,"[""8"", ""9"", ""0"", ""7""]",8-9-0-7,2025-10-01,21:00,883441,13
GL55,Grand Lotto 6/55,"[""46"", ""34"", ""13"", ""20"", ""01"", ""17""]",46-34-13-20-01-17,2025-10-01,21:00,205990080,0
ML45,Megalotto 6/45,"[""17"", ""01"", ""45"", ""15"", ""35"", ""29""]",17-01-45-15-35-29,2025-10-01,21:00,8910000,0
2DL-2PM,2D Lotto 2PM,"[""30"", ""29""]",30-29,2025-10-02,14:00,4000,9
3DL-2PM,3D Lotto 2PM,"[""6"", ""1"", ""3""]",6-1-3,2025-10-02,14:00,4500,18
2DL-5PM,2D Lotto 5PM,"[""21"", ""17""]",21-17,2025-10-02,17:00,4000,4
3DL-5PM,3D Lotto 5PM,"[""0"", ""9"", ""1""]",0-9-1,2025-10-02,17:00,4500,8
2DL-9PM,2D Lotto 9PM,"[""29"", ""05""]",29-05,2025-10-02,21:00,4000,4
3DL-9PM,3D Lotto 9PM,"[""5"", ""1"", ""5""]",5-1-5,2025-10-02,21:00,4500,2
6DL,6D Lotto,"[""0"", ""4"", ""8"", ""1"", ""5"", ""8""]",0-4-8-1-5-8,2025-10-02,21:00,1019980,2
LOTTO42,Lotto 6/42,"[""17"", ""36"", ""12"", ""15"", ""25"", ""39""]",17-36-12-15-25-39,2025-10-02,21:00,5940000,0
SL49,Superlotto 6/49,"[""26"", ""06"", ""28"", ""41"", ""46"", ""25""]",26-06-28-41-46-25,2025-10-02,21:00,70194470.2,0
2DL-2PM,2D Lotto 2PM,"[""30"", ""26""]",30-26,2025-10-03,14:00,4000,6
3DL-2PM,3D Lotto 2PM,"[""8"", ""3"", ""0""]",8-3-0,2025-10-03,14:00,4500,23
2DL-5PM,2D Lotto 5PM,"[""13"", ""23""]",13-23,2025-10-03,17:00,4000,0
3DL-5PM,3D Lotto 5PM,"[""7"", ""7"", ""5""]",7-7-5,2025-10-03,17:00,4500,5
2DL-9PM,2D Lotto 9PM,"[""13"", ""31""]",13-31,2025-10-03,21:00,4000,3
3DL-9PM,3D Lotto 9PM,"[""4"", ""5"", ""0""]",4-5-0,2025-10-03,21:00,4500,3
4DL,4D Lotto,"[""3"", ""8"", ""6"", ""2""]",3-8-6-2,2025-10-03,21:00,897330,15
ML45,Megalotto 6/45,"[""42"", ""06"", ""01"", ""25"", ""17"", ""34""]",42-06-01-25-17-34,2025-10-03,21:00,8910000,0
UL58,Ultra Lotto 6/58,"[""18"", ""15"", ""50"", ""58"", ""41"", ""51""]",18-15-50-58-41-51,2025-10-03,21:00,49500000,0
2DL-2PM,2D Lotto 2PM,"[""10"", ""29""]",10-29,2025-10-04,14:00,4000,1
3DL-2PM,3D Lotto 2PM,"[""0"", ""6"", ""9""]",0-6-9,2025-10-04,14:00,4500,11
2DL-5PM,2D Lotto 5PM,"[""15"", ""05""]",15-05,2025-10-04,17:00,4000,8
3DL-5PM,3D Lotto 5PM,"[""6"", ""3"", ""9""]",6-3-9,2025-10-04,17:00,4500,14
2DL-9PM,2D Lotto 9PM,"[""01"", ""31""]",01-31,2025-10-04,21:00,4000,3
3DL-9PM,3D Lotto 9PM,"[""3"", ""4"", ""0""]",3-4-0,2025-10-04,21:00,4500,16
6DL,6D Lotto,"[""3"", ""2"", ""8"", ""3"", ""9"", ""1""]",3-2-8-3-9-1,2025-10-04,21:00,693604.88,0
GL55,Grand Lotto 6/55,"[""25"", ""28"", ""01"", ""42"", ""13"", ""50""]",25-28-01-42-13-50,2025-10-04,21:00,214989254.8,0
LOTTO42,Lotto 6/42,"[""41"", ""06"", ""40"", ""04"", ""36"", ""01""]",41-06-40-04-36-01,2025-10-04,21:00,8895388,0
2DL-2PM,2D Lotto 2PM,"[""10"", ""27""]",10-27,2025-10-05,14:00,4000,20
3DL-2PM,3D Lotto 2PM,"[""7"", ""2"", ""0""]",7-2-0,2025-10-05,14:00,4500,11
2DL-5PM,2D Lotto 5PM,"[""12"", ""17""]",12-17,2025-10-05,17:00,4000,1
3DL-5PM,3D Lotto 5PM,"[""0"", ""0"", ""4""]",0-0-4,2025-10-05,17:00,4500,11
2DL-9PM,2D Lotto 9PM,"[""11"", ""16""]",11-16,2025-10-05,21:00,4000,6
3DL-9PM,3D Lotto 9PM,"[""3"", ""1"", ""6""]",3-1-6,2025-10-05,21:00,4500,11
SL49,Superlotto 6/49,"[""14"", ""13"", ""16"", ""42"", ""21"", ""07""]",14-13-16-42-21-07,2025-10-05,21:00,75490978.6,0
UL58,Ultra Lotto 6/58,"[""16"", ""45"", ""46"", ""12"", ""02"", ""50""]",16-45-46-12-02-50,2025-10-05,21:00,49500000,0
2DL-2PM,2D Lotto 2PM,"[""29"", ""25""]",29-25,2025-10-06,14:00,4000,0
3DL-2PM,3D Lotto 2PM,"[""6"", ""8"", ""9""]",6-8-9,2025-10-06,14:00,4500,8
2DL-5PM,2D Lotto 5PM,"[""29"", ""29""]",29-29,2025-10-06,17:00,4000,12
3DL-5PM,3D Lotto 5PM,"[""8"", ""8"", ""2""]",8-8-2,2025-10-06,17:00,4500,6
2DL-9PM,2D Lotto 9PM,"[""05"", ""24""]",05-24,2025-10-06,21:00,4000,9
3DL-9PM,3D Lotto 9PM,"[""1"", ""1"", ""1""]",1-1-1,2025-10-06,21:00,4500,23
4DL,4D Lotto,"[""3"", ""7"", ""6"", ""8""]",3-7-6-8,2025-10-06,21:00,754536,24
GL55,Grand Lotto 6/55,"[""21"", ""27"", ""51"", ""19"", ""14"", ""53""]",21-27-51-19-14-53,2025-10-06,21:00,223580197.6,1
ML45,Megalotto 6/45,"[""45"", ""26"", ""18"", ""38"", ""17"", ""40""]",45-26-18-38-17-40,2025-10-06,21:00,9713362.4,0
2DL-2PM,2D Lotto 2PM,"[""03"", ""10""]",03-10,2025-10-07,14:00,4000,12
3DL-2PM,3D Lotto 2PM,"[""0"", ""9"", ""5""]",0-9-5,2025-10-07,14:00,4500,4
2DL-5PM,2D Lotto 5PM,"[""17"", ""20""]",17-20,2025-10-07,17:00,4000,5
3DL-5PM,3D Lotto 5PM,"[""3"", ""6"", ""9""]",3-6-9,2025-10-07,17:00,4500,13
2DL-9PM,2D Lotto 9PM,"[""19"", ""13""]",19-13,2025-10-07,21:00,4000,12
3DL-9PM,3D Lotto 9PM,"[""0"", ""3"", ""4""]",0-3-4,2025-10-07,21:00,4500,11
6DL,6D Lotto,"[""7"", ""9"", ""0"", ""4"", ""2"", ""3""]",7-9-0-4-2-3,2025-10-07,21:00,924820.28,0
LOTTO42,Lotto 6/42,"[""15"", ""22"", ""39"", ""42"", ""35"", ""02""]",15-22-39-42-35-02,2025-10-07,21:00,11799533,0
SL49,Superlotto 6/49,"[""27"", ""30"", ""45"", ""10"", ""05"", ""23""]",27-30-45-10-05-23,2025-10-07,21:00,80300804.2,0
UL58,Ultra Lotto 6/58,"[""43"", ""13"", ""58"", ""23"", ""35"", ""17""]",43-13-58-23-35-17,2025-10-07,21:00,49500000,0
2DL-2PM,2D Lotto 2PM,"[""30"", ""13""]",30-13,2025-10-08,14:00,4000,0
3DL-2PM,3D Lotto 2PM,"[""6"", ""3"", ""6""]",6-3-6,2025-10-08,14:00,4500,0
2DL-5PM,2D Lotto 5PM,"[""14"", ""21""]",14-21,2025-10-08,17:00,4000,2
3DL-5PM,3D Lotto 5PM,"[""6"", ""9"", ""9""]",6-9-9,2025-10-08,17:00,4500,3
2DL-9PM,2D Lotto 9PM,"[""06"", ""10""]",06-10,2025-10-08,21:00,4000,30
3DL-9PM,3D Lotto 9PM,"[""4"", ""3"", ""0""]",4-3-0,2025-10-08,21:00,4500,6
4DL,4D Lotto,"[""5"", ""2"", ""0"", ""7""]",5-2-0-7,2025-10-08,21:00,810860,20
GL55,Grand Lotto 6/55,"[""31"", ""45"", ""44"", ""54"", ""42"", ""28""]",31-45-44-54-42-28,2025-10-08,21:00,29700000,0
ML45,Megalotto 6/45,"[""25"", ""28"", ""42"", ""17"", ""01"", ""22""]",25-28-42-17-01-22,2025-10-08,21:00,13255888.2,1
2DL-2PM,2D Lotto 2PM,"[""17"", ""22""]",17-22,2025-10-09,14:00,4000,2
3DL-2PM,3D Lotto 2PM,"[""8"", ""8"", ""7""]",8-8-7,2025-10-09,14:00,4500,7
2DL-5PM,2D Lotto 5PM,"[""12"", ""24""]",12-24,2025-10-09,17:00,4000,1
3DL-5PM,3D Lotto 5PM,"[""4"", ""2"", ""0""]",4-2-0,2025-10-09,17:00,4500,2
2DL-9PM,2D Lotto 9PM,"[""11"", ""08""]",11-08,2025-10-09,21:00,4000,16
3DL-9PM,3D Lotto 9PM,"[""2"", ""8"", ""0""]",2-8-0,2025-10-09,21:00,4500,12
6DL,6D Lotto,"[""6"", ""9"", ""2"", ""2"", ""2"", ""4""]",6-9-2-2-2-4,2025-10-09,21:00,974820.28,0
LOTTO42,Lotto 6/42,"[""23"", ""32"", ""41"", ""27"", ""14"", ""34""]",23-32-41-27-14-34,2025-10-09,21:00,15031323.8,0
SL49,Superlotto 6/49,"[""22"", ""48"", ""20"", ""36"", ""10"", ""08""]",22-48-20-36-10-08,2025-10-09,21:00,85927967.8,0
2DL-2PM,2D Lotto 2PM,"[""13"", ""03""]",13-03,2025-10-10,14:00,4000,5
3DL-2PM,3D Lotto 2PM,"[""9"", ""8"", ""1""]",9-8-1,2025-10-10,14:00,4500,10
2DL-5PM,2D Lotto 5PM,"[""26"", ""28""]",26-28,2025-10-10,17:00,4000,0
3DL-5PM,3D Lotto 5PM,"[""3"", ""3"", ""9""]",3-3-9,2025-10-10,17:00,4500,2
2DL-9PM,2D Lotto 9PM,"[""15"", ""18""]",15-18,2025-10-10,21:00,4000,4
3DL-9PM,3D Lotto 9PM,"[""4"", ""6"", ""8""]",4-6-8,2025-10-10,21:00,4500,7
4DL,4D Lotto,"[""3"", ""3"", ""1"", ""1""]",3-3-1-1,2025-10-10,21:00,449526,33
ML45,Megalotto 6/45,"[""17"", ""01"", ""13"", ""14"", ""42"", ""33""]",17-01-13-14-42-33,2025-10-10,21:00,8910000,0
UL58,Ultra Lotto 6/58,"[""14"", ""01"", ""03"", ""12"", ""49"", ""19""]",14-01-03-12-49-19,2025-10-10,21:00,49500000,0
2DL-2PM,2D Lotto 2PM,"[""09"", ""30""]",09-30,2025-10-11,14:00,4000,9
3DL-2PM,3D Lotto 2PM,"[""9"", ""9"", ""4""]",9-9-4,2025-10-11,14:00,4500,3
2DL-5PM,2D Lotto 5PM,"[""23"", ""08""]",23-08,2025-10-11,17:00,4000,2
3DL-5PM,3D Lotto 5PM,"[""4"", ""8"", ""9""]",4-8-9,2025-10-11,17:00,4500,9
2DL-9PM,2D Lotto 9PM,"[""23"", ""27""]",23-27,2025-10-11,21:00,4000,9
3DL-9PM,3D Lotto 9PM,"[""3"", ""8"", ""7""]",3-8-7,2025-10-11,21:00,4500,11
6DL,6D Lotto,"[""7"", ""9"", ""7"", ""2"", ""4"", ""8""]",7-9-7-2-4-8,2025-10-11,21:00,1716186,1
GL55,Grand Lotto 6/55,"[""15"", ""37"", ""17"", ""26"", ""06"", ""40""]",15-37-17-26-06-40,2025-10-11,21:00,29700000,0
LOTTO42,Lotto 6/42,"[""01"", ""04"", ""30"", ""09"", ""06"", ""37""]",01-04-30-09-06-37,2025-10-11,21:00,19051981.2,0
2DL-2PM,2D Lotto 2PM,"[""01"", ""18""]",01-18,2025-10-12,14:00,4000,11
3DL-2PM,3D Lotto 2PM,"[""8"", ""0"", ""2""]",8-0-2,2025-10-12,14:00,4500,3
2DL-5PM,2D Lotto 5PM,"[""17"", ""03""]",17-03,2025-10-12,17:00,4000,0
3DL-5PM,3D Lotto 5PM,"[""1"", ""9"", ""1""]",1-9-1,2025-10-12,17:00,4500,3
2DL-9PM,2D Lotto 9PM,"[""12"", ""03""]",12-03,2025-10-12,21:00,4000,40
3DL-9PM,3D Lotto 9PM,"[""0"", ""2"", ""8""]",0-2-8,2025-10-12,21:00,4500,5
SL49,Superlotto 6/49,"[""28"", ""11"", ""16"", ""36"", ""04"", ""13""]",28-11-16-36-04-13,2025-10-12,21:00,92574296.6,0
UL58,Ultra Lotto 6/58,"[""32"", ""41"", ""04"", ""16"", ""11"", ""30""]",32-41-04-16-11-30,2025-10-12,21:00,49500000,0
2DL-2PM,2D Lotto 2PM,"[""11"", ""18""]",11-18,2025-10-13,14:00,4000,3
3DL-2PM,3D Lotto 2PM,"[""3"", ""8"", ""0""]",3-8-0,2025-10-13,14:00,4500,5
2DL-5PM,2D Lotto 5PM,"[""28"", ""05""]",28-05,2025-10-13,17:00,4000,1
3DL-5PM,3D Lotto 5PM,"[""9"", ""7"", ""6""]",9-7-6,2025-10-13,17:00,4500,2
2DL-9PM,2D Lotto 9PM,"[""22"", ""04""]",22-04,2025-10-13,21:00,4000,5
3DL-9PM,3D Lotto 9PM,"[""0"", ""0"", ""2""]",0-0-2,2025-10-13,21:00,4500,3
4DL,4D Lotto,"[""5"", ""8"", ""5"", ""6""]",5-8-5-6,2025-10-13,21:00,896994,18
GL55,Grand Lotto 6/55,"[""39"", ""55"", ""01"", ""02"", ""31"", ""12""]",39-55-01-02-31-12,2025-10-13,21:00,29700000,0
ML45,Megalotto 6/45,"[""38"", ""19"", ""16"", ""35"", ""18"", ""41""]",38-19-16-35-18-41,2025-10-13,21:00,8910000,0
2DL-2PM,2D Lotto 2PM,"[""10"", ""21""]",10-21,2025-10-14,14:00,4000,26
3DL-2PM,3D Lotto 2PM,"[""9"", ""8"", ""5""]",9-8-5,2025-10-14,14:00,4500,3
2DL-5PM,2D Lotto 5PM,"[""11"", ""14""]",11-14,2025-10-14,17:00,4000,0
3DL-5PM,3D Lotto 5PM,"[""2"", ""1"", ""6""]",2-1-6,2025-10-14,17:00,4500,6
2DL-9PM,2D Lotto 9PM,"[""02"", ""28""]",02-28,2025-10-14,21:00,4000,3
3DL-9PM,3D Lotto 9PM,"[""8"", ""3"", ""0""]",8-3-0,2025-10-14,21:00,4500,6
6DL,6D Lotto,"[""8"", ""0"", ""9"", ""2"", ""9"", ""0""]",8-0-9-2-9-0,2025-10-14,21:00,565637.12,0
LOTTO42,Lotto 6/42,"[""35"", ""23"", ""02"", ""03"", ""01"", ""38""]",35-23-02-03-01-38,2025-10-14,21:00,22519004.8,0
SL49,Superlotto 6/49,"[""41"", ""01"", ""32"", ""26"", ""38"", ""49""]",41-01-32-26-38-49,2025-10-14,21:00,98498935.6,0
UL58,Ultra Lotto 6/58,"[""51"", ""31"", ""22"", ""48"", ""44"", ""34""]",51-31-22-48-44-34,2025-10-14,21:00,49500000,0
2DL-2PM,2D Lotto 2PM,"[""14"", ""02""]",14-02,2025-10-15,14:00,4000,4
3DL-2PM,3D Lotto 2PM,"[""0"", ""6"", ""8""]",0-6-8,2025-10-15,14:00,4500,14
2DL-5PM,2D Lotto 5PM,"[""28"", ""26""]",28-26,2025-10-15,17:00,4000,0
3DL-5PM,3D Lotto 5PM,"[""2"", ""3"", ""7""]",2-3-7,2025-10-15,17:00,4500,2
2DL-9PM,2D Lotto 9PM,"[""10"", ""27""]",10-27,2025-10-15,21:00,4000,14
3DL-9PM,3D Lotto 9PM,"[""8"", ""7"", ""4""]",8-7-4,2025-10-15,21:00,4500,10
4DL,4D Lotto,"[""2"", ""4"", ""2"", ""7""]",2-4-2-7,2025-10-15,21:00,1270000,127
GL55,Grand Lotto 6/55,"[""22"", ""46"", ""24"", ""04"", ""23"", ""38""]",22-46-24-04-23-38,2025-10-15,21:00,29700000,0
ML45,Megalotto 6/45,"[""34"", ""11"", ""08"", ""39"", ""01"", ""38""]",34-11-08-39-01-38,2025-10-15,21:00,9901989.6,0
2DL-2PM,2D Lotto 2PM,"[""29"", ""11""]",29-11,2025-10-16,14:00,4000,26
3DL-2PM,3D Lotto 2PM,"[""4"", ""6"", ""8""]",4-6-8,2025-10-16,14:00,4500,6
2DL-5PM,2D Lotto 5PM,"[""19"", ""07""]",19-07,2025-10-16,17:00,4000,1
3DL-5PM,3D Lotto 5PM,"[""6"", ""0"", ""4""]",6-0-4,2025-10-16,17:00,4500,9
2DL-9PM,2D Lotto 9PM,"[""01"", ""14""]",01-14,2025-10-16,21:00,4000,2
3DL-9PM,3D Lotto 9PM,"[""5"", ""9"", ""4""]",5-9-4,2025-10-16,21:00,4500,4
6DL,6D Lotto,"[""7"", ""8"", ""3"", ""9"", ""8"", ""7""]",7-8-3-9-8-7,2025-10-16,21:00,1357895.72,0
LOTTO42,Lotto 6/42,"[""39"", ""24"", ""11"", ""07"", ""12"", ""21""]",39-24-11-07-12-21,2025-10-16,21:00,26433423.6,0
SL49,Superlotto 6/49,"[""41"", ""02"", ""38"", ""37"", ""22"", ""44""]",41-02-38-37-22-44,2025-10-16,21:00,105467873.6,0
2DL-2PM,2D Lotto 2PM,"[""01"", ""05""]",01-05,2025-10-17,14:00,4000,7
3DL-2PM,3D Lotto 2PM,"[""6"", ""3"", ""3""]",6-3-3,2025-10-17,14:00,4500,7
2DL-5PM,2D Lotto 5PM,"[""15"", ""13""]",15-13,2025-10-17,17:00,4000,0
3DL-5PM,3D Lotto 5PM,"[""7"", ""2"", ""4""]",7-2-4,2025-10-17,17:00,4500,5
2DL-9PM,2D Lotto 9PM,"[""11"", ""24""]",11-24,2025-10-17,21:00,4000,11
3DL-9PM,3D Lotto 9PM,"[""9"", ""4"", ""3""]",9-4-3,2025-10-17,21:00,4500,6
4DL,4D Lotto,"[""1"", ""2"", ""2"", ""9""]",1-2-2-9,2025-10-17,21:00,2230000,223
ML45,Megalotto 6/45,"[""01"", ""25"", ""43"", ""18"", ""06"", ""23""]",01-25-43-18-06-23,2025-10-17,21:00,13382542.6,0
UL58,Ultra Lotto 6/58,"[""02"", ""32"", ""30"", ""05"", ""54"", ""52""]",02-32-30-05-54-52,2025-10-17,21:00,49500000,0
2DL-2PM,2D Lotto 2PM,"[""07"", ""02""]",07-02,2025-10-18,14:00,4000,9
3DL-2PM,3D Lotto 2PM,"[""2"", ""5"", ""2""]",2-5-2,2025-10-18,14:00,4500,14
2DL-5PM,2D Lotto 5PM,"[""22"", ""11""]",22-11,2025-10-18,17:00,4000,4
3DL-5PM,3D Lotto 5PM,"[""7"", ""8"", ""0""]",7-8-0,2025-10-18,17:00,4500,2
2DL-9PM,2D Lotto 9PM,"[""03"", ""20""]",03-20,2025-10-18,21:00,4000,7
3DL-9PM,3D Lotto 9PM,"[""5"", ""2"", ""9""]",5-2-9,2025-10-18,21:00,4500,12
6DL,6D Lotto,"[""6"", ""6"", ""2"", ""2"", ""0"", ""1""]",6-6-2-2-0-1,2025-10-18,21:00,1833190.44,0
GL55,Grand Lotto 6/55,"[""05"", ""35"", ""27"", ""52"", ""39"", ""28""]",05-35-27-52-39-28,2025-10-18,21:00,29700000,0
LOTTO42,Lotto 6/42,"[""12"", ""25"", ""26"", ""06"", ""14"", ""38""]",12-25-26-06-14-38,2025-10-18,21:00,30933067,0
2DL-2PM,2D Lotto 2PM,"[""02"", ""28""]",02-28,2025-10-19,14:00,4000,8
3DL-2PM,3D Lotto 2PM,"[""8"", ""4"", ""0""]",8-4-0,2025-10-19,14:00,4500,3
2DL-5PM,2D Lotto 5PM,"[""18"", ""31""]",18-31,2025-10-19,17:00,4000,0
3DL-5PM,3D Lotto 5PM,"[""8"", ""1"", ""2""]",8-1-2,2025-10-19,17:00,4500,3
2DL-9PM,2D Lotto 9PM,"[""18"", ""05""]",18-05,2025-10-19,21:00,4000,10
3DL-9PM,3D Lotto 9PM,"[""8"", ""1"", ""4""]",8-1-4,2025-10-19,21:00,4500,21
SL49,Superlotto 6/49,"[""42"", ""28"", ""39"", ""29"", ""26"", ""10""]",42-28-39-29-26-10,2025-10-19,21:00,112796478.4,0
UL58,Ultra Lotto 6/58,"[""16"", ""09"", ""25"", ""17"", ""10"", ""15""]",16-09-25-17-10-15,2025-10-19,21:00,50952075.8,2
2DL-2PM,2D Lotto 2PM,"[""10"", ""16""]",10-16,2025-10-20,14:00,4000,8
3DL-2PM,3D Lotto 2PM,"[""2"", ""6"", ""6""]",2-6-6,2025-10-20,14:00,4500,2
2DL-5PM,2D Lotto 5PM,"[""20"", ""22""]",20-22,2025-10-20,17:00,4000,4
3DL-5PM,3D Lotto 5PM,"[""0"", ""4"", ""5""]",0-4-5,2025-10-20,17:00,4500,3
2DL-9PM,2D Lotto 9PM,"[""01"", ""04""]",01-04,2025-10-20,21:00,4000,8
3DL-9PM,3D Lotto 9PM,"[""2"", ""7"", ""8""]",2-7-8,2025-10-20,21:00,4500,5
4DL,4D Lotto,"[""2"", ""7"", ""3"", ""1""]",2-7-3-1,2025-10-20,21:00,738916,62
GL55,Grand Lotto 6/55,"[""50"", ""51"", ""18"", ""12"", ""15"", ""23""]",50-51-18-12-15-23,2025-10-20,21:00,29700000,0
ML45,Megalotto 6/45,"[""20"", ""06"", ""40"", ""24"", ""29"", ""41""]",20-06-40-24-29-41,2025-10-20,21:00,17099766.4,0
2DL-2PM,2D Lotto 2PM,"[""25"", ""18""]",25-18,2025-10-21,14:00,4000,13
3DL-2PM,3D Lotto 2PM,"[""8"", ""4"", ""2""]",8-4-2,2025-10-21,14:00,4500,11
2DL-5PM,2D Lotto 5PM,"[""28"", ""27""]",28-27,2025-10-21,17:00,4000,1
3DL-5PM,3D Lotto 5PM,"[""8"", ""8"", ""3""]",8-8-3,2025-10-21,17:00,4500,0
2DL-9PM,2D Lotto 9PM,"[""08"", ""31""]",08-31,2025-10-21,21:00,4000,4
3DL-9PM,3D Lotto 9PM,"[""8"", ""6"", ""2""]",8-6-2,2025-10-21,21:00,4500,10
6DL,6D Lotto,"[""5"", ""8"", ""5"", ""4"", ""2"", ""5""]",5-8-5-4-2-5,2025-10-21,21:00,2093522.4,0
LOTTO42,Lotto 6/42,"[""15"", ""11"", ""33"", ""30"", ""07"", ""21""]",15-11-33-30-07-21,2025-10-21,21:00,34864065.2,0
SL49,Superlotto 6/49,"[""31"", ""04"", ""36"", ""27"", ""02"", ""39""]",31-04-36-27-02-39,2025-10-21,21:00,119716186.8,0
UL58,Ultra Lotto 6/58,"[""34"", ""29"", ""04"", ""17"", ""15"", ""32""]",34-29-04-17-15-32,2025-10-21,21:00,49500000,0
2DL-2PM,2D Lotto 2PM,"[""11"", ""24""]",11-24,2025-10-22,14:00,4000,5
3DL-2PM,3D Lotto 2PM,"[""6"", ""3"", ""4""]",6-3-4,2025-10-22,14:00,4500,7
2DL-5PM,2D Lotto 5PM,"[""15"", ""26""]",15-26,2025-10-22,17:00,4000,3
3DL-5PM,3D Lotto 5PM,"[""0"", ""0"", ""3""]",0-0-3,2025-10-22,17:00,4500,1
2DL-9PM,2D Lotto 9PM,"[""29"", ""22""]",29-22,2025-10-22,21:00,4000,14
3DL-9PM,3D Lotto 9PM,"[""2"", ""3"", ""7""]",2-3-7,2025-10-22,21:00,4500,14
4DL,4D Lotto,"[""4"", ""9"", ""9"", ""7""]",4-9-9-7,2025-10-22,21:00,978992,8
GL55,Grand Lotto 6/55,"[""44"", ""22"", ""02"", ""42"", ""26"", ""39""]",44-22-02-42-26-39,2025-10-22,21:00,29700000,0
ML45,Megalotto 6/45,"[""05"", ""25"", ""10"", ""04"", ""08"", ""42""]",05-25-10-04-08-42,2025-10-22,21:00,20724724.8,0
2DL-2PM,2D Lotto 2PM,"[""19"", ""21""]",19-21,2025-10-23,14:00,4000,5
3DL-2PM,3D Lotto 2PM,"[""3"", ""9"", ""1""]",3-9-1,2025-10-23,14:00,4500,17
2DL-5PM,2D Lotto 5PM,"[""22"", ""20""]",22-20,2025-10-23,17:00,4000,0
3DL-5PM,3D Lotto 5PM,"[""9"", ""6"", ""9""]",9-6-9,2025-10-23,17:00,4500,0
2DL-9PM,2D Lotto 9PM,"[""09"", ""26""]",09-26,2025-10-23,21:00,4000,6
3DL-9PM,3D Lotto 9PM,"[""9"", ""9"", ""2""]",9-9-2,2025-10-23,21:00,4500,18
6DL,6D Lotto,"[""8"", ""1"", ""2"", ""0"", ""4"", ""4""]",8-1-2-0-4-4,2025-10-23,21:00,2629354,1
LOTTO42,Lotto 6/42,"[""12"", ""23"", ""24"", ""29"", ""20"", ""26""]",12-23-24-29-20-26,2025-10-23,21:00,39093928.4,0
SL49,Superlotto 6/49,"[""25"", ""14"", ""26"", ""40"", ""04"", ""22""]",25-14-26-40-04-22,2025-10-23,21:00,127118438.8,0
2DL-2PM,2D Lotto 2PM,"[""09"", ""03""]",09-03,2025-10-24,14:00,4000,3
3DL-2PM,3D Lotto 2PM,"[""3"", ""8"", ""8""]",3-8-8,2025-10-24,14:00,4500,0
2DL-5PM,2D Lotto 5PM,"[""19"", ""19""]",19-19,2025-10-24,17:00,4000,0
3DL-5PM,3D Lotto 5PM,"[""3"", ""1"", ""6""]",3-1-6,2025-10-24,17:00,4500,9
2DL-9PM,2D Lotto 9PM,"[""28"", ""30""]",28-30,2025-10-24,21:00,4000,5
3DL-9PM,3D Lotto 9PM,"[""0"", ""9"", ""9""]",0-9-9,2025-10-24,21:00,4500,6
4DL,4D Lotto,"[""8"", ""2"", ""6"", ""4""]",8-2-6-4,2025-10-24,21:00,852085,65
ML45,Megalotto 6/45,"[""08"", ""25"", ""41"", ""32"", ""34"", ""01""]",08-25-41-32-34-01,2025-10-24,21:00,24469530.4,0
UL58,Ultra Lotto 6/58,"[""35"", ""15"", ""23"", ""49"", ""06"", ""39""]",35-15-23-49-06-39,2025-10-24,21:00,49500000,0
2DL-2PM,2D Lotto 2PM,"[""05"", ""20""]",05-20,2025-10-25,14:00,4000,4
3DL-2PM,3D Lotto 2PM,"[""8"", ""3"", ""8""]",8-3-8,2025-10-25,14:00,4500,2
2DL-5PM,2D Lotto 5PM,"[""20"", ""14""]",20-14,2025-10-25,17:00,4000,3
3DL-5PM,3D Lotto 5PM,"[""4"", ""2"", ""0""]",4-2-0,2025-10-25,17:00,4500,6
2DL-9PM,2D Lotto 9PM,"[""08"", ""09""]",08-09,2025-10-25,21:00,4000,8
3DL-9PM,3D Lotto 9PM,"[""5"", ""3"", ""6""]",5-3-6,2025-10-25,21:00,4500,9
6DL,6D Lotto,"[""6"", ""8"", ""6"", ""3"", ""9"", ""8""]",6-8-6-3-9-8,2025-10-25,21:00,676224.92,0
GL55,Grand Lotto 6/55,"[""49"", ""08"", ""12"", ""29"", ""22"", ""18""]",49-08-12-29-22-18,2025-10-25,21:00,29700000,0
LOTTO42,Lotto 6/42,"[""08"", ""32"", ""20"", ""36"", ""05"", ""12""]",08-32-20-36-05-12,2025-10-25,21:00,44203730,0
2DL-2PM,2D Lotto 2PM,"[""06"", ""08""]",06-08,2025-10-26,14:00,4000,22
3DL-2PM,3D Lotto 2PM,"[""3"", ""5"", ""1""]",3-5-1,2025-10-26,14:00,4500,13
2DL-5PM,2D Lotto 5PM,"[""14"", ""22""]",14-22,2025-10-26,17:00,4000,3
3DL-5PM,3D Lotto 5PM,"[""4"", ""3"", ""5""]",4-3-5,2025-10-26,17:00,4500,2
2DL-9PM,2D Lotto 9PM,"[""12"", ""12""]",12-12,2025-10-26,21:00,4000,14
3DL-9PM,3D Lotto 9PM,"[""8"", ""1"", ""4""]",8-1-4,2025-10-26,21:00,4500,5
SL49,Superlotto 6/49,"[""22"", ""18"", ""42"", ""21"", ""31"", ""38""]",22-18-42-21-31-38,2025-10-26,21:00,135324834.8,0
UL58,Ultra Lotto 6/58,"[""46"", ""49"", ""08"", ""43"", ""10"", ""40""]",46-49-08-43-10-40,2025-10-26,21:00,49500000,0
2DL-2PM,2D Lotto 2PM,"[""13"", ""12""]",13-12,2025-10-27,14:00,4000,2
3DL-2PM,3D Lotto 2PM,"[""6"", ""2"", ""9""]",6-2-9,2025-10-27,14:00,4500,9
2DL-5PM,2D Lotto 5PM,"[""14"", ""20""]",14-20,2025-10-27,17:00,4000,1
3DL-5PM,3D Lotto 5PM,"[""8"", ""7"", ""2""]",8-7-2,2025-10-27,17:00,4500,4
2DL-9PM,2D Lotto 9PM,"[""09"", ""05""]",09-05,2025-10-27,21:00,4000,9
3DL-9PM,3D Lotto 9PM,"[""2"", ""8"", ""5""]",2-8-5,2025-10-27,21:00,4500,17
4DL,4D Lotto,"[""2"", ""6"", ""6"", ""9""]",2-6-6-9,2025-10-27,21:00,791231,17
GL55,Grand Lotto 6/55,"[""14"", ""39"", ""42"", ""35"", ""25"", ""30""]",14-39-42-35-25-30,2025-10-27,21:00,91000000,0
ML45,Megalotto 6/45,"[""17"", ""09"", ""40"", ""21"", ""04"", ""03""]",17-09-40-21-04-03,2025-10-27,21:00,28325304,0
2DL-2PM,2D Lotto 2PM,"[""13"", ""14""]",13-14,2025-10-28,14:00,4000,6
3DL-2PM,3D Lotto 2PM,"[""0"", ""0"", ""6""]",0-0-6,2025-10-28,14:00,4500,4
2DL-5PM,2D Lotto 5PM,"[""25"", ""06""]",25-06,2025-10-28,17:00,4000,1
3DL-5PM,3D Lotto 5PM,"[""8"", ""1"", ""6""]",8-1-6,2025-10-28,17:00,4500,4
2DL-9PM,2D Lotto 9PM,"[""31"", ""14""]",31-14,2025-10-28,21:00,4000,5
3DL-9PM,3D Lotto 9PM,"[""7"", ""2"", ""1""]",7-2-1,2025-10-28,21:00,4500,13
6DL,6D Lotto,"[""0"", ""9"", ""5"", ""7"", ""6"", ""9""]",0-9-5-7-6-9,2025-10-28,21:00,846369.12,0
LOTTO42,Lotto 6/42,"[""18"", ""36"", ""41"", ""28"", ""35"", ""25""]",18-36-41-28-35-25,2025-10-28,21:00,48513678.2,0
SL49,Superlotto 6/49,"[""12"", ""07"", ""37"", ""28"", ""23"", ""48""]",12-07-37-28-23-48,2025-10-28,21:00,142603737.2,0
UL58,Ultra Lotto 6/58,"[""37"", ""16"", ""23"", ""05"", ""51"", ""57""]",37-16-23-05-51-57,2025-10-28,21:00,91000000,0
2DL-5PM,2D Lotto 5PM,"[""04"", ""17""]",04-17,2025-10-29,17:00,4000,0
2DL-9PM,2D Lotto 9PM,"[""28"", ""13""]",28-13,2025-10-29,21:00,4000,5
3DL-9PM,3D Lotto 9PM,"[""1"", ""4"", ""6""]",1-4-6,2025-10-29,21:00,4500,8
4DL,4D Lotto,"[""4"", ""1"", ""9"", ""5""]",4-1-9-5,2025-10-29,21:00,962740,20
GL55,Grand Lotto 6/55,"[""41"", ""03"", ""49"", ""48"", ""13"", ""19""]",41-03-49-48-13-19,2025-10-29,21:00,91000000,0
ML45,Megalotto 6/45,"[""24"", ""29"", ""36"", ""09"", ""38"", ""43""]",24-29-36-09-38-43,2025-10-29,21:00,32180229.6,0
2DL-2PM,2D Lotto 2PM,"[""24"", ""08""]",24-08,2025-10-30,14:00,4000,4
3DL-2PM,3D Lotto 2PM,"[""1"", ""1"", ""5""]",1-1-5,2025-10-30,14:00,4500,13
2DL-5PM,2D Lotto 5PM,"[""17"", ""20""]",17-20,2025-10-30,17:00,4000,0
2DL-9PM,2D Lotto 9PM,"[""06"", ""01""]",06-01,2025-10-30,21:00,4000,22
3DL-9PM,3D Lotto 9PM,"[""9"", ""1"", ""3""]",9-1-3,2025-10-30,21:00,4500,4
6DL,6D Lotto,"[""9"", ""1"", ""1"", ""5"", ""5"", ""1""]",9-1-1-5-5-1,2025-10-30,21:00,1354525.04,0
LOTTO42,Lotto 6/42,"[""03"", ""28"", ""08"", ""07"", ""41"", ""23""]",03-28-08-07-41-23,2025-10-30,21:00,53103612.8,0
SL49,Superlotto 6/49,"[""10"", ""45"", ""03"", ""19"", ""04"", ""13""]",10-45-03-19-04-13,2025-10-30,21:00,150230626.8,0
2DL-2PM,2D Lotto 2PM,"[""29"", ""17""]",29-17,2025-10-31,14:00,4000,0
3DL-2PM,3D Lotto 2PM,"[""1"", ""0"", ""6""]",1-0-6,2025-10-31,14:00,4500,7
2DL-5PM,2D Lotto 5PM,"[""26"", ""08""]",26-08,2025-10-31,17:00,4000,6
3DL-5PM,3D Lotto 5PM,"[""2"", ""6"", ""9""]",2-6-9,2025-10-31,17:00,4500,6
2DL-9PM,2D Lotto 9PM,"[""30"", ""24""]",30-24,2025-10-31,21:00,4000,1
3DL-9PM,3D Lotto 9PM,"[""9"", ""3"", ""3""]",9-3-3,2025-10-31,21:00,4500,5
4DL,4D Lotto,"[""7"", ""8"", ""5"", ""1""]",7-8-5-1,2025-10-31,21:00,915656,14
ML45,Megalotto 6/45,"[""08"", ""27"", ""45"", ""42"", ""33"", ""15""]",08-27-45-42-33-15,2025-10-31,21:00,36109825,0
UL58,Ultra Lotto 6/58,"[""20"", ""12"", ""07"", ""17"", ""31"", ""39""]",20-12-07-17-31-39,2025-10-31,21:00,91000000,0
2DL-2PM,2D Lotto 2PM,"[""14"", ""12""]",14-12,2025-11-01,14:00,4000,1
3DL-2PM,3D Lotto 2PM,"[""1"", ""3"", ""9""]",1-3-9,2025-11-01,14:00,4500,2
2DL-5PM,2D Lotto 5PM,"[""28"", ""15""]",28-15,2025-11-01,17:00,4000,1
3DL-5PM,3D Lotto 5PM,"[""7"", ""0"", ""2""]",7-0-2,2025-11-01,17:00,4500,5
2DL-9PM,2D Lotto 9PM,"[""07"", ""12""]",07-12,2025-11-01,21:00,4000,6
3DL-9PM,3D Lotto 9PM,"[""0"", ""5"", ""1""]",0-5-1,2025-11-01,21:00,4500,1
6DL,6D Lotto,"[""6"", ""5"", ""9"", ""4"", ""7"", ""7""]",6-5-9-4-7-7,2025-11-01,21:00,2010112.84,0
GL55,Grand Lotto 6/55,"[""50"", ""12"", ""27"", ""07"", ""47"", ""05""]",50-12-27-07-47-05,2025-11-01,21:00,94305937.6,0
LOTTO42,Lotto 6/42,"[""25"", ""31"", ""18"", ""13"", ""29"", ""15""]",25-31-18-13-29-15,2025-11-01,21:00,56954430.2,0
2DL-2PM,2D Lotto 2PM,"[""13"", ""27""]",13-27,2025-11-02,14:00,4000,0
3DL-2PM,3D Lotto 2PM,"[""0"", ""0"", ""3""]",0-0-3,2025-11-02,14:00,4500,4
2DL-5PM,2D Lotto 5PM,"[""28"", ""05""]",28-05,2025-11-02,17:00,4000,0
3DL-5PM,3D Lotto 5PM,"[""9"", ""8"", ""6""]",9-8-6,2025-11-02,17:00,4500,0
2DL-9PM,2D Lotto 9PM,"[""03"", ""21""]",03-21,2025-11-02,21:00,4000,7
3DL-9PM,3D Lotto 9PM,"[""9"", ""6"", ""8""]",9-6-8,2025-11-02,21:00,4500,2
SL49,Superlotto 6/49,"[""33"", ""26"", ""37"", ""24"", ""36"", ""45""]",33-26-37-24-36-45,2025-11-02,21:00,158096172.4,0
UL58,Ultra Lotto 6/58,"[""30"", ""28"", ""47"", ""50"", ""19"", ""51""]",30-28-47-50-19-51,2025-11-02,21:00,94585380,0
2DL-2PM,2D Lotto 2PM,"[""23"", ""24""]",23-24,2025-11-03,14:00,4000,0
3DL-2PM,3D Lotto 2PM,"[""7"", ""2"", ""3""]",7-2-3,2025-11-03,14:00,4500,5
2DL-5PM,2D Lotto 5PM,"[""14"", ""06""]",14-06,2025-11-03,17:00,4000,0
3DL-5PM,3D Lotto 5PM,"[""2"", ""8"", ""3""]",2-8-3,2025-11-03,17:00,4500,0
2DL-9PM,2D Lotto 9PM,"[""05"", ""23""]",05-23,2025-11-03,21:00,4000,10
3DL-9PM,3D Lotto 9PM,"[""7"", ""5"", ""4""]",7-5-4,2025-11-03,21:00,4500,1
4DL,4D Lotto,"[""6"", ""6"", ""3"", ""5""]",6-6-3-5,2025-11-03,21:00,863450,10
GL55,Grand Lotto 6/55,"[""42"", ""41"", ""21"", ""05"", ""45"", ""11""]",42-41-21-05-45-11,2025-11-03,21:00,98059716.2,0
ML45,Megalotto 6/45,"[""01"", ""32"", ""41"", ""43"", ""21"", ""45""]",01-32-41-43-21-45,2025-11-03,21:00,39705010.4,0
2DL-2PM,2D Lotto 2PM,"[""25"", ""07""]",25-07,2025-11-04,14:00,4000,3
3DL-2PM,3D Lotto 2PM,"[""2"", ""8"", ""7""]",2-8-7,2025-11-04,14:00,4500,3
2DL-5PM,2D Lotto 5PM,"[""17"", ""13""]",17-13,2025-11-04,17:00,4000,1
3DL-5PM,3D Lotto 5PM,"[""2"", ""3"", ""8""]",2-3-8,2025-11-04,17:00,4500,7
2DL-9PM,2D Lotto 9PM,"[""27"", ""06""]",27-06,2025-11-04,21:00,4000,0
3DL-9PM,3D Lotto 9PM,"[""4"", ""7"", ""4""]",4-7-4,2025-11-04,21:00,4500,9
6DL,6D Lotto,"[""6"", ""9"", ""3"", ""9"", ""2"", ""6""]",6-9-3-9-2-6,2025-11-04,21:00,2347883,1
LOTTO42,Lotto 6/42,"[""10"", ""01"", ""32"", ""04"", ""18"", ""09""]",10-01-32-04-18-09,2025-11-04,21:00,60959533.2,0
SL49,Superlotto 6/49,"[""06"", ""10"", ""38"", ""47"", ""08"", ""44""]",06-10-38-47-08-44,2025-11-04,21:00,164438966,0
UL58,Ultra Lotto 6/58,"[""37"", ""38"", ""12"", ""02"", ""04"", ""44""]",37-38-12-02-04-44,2025-11-04,21:00,97512472.2,0
2DL-2PM,2D Lotto 2PM,"[""06"", ""06""]",06-06,2025-11-05,14:00,4000,5
3DL-2PM,3D Lotto 2PM,"[""0"", ""0"", ""0""]",0-0-0,2025-11-05,14:00,4500,0
2DL-5PM,2D Lotto 5PM,"[""01"", ""16""]",01-16,2025-11-05,17:00,4000,2
3DL-5PM,3D Lotto 5PM,"[""6"", ""3"", ""0""]",6-3-0,2025-11-05,17:00,4500,0
2DL-9PM,2D Lotto 9PM,"[""04"", ""13""]",04-13,2025-11-05,21:00,4000,5
3DL-9PM,3D Lotto 9PM,"[""1"", ""7"", ""1""]",1-7-1,2025-11-05,21:00,4500,5
4DL,4D Lotto,"[""0"", ""0"", ""0"", ""5""]",0-0-0-5,2025-11-05,21:00,741840,24
GL55,Grand Lotto 6/55,"[""48"", ""02"", ""51"", ""30"", ""49"", ""20""]",48-02-51-30-49-20,2025-11-05,21:00,102470449.4,0
ML45,Megalotto 6/45,"[""28"", ""09"", ""45"", ""34"", ""25"", ""32""]",28-09-45-34-25-32,2025-11-05,21:00,43660828.8,0
2DL-2PM,2D Lotto 2PM,"[""26"", ""22""]",26-22,2025-11-06,14:00,4000,2
3DL-2PM,3D Lotto 2PM,"[""0"", ""3"", ""9""]",0-3-9,2025-11-06,14:00,4500,0
2DL-5PM,2D Lotto 5PM,"[""09"", ""02""]",09-02,2025-11-06,17:00,4000,6
3DL-5PM,3D Lotto 5PM,"[""4"", ""3"", ""6""]",4-3-6,2025-11-06,17:00,4500,1
2DL-9PM,2D Lotto 9PM,"[""28"", ""26""]",28-26,2025-11-06,21:00,4000,0
3DL-9PM,3D Lotto 9PM,"[""0"", ""6"", ""3""]",0-6-3,2025-11-06,21:00,4500,5
6DL,6D Lotto,"[""5"", ""2"", ""9"", ""6"", ""6"", ""9""]",5-2-9-6-6-9,2025-11-06,21:00,263009.72,0
LOTTO42,Lotto 6/42,"[""04"", ""08"", ""28"", ""36"", ""21"", ""35""]",04-08-28-36-21-35,2025-11-06,21:00,65771261.6,0
SL49,Superlotto 6/49,"[""47"", ""48"", ""01"", ""16"", ""11"", ""41""]",47-48-01-16-11-41,2025-11-06,21:00,172090632,0
2DL-2PM,2D Lotto 2PM,"[""05"", ""31""]",05-31,2025-11-07,14:00,4000,3
3DL-2PM,3D Lotto 2PM,"[""3"", ""8"", ""0""]",3-8-0,2025-11-07,14:00,4500,14
2DL-5PM,2D Lotto 5PM,"[""14"", ""20""]",14-20,2025-11-07,17:00,4000,5
3DL-5PM,3D Lotto 5PM,"[""6"", ""5"", ""3""]",6-5-3,2025-11-07,17:00,4500,1
2DL-9PM,2D Lotto 9PM,"[""29"", ""29""]",29-29,2025-11-07,21:00,4000,4
3DL-9PM,3D Lotto 9PM,"[""6"", ""5"", ""0""]",6-5-0,2025-11-07,21:00,4500,6
4DL,4D Lotto,"[""6"", ""8"", ""9"", ""1""]",6-8-9-1,2025-11-07,21:00,973947,51
ML45,Megalotto 6/45,"[""24"", ""28"", ""36"", ""42"", ""34"", ""08""]",24-28-36-42-34-08,2025-11-07,21:00,47762873.8,0
UL58,Ultra Lotto 6/58,"[""18"", ""29"", ""44"", ""50"", ""46"", ""22""]",18-29-44-50-46-22,2025-11-07,21:00,102115334.2,0
2DL-2PM,2D Lotto 2PM,"[""17"", ""15""]",17-15,2025-11-08,14:00,4000,2
3DL-2PM,3D Lotto 2PM,"[""9"", ""7"", ""8""]",9-7-8,2025-11-08,14:00,4500,1
2DL-5PM,2D Lotto 5PM,"[""06"", ""08""]",06-08,2025-11-08,17:00,4000,9
3DL-5PM,3D Lotto 5PM,"[""5"", ""4"", ""4""]",5-4-4,2025-11-08,17:00,4500,0
2DL-9PM,2D Lotto 9PM,"[""02"", ""05""]",02-05,2025-11-08,21:00,4000,11
3DL-9PM,3D Lotto 9PM,"[""1"", ""4"", ""5""]",1-4-5,2025-11-08,21:00,4500,13
6DL,6D Lotto,"[""9"", ""3"", ""6"", ""6"", ""3"", ""2""]",9-3-6-6-3-2,2025-11-08,21:00,820744.68,0
GL55,Grand Lotto 6/55,"[""03"", ""32"", ""07"", ""37"", ""42"", ""21""]",03-32-07-37-42-21,2025-11-08,21:00,107428105.4,0
LOTTO42,Lotto 6/42,"[""01"", ""05"", ""34"", ""18"", ""12"", ""25""]",01-05-34-18-12-25,2025-11-08,21:00,71005392,0
2DL-2PM,2D Lotto 2PM,"[""29"", ""13""]",29-13,2025-11-09,14:00,4000,0
3DL-2PM,3D Lotto 2PM,"[""3"", ""8"", ""0""]",3-8-0,2025-11-09,14:00,4500,2
2DL-5PM,2D Lotto 5PM,"[""09"", ""25""]",09-25,2025-11-09,17:00,4000,9
3DL-5PM,3D Lotto 5PM,"[""1"", ""4"", ""0""]",1-4-0,2025-11-09,17:00,4500,3
2DL-9PM,2D Lotto 9PM,"[""06"", ""27""]",06-27,2025-11-09,21:00,4000,1
3DL-9PM,3D Lotto 9PM,"[""5"", ""0"", ""0""]",5-0-0,2025-11-09,21:00,4500,9
SL49,Superlotto 6/49,"[""37"", ""31"", ""06"", ""26"", ""29"", ""14""]",37-31-06-26-29-14,2025-11-09,21:00,178197172,0
UL58,Ultra Lotto 6/58,"[""25"", ""07"", ""57"", ""19"", ""22"", ""28""]",25-07-57-19-22-28,2025-11-09,21:00,105139234.2,0
2DL-2PM,2D Lotto 2PM,"[""07"", ""26""]",07-26,2025-11-10,14:00,4000,5
3DL-2PM,3D Lotto 2PM,"[""2"", ""3"", ""7""]",2-3-7,2025-11-10,14:00,4500,7
2DL-5PM,2D Lotto 5PM,"[""03"", ""15""]",03-15,2025-11-10,17:00,4000,4
2DL-9PM,2D Lotto 9PM,"[""09"", ""22""]",09-22,2025-11-10,21:00,4000,0
3DL-9PM,3D Lotto 9PM,"[""1"", ""5"", ""7""]",1-5-7,2025-11-10,21:00,4500,4
4DL,4D Lotto,"[""8"", ""4"", ""8"", ""0""]",8-4-8-0,2025-11-10,21:00,870570,18
GL55,Grand Lotto 6/55,"[""53"", ""48"", ""24"", ""36"", ""39"", ""07""]",53-48-24-36-39-07,2025-11-10,21:00,111369858.6,0
ML45,Megalotto 6/45,"[""38"", ""27"", ""17"", ""23"", ""31"", ""06""]",38-27-17-23-31-06,2025-11-10,21:00,51306254,0
2DL-2PM,2D Lotto 2PM,"[""20"", ""14""]",20-14,2025-11-11,14:00,4000,1
3DL-2PM,3D Lotto 2PM,"[""0"", ""9"", ""4""]",0-9-4,2025-11-11,14:00,4500,4
2DL-5PM,2D Lotto 5PM,"[""04"", ""31""]",04-31,2025-11-11,17:00,4000,1
3DL-5PM,3D Lotto 5PM,"[""0"", ""4"", ""6""]",0-4-6,2025-11-11,17:00,4500,5
2DL-9PM,2D Lotto 9PM,"[""07"", ""19""]",07-19,2025-11-11,21:00,4000,11
3DL-9PM,3D Lotto 9PM,"[""9"", ""5"", ""6""]",9-5-6,2025-11-11,21:00,4500,11
6DL,6D Lotto,"[""5"", ""0"", ""2"", ""8"", ""6"", ""6""]",5-0-2-8-6-6,2025-11-11,21:00,1298975.8,0
LOTTO42,Lotto 6/42,"[""34"", ""10"", ""02"", ""16"", ""26"", ""29""]",34-10-02-16-26-29,2025-11-11,21:00,75610006.6,0
SL49,Superlotto 6/49,"[""04"", ""25"", ""20"", ""14"", ""12"", ""05""]",04-25-20-14-12-05,2025-11-11,21:00,184998366.4,1
UL58,Ultra Lotto 6/58,"[""53"", ""08"", ""46"", ""40"", ""19"", ""18""]",53-08-46-40-19-18,2025-11-11,21:00,108810101.4,0
2DL-2PM,2D Lotto 2PM,"[""21"", ""04""]",21-04,2025-11-12,14:00,4000,8
3DL-2PM,3D Lotto 2PM,"[""4"", ""8"", ""7""]",4-8-7,2025-11-12,14:00,4500,7
2DL-5PM,2D Lotto 5PM,"[""24"", ""05""]",24-05,2025-11-12,17:00,4000,4
3DL-5PM,3D Lotto 5PM,"[""9"", ""8"", ""1""]",9-8-1,2025-11-12,17:00,4500,4
2DL-9PM,2D Lotto 9PM,"[""03"", ""30""]",03-30,2025-11-12,21:00,4000,4
3DL-9PM,3D Lotto 9PM,"[""1"", ""2"", ""3""]",1-2-3,2025-11-12,21:00,4500,25
4DL,4D Lotto,"[""3"", ""3"", ""7"", ""9""]",3-3-7-9,2025-11-12,21:00,873558,14
GL55,Grand Lotto 6/55,"[""10"", ""13"", ""16"", ""36"", ""05"", ""12""]",10-13-16-36-05-12,2025-11-12,21:00,116190560.2,0
ML45,Megalotto 6/45,"[""14"", ""26"", ""31"", ""36"", ""25"", ""45""]",14-26-31-36-25-45,2025-11-12,21:00,55425587.6,0
2DL-2PM,2D Lotto 2PM,"[""05"", ""07""]",05-07,2025-11-13,14:00,4000,6
3DL-2PM,3D Lotto 2PM,"[""4"", ""4"", ""3""]",4-4-3,2025-11-13,14:00,4500,2
2DL-5PM,2D Lotto 5PM,"[""14"", ""06""]",14-06,2025-11-13,17:00,4000,2
3DL-5PM,3D Lotto 5PM,"[""4"", ""0"", ""3""]",4-0-3,2025-11-13,17:00,4500,5
2DL-9PM,2D Lotto 9PM,"[""28"", ""25""]",28-25,2025-11-13,21:00,4000,0
3DL-9PM,3D Lotto 9PM,"[""7"", ""7"", ""3""]",7-7-3,2025-11-13,21:00,4500,4
6DL,6D Lotto,"[""2"", ""0"", ""5"", ""0"", ""3"", ""2""]",2-0-5-0-3-2,2025-11-13,21:00,1882941.08,0
LOTTO42,Lotto 6/42,"[""18"", ""28"", ""08"", ""30"", ""41"", ""06""]",18-28-08-30-41-06,2025-11-13,21:00,81810102,1
SL49,Superlotto 6/49,"[""47"", ""29"", ""45"", ""48"", ""26"", ""46""]",47-29-45-48-26-46,2025-11-13,21:00,15840000,0
2DL-2PM,2D Lotto 2PM,"[""07"", ""12""]",07-12,2025-11-14,14:00,4000,3
3DL-2PM,3D Lotto 2PM,"[""3"", ""8"", ""7""]",3-8-7,2025-11-14,14:00,4500,6
2DL-5PM,2D Lotto 5PM,"[""15"", ""21""]",15-21,2025-11-14,17:00,4000,3
3DL-5PM,3D Lotto 5PM,"[""7"", ""0"", ""2""]",7-0-2,2025-11-14,17:00,4500,5
2DL-9PM,2D Lotto 9PM,"[""23"", ""16""]",23-16,2025-11-14,21:00,4000,5
3DL-9PM,3D Lotto 9PM,"[""7"", ""7"", ""7""]",7-7-7,2025-11-14,21:00,4500,42
4DL,4D Lotto,"[""8"", ""5"", ""1"", ""7""]",8-5-1-7,2025-11-14,21:00,454580,20
ML45,Megalotto 6/45,"[""22"", ""14"", ""16"", ""23"", ""36"", ""04""]",22-14-16-23-36-04,2025-11-14,21:00,59850072.4,0
UL58,Ultra Lotto 6/58,"[""39"", ""01"", ""08"", ""14"", ""48"", ""06""]",39-01-08-14-48-06,2025-11-14,21:00,114052697,0
2DL-2PM,2D Lotto 2PM,"[""06"", ""19""]",06-19,2025-11-15,14:00,4000,7
3DL-2PM,3D Lotto 2PM,"[""6"", ""3"", ""6""]",6-3-6,2025-11-15,14:00,4500,4
2DL-5PM,2D Lotto 5PM,"[""01"", ""27""]",01-27,2025-11-15,17:00,4000,9
3DL-5PM,3D Lotto 5PM,"[""7"", ""6"", ""6""]",7-6-6,2025-11-15,17:00,4500,0
2DL-9PM,2D Lotto 9PM,"[""23"", ""24""]",23-24,2025-11-15,21:00,4000,0
3DL-9PM,3D Lotto 9PM,"[""3"", ""7"", ""4""]",3-7-4,2025-11-15,21:00,4500,4
6DL,6D Lotto,"[""6"", ""6"", ""2"", ""1"", ""6"", ""3""]",6-6-2-1-6-3,2025-11-15,21:00,2223814.88,0
GL55,Grand Lotto 6/55,"[""11"", ""52"", ""14"", ""21"", ""30"", ""07""]",11-52-14-21-30-07,2025-11-15,21:00,122415464.6,0
LOTTO42,Lotto 6/42,"[""06"", ""11"", ""03"", ""09"", ""18"", ""29""]",06-11-03-09-18-29,2025-11-15,21:00,5940000,1
2DL-2PM,2D Lotto 2PM,"[""06"", ""17""]",06-17,2025-11-16,14:00,4000,4
2DL-5PM,2D Lotto 5PM,"[""27"", ""03""]",27-03,2025-11-16,17:00,4000,0
3DL-5PM,3D Lotto 5PM,"[""5"", ""6"", ""0""]",5-6-0,2025-11-16,17:00,4500,1
2DL-9PM,2D Lotto 9PM,"[""10"", ""26""]",10-26,2025-11-16,21:00,4000,8
3DL-9PM,3D Lotto 9PM,"[""7"", ""0"", ""9""]",7-0-9,2025-11-16,21:00,4500,29
SL49,Superlotto 6/49,"[""01"", ""07"", ""32"", ""17"", ""34"", ""38""]",01-07-32-17-34-38,2025-11-16,21:00,15840000,0
UL58,Ultra Lotto 6/58,"[""37"", ""12"", ""13"", ""29"", ""10"", ""14""]",37-12-13-29-10-14,2025-11-16,21:00,119841821,0
2DL-2PM,2D Lotto 2PM,"[""06"", ""28""]",06-28,2025-11-17,14:00,4000,5
3DL-2PM,3D Lotto 2PM,"[""0"", ""5"", ""3""]",0-5-3,2025-11-17,14:00,4500,6
2DL-5PM,2D Lotto 5PM,"[""02"", ""21""]",02-21,2025-11-17,17:00,4000,0
3DL-5PM,3D Lotto 5PM,"[""7"", ""6"", ""8""]",7-6-8,2025-11-17,17:00,4500,8
2DL-9PM,2D Lotto 9PM,"[""03"", ""02""]",03-02,2025-11-17,21:00,4000,9
3DL-9PM,3D Lotto 9PM,"[""2"", ""3"", ""4""]",2-3-4,2025-11-17,21:00,4500,7
4DL,4D Lotto,"[""0"", ""3"", ""8"", ""8""]",0-3-8-8,2025-11-17,21:00,851580,5
GL55,Grand Lotto 6/55,"[""05"", ""44"", ""40"", ""12"", ""50"", ""22""]",05-44-40-12-50-22,2025-11-17,21:00,128198961,0
ML45,Megalotto 6/45,"[""28"", ""31"", ""04"", ""16"", ""24"", ""41""]",28-31-04-16-24-41,2025-11-17,21:00,64645410.6,0
2DL-2PM,2D Lotto 2PM,"[""13"", ""27""]",13-27,2025-11-18,14:00,4000,1
2DL-5PM,2D Lotto 5PM,"[""19"", ""05""]",19-05,2025-11-18,17:00,4000,5
2DL-9PM,2D Lotto 9PM,"[""08"", ""19""]",08-19,2025-11-18,21:00,4000,1
3DL-9PM,3D Lotto 9PM,"[""0"", ""1"", ""7""]",0-1-7,2025-11-18,21:00,4500,4
6DL,6D Lotto,"[""3"", ""3"", ""3"", ""7"", ""1"", ""5""]",3-3-3-7-1-5,2025-11-18,21:00,2462827.08,0
LOTTO42,Lotto 6/42,"[""18"", ""37"", ""26"", ""40"", ""21"", ""14""]",18-37-26-40-21-14,2025-11-18,21:00,5940000,0
SL49,Superlotto 6/49,"[""37"", ""32"", ""43"", ""20"", ""34"", ""44""]",37-32-43-20-34-44,2025-11-18,21:00,15840000,0
UL58,Ultra Lotto 6/58,"[""49"", ""30"", ""44"", ""37"", ""05"", ""18""]",49-30-44-37-05-18,2025-11-18,21:00,125249742.2,0
2DL-2PM,2D Lotto 2PM,"[""15"", ""14""]",15-14,2025-11-19,14:00,4000,0
3DL-2PM,3D Lotto 2PM,"[""5"", ""1"", ""6""]",5-1-6,2025-11-19,14:00,4500,11
2DL-5PM,2D Lotto 5PM,"[""06"", ""28""]",06-28,2025-11-19,17:00,4000,4
3DL-5PM,3D Lotto 5PM,"[""2"", ""0"", ""2""]",2-0-2,2025-11-19,17:00,4500,1
2DL-9PM,2D Lotto 9PM,"[""14"", ""12""]",14-12,2025-11-19,21:00,4000,9
3DL-9PM,3D Lotto 9PM,"[""2"", ""7"", ""8""]",2-7-8,2025-11-19,21:00,4500,4
4DL,4D Lotto,"[""2"", ""7"", ""2"", ""1""]",2-7-2-1,2025-11-19,21:00,1010000,101
GL55,Grand Lotto 6/55,"[""28"", ""50"", ""32"", ""12"", ""08"", ""38""]",28-50-32-12-08-38,2025-11-19,21:00,133980882.2,0
ML45,Megalotto 6/45,"[""27"", ""33"", ""24"", ""29"", ""13"", ""05""]",27-33-24-29-13-05,2025-11-19,21:00,69295109.2,0
2DL-2PM,2D Lotto 2PM,"[""29"", ""05""]",29-05,2025-11-20,14:00,4000,1
2DL-5PM,2D Lotto 5PM,"[""21"", ""20""]",21-20,2025-11-20,17:00,4000,12
3DL-5PM,3D Lotto 5PM,"[""1"", ""9"", ""2""]",1-9-2,2025-11-20,17:00,4500,17
2DL-9PM,2D Lotto 9PM,"[""10"", ""12""]",10-12,2025-11-20,21:00,4000,21
3DL-9PM,3D Lotto 9PM,"[""3"", ""5"", ""8""]",3-5-8,2025-11-20,21:00,4500,4
6DL,6D Lotto,"[""6"", ""2"", ""0"", ""2"", ""8"", ""8""]",6-2-0-2-8-8,2025-11-20,21:00,3010576.96,0
LOTTO42,Lotto 6/42,"[""27"", ""16"", ""38"", ""30"", ""39"", ""10""]",27-16-38-30-39-10,2025-11-20,21:00,5971209.4,0
SL49,Superlotto 6/49,"[""49"", ""19"", ""28"", ""40"", ""43"", ""09""]",49-19-28-40-43-09,2025-11-20,21:00,15840000,0
2DL-2PM,2D Lotto 2PM,"[""06"", ""15""]",06-15,2025-11-21,14:00,4000,6
2DL-5PM,2D Lotto 5PM,"[""08"", ""28""]",08-28,2025-11-21,17:00,4000,3
3DL-5PM,3D Lotto 5PM,"[""3"", ""9"", ""3""]",3-9-3,2025-11-21,17:00,4500,0
2DL-9PM,2D Lotto 9PM,"[""15"", ""23""]",15-23,2025-11-21,21:00,4000,7
3DL-9PM,3D Lotto 9PM,"[""1"", ""9"", ""4""]",1-9-4,2025-11-21,21:00,4500,13
4DL,4D Lotto,"[""9"", ""0"", ""2"", ""8""]",9-0-2-8,2025-11-21,21:00,200000,20
ML45,Megalotto 6/45,"[""19"", ""02"", ""41"", ""24"", ""04"", ""39""]",19-02-41-24-04-39,2025-11-21,21:00,74266503.2,0
UL58,Ultra Lotto 6/58,"[""34"", ""41"", ""22"", ""49"", ""52"", ""26""]",34-41-22-49-52-26,2025-11-21,21:00,131212842.2,0
2DL-2PM,2D Lotto 2PM,"[""22"", ""09""]",22-09,2025-11-22,14:00,4000,10
3DL-2PM,3D Lotto 2PM,"[""5"", ""1"", ""6""]",5-1-6,2025-11-22,14:00,4500,3
2DL-5PM,2D Lotto 5PM,"[""16"", ""08""]",16-08,2025-11-22,17:00,4000,5
2DL-9PM,2D Lotto 9PM,"[""15"", ""27""]",15-27,2025-11-22,21:00,4000,5
3DL-9PM,3D Lotto 9PM,"[""2"", ""1"", ""6""]",2-1-6,2025-11-22,21:00,4500,16
6DL,6D Lotto,"[""3"", ""9"", ""2"", ""5"", ""3"", ""6""]",3-9-2-5-3-6,2025-11-22,21:00,3577983.24,0
GL55,Grand Lotto 6/55,"[""03"", ""40"", ""11"", ""53"", ""39"", ""26""]",03-40-11-53-39-26,2025-11-22,21:00,140522916.6,0
LOTTO42,Lotto 6/42,"[""10"", ""30"", ""12"", ""15"", ""33"", ""20""]",10-30-12-15-33-20,2025-11-22,21:00,9211206.8,0
2DL-2PM,2D Lotto 2PM,"[""12"", ""09""]",12-09,2025-11-23,14:00,4000,3
3DL-2PM,3D Lotto 2PM,"[""0"", ""7"", ""2""]",0-7-2,2025-11-23,14:00,4500,1
2DL-5PM,2D Lotto 5PM,"[""11"", ""18""]",11-18,2025-11-23,17:00,4000,5
3DL-5PM,3D Lotto 5PM,"[""2"", ""1"", ""8""]",2-1-8,2025-11-23,17:00,4500,8
2DL-9PM,2D Lotto 9PM,"[""10"", ""04""]",10-04,2025-11-23,21:00,4000,5
3DL-9PM,3D Lotto 9PM,"[""6"", ""3"", ""0""]",6-3-0,2025-11-23,21:00,4500,9
SL49,Superlotto 6/49,"[""30"", ""22"", ""47"", ""23"", ""18"", ""12""]",30-22-47-23-18-12,2025-11-23,21:00,17365848,0
UL58,Ultra Lotto 6/58,"[""14"", ""46"", ""39"", ""28"", ""26"", ""20""]",14-46-39-28-26-20,2025-11-23,21:00,137126644.6,0
2DL-2PM,2D Lotto 2PM,"[""03"", ""16""]",03-16,2025-11-24,14:00,4000,5
2DL-5PM,2D Lotto 5PM,"[""12"", ""18""]",12-18,2025-11-24,17:00,4000,4
2DL-9PM,2D Lotto 9PM,"[""13"", ""21""]",13-21,2025-11-24,21:00,4000,7
3DL-9PM,3D Lotto 9PM,"[""1"", ""7"", ""5""]",1-7-5,2025-11-24,21:00,4500,5
4DL,4D Lotto,"[""0"", ""2"", ""8"", ""1""]",0-2-8-1,2025-11-24,21:00,991644,17
GL55,Grand Lotto 6/55,"[""36"", ""43"", ""44"", ""45"", ""11"", ""41""]",36-43-44-45-11-41,2025-11-24,21:00,146296887,0
ML45,Megalotto 6/45,"[""25"", ""14"", ""28"", ""17"", ""20"", ""41""]",25-14-28-17-20-41,2025-11-24,21:00,79205340.6,0
2DL-2PM,2D Lotto 2PM,"[""16"", ""28""]",16-28,2025-11-25,14:00,4000,0
2DL-5PM,2D Lotto 5PM,"[""17"", ""07""]",17-07,2025-11-25,17:00,4000,2
3DL-5PM,3D Lotto 5PM,"[""9"", ""0"", ""8""]",9-0-8,2025-11-25,17:00,4500,3
2DL-9PM,2D Lotto 9PM,"[""10"", ""08""]",10-08,2025-11-25,21:00,4000,14
3DL-9PM,3D Lotto 9PM,"[""9"", ""0"", ""2""]",9-0-2,2025-11-25,21:00,4500,54
6DL,6D Lotto,"[""0"", ""2"", ""5"", ""7"", ""1"", ""6""]",0-2-5-7-1-6,2025-11-25,21:00,3983708.2,0
LOTTO42,Lotto 6/42,"[""22"", ""30"", ""27"", ""03"", ""34"", ""21""]",22-30-27-03-34-21,2025-11-25,21:00,12116541,0
SL49,Superlotto 6/49,"[""27"", ""18"", ""13"", ""07"", ""16"", ""49""]",27-18-13-07-16-49,2025-11-25,21:00,20142114.2,0
UL58,Ultra Lotto 6/58,"[""40"", ""31"", ""06"", ""19"", ""36"", ""42""]",40-31-06-19-36-42,2025-11-25,21:00,142401985,0
2DL-2PM,2D Lotto 2PM,"[""09"", ""24""]",09-24,2025-11-26,14:00,4000,1
3DL-2PM,3D Lotto 2PM,"[""6"", ""0"", ""1""]",6-0-1,2025-11-26,14:00,4500,9
2DL-5PM,2D Lotto 5PM,"[""15"", ""27""]",15-27,2025-11-26,17:00,4000,4
3DL-5PM,3D Lotto 5PM,"[""8"", ""4"", ""4""]",8-4-4,2025-11-26,17:00,4500,4
2DL-9PM,2D Lotto 9PM,"[""18"", ""04""]",18-04,2025-11-26,21:00,4000,15
3DL-9PM,3D Lotto 9PM,"[""2"", ""9"", ""2""]",2-9-2,2025-11-26,21:00,4500,6
4DL,4D Lotto,"[""2"", ""8"", ""0"", ""4""]",2-8-0-4,2025-11-26,21:00,902475,21
GL55,Grand Lotto 6/55,"[""24"", ""42"", ""33"", ""19"", ""06"", ""20""]",24-42-33-19-06-20,2025-11-26,21:00,152234211.8,0
ML45,Megalotto 6/45,"[""29"", ""22"", ""25"", ""37"", ""41"", ""34""]",29-22-25-37-41-34,2025-11-26,21:00,84182510,1
2DL-2PM,2D Lotto 2PM,"[""27"", ""27""]",27-27,2025-11-27,14:00,4000,3
3DL-2PM,3D Lotto 2PM,"[""0"", ""6"", ""6""]",0-6-6,2025-11-27,14:00,4500,6
2DL-5PM,2D Lotto 5PM,"[""09"", ""16""]",09-16,2025-11-27,17:00,4000,14
3DL-5PM,3D Lotto 5PM,"[""0"", ""4"", ""9""]",0-4-9,2025-11-27,17:00,4500,5
2DL-9PM,2D Lotto 9PM,"[""15"", ""13""]",15-13,2025-11-27,21:00,4000,2
3DL-9PM,3D Lotto 9PM,"[""2"", ""4"", ""5""]",2-4-5,2025-11-27,21:00,4500,31
6DL,6D Lotto,"[""0"", ""9"", ""0"", ""7"", ""4"", ""4""]",0-9-0-7-4-4,2025-11-27,21:00,4278961.6,0
LOTTO42,Lotto 6/42,"[""42"", ""26"", ""04"", ""30"", ""21"", ""22""]",42-26-04-30-21-22,2025-11-27,21:00,15608485,0
SL49,Superlotto 6/49,"[""03"", ""16"", ""07"", ""35"", ""42"", ""38""]",03-16-07-35-42-38,2025-11-27,21:00,23948578.8,0
2DL-2PM,2D Lotto 2PM,"[""07"", ""02""]",07-02,2025-11-28,14:00,4000,3
2DL-5PM,2D Lotto 5PM,"[""10"", ""08""]",10-08,2025-11-28,17:00,4000,2
3DL-5PM,3D Lotto 5PM,"[""6"", ""8"", ""4""]",6-8-4,2025-11-28,17:00,4500,1
2DL-9PM,2D Lotto 9PM,"[""18"", ""22""]",18-22,2025-11-28,21:00,4000,4
3DL-9PM,3D Lotto 9PM,"[""6"", ""3"", ""2""]",6-3-2,2025-11-28,21:00,4500,2
4DL,4D Lotto,"[""8"", ""5"", ""8"", ""5""]",8-5-8-5,2025-11-28,21:00,1022592,48
ML45,Megalotto 6/45,"[""01"", ""05"", ""37"", ""31"", ""18"", ""19""]",01-05-37-31-18-19,2025-11-28,21:00,8910000,1
UL58,Ultra Lotto 6/58,"[""33"", ""41"", ""32"", ""48"", ""16"", ""38""]",33-41-32-48-16-38,2025-11-28,21:00,148988345,0
2DL-2PM,2D Lotto 2PM,"[""03"", ""11""]",03-11,2025-11-29,14:00,4000,23
2DL-5PM,2D Lotto 5PM,"[""09"", ""08""]",09-08,2025-11-29,17:00,4000,11
3DL-5PM,3D Lotto 5PM,"[""2"", ""6"", ""2""]",2-6-2,2025-11-29,17:00,4500,0
2DL-9PM,2D Lotto 9PM,"[""20"", ""04""]",20-04,2025-11-29,21:00,4000,1
3DL-9PM,3D Lotto 9PM,"[""5"", ""9"", ""0""]",5-9-0,2025-11-29,21:00,4500,1
6DL,6D Lotto,"[""4"", ""2"", ""1"", ""7"", ""9"", ""4""]",4-2-1-7-9-4,2025-11-29,21:00,4807861.24,0
GL55,Grand Lotto 6/55,"[""17"", ""15"", ""41"", ""27"", ""25"", ""10""]",17-15-41-27-25-10,2025-11-29,21:00,158846527.4,0
LOTTO42,Lotto 6/42,"[""32"", ""14"", ""29"", ""26"", ""38"", ""27""]",32-14-29-26-38-27,2025-11-29,21:00,19230167.6,0
2DL-2PM,2D Lotto 2PM,"[""16"", ""24""]",16-24,2025-11-30,14:00,4000,1
3DL-2PM,3D Lotto 2PM,"[""3"", ""8"", ""6""]",3-8-6,2025-11-30,14:00,4500,15
2DL-5PM,2D Lotto 5PM,"[""03"", ""19""]",03-19,2025-11-30,17:00,4000,1
3DL-5PM,3D Lotto 5PM,"[""3"", ""0"", ""8""]",3-0-8,2025-11-30,17:00,4500,21
2DL-9PM,2D Lotto 9PM,"[""08"", ""07""]",08-07,2025-11-30,21:00,4000,13
3DL-9PM,3D Lotto 9PM,"[""3"", ""5"", ""4""]",3-5-4,2025-11-30,21:00,4500,12
SL49,Superlotto 6/49,"[""06"", ""32"", ""03"", ""21"", ""10"", ""07""]",06-32-03-21-10-07,2025-11-30,21:00,27769526.4,0
UL58,Ultra Lotto 6/58,"[""26"", ""08"", ""20"", ""03"", ""58"", ""28""]",26-08-20-03-58-28,2025-11-30,21:00,155223593.8,1
2DL-2PM,2D Lotto 2PM,"[""12"", ""23""]",12-23,2025-12-01,14:00,4000,4
3DL-2PM,3D Lotto 2PM,"[""6"", ""6"", ""6""]",6-6-6,2025-12-01,14:00,4500,5
2DL-5PM,2D Lotto 5PM,"[""09"", ""21""]",09-21,2025-12-01,17:00,4000,8
3DL-5PM,3D Lotto 5PM,"[""0"", ""6"", ""3""]",0-6-3,2025-12-01,17:00,4500,2
2DL-9PM,2D Lotto 9PM,"[""09"", ""14""]",09-14,2025-12-01,21:00,4000,14
3DL-9PM,3D Lotto 9PM,"[""4"", ""7"", ""1""]",4-7-1,2025-12-01,21:00,4500,12
4DL,4D Lotto,"[""8"", ""3"", ""3"", ""6""]",8-3-3-6,2025-12-01,21:00,972342,7
GL55,Grand Lotto 6/55,"[""38"", ""41"", ""42"", ""02"", ""05"", ""49""]",38-41-42-02-05-49,2025-12-01,21:00,165699861.8,0
ML45,Megalotto 6/45,"[""22"", ""07"", ""01"", ""12"", ""28"", ""37""]",22-07-01-12-28-37,2025-12-01,21:00,8910000,0
2DL-2PM,2D Lotto 2PM,"[""17"", ""03""]",17-03,2025-12-02,14:00,4000,3
3DL-2PM,3D Lotto 2PM,"[""2"", ""4"", ""4""]",2-4-4,2025-12-02,14:00,4500,13
2DL-5PM,2D Lotto 5PM,"[""12"", ""26""]",12-26,2025-12-02,17:00,4000,10
3DL-5PM,3D Lotto 5PM,"[""5"", ""5"", ""1""]",5-5-1,2025-12-02,17:00,4500,0
2DL-9PM,2D Lotto 9PM,"[""29"", ""21""]",29-21,2025-12-02,21:00,4000,73
3DL-9PM,3D Lotto 9PM,"[""7"", ""1"", ""7""]",7-1-7,2025-12-02,21:00,4500,14
6DL,6D Lotto,"[""2"", ""6"", ""7"", ""4"", ""8"", ""9""]",2-6-7-4-8-9,2025-12-02,21:00,5462331,1
LOTTO42,Lotto 6/42,"[""30"", ""37"", ""23"", ""34"", ""33"", ""32""]",30-37-23-34-33-32,2025-12-02,21:00,23049025.2,0
SL49,Superlotto 6/49,"[""09"", ""14"", ""48"", ""17"", ""44"", ""26""]",09-14-48-17-44-26,2025-12-02,21:00,31156886.8,0
UL58,Ultra Lotto 6/58,"[""40"", ""45"", ""54"", ""56"", ""24"", ""57""]",40-45-54-56-24-57,2025-12-02,21:00,49500000,0
2DL-2PM,2D Lotto 2PM,"[""28"", ""22""]",28-22,2025-12-03,14:00,4000,0
3DL-2PM,3D Lotto 2PM,"[""7"", ""0"", ""0""]",7-0-0,2025-12-03,14:00,4500,16
2DL-5PM,2D Lotto 5PM,"[""05"", ""10""]",05-10,2025-12-03,17:00,4000,8
3DL-5PM,3D Lotto 5PM,"[""0"", ""9"", ""6""]",0-9-6,2025-12-03,17:00,4500,2
2DL-9PM,2D Lotto 9PM,"[""20"", ""19""]",20-19,2025-12-03,21:00,4000,4
3DL-9PM,3D Lotto 9PM,"[""6"", ""4"", ""2""]",6-4-2,2025-12-03,21:00,4500,21
4DL,4D Lotto,"[""8"", ""3"", ""4"", ""7""]",8-3-4-7,2025-12-03,21:00,895293,21
GL55,Grand Lotto 6/55,"[""54"", ""50"", ""14"", ""02"", ""25"", ""38""]",54-50-14-02-25-38,2025-12-03,21:00,172931530.2,0
ML45,Megalotto 6/45,"[""01"", ""45"", ""31"", ""05"", ""29"", ""19""]",01-45-31-05-29-19,2025-12-03,21:00,8910000,0
2DL-2PM,2D Lotto 2PM,"[""11"", ""18""]",11-18,2025-12-04,14:00,4000,13
3DL-2PM,3D Lotto 2PM,"[""4"", ""8"", ""2""]",4-8-2,2025-12-04,14:00,4500,17
2DL-5PM,2D Lotto 5PM,"[""02"", ""22""]",02-22,2025-12-04,17:00,4000,1
3DL-5PM,3D Lotto 5PM,"[""6"", ""6"", ""2""]",6-6-2,2025-12-04,17:00,4500,0
2DL-9PM,2D Lotto 9PM,"[""31"", ""11""]",31-11,2025-12-04,21:00,4000,7
3DL-9PM,3D Lotto 9PM,"[""3"", ""9"", ""0""]",3-9-0,2025-12-04,21:00,4500,3
6DL,6D Lotto,"[""5"", ""3"", ""1"", ""6"", ""2"", ""8""]",5-3-1-6-2-8,2025-12-04,21:00,150000,0
LOTTO42,Lotto 6/42,"[""31"", ""41"", ""03"", ""11"", ""12"", ""29""]",31-41-03-11-12-29,2025-12-04,21:00,27190231.2,0
SL49,Superlotto 6/49,"[""35"", ""24"", ""16"", ""26"", ""44"", ""28""]",35-24-16-26-44-28,2025-12-04,21:00,35274192,0
2DL-2PM,2D Lotto 2PM,"[""17"", ""16""]",17-16,2025-12-05,14:00,4000,2
2DL-5PM,2D Lotto 5PM,"[""11"", ""28""]",11-28,2025-12-05,17:00,4000,1
3DL-5PM,3D Lotto 5PM,"[""5"", ""0"", ""0""]",5-0-0,2025-12-05,17:00,4500,6
2DL-9PM,2D Lotto 9PM,"[""19"", ""10""]",19-10,2025-12-05,21:00,4000,17
3DL-9PM,3D Lotto 9PM,"[""9"", ""9"", ""6""]",9-9-6,2025-12-05,21:00,4500,14
4DL,4D Lotto,"[""5"", ""1"", ""7"", ""5""]",5-1-7-5,2025-12-05,21:00,984522,42
ML45,Megalotto 6/45,"[""13"", ""03"", ""45"", ""42"", ""21"", ""04""]",13-03-45-42-21-04,2025-12-05,21:00,10293441.6,0
UL58,Ultra Lotto 6/58,"[""13"", ""55"", ""28"", ""48"", ""36"", ""20""]",13-55-28-48-36-20,2025-12-05,21:00,49500000,0
2DL-2PM,2D Lotto 2PM,"[""12"", ""03""]",12-03,2025-12-06,14:00,4000,5
3DL-2PM,3D Lotto 2PM,"[""7"", ""3"", ""0""]",7-3-0,2025-12-06,14:00,4500,9
2DL-5PM,2D Lotto 5PM,"[""08"", ""22""]",08-22,2025-12-06,17:00,4000,11
3DL-5PM,3D Lotto 5PM,"[""6"", ""1"", ""7""]",6-1-7,2025-12-06,17:00,4500,16
2DL-9PM,2D Lotto 9PM,"[""09"", ""28""]",09-28,2025-12-06,21:00,4000,9
3DL-9PM,3D Lotto 9PM,"[""8"", ""2"", ""7""]",8-2-7,2025-12-06,21:00,4500,17
6DL,6D Lotto,"[""2"", ""6"", ""7"", ""6"", ""2"", ""0""]",2-6-7-6-2-0,2025-12-06,21:00,596528.56,0
GL55,Grand Lotto 6/55,"[""52"", ""08"", ""35"", ""37"", ""42"", ""32""]",52-08-35-37-42-32,2025-12-06,21:00,180675244.2,0
LOTTO42,Lotto 6/42,"[""37"", ""33"", ""36"", ""38"", ""14"", ""39""]",37-33-36-38-14-39,2025-12-06,21:00,31464216,0
2DL-2PM,2D Lotto 2PM,"[""19"", ""28""]",19-28,2025-12-07,14:00,4000,0
3DL-2PM,3D Lotto 2PM,"[""2"", ""5"", ""5""]",2-5-5,2025-12-07,14:00,4500,6
2DL-5PM,2D Lotto 5PM,"[""20"", ""22""]",20-22,2025-12-07,17:00,4000,0
2DL-9PM,2D Lotto 9PM,"[""25"", ""16""]",25-16,2025-12-07,21:00,4000,1
3DL-9PM,3D Lotto 9PM,"[""1"", ""2"", ""6""]",1-2-6,2025-12-07,21:00,4500,30
SL49,Superlotto 6/49,"[""48"", ""43"", ""36"", ""10"", ""26"", ""44""]",48-43-36-10-26-44,2025-12-07,21:00,39517070.4,0
UL58,Ultra Lotto 6/58,"[""39"", ""34"", ""49"", ""56"", ""14"", ""33""]",39-34-49-56-14-33,2025-12-07,21:00,49500000,0
2DL-2PM,2D Lotto 2PM,"[""04"", ""09""]",04-09,2025-12-08,14:00,4000,27
3DL-2PM,3D Lotto 2PM,"[""6"", ""3"", ""9""]",6-3-9,2025-12-08,14:00,4500,12
2DL-5PM,2D Lotto 5PM,"[""29"", ""15""]",29-15,2025-12-08,17:00,4000,2
3DL-5PM,3D Lotto 5PM,"[""0"", ""2"", ""0""]",0-2-0,2025-12-08,17:00,4500,5
2DL-9PM,2D Lotto 9PM,"[""19"", ""16""]",19-16,2025-12-08,21:00,4000,7
3DL-9PM,3D Lotto 9PM,"[""8"", ""4"", ""4""]",8-4-4,2025-12-08,21:00,4500,6
4DL,4D Lotto,"[""6"", ""0"", ""5"", ""7""]",6-0-5-7,2025-12-08,21:00,937335,35
GL55,Grand Lotto 6/55,"[""36"", ""22"", ""49"", ""51"", ""45"", ""05""]",36-22-49-51-45-05,2025-12-08,21:00,188122816.2,0
ML45,Megalotto 6/45,"[""04"", ""10"", ""30"", ""19"", ""08"", ""38""]",04-10-30-19-08-38,2025-12-08,21:00,13840806.8,0
2DL-2PM,2D Lotto 2PM,"[""12"", ""26""]",12-26,2025-12-09,14:00,4000,10
3DL-2PM,3D Lotto 2PM,"[""5"", ""0"", ""5""]",5-0-5,2025-12-09,14:00,4500,7
2DL-5PM,2D Lotto 5PM,"[""15"", ""01""]",15-01,2025-12-09,17:00,4000,5
3DL-5PM,3D Lotto 5PM,"[""1"", ""7"", ""0""]",1-7-0,2025-12-09,17:00,4500,3
2DL-9PM,2D Lotto 9PM,"[""25"", ""16""]",25-16,2025-12-09,21:00,4000,2
3DL-9PM,3D Lotto 9PM,"[""0"", ""1"", ""9""]",0-1-9,2025-12-09,21:00,4500,23
6DL,6D Lotto,"[""1"", ""2"", ""4"", ""9"", ""2"", ""9""]",1-2-4-9-2-9,2025-12-09,21:00,646528.56,0
LOTTO42,Lotto 6/42,"[""36"", ""42"", ""07"", ""16"", ""01"", ""13""]",36-42-07-16-01-13,2025-12-09,21:00,35516146,0
SL49,Superlotto 6/49,"[""09"", ""34"", ""32"", ""01"", ""42"", ""30""]",09-34-32-01-42-30,2025-12-09,21:00,42781444.2,0
UL58,Ultra Lotto 6/58,"[""22"", ""47"", ""26"", ""29"", ""36"", ""08""]",22-47-26-29-36-08,2025-12-09,21:00,49500000,0
2DL-2PM,2D Lotto 2PM,"[""18"", ""07""]",18-07,2025-12-10,14:00,4000,2
3DL-2PM,3D Lotto 2PM,"[""4"", ""4"", ""6""]",4-4-6,2025-12-10,14:00,4500,3
2DL-5PM,2D Lotto 5PM,"[""18"", ""25""]",18-25,2025-12-10,17:00,4000,11
3DL-5PM,3D Lotto 5PM,"[""0"", ""5"", ""5""]",0-5-5,2025-12-10,17:00,4500,3
2DL-9PM,2D Lotto 9PM,"[""25"", ""23""]",25-23,2025-12-10,21:00,4000,3
3DL-9PM,3D Lotto 9PM,"[""4"", ""8"", ""9""]",4-8-9,2025-12-10,21:00,4500,4
4DL,4D Lotto,"[""8"", ""2"", ""8"", ""7""]",8-2-8-7,2025-12-10,21:00,1018877,23
GL55,Grand Lotto 6/55,"[""53"", ""30"", ""06"", ""17"", ""11"", ""45""]",53-30-06-17-11-45,2025-12-10,21:00,195803522.2,0
ML45,Megalotto 6/45,"[""30"", ""42"", ""15"", ""25"", ""40"", ""28""]",30-42-15-25-40-28,2025-12-10,21:00,17420554.6,0
2DL-2PM,2D Lotto 2PM,"[""10"", ""10""]",10-10,2025-12-11,14:00,4000,15
3DL-2PM,3D Lotto 2PM,"[""6"", ""9"", ""2""]",6-9-2,2025-12-11,14:00,4500,2
2DL-5PM,2D Lotto 5PM,"[""07"", ""06""]",07-06,2025-12-11,17:00,4000,6
3DL-5PM,3D Lotto 5PM,"[""1"", ""9"", ""1""]",1-9-1,2025-12-11,17:00,4500,8
2DL-9PM,2D Lotto 9PM,"[""15"", ""04""]",15-04,2025-12-11,21:00,4000,1
3DL-9PM,3D Lotto 9PM,"[""9"", ""1"", ""9""]",9-1-9,2025-12-11,21:00,4500,13
6DL,6D Lotto,"[""5"", ""0"", ""9"", ""5"", ""6"", ""3""]",5-0-9-5-6-3,2025-12-11,21:00,1262347,0
LOTTO42,Lotto 6/42,"[""36"", ""26"", ""31"", ""03"", ""28"", ""21""]",36-26-31-03-28-21,2025-12-11,21:00,39894086.8,0
SL49,Superlotto 6/49,"[""34"", ""45"", ""48"", ""31"", ""30"", ""44""]",34-45-48-31-30-44,2025-12-11,21:00,46850654,0
2DL-2PM,2D Lotto 2PM,"[""08"", ""23""]",08-23,2025-12-12,14:00,4000,5
3DL-2PM,3D Lotto 2PM,"[""0"", ""7"", ""2""]",0-7-2,2025-12-12,14:00,4500,2
2DL-5PM,2D Lotto 5PM,"[""14"", ""16""]",14-16,2025-12-12,17:00,4000,11
3DL-5PM,3D Lotto 5PM,"[""0"", ""6"", ""0""]",0-6-0,2025-12-12,17:00,4500,0
2DL-9PM,2D Lotto 9PM,"[""21"", ""08""]",21-08,2025-12-12,21:00,4000,5
3DL-9PM,3D Lotto 9PM,"[""3"", ""0"", ""6""]",3-0-6,2025-12-12,21:00,4500,13
4DL,4D Lotto,"[""2"", ""4"", ""2"", ""1""]",2-4-2-1,2025-12-12,21:00,587804,49
ML45,Megalotto 6/45,"[""27"", ""10"", ""24"", ""06"", ""25"", ""20""]",27-10-24-06-25-20,2025-12-12,21:00,21235078.2,0
UL58,Ultra Lotto 6/58,"[""27"", ""45"", ""48"", ""40"", ""15"", ""58""]",27-45-48-40-15-58,2025-12-12,21:00,49500000,0
2DL-2PM,2D Lotto 2PM,"[""21"", ""08""]",21-08,2025-12-13,14:00,4000,3
3DL-2PM,3D Lotto 2PM,"[""9"", ""3"", ""9""]",9-3-9,2025-12-13,14:00,4500,2
2DL-5PM,2D Lotto 5PM,"[""27"", ""05""]",27-05,2025-12-13,17:00,4000,2
3DL-5PM,3D Lotto 5PM,"[""1"", ""7"", ""7""]",1-7-7,2025-12-13,17:00,4500,2
2DL-9PM,2D Lotto 9PM,"[""19"", ""03""]",19-03,2025-12-13,21:00,4000,7
3DL-9PM,3D Lotto 9PM,"[""9"", ""8"", ""3""]",9-8-3,2025-12-13,21:00,4500,3
6DL,6D Lotto,"[""0"", ""0"", ""0"", ""3"", ""2"", ""9""]",0-0-0-3-2-9,2025-12-13,21:00,1616768.8,0
GL55,Grand Lotto 6/55,"[""46"", ""52"", ""09"", ""37"", ""40"", ""17""]",46-52-09-37-40-17,2025-12-13,21:00,204170773.4,0
LOTTO42,Lotto 6/42,"[""18"", ""03"", ""10"", ""33"", ""17"", ""22""]",18-03-10-33-17-22,2025-12-13,21:00,44542378.2,0
2DL-2PM,2D Lotto 2PM,"[""28"", ""07""]",28-07,2025-12-14,14:00,4000,5
3DL-2PM,3D Lotto 2PM,"[""0"", ""6"", ""3""]",0-6-3,2025-12-14,14:00,4500,4
2DL-5PM,2D Lotto 5PM,"[""26"", ""22""]",26-22,2025-12-14,17:00,4000,5
3DL-5PM,3D Lotto 5PM,"[""7"", ""8"", ""7""]",7-8-7,2025-12-14,17:00,4500,9
2DL-9PM,2D Lotto 9PM,"[""05"", ""29""]",05-29,2025-12-14,21:00,4000,10
3DL-9PM,3D Lotto 9PM,"[""5"", ""0"", ""4""]",5-0-4,2025-12-14,21:00,4500,6
SL49,Superlotto 6/49,"[""42"", ""43"", ""37"", ""09"", ""45"", ""36""]",42-43-37-09-45-36,2025-12-14,21:00,51519188.2,0
UL58,Ultra Lotto 6/58,"[""49"", ""43"", ""14"", ""06"", ""18"", ""19""]",49-43-14-06-18-19,2025-12-14,21:00,49500000,0
2DL-2PM,2D Lotto 2PM,"[""09"", ""18""]",09-18,2025-12-15,14:00,4000,8
2DL-5PM,2D Lotto 5PM,"[""02"", ""16""]",02-16,2025-12-15,17:00,4000,8
3DL-5PM,3D Lotto 5PM,"[""3"", ""3"", ""7""]",3-3-7,2025-12-15,17:00,4500,0
2DL-9PM,2D Lotto 9PM,"[""17"", ""18""]",17-18,2025-12-15,21:00,4000,5
3DL-9PM,3D Lotto 9PM,"[""7"", ""5"", ""6""]",7-5-6,2025-12-15,21:00,4500,4
4DL,4D Lotto,"[""6"", ""8"", ""0"", ""7""]",6-8-0-7,2025-12-15,21:00,987636,13
GL55,Grand Lotto 6/55,"[""25"", ""54"", ""15"", ""38"", ""45"", ""28""]",25-54-15-38-45-28,2025-12-15,21:00,212219015.8,0
ML45,Megalotto 6/45,"[""10"", ""21"", ""23"", ""30"", ""01"", ""15""]",10-21-23-30-01-15,2025-12-15,21:00,25111918.2,1
2DL-2PM,2D Lotto 2PM,"[""29"", ""04""]",29-04,2025-12-16,14:00,4000,0
2DL-5PM,2D Lotto 5PM,"[""03"", ""05""]",03-05,2025-12-16,17:00,4000,4
3DL-5PM,3D Lotto 5PM,"[""4"", ""7"", ""5""]",4-7-5,2025-12-16,17:00,4500,1
2DL-9PM,2D Lotto 9PM,"[""30"", ""29""]",30-29,2025-12-16,21:00,4000,2
3DL-9PM,3D Lotto 9PM,"[""6"", ""0"", ""4""]",6-0-4,2025-12-16,21:00,4500,6
6DL,6D Lotto,"[""9"", ""4"", ""6"", ""6"", ""7"", ""4""]",9-4-6-6-7-4,2025-12-16,21:00,2459373.28,0
LOTTO42,Lotto 6/42,"[""15"", ""19"", ""24"", ""41"", ""42"", ""05""]",15-19-24-41-42-05,2025-12-16,21:00,49195100.4,1
SL49,Superlotto 6/49,"[""10"", ""30"", ""13"", ""19"", ""32"", ""26""]",10-30-13-19-32-26,2025-12-16,21:00,55343237.6,0
UL58,Ultra Lotto 6/58,"[""35"", ""37"", ""14"", ""01"", ""43"", ""12""]",35-37-14-01-43-12,2025-12-16,21:00,49500000,0
2DL-2PM,2D Lotto 2PM,"[""19"", ""17""]",19-17,2025-12-17,14:00,4000,0
3DL-2PM,3D Lotto 2PM,"[""9"", ""4"", ""4""]",9-4-4,2025-12-17,14:00,4500,6
2DL-5PM,2D Lotto 5PM,"[""28"", ""30""]",28-30,2025-12-17,17:00,4000,2
3DL-5PM,3D Lotto 5PM,"[""2"", ""9"", ""6""]",2-9-6,2025-12-17,17:00,4500,2
2DL-2PM,2D Lotto 2PM,"[""19"", ""01""]",19-01,2025-12-18,14:00,4000,10
3DL-2PM,3D Lotto 2PM,"[""9"", ""0"", ""6""]",9-0-6,2025-12-18,14:00,4500,0
2DL-5PM,2D Lotto 5PM,"[""30"", ""18""]",30-18,2025-12-18,17:00,4000,5
3DL-5PM,3D Lotto 5PM,"[""1"", ""8"", ""6""]",1-8-6,2025-12-18,17:00,4500,2
2DL-9PM,2D Lotto 9PM,"[""31"", ""15""]",31-15,2025-12-18,21:00,4000,6
3DL-9PM,3D Lotto 9PM,"[""3"", ""2"", ""8""]",3-2-8,2025-12-18,21:00,4500,5
6DL,6D Lotto,"[""3"", ""0"", ""9"", ""7"", ""3"", ""9""]",3-0-9-7-3-9,2025-12-18,21:00,3342522.6,0
LOTTO42,Lotto 6/42,"[""03"", ""39"", ""17"", ""06"", ""10"", ""26""]",03-39-17-06-10-26,2025-12-18,21:00,5940000,0
SL49,Superlotto 6/49,"[""17"", ""32"", ""07"", ""25"", ""45"", ""21""]",17-32-07-25-45-21,2025-12-18,21:00,60281173.2,0
2DL-5PM,2D Lotto 5PM,"[""08"", ""06""]",08-06,2025-12-19,17:00,4000,1
2DL-9PM,2D Lotto 9PM,"[""29"", ""21""]",29-21,2025-12-19,21:00,4000,1
3DL-9PM,3D Lotto 9PM,"[""0"", ""3"", ""9""]",0-3-9,2025-12-19,21:00,4500,4
4DL,4D Lotto,"[""5"", ""1"", ""7"", ""4""]",5-1-7-4,2025-12-19,21:00,1056770,55
ML45,Megalotto 6/45,"[""07"", ""43"", ""35"", ""44"", ""33"", ""41""]",07-43-35-44-33-41,2025-12-19,21:00,8910000,0
UL58,Ultra Lotto 6/58,"[""35"", ""23"", ""50"", ""07"", ""31"", ""02""]",35-23-50-07-31-02,2025-12-19,21:00,49500000,0
2DL-2PM,2D Lotto 2PM,"[""28"", ""23""]",28-23,2025-12-20,14:00,4000,7
3DL-2PM,3D Lotto 2PM,"[""3"", ""0"", ""5""]",3-0-5,2025-12-20,14:00,4500,10
2DL-5PM,2D Lotto 5PM,"[""25"", ""03""]",25-03,2025-12-20,17:00,4000,2
3DL-5PM,3D Lotto 5PM,"[""3"", ""2"", ""9""]",3-2-9,2025-12-20,17:00,4500,0
2DL-9PM,2D Lotto 9PM,"[""21"", ""31""]",21-31,2025-12-20,21:00,4000,7
3DL-9PM,3D Lotto 9PM,"[""6"", ""5"", ""5""]",6-5-5,2025-12-20,21:00,4500,4
6DL,6D Lotto,"[""0"", ""5"", ""1"", ""4"", ""9"", ""6""]",0-5-1-4-9-6,2025-12-20,21:00,3392522.6,0
GL55,Grand Lotto 6/55,"[""05"", ""45"", ""03"", ""35"", ""49"", ""42""]",05-45-03-35-49-42,2025-12-20,21:00,230550309,0
LOTTO42,Lotto 6/42,"[""03"", ""22"", ""21"", ""33"", ""04"", ""17""]",03-22-21-33-04-17,2025-12-20,21:00,6504897.6,0
2DL-5PM,2D Lotto 5PM,"[""23"", ""14""]",23-14,2025-12-21,17:00,4000,5
3DL-5PM,3D Lotto 5PM,"[""6"", ""3"", ""0""]",6-3-0,2025-12-21,17:00,4500,4
2DL-9PM,2D Lotto 9PM,"[""11"", ""24""]",11-24,2025-12-21,21:00,4000,9
3DL-9PM,3D Lotto 9PM,"[""0"", ""4"", ""1""]",0-4-1,2025-12-21,21:00,4500,5
SL49,Superlotto 6/49,"[""24"", ""49"", ""06"", ""21"", ""04"", ""33""]",24-49-06-21-04-33,2025-12-21,21:00,65546126,0
UL58,Ultra Lotto 6/58,"[""08"", ""42"", ""51"", ""14"", ""17"", ""49""]",08-42-51-14-17-49,2025-12-21,21:00,49500000,0
2DL-2PM,2D Lotto 2PM,"[""17"", ""06""]",17-06,2025-12-22,14:00,4000,1
2DL-5PM,2D Lotto 5PM,"[""24"", ""27""]",24-27,2025-12-22,17:00,4000,5
3DL-5PM,3D Lotto 5PM,"[""9"", ""6"", ""2""]",9-6-2,2025-12-22,17:00,4500,2
2DL-9PM,2D Lotto 9PM,"[""22"", ""30""]",22-30,2025-12-22,21:00,4000,15
3DL-9PM,3D Lotto 9PM,"[""9"", ""4"", ""4""]",9-4-4,2025-12-22,21:00,4500,8
4DL,4D Lotto,"[""3"", ""2"", ""0"", ""1""]",3-2-0-1,2025-12-22,21:00,1014400,20
GL55,Grand Lotto 6/55,"[""53"", ""38"", ""23"", ""01"", ""10"", ""18""]",53-38-23-01-10-18,2025-12-22,21:00,240001724.6,0
ML45,Megalotto 6/45,"[""04"", ""41"", ""15"", ""16"", ""14"", ""36""]",04-41-15-16-14-36,2025-12-22,21:00,10504328.8,0
2DL-2PM,2D Lotto 2PM,"[""02"", ""15""]",02-15,2025-12-23,14:00,4000,11
2DL-5PM,2D Lotto 5PM,"[""27"", ""27""]",27-27,2025-12-23,17:00,4000,7
3DL-5PM,3D Lotto 5PM,"[""6"", ""2"", ""9""]",6-2-9,2025-12-23,17:00,4500,3
2DL-9PM,2D Lotto 9PM,"[""31"", ""28""]",31-28,2025-12-23,21:00,4000,7
3DL-9PM,3D Lotto 9PM,"[""3"", ""1"", ""7""]",3-1-7,2025-12-23,21:00,4500,15
6DL,6D Lotto,"[""1"", ""3"", ""3"", ""2"", ""5"", ""3""]",1-3-3-2-5-3,2025-12-23,21:00,3692000.6,0
LOTTO42,Lotto 6/42,"[""20"", ""02"", ""29"", ""31"", ""19"", ""12""]",20-02-29-31-19-12,2025-12-23,21:00,9716215.4,0
SL49,Superlotto 6/49,"[""12"", ""10"", ""41"", ""16"", ""04"", ""27""]",12-10-41-16-04-27,2025-12-23,21:00,70588118.9,0
UL58,Ultra Lotto 6/58,"[""06"", ""43"", ""54"", ""12"", ""11"", ""13""]",06-43-54-12-11-13,2025-12-23,21:00,49500000,0
2DL-2PM,2D Lotto 2PM,"[""07"", ""05""]",07-05,2025-12-24,14:00,4000,11
3DL-2PM,3D Lotto 2PM,"[""6"", ""2"", ""5""]",6-2-5,2025-12-24,14:00,4500,13
2DL-5PM,2D Lotto 5PM,"[""17"", ""10""]",17-10,2025-12-24,17:00,4000,0
2DL-9PM,2D Lotto 9PM,"[""10"", ""05""]",10-05,2025-12-24,21:00,4000,14
3DL-9PM,3D Lotto 9PM,"[""9"", ""4"", ""6""]",9-4-6,2025-12-24,21:00,4500,2
4DL,4D Lotto,"[""9"", ""1"", ""5"", ""6""]",9-1-5-6,2025-12-24,21:00,841698,9
GL55,Grand Lotto 6/55,"[""18"", ""13"", ""39"", ""51"", ""19"", ""21""]",18-13-39-51-19-21,2025-12-24,21:00,248525475,0
ML45,Megalotto 6/45,"[""27"", ""24"", ""12"", ""18"", ""42"", ""03""]",27-24-12-18-42-03,2025-12-24,21:00,13829620.6,1
2DL-5PM,2D Lotto 5PM,"[""25"", ""26""]",25-26,2025-12-25,17:00,4000,2
3DL-5PM,3D Lotto 5PM,"[""8"", ""6"", ""0""]",8-6-0,2025-12-25,17:00,4500,0
2DL-9PM,2D Lotto 9PM,"[""20"", ""13""]",20-13,2025-12-25,21:00,4000,2
3DL-9PM,3D Lotto 9PM,"[""8"", ""6"", ""4""]",8-6-4,2025-12-25,21:00,4500,3
6DL,6D Lotto,"[""1"", ""0"", ""2"", ""0"", ""3"", ""0""]",1-0-2-0-3-0,2025-12-25,21:00,3741984,18
LOTTO42,Lotto 6/42,"[""18"", ""28"", ""38"", ""42"", ""12"", ""11""]",18-28-38-42-12-11,2025-12-25,21:00,11271463.8,0
SL49,Superlotto 6/49,"[""44"", ""03"", ""29"", ""45"", ""34"", ""16""]",44-03-29-45-34-16,2025-12-25,21:00,73000006.1,0
2DL-2PM,2D Lotto 2PM,"[""02"", ""07""]",02-07,2025-12-26,14:00,4000,9
3DL-2PM,3D Lotto 2PM,"[""1"", ""2"", ""9""]",1-2-9,2025-12-26,14:00,4500,7
2DL-5PM,2D Lotto 5PM,"[""28"", ""02""]",28-02,2025-12-26,17:00,4000,2
2DL-9PM,2D Lotto 9PM,"[""11"", ""07""]",11-07,2025-12-26,21:00,4000,12
3DL-9PM,3D Lotto 9PM,"[""9"", ""3"", ""2""]",9-3-2,2025-12-26,21:00,4500,8
4DL,4D Lotto,"[""9"", ""6"", ""7"", ""7""]",9-6-7-7,2025-12-26,21:00,943880,8
ML45,Megalotto 6/45,"[""36"", ""20"", ""18"", ""32"", ""06"", ""24""]",36-20-18-32-06-24,2025-12-26,21:00,8910000,0
UL58,Ultra Lotto 6/58,"[""17"", ""04"", ""50"", ""19"", ""46"", ""28""]",17-04-50-19-46-28,2025-12-26,21:00,49500000,0
2DL-2PM,2D Lotto 2PM,"[""30"", ""20""]",30-20,2025-12-27,14:00,4000,2
3DL-2PM,3D Lotto 2PM,"[""2"", ""8"", ""3""]",2-8-3,2025-12-27,14:00,4500,13
2DL-5PM,2D Lotto 5PM,"[""31"", ""06""]",31-06,2025-12-27,17:00,4000,1
3DL-5PM,3D Lotto 5PM,"[""1"", ""6"", ""2""]",1-6-2,2025-12-27,17:00,4500,15
2DL-9PM,2D Lotto 9PM,"[""15"", ""07""]",15-07,2025-12-27,21:00,4000,3
3DL-9PM,3D Lotto 9PM,"[""9"", ""1"", ""0""]",9-1-0,2025-12-27,21:00,4500,11
6DL,6D Lotto,"[""0"", ""8"", ""0"", ""6"", ""3"", ""3""]",0-8-0-6-3-3,2025-12-27,21:00,339908.76,0
GL55,Grand Lotto 6/55,"[""41"", ""16"", ""45"", ""20"", ""52"", ""01""]",41-16-45-20-52-01,2025-12-27,21:00,258798014.2,0
LOTTO42,Lotto 6/42,"[""27"", ""20"", ""04"", ""35"", ""19"", ""42""]",27-20-04-35-19-42,2025-12-27,21:00,15202187.8,0
2DL-5PM,2D Lotto 5PM,"[""27"", ""09""]",27-09,2025-12-28,17:00,4000,2
3DL-5PM,3D Lotto 5PM,"[""9"", ""7"", ""9""]",9-7-9,2025-12-28,17:00,4500,2
2DL-9PM,2D Lotto 9PM,"[""29"", ""17""]",29-17,2025-12-28,21:00,4000,0
3DL-9PM,3D Lotto 9PM,"[""4"", ""4"", ""4""]",4-4-4,2025-12-28,21:00,4500,20
SL49,Superlotto 6/49,"[""14"", ""21"", ""39"", ""34"", ""01"", ""18""]",14-21-39-34-01-18,2025-12-28,21:00,78914953.1,0
UL58,Ultra Lotto 6/58,"[""28"", ""44"", ""31"", ""12"", ""03"", ""23""]",28-44-31-12-03-23,2025-12-28,21:00,49500000,0
2DL-2PM,2D Lotto 2PM,"[""25"", ""28""]",25-28,2025-12-29,14:00,4000,6
2DL-5PM,2D Lotto 5PM,"[""25"", ""26""]",25-26,2025-12-29,17:00,4000,7
2DL-9PM,2D Lotto 9PM,"[""01"", ""09""]",01-09,2025-12-29,21:00,4000,15
3DL-9PM,3D Lotto 9PM,"[""5"", ""3"", ""2""]",5-3-2,2025-12-29,21:00,4500,8
4DL,4D Lotto,"[""5"", ""2"", ""1"", ""2""]",5-2-1-2,2025-12-29,21:00,480000,48
GL55,Grand Lotto 6/55,"[""44"", ""25"", ""14"", ""52"", ""45"", ""38""]",44-25-14-52-45-38,2025-12-29,21:00,269216884.2,0
ML45,Megalotto 6/45,"[""05"", ""35"", ""19"", ""38"", ""34"", ""08""]",05-35-19-38-34-08,2025-12-29,21:00,8910000,0
2DL-2PM,2D Lotto 2PM,"[""11"", ""19""]",11-19,2025-12-30,14:00,4000,17
3DL-2PM,3D Lotto 2PM,"[""7"", ""7"", ""6""]",7-7-6,2025-12-30,14:00,4500,6
2DL-5PM,2D Lotto 5PM,"[""29"", ""18""]",29-18,2025-12-30,17:00,4000,3
2DL-9PM,2D Lotto 9PM,"[""13"", ""18""]",13-18,2025-12-30,21:00,4000,12
3DL-9PM,3D Lotto 9PM,"[""3"", ""1"", ""5""]",3-1-5,2025-12-30,21:00,4500,9
6DL,6D Lotto,"[""1"", ""7"", ""5"", ""8"", ""0"", ""4""]",1-7-5-8-0-4,2025-12-30,21:00,878085.68,0
LOTTO42,Lotto 6/42,"[""06"", ""32"", ""29"", ""24"", ""37"", ""04""]",06-32-29-24-37-04,2025-12-30,21:00,19004723.6,1
SL49,Superlotto 6/49,"[""08"", ""05"", ""36"", ""24"", ""29"", ""39""]",08-05-36-24-29-39,2025-12-30,21:00,83958495.3,0
UL58,Ultra Lotto 6/58,"[""20"", ""51"", ""13"", ""56"", ""37"", ""49""]",20-51-13-56-37-49,2025-12-30,21:00,202600000,0
2DL-5PM,2D Lotto 5PM,"[""20"", ""01""]",20-01,2025-12-31,17:00,4000,1
2DL-9PM,2D Lotto 9PM,"[""14"", ""27""]",14-27,2025-12-31,21:00,4000,3
3DL-9PM,3D Lotto 9PM,"[""9"", ""5"", ""4""]",9-5-4,2025-12-31,21:00,4500,0
4DL,4D Lotto,"[""1"", ""3"", ""2"", ""4""]",1-3-2-4,2025-12-31,21:00,810000,81
GL55,Grand Lotto 6/55,"[""50"", ""01"", ""41"", ""40"", ""32"", ""35""]",50-01-41-40-32-35,2025-12-31,21:00,278486984.6,0
ML45,Megalotto 6/45,"[""11"", ""20"", ""17"", ""22"", ""08"", ""26""]",11-20-17-22-08-26,2025-12-31,21:00,11021530,0
2DL-9PM,2D Lotto 9PM,"[""07"", ""21""]",07-21,2026-01-01,21:00,4000,3
3DL-9PM,3D Lotto 9PM,"[""5"", ""0"", ""7""]",5-0-7,2026-01-01,21:00,4500,1
6DL,6D Lotto,"[""6"", ""1"", ""6"", ""8"", ""3"", ""0""]",6-1-6-8-3-0,2026-01-01,21:00,1034226.48,0
LOTTO42,Lotto 6/42,"[""34"", ""35"", ""38"", ""01"", ""18"", ""41""]",34-35-38-01-18-41,2026-01-01,21:00,5940000,1
SL49,Superlotto 6/49,"[""23"", ""30"", ""19"", ""18"", ""41"", ""21""]",23-30-19-18-41-21,2026-01-01,21:00,86393934.3,0
2DL-9PM,2D Lotto 9PM,"[""09"", ""22""]",09-22,2026-01-02,21:00,4000,3
3DL-9PM,3D Lotto 9PM,"[""4"", ""9"", ""1""]",4-9-1,2026-01-02,21:00,4500,14
4DL,4D Lotto,"[""7"", ""0"", ""5"", ""0""]",7-0-5-0,2026-01-02,21:00,669916,13
ML45,Megalotto 6/45,"[""44"", ""21"", ""19"", ""10"", ""18"", ""11""]",44-21-19-10-18-11,2026-01-02,21:00,14435567,1
UL58,Ultra Lotto 6/58,"[""44"", ""56"", ""17"", ""24"", ""30"", ""53""]",44-56-17-24-30-53,2026-01-02,21:00,202600000,0
2DL-5PM,2D Lotto 5PM,"[""18"", ""09""]",18-09,2026-01-03,17:00,4000,7
2DL-9PM,2D Lotto 9PM,"[""17"", ""31""]",17-31,2026-01-03,21:00,4000,2
3DL-9PM,3D Lotto 9PM,"[""2"", ""0"", ""4""]",2-0-4,2026-01-03,21:00,4500,9
6DL,6D Lotto,"[""8"", ""2"", ""9"", ""4"", ""8"", ""3""]",8-2-9-4-8-3,2026-01-03,21:00,1894485.12,0
GL55,Grand Lotto 6/55,"[""13"", ""42"", ""06"", ""45"", ""24"", ""33""]",13-42-06-45-24-33,2026-01-03,21:00,288616075,1
LOTTO42,Lotto 6/42,"[""41"", ""18"", ""32"", ""23"", ""10"", ""39""]",41-18-32-23-10-39,2026-01-03,21:00,5940000,0
2DL-9PM,2D Lotto 9PM,"[""07"", ""23""]",07-23,2026-01-04,21:00,4000,3
3DL-9PM,3D Lotto 9PM,"[""0"", ""4"", ""9""]",0-4-9,2026-01-04,21:00,4500,10
SL49,Superlotto 6/49,"[""35"", ""19"", ""13"", ""39"", ""23"", ""24""]",35-19-13-39-23-24,2026-01-04,21:00,91996756.7,0
UL58,Ultra Lotto 6/58,"[""19"", ""50"", ""20"", ""51"", ""37"", ""52""]",19-50-20-51-37-52,2026-01-04,21:00,202600000,0
2DL-2PM,2D Lotto 2PM,"[""15"", ""04""]",15-04,2026-01-05,14:00,4000,0
3DL-2PM,3D Lotto 2PM,"[""6"", ""5"", ""8""]",6-5-8,2026-01-05,14:00,4500,13
2DL-5PM,2D Lotto 5PM,"[""20"", ""24""]",20-24,2026-01-05,17:00,4000,3
2DL-9PM,2D Lotto 9PM,"[""31"", ""20""]",31-20,2026-01-05,21:00,4000,3
3DL-9PM,3D Lotto 9PM,"[""2"", ""9"", ""7""]",2-9-7,2026-01-05,21:00,4500,17
4DL,4D Lotto,"[""0"", ""4"", ""9"", ""7""]",0-4-9-7,2026-01-05,21:00,1170970,19
GL55,Grand Lotto 6/55,"[""20"", ""15"", ""33"", ""50"", ""03"", ""45""]",20-15-33-50-03-45,2026-01-05,21:00,29700000,0
ML45,Megalotto 6/45,"[""09"", ""02"", ""03"", ""27"", ""21"", ""45""]",09-02-03-27-21-45,2026-01-05,21:00,8910000,0
2DL-2PM,2D Lotto 2PM,"[""13"", ""17""]",13-17,2026-01-06,14:00,4000,5
3DL-2PM,3D Lotto 2PM,"[""3"", ""8"", ""8""]",3-8-8,2026-01-06,14:00,4500,1
2DL-5PM,2D Lotto 5PM,"[""21"", ""07""]",21-07,2026-01-06,17:00,4000,0
3DL-5PM,3D Lotto 5PM,"[""3"", ""1"", ""8""]",3-1-8,2026-01-06,17:00,4500,9
2DL-9PM,2D Lotto 9PM,"[""18"", ""27""]",18-27,2026-01-06,21:00,4000,13
3DL-9PM,3D Lotto 9PM,"[""0"", ""4"", ""1""]",0-4-1,2026-01-06,21:00,4500,3
6DL,6D Lotto,"[""5"", ""6"", ""6"", ""2"", ""2"", ""8""]",5-6-6-2-2-8,2026-01-06,21:00,2444637.72,0
LOTTO42,Lotto 6/42,"[""11"", ""34"", ""09"", ""38"", ""12"", ""10""]",11-34-09-38-12-10,2026-01-06,21:00,6550096,0
SL49,Superlotto 6/49,"[""48"", ""33"", ""27"", ""18"", ""05"", ""36""]",48-33-27-18-05-36,2026-01-06,21:00,97432130.7,0
UL58,Ultra Lotto 6/58,"[""12"", ""30"", ""03"", ""08"", ""34"", ""54""]",12-30-03-08-34-54,2026-01-06,21:00,209639379.6,0
2DL-2PM,2D Lotto 2PM,"[""11"", ""15""]",11-15,2026-01-07,14:00,4000,11
3DL-2PM,3D Lotto 2PM,"[""1"", ""5"", ""1""]",1-5-1,2026-01-07,14:00,4500,5
2DL-5PM,2D Lotto 5PM,"[""19"", ""29""]",19-29,2026-01-07,17:00,4000,5
3DL-5PM,3D Lotto 5PM,"[""8"", ""6"", ""4""]",8-6-4,2026-01-07,17:00,4500,3
2DL-9PM,2D Lotto 9PM,"[""06"", ""19""]",06-19,2026-01-07,21:00,4000,7
3DL-9PM,3D Lotto 9PM,"[""6"", ""5"", ""3""]",6-5-3,2026-01-07,21:00,4500,11
4DL,4D Lotto,"[""1"", ""2"", ""8"", ""5""]",1-2-8-5,2026-01-07,21:00,1069041,37
GL55,Grand Lotto 6/55,"[""34"", ""41"", ""44"", ""37"", ""38"", ""19""]",34-41-44-37-38-19,2026-01-07,21:00,29700000,0
ML45,Megalotto 6/45,"[""06"", ""03"", ""07"", ""24"", ""21"", ""09""]",06-03-07-24-21-09,2026-01-07,21:00,8910000,0
2DL-2PM,2D Lotto 2PM,"[""08"", ""24""]",08-24,2026-01-08,14:00,4000,11
3DL-2PM,3D Lotto 2PM,"[""3"", ""5"", ""2""]",3-5-2,2026-01-08,14:00,4500,5
2DL-5PM,2D Lotto 5PM,"[""06"", ""29""]",06-29,2026-01-08,17:00,4000,4
3DL-5PM,3D Lotto 5PM,"[""2"", ""8"", ""5""]",2-8-5,2026-01-08,17:00,4500,7
2DL-9PM,2D Lotto 9PM,"[""06"", ""06""]",06-06,2026-01-08,21:00,4000,64
3DL-9PM,3D Lotto 9PM,"[""9"", ""2"", ""3""]",9-2-3,2026-01-08,21:00,4500,3
6DL,6D Lotto,"[""6"", ""2"", ""6"", ""3"", ""4"", ""2""]",6-2-6-3-4-2,2026-01-08,21:00,2928944.04,0
LOTTO42,Lotto 6/42,"[""29"", ""32"", ""13"", ""17"", ""11"", ""09""]",29-32-13-17-11-09,2026-01-08,21:00,10042884.6,1
SL49,Superlotto 6/49,"[""09"", ""11"", ""30"", ""12"", ""24"", ""26""]",09-11-30-12-24-26,2026-01-08,21:00,104548763.1,2
2DL-2PM,2D Lotto 2PM,"[""31"", ""29""]",31-29,2026-01-09,14:00,4000,0
3DL-2PM,3D Lotto 2PM,"[""5"", ""4"", ""8""]",5-4-8,2026-01-09,14:00,4500,4
2DL-5PM,2D Lotto 5PM,"[""08"", ""05""]",08-05,2026-01-09,17:00,4000,12
3DL-5PM,3D Lotto 5PM,"[""3"", ""4"", ""6""]",3-4-6,2026-01-09,17:00,4500,5
2DL-9PM,2D Lotto 9PM,"[""01"", ""22""]",01-22,2026-01-09,21:00,4000,6
3DL-9PM,3D Lotto 9PM,"[""1"", ""0"", ""7""]",1-0-7,2026-01-09,21:00,4500,10
4DL,4D Lotto,"[""8"", ""8"", ""4"", ""6""]",8-8-4-6,2026-01-09,21:00,1016094,23
ML45,Megalotto 6/45,"[""43"", ""35"", ""18"", ""16"", ""25"", ""13""]",43-35-18-16-25-13,2026-01-09,21:00,11187537,0
UL58,Ultra Lotto 6/58,"[""33"", ""15"", ""57"", ""23"", ""30"", ""53""]",33-15-57-23-30-53,2026-01-09,21:00,218282070.8,0
2DL-2PM,2D Lotto 2PM,"[""04"", ""30""]",04-30,2026-01-10,14:00,4000,3
3DL-2PM,3D Lotto 2PM,"[""5"", ""9"", ""0""]",5-9-0,2026-01-10,14:00,4500,0
2DL-5PM,2D Lotto 5PM,"[""25"", ""17""]",25-17,2026-01-10,17:00,4000,0
3DL-5PM,3D Lotto 5PM,"[""9"", ""8"", ""8""]",9-8-8,2026-01-10,17:00,4500,3
2DL-9PM,2D Lotto 9PM,"[""11"", ""01""]",11-01,2026-01-10,21:00,4000,57
3DL-9PM,3D Lotto 9PM,"[""1"", ""3"", ""7""]",1-3-7,2026-01-10,21:00,4500,12
6DL,6D Lotto,"[""2"", ""3"", ""8"", ""7"", ""9"", ""6""]",2-3-8-7-9-6,2026-01-10,21:00,3810077.36,0
GL55,Grand Lotto 6/55,"[""32"", ""13"", ""31"", ""08"", ""14"", ""44""]",32-13-31-08-14-44,2026-01-10,21:00,29700000,0
LOTTO42,Lotto 6/42,"[""20"", ""08"", ""10"", ""01"", ""04"", ""24""]",20-08-10-01-04-24,2026-01-10,21:00,5940000,2
2DL-2PM,2D Lotto 2PM,"[""27"", ""12""]",27-12,2026-01-11,14:00,4000,4
3DL-2PM,3D Lotto 2PM,"[""3"", ""7"", ""2""]",3-7-2,2026-01-11,14:00,4500,1
2DL-5PM,2D Lotto 5PM,"[""19"", ""12""]",19-12,2026-01-11,17:00,4000,5
2DL-9PM,2D Lotto 9PM,"[""07"", ""21""]",07-21,2026-01-11,21:00,4000,3
3DL-9PM,3D Lotto 9PM,"[""5"", ""9"", ""8""]",5-9-8,2026-01-11,21:00,4500,9
SL49,Superlotto 6/49,"[""32"", ""26"", ""12"", ""22"", ""30"", ""36""]",32-26-12-22-30-36,2026-01-11,21:00,15840000,0
UL58,Ultra Lotto 6/58,"[""44"", ""51"", ""31"", ""32"", ""09"", ""35""]",44-51-31-32-09-35,2026-01-11,21:00,226887463.2,0
2DL-2PM,2D Lotto 2PM,"[""29"", ""24""]",29-24,2026-01-12,14:00,4000,3
3DL-2PM,3D Lotto 2PM,"[""7"", ""6"", ""1""]",7-6-1,2026-01-12,14:00,4500,2
2DL-5PM,2D Lotto 5PM,"[""29"", ""17""]",29-17,2026-01-12,17:00,4000,1
3DL-5PM,3D Lotto 5PM,"[""9"", ""2"", ""7""]",9-2-7,2026-01-12,17:00,4500,2
2DL-9PM,2D Lotto 9PM,"[""26"", ""13""]",26-13,2026-01-12,21:00,4000,11
3DL-9PM,3D Lotto 9PM,"[""7"", ""1"", ""1""]",7-1-1,2026-01-12,21:00,4500,19
4DL,4D Lotto,"[""1"", ""3"", ""2"", ""4""]",1-3-2-4,2026-01-12,21:00,1160000,116
GL55,Grand Lotto 6/55,"[""47"", ""43"", ""36"", ""09"", ""07"", ""11""]",47-43-36-09-07-11,2026-01-12,21:00,29700000,0
ML45,Megalotto 6/45,"[""09"", ""05"", ""11"", ""21"", ""06"", ""02""]",09-05-11-21-06-02,2026-01-12,21:00,15293132,0
2DL-2PM,2D Lotto 2PM,"[""03"", ""13""]",03-13,2026-01-13,14:00,4000,10
3DL-2PM,3D Lotto 2PM,"[""1"", ""7"", ""5""]",1-7-5,2026-01-13,14:00,4500,12
2DL-5PM,2D Lotto 5PM,"[""19"", ""26""]",19-26,2026-01-13,17:00,4000,1
3DL-5PM,3D Lotto 5PM,"[""4"", ""6"", ""9""]",4-6-9,2026-01-13,17:00,4500,3
2DL-9PM,2D Lotto 9PM,"[""21"", ""20""]",21-20,2026-01-13,21:00,4000,6
3DL-9PM,3D Lotto 9PM,"[""4"", ""8"", ""6""]",4-8-6,2026-01-13,21:00,4500,2
6DL,6D Lotto,"[""2"", ""2"", ""9"", ""4"", ""3"", ""3""]",2-2-9-4-3-3,2026-01-13,21:00,4475974.44,0
LOTTO42,Lotto 6/42,"[""20"", ""03"", ""29"", ""15"", ""39"", ""19""]",20-03-29-15-39-19,2026-01-13,21:00,5940000,0
SL49,Superlotto 6/49,"[""15"", ""28"", ""26"", ""06"", ""27"", ""25""]",15-28-26-06-27-25,2026-01-13,21:00,15840000,1
UL58,Ultra Lotto 6/58,"[""28"", ""44"", ""11"", ""43"", ""33"", ""45""]",28-44-11-43-33-45,2026-01-13,21:00,235429574.8,0
2DL-2PM,2D Lotto 2PM,"[""25"", ""28""]",25-28,2026-01-14,14:00,4000,1
3DL-2PM,3D Lotto 2PM,"[""1"", ""5"", ""1""]",1-5-1,2026-01-14,14:00,4500,2
2DL-5PM,2D Lotto 5PM,"[""31"", ""10""]",31-10,2026-01-14,17:00,4000,5
3DL-5PM,3D Lotto 5PM,"[""6"", ""5"", ""0""]",6-5-0,2026-01-14,17:00,4500,14
2DL-9PM,2D Lotto 9PM,"[""16"", ""01""]",16-01,2026-01-14,21:00,4000,15
3DL-9PM,3D Lotto 9PM,"[""0"", ""6"", ""4""]",0-6-4,2026-01-14,21:00,4500,7
4DL,4D Lotto,"[""2"", ""4"", ""7"", ""7""]",2-4-7-7,2026-01-14,21:00,936100,37
GL55,Grand Lotto 6/55,"[""02"", ""48"", ""43"", ""41"", ""42"", ""11""]",02-48-43-41-42-11,2026-01-14,21:00,29700000,0
ML45,Megalotto 6/45,"[""43"", ""05"", ""10"", ""03"", ""16"", ""04""]",43-05-10-03-16-04,2026-01-14,21:00,19437030.2,0
2DL-2PM,2D Lotto 2PM,"[""13"", ""03""]",13-03,2026-01-15,14:00,4000,6
3DL-2PM,3D Lotto 2PM,"[""6"", ""1"", ""5""]",6-1-5,2026-01-15,14:00,4500,48
2DL-5PM,2D Lotto 5PM,"[""06"", ""23""]",06-23,2026-01-15,17:00,4000,4
3DL-5PM,3D Lotto 5PM,"[""6"", ""8"", ""5""]",6-8-5,2026-01-15,17:00,4500,1
2DL-9PM,2D Lotto 9PM,"[""01"", ""05""]",01-05,2026-01-15,21:00,4000,22
3DL-9PM,3D Lotto 9PM,"[""4"", ""1"", ""2""]",4-1-2,2026-01-15,21:00,4500,44
6DL,6D Lotto,"[""6"", ""6"", ""4"", ""2"", ""7"", ""5""]",6-6-4-2-7-5,2026-01-15,21:00,5216694,2
LOTTO42,Lotto 6/42,"[""22"", ""11"", ""06"", ""04"", ""20"", ""03""]",22-11-06-04-20-03,2026-01-15,21:00,6542028.2,0
SL49,Superlotto 6/49,"[""14"", ""24"", ""10"", ""05"", ""15"", ""11""]",14-24-10-05-15-11,2026-01-15,21:00,15840000,1
2DL-2PM,2D Lotto 2PM,"[""25"", ""15""]",25-15,2026-01-16,14:00,4000,9
3DL-2PM,3D Lotto 2PM,"[""2"", ""8"", ""1""]",2-8-1,2026-01-16,14:00,4500,15
2DL-5PM,2D Lotto 5PM,"[""05"", ""22""]",05-22,2026-01-16,17:00,4000,2
3DL-5PM,3D Lotto 5PM,"[""2"", ""2"", ""0""]",2-2-0,2026-01-16,17:00,4500,2
2DL-9PM,2D Lotto 9PM,"[""02"", ""15""]",02-15,2026-01-16,21:00,4000,9
3DL-9PM,3D Lotto 9PM,"[""5"", ""9"", ""7""]",5-9-7,2026-01-16,21:00,4500,10
4DL,4D Lotto,"[""2"", ""3"", ""3"", ""6""]",2-3-3-6,2026-01-16,21:00,1074096,24
ML45,Megalotto 6/45,"[""42"", ""31"", ""06"", ""10"", ""40"", ""37""]",42-31-06-10-40-37,2026-01-16,21:00,23773759.6,0
UL58,Ultra Lotto 6/58,"[""17"", ""05"", ""35"", ""15"", ""19"", ""37""]",17-05-35-15-19-37,2026-01-16,21:00,245418490,0
2DL-2PM,2D Lotto 2PM,"[""12"", ""10""]",12-10,2026-01-17,14:00,4000,4
3DL-2PM,3D Lotto 2PM,"[""1"", ""5"", ""4""]",1-5-4,2026-01-17,14:00,4500,13
2DL-5PM,2D Lotto 5PM,"[""26"", ""05""]",26-05,2026-01-17,17:00,4000,2
3DL-5PM,3D Lotto 5PM,"[""6"", ""3"", ""3""]",6-3-3,2026-01-17,17:00,4500,2
2DL-9PM,2D Lotto 9PM,"[""19"", ""27""]",19-27,2026-01-17,21:00,4000,9
3DL-9PM,3D Lotto 9PM,"[""2"", ""1"", ""7""]",2-1-7,2026-01-17,21:00,4500,13
6DL,6D Lotto,"[""4"", ""8"", ""1"", ""5"", ""5"", ""3""]",4-8-1-5-5-3,2026-01-17,21:00,430691.8,0
GL55,Grand Lotto 6/55,"[""40"", ""07"", ""49"", ""19"", ""34"", ""23""]",40-07-49-19-34-23,2026-01-17,21:00,29700000,0
LOTTO42,Lotto 6/42,"[""04"", ""03"", ""23"", ""11"", ""18"", ""35""]",04-03-23-11-18-35,2026-01-17,21:00,10373797.4,0
2DL-2PM,2D Lotto 2PM,"[""20"", ""25""]",20-25,2026-01-18,14:00,4000,2
3DL-2PM,3D Lotto 2PM,"[""8"", ""1"", ""6""]",8-1-6,2026-01-18,14:00,4500,17
2DL-5PM,2D Lotto 5PM,"[""01"", ""31""]",01-31,2026-01-18,17:00,4000,17
3DL-5PM,3D Lotto 5PM,"[""8"", ""8"", ""0""]",8-8-0,2026-01-18,17:00,4500,10
2DL-9PM,2D Lotto 9PM,"[""31"", ""15""]",31-15,2026-01-18,21:00,4000,1
3DL-9PM,3D Lotto 9PM,"[""8"", ""6"", ""0""]",8-6-0,2026-01-18,21:00,4500,28
SL49,Superlotto 6/49,"[""35"", ""32"", ""20"", ""37"", ""05"", ""19""]",35-32-20-37-05-19,2026-01-18,21:00,15840000,0
UL58,Ultra Lotto 6/58,"[""38"", ""55"", ""56"", ""02"", ""22"", ""03""]",38-55-56-02-22-03,2026-01-18,21:00,254932636.4,0
2DL-2PM,2D Lotto 2PM,"[""16"", ""13""]",16-13,2026-01-19,14:00,4000,1
3DL-2PM,3D Lotto 2PM,"[""9"", ""6"", ""3""]",9-6-3,2026-01-19,14:00,4500,17
2DL-5PM,2D Lotto 5PM,"[""24"", ""09""]",24-09,2026-01-19,17:00,4000,9
3DL-5PM,3D Lotto 5PM,"[""5"", ""3"", ""1""]",5-3-1,2026-01-19,17:00,4500,6
2DL-9PM,2D Lotto 9PM,"[""12"", ""23""]",12-23,2026-01-19,21:00,4000,15
3DL-9PM,3D Lotto 9PM,"[""3"", ""0"", ""4""]",3-0-4,2026-01-19,21:00,4500,3
4DL,4D Lotto,"[""0"", ""5"", ""6"", ""5""]",0-5-6-5,2026-01-19,21:00,906812,31
GL55,Grand Lotto 6/55,"[""28"", ""09"", ""41"", ""22"", ""48"", ""07""]",28-09-41-22-48-07,2026-01-19,21:00,29700000,0
ML45,Megalotto 6/45,"[""03"", ""15"", ""41"", ""10"", ""43"", ""17""]",03-15-41-10-43-17,2026-01-19,21:00,28466081.2,0
2DL-2PM,2D Lotto 2PM,"[""22"", ""13""]",22-13,2026-01-20,14:00,4000,4
3DL-2PM,3D Lotto 2PM,"[""2"", ""8"", ""6""]",2-8-6,2026-01-20,14:00,4500,13
2DL-5PM,2D Lotto 5PM,"[""08"", ""15""]",08-15,2026-01-20,17:00,4000,7
3DL-5PM,3D Lotto 5PM,"[""4"", ""1"", ""1""]",4-1-1,2026-01-20,17:00,4500,4
2DL-9PM,2D Lotto 9PM,"[""18"", ""27""]",18-27,2026-01-20,21:00,4000,17
3DL-9PM,3D Lotto 9PM,"[""1"", ""0"", ""9""]",1-0-9,2026-01-20,21:00,4500,36
6DL,6D Lotto,"[""8"", ""5"", ""0"", ""6"", ""0"", ""6""]",8-5-0-6-0-6,2026-01-20,21:00,1096377.68,0
LOTTO42,Lotto 6/42,"[""05"", ""02"", ""03"", ""14"", ""12"", ""06""]",05-02-03-14-12-06,2026-01-20,21:00,13872684,0
SL49,Superlotto 6/49,"[""05"", ""15"", ""23"", ""02"", ""03"", ""04""]",05-15-23-02-03-04,2026-01-20,21:00,15840000,0
UL58,Ultra Lotto 6/58,"[""54"", ""52"", ""05"", ""22"", ""49"", ""20""]",54-52-05-22-49-20,2026-01-20,21:00,264032272,0
2DL-2PM,2D Lotto 2PM,"[""31"", ""15""]",31-15,2026-01-21,14:00,4000,2
3DL-2PM,3D Lotto 2PM,"[""2"", ""3"", ""1""]",2-3-1,2026-01-21,14:00,4500,24
2DL-5PM,2D Lotto 5PM,"[""19"", ""03""]",19-03,2026-01-21,17:00,4000,3
3DL-5PM,3D Lotto 5PM,"[""8"", ""5"", ""8""]",8-5-8,2026-01-21,17:00,4500,0
2DL-9PM,2D Lotto 9PM,"[""06"", ""15""]",06-15,2026-01-21,21:00,4000,7
3DL-9PM,3D Lotto 9PM,"[""7"", ""3"", ""7""]",7-3-7,2026-01-21,21:00,4500,2
4DL,4D Lotto,"[""8"", ""7"", ""6"", ""1""]",8-7-6-1,2026-01-21,21:00,989689,17
GL55,Grand Lotto 6/55,"[""34"", ""28"", ""48"", ""25"", ""55"", ""03""]",34-28-48-25-55-03,2026-01-21,21:00,33193409.2,0
ML45,Megalotto 6/45,"[""28"", ""12"", ""02"", ""15"", ""23"", ""13""]",28-12-02-15-23-13,2026-01-21,21:00,33350760.4,2
2DL-2PM,2D Lotto 2PM,"[""17"", ""14""]",17-14,2026-01-22,14:00,4000,1
3DL-2PM,3D Lotto 2PM,"[""6"", ""6"", ""6""]",6-6-6,2026-01-22,14:00,4500,8
2DL-5PM,2D Lotto 5PM,"[""01"", ""23""]",01-23,2026-01-22,17:00,4000,33
3DL-5PM,3D Lotto 5PM,"[""1"", ""7"", ""5""]",1-7-5,2026-01-22,17:00,4500,3
2DL-9PM,2D Lotto 9PM,"[""28"", ""29""]",28-29,2026-01-22,21:00,4000,2
3DL-9PM,3D Lotto 9PM,"[""5"", ""3"", ""7""]",5-3-7,2026-01-22,21:00,4500,14
6DL,6D Lotto,"[""2"", ""4"", ""3"", ""2"", ""2"", ""2""]",2-4-3-2-2-2,2026-01-22,21:00,1203941.56,0
LOTTO42,Lotto 6/42,"[""18"", ""24"", ""27"", ""39"", ""40"", ""21""]",18-24-27-39-40-21,2026-01-22,21:00,18289720.8,0
SL49,Superlotto 6/49,"[""10"", ""26"", ""24"", ""36"", ""01"", ""48""]",10-26-24-36-01-48,2026-01-22,21:00,15840000,0
2DL-2PM,2D Lotto 2PM,"[""12"", ""02""]",12-02,2026-01-23,14:00,4000,4
3DL-2PM,3D Lotto 2PM,"[""2"", ""5"", ""0""]",2-5-0,2026-01-23,14:00,4500,8
2DL-5PM,2D Lotto 5PM,"[""24"", ""30""]",24-30,2026-01-23,17:00,4000,2
3DL-5PM,3D Lotto 5PM,"[""0"", ""1"", ""2""]",0-1-2,2026-01-23,17:00,4500,8
2DL-9PM,2D Lotto 9PM,"[""08"", ""13""]",08-13,2026-01-23,21:00,4000,10
3DL-9PM,3D Lotto 9PM,"[""6"", ""5"", ""8""]",6-5-8,2026-01-23,21:00,4500,4
4DL,4D Lotto,"[""0"", ""7"", ""4"", ""1""]",0-7-4-1,2026-01-23,21:00,1057712,8
ML45,Megalotto 6/45,"[""16"", ""01"", ""31"", ""27"", ""04"", ""43""]",16-01-31-27-04-43,2026-01-23,21:00,8910000,0
UL58,Ultra Lotto 6/58,"[""08"", ""33"", ""21"", ""13"", ""19"", ""25""]",08-33-21-13-19-25,2026-01-23,21:00,274658188.4,0
2DL-2PM,2D Lotto 2PM,"[""15"", ""28""]",15-28,2026-01-24,14:00,4000,2
3DL-2PM,3D Lotto 2PM,"[""1"", ""4"", ""2""]",1-4-2,2026-01-24,14:00,4500,34
2DL-5PM,2D Lotto 5PM,"[""08"", ""12""]",08-12,2026-01-24,17:00,4000,11
3DL-5PM,3D Lotto 5PM,"[""1"", ""9"", ""3""]",1-9-3,2026-01-24,17:00,4500,11
2DL-9PM,2D Lotto 9PM,"[""27"", ""26""]",27-26,2026-01-24,21:00,4000,9
3DL-9PM,3D Lotto 9PM,"[""9"", ""5"", ""5""]",9-5-5,2026-01-24,21:00,4500,1
6DL,6D Lotto,"[""4"", ""0"", ""8"", ""1"", ""7"", ""1""]",4-0-8-1-7-1,2026-01-24,21:00,1922653.16,0
GL55,Grand Lotto 6/55,"[""24"", ""19"", ""16"", ""33"", ""36"", ""06""]",24-19-16-33-36-06,2026-01-24,21:00,37485292.6,0
LOTTO42,Lotto 6/42,"[""21"", ""06"", ""41"", ""34"", ""17"", ""28""]",21-06-41-34-17-28,2026-01-24,21:00,22792270,0
2DL-9PM,2D Lotto 9PM,"[""28"", ""04""]",28-04,2026-01-25,21:00,4000,3
3DL-9PM,3D Lotto 9PM,"[""9"", ""0"", ""8""]",9-0-8,2026-01-25,21:00,4500,9
SL49,Superlotto 6/49,"[""42"", ""44"", ""23"", ""03"", ""31"", ""26""]",42-44-23-03-31-26,2026-01-25,21:00,15840000,0
UL58,Ultra Lotto 6/58,"[""39"", ""37"", ""04"", ""11"", ""02"", ""09""]",39-37-04-11-02-09,2026-01-25,21:00,284636402.8,2
2DL-9PM,2D Lotto 9PM,"[""06"", ""01""]",06-01,2026-01-26,21:00,4000,17
3DL-9PM,3D Lotto 9PM,"[""2"", ""8"", ""9""]",2-8-9,2026-01-26,21:00,4500,7
4DL,4D Lotto,"[""5"", ""2"", ""8"", ""6""]",5-2-8-6,2026-01-26,21:00,995131,47
GL55,Grand Lotto 6/55,"[""19"", ""01"", ""37"", ""07"", ""41"", ""51""]",19-01-37-07-41-51,2026-01-26,21:00,41941563.2,0
ML45,Megalotto 6/45,"[""25"", ""22"", ""24"", ""42"", ""04"", ""33""]",25-22-24-42-04-33,2026-01-26,21:00,8910000,0
2DL-9PM,2D Lotto 9PM,"[""22"", ""06""]",22-06,2026-01-27,21:00,4000,16
3DL-9PM,3D Lotto 9PM,"[""1"", ""3"", ""8""]",1-3-8,2026-01-27,21:00,4500,16
6DL,6D Lotto,"[""2"", ""7"", ""1"", ""4"", ""5"", ""5""]",2-7-1-4-5-5,2026-01-27,21:00,1972653,1
LOTTO42,Lotto 6/42,"[""23"", ""34"", ""17"", ""35"", ""01"", ""27""]",23-34-17-35-01-27,2026-01-27,21:00,27507160,0
SL49,Superlotto 6/49,"[""41"", ""23"", ""26"", ""33"", ""10"", ""20""]",41-23-26-33-10-20,2026-01-27,21:00,18196920.2,0
UL58,Ultra Lotto 6/58,"[""25"", ""50"", ""06"", ""46"", ""27"", ""07""]",25-50-06-46-27-07,2026-01-27,21:00,49500000,0
2DL-9PM,2D Lotto 9PM,"[""07"", ""02""]",07-02,2026-01-28,21:00,4000,22
3DL-9PM,3D Lotto 9PM,"[""3"", ""1"", ""0""]",3-1-0,2026-01-28,21:00,4500,54
4DL,4D Lotto,"[""2"", ""0"", ""3"", ""3""]",2-0-3-3,2026-01-28,21:00,981600,40
GL55,Grand Lotto 6/55,"[""13"", ""53"", ""36"", ""11"", ""39"", ""15""]",13-53-36-11-39-15,2026-01-28,21:00,46526553.8,0
ML45,Megalotto 6/45,"[""27"", ""35"", ""09"", ""08"", ""04"", ""03""]",27-35-09-08-04-03,2026-01-28,21:00,11144094.8,0
2DL-9PM,2D Lotto 9PM,"[""04"", ""16""]",04-16,2026-01-29,21:00,4000,8
3DL-9PM,3D Lotto 9PM,"[""2"", ""3"", ""3""]",2-3-3,2026-01-29,21:00,4500,34
6DL,6D Lotto,"[""6"", ""1"", ""5"", ""8"", ""6"", ""6""]",6-1-5-8-6-6,2026-01-29,21:00,161306.76,0
LOTTO42,Lotto 6/42,"[""16"", ""28"", ""08"", ""23"", ""42"", ""20""]",16-28-08-23-42-20,2026-01-29,21:00,32894927.4,1
SL49,Superlotto 6/49,"[""10"", ""34"", ""07"", ""15"", ""05"", ""31""]",10-34-07-15-05-31,2026-01-29,21:00,21827053.8,0
2DL-2PM,2D Lotto 2PM,"[""21"", ""12""]",21-12,2026-01-30,14:00,4000,17
3DL-2PM,3D Lotto 2PM,"[""2"", ""0"", ""9""]",2-0-9,2026-01-30,14:00,4500,3
2DL-9PM,2D Lotto 9PM,"[""01"", ""25""]",01-25,2026-01-30,21:00,4000,9
3DL-9PM,3D Lotto 9PM,"[""6"", ""6"", ""7""]",6-6-7,2026-01-30,21:00,4500,1
4DL,4D Lotto,"[""2"", ""8"", ""8"", ""3""]",2-8-8-3,2026-01-30,21:00,1151628,19
ML45,Megalotto 6/45,"[""04"", ""03"", ""08"", ""42"", ""40"", ""33""]",04-03-08-42-40-33,2026-01-30,21:00,15223148.6,0
UL58,Ultra Lotto 6/58,"[""02"", ""45"", ""43"", ""57"", ""44"", ""49""]",02-45-43-57-44-49,2026-01-30,21:00,49500000,0
2DL-5PM,2D Lotto 5PM,"[""31"", ""24""]",31-24,2026-01-31,17:00,4000,4
2DL-9PM,2D Lotto 9PM,"[""03"", ""28""]",03-28,2026-01-31,21:00,4000,13
3DL-9PM,3D Lotto 9PM,"[""0"", ""1"", ""6""]",0-1-6,2026-01-31,21:00,4500,0
6DL,6D Lotto,"[""4"", ""7"", ""0"", ""4"", ""5"", ""9""]",4-7-0-4-5-9,2026-01-31,21:00,934256.84,0
GL55,Grand Lotto 6/55,"[""54"", ""37"", ""20"", ""15"", ""21"", ""10""]",54-37-20-15-21-10,2026-01-31,21:00,51794060,1
LOTTO42,Lotto 6/42,"[""23"", ""27"", ""16"", ""20"", ""28"", ""21""]",23-27-16-20-28-21,2026-01-31,21:00,5940000,1
2DL-9PM,2D Lotto 9PM,"[""30"", ""19""]",30-19,2026-02-01,21:00,4000,3
3DL-9PM,3D Lotto 9PM,"[""2"", ""4"", ""1""]",2-4-1,2026-02-01,21:00,4500,15
SL49,Superlotto 6/49,"[""08"", ""10"", ""15"", ""25"", ""21"", ""02""]",08-10-15-25-21-02,2026-02-01,21:00,21827053.8,0
UL58,Ultra Lotto 6/58,"[""30"", ""17"", ""20"", ""28"", ""55"", ""23""]",30-17-20-28-55-23,2026-02-01,21:00,49500000,0
2DL-9PM,2D Lotto 9PM,"[""25"", ""14""]",25-14,2026-02-02,21:00,4000,7
3DL-9PM,3D Lotto 9PM,"[""3"", ""9"", ""8""]",3-9-8,2026-02-02,21:00,4500,10
4DL,4D Lotto,"[""4"", ""4"", ""0"", ""1""]",4-4-0-1,2026-02-02,21:00,10000,0
GL55,Grand Lotto 6/55,"[""44"", ""30"", ""17"", ""01"", ""19"", ""50""]",44-30-17-01-19-50,2026-02-02,21:00,45000000,0
ML45,Megalotto 6/45,"[""25"", ""06"", ""21"", ""01"", ""28"", ""10""]",25-06-21-01-28-10,2026-02-02,21:00,15223148.6,0
2DL-9PM,2D Lotto 9PM,"[""04"", ""26""]",04-26,2026-02-03,21:00,4000,15
3DL-9PM,3D Lotto 9PM,"[""6"", ""4"", ""3""]",6-4-3,2026-02-03,21:00,4500,11
6DL,6D Lotto,"[""4"", ""9"", ""4"", ""3"", ""7"", ""0""]",4-9-4-3-7-0,2026-02-03,21:00,934256.84,0
LOTTO42,Lotto 6/42,"[""33"", ""14"", ""10"", ""15"", ""24"", ""12""]",33-14-10-15-24-12,2026-02-03,21:00,6000000,0
SL49,Superlotto 6/49,"[""39"", ""15"", ""02"", ""12"", ""07"", ""18""]",39-15-02-12-07-18,2026-02-03,21:00,29801761.84,0
UL58,Ultra Lotto 6/58,"[""35"", ""55"", ""40"", ""12"", ""13"", ""31""]",35-55-40-12-13-31,2026-02-03,21:00,75000000,0
2DL-9PM,2D Lotto 9PM,"[""09"", ""14""]",09-14,2026-02-04,21:00,4000,15
3DL-9PM,3D Lotto 9PM,"[""6"", ""2"", ""9""]",6-2-9,2026-02-04,21:00,4500,11
4DL,4D Lotto,"[""2"", ""6"", ""3"", ""4""]",2-6-3-4,2026-02-04,21:00,960696,24
GL55,Grand Lotto 6/55,"[""45"", ""49"", ""33"", ""43"", ""38"", ""54""]",45-49-33-43-38-54,2026-02-04,21:00,45000000,0
ML45,Megalotto 6/45,"[""03"", ""12"", ""31"", ""43"", ""22"", ""11""]",03-12-31-43-22-11,2026-02-04,21:00,19623493.37,0
2DL-9PM,2D Lotto 9PM,"[""17"", ""31""]",17-31,2026-02-05,21:00,4000,3
3DL-9PM,3D Lotto 9PM,"[""2"", ""7"", ""1""]",2-7-1,2026-02-05,21:00,4500,13
6DL,6D Lotto,"[""0"", ""3"", ""0"", ""5"", ""8"", ""9""]",0-3-0-5-8-9,2026-02-05,21:00,1800431,1
LOTTO42,Lotto 6/42,"[""10"", ""36"", ""30"", ""16"", ""29"", ""39""]",10-36-30-16-29-39,2026-02-05,21:00,10000000,0
SL49,Superlotto 6/49,"[""12"", ""42"", ""17"", ""49"", ""16"", ""36""]",12-42-17-49-16-36,2026-02-05,21:00,34512702.58,0
2DL-9PM,2D Lotto 9PM,"[""31"", ""02""]",31-02,2026-02-06,21:00,4000,3
3DL-9PM,3D Lotto 9PM,"[""7"", ""0"", ""0""]",7-0-0,2026-02-06,21:00,4500,4
4DL,4D Lotto,"[""6"", ""1"", ""0"", ""0""]",6-1-0-0,2026-02-06,21:00,765452,31
ML45,Megalotto 6/45,"[""38"", ""35"", ""02"", ""44"", ""22"", ""39""]",38-35-02-44-22-39,2026-02-06,21:00,24129169.85,0
UL58,Ultra Lotto 6/58,"[""50"", ""28"", ""37"", ""34"", ""06"", ""11""]",50-28-37-34-06-11,2026-02-06,21:00,75000000,0
2DL-9PM,2D Lotto 9PM,"[""16"", ""26""]",16-26,2026-02-07,21:00,4000,6
3DL-9PM,3D Lotto 9PM,"[""9"", ""4"", ""8""]",9-4-8,2026-02-07,21:00,4500,3
6DL,6D Lotto,"[""1"", ""3"", ""4"", ""7"", ""7"", ""3""]",1-3-4-7-7-3,2026-02-07,21:00,281109.8,0
GL55,Grand Lotto 6/55,"[""55"", ""02"", ""43"", ""10"", ""14"", ""13""]",55-02-43-10-14-13,2026-02-07,21:00,45000000,0
LOTTO42,Lotto 6/42,"[""42"", ""10"", ""05"", ""13"", ""20"", ""19""]",42-10-05-13-20-19,2026-02-07,21:00,10000000,0
2DL-9PM,2D Lotto 9PM,"[""28"", ""13""]",28-13,2026-02-08,21:00,4000,1
3DL-9PM,3D Lotto 9PM,"[""0"", ""7"", ""4""]",0-7-4,2026-02-08,21:00,4500,12
SL49,Superlotto 6/49,"[""14"", ""39"", ""04"", ""34"", ""11"", ""09""]",14-39-04-34-11-09,2026-02-08,21:00,34512702.58,0
UL58,Ultra Lotto 6/58,"[""58"", ""35"", ""30"", ""29"", ""13"", ""21""]",58-35-30-29-13-21,2026-02-08,21:00,75000000,0
2DL-9PM,2D Lotto 9PM,"[""12"", ""15""]",12-15,2026-02-09,21:00,4000,11
3DL-9PM,3D Lotto 9PM,"[""2"", ""0"", ""7""]",2-0-7,2026-02-09,21:00,4500,25
4DL,4D Lotto,"[""8"", ""7"", ""5"", ""0""]",8-7-5-0,2026-02-09,21:00,818424,27
GL55,Grand Lotto 6/55,"[""44"", ""39"", ""47"", ""31"", ""26"", ""02""]",44-39-47-31-26-02,2026-02-09,21:00,45000000,0
ML45,Megalotto 6/45,"[""04"", ""14"", ""30"", ""20"", ""18"", ""13""]",04-14-30-20-18-13,2026-02-09,21:00,28320023.07,0
2DL-9PM,2D Lotto 9PM,"[""20"", ""07""]",20-07,2026-02-10,21:00,4000,5
3DL-9PM,3D Lotto 9PM,"[""1"", ""3"", ""5""]",1-3-5,2026-02-10,21:00,4500,10
6DL,6D Lotto,"[""3"", ""6"", ""7"", ""5"", ""4"", ""9""]",3-6-7-5-4-9,2026-02-10,21:00,834364.8,0
LOTTO42,Lotto 6/42,"[""17"", ""03"", ""36"", ""42"", ""01"", ""34""]",17-03-36-42-01-34,2026-02-10,21:00,10000000,0
SL49,Superlotto 6/49,"[""28"", ""03"", ""27"", ""34"", ""30"", ""20""]",28-03-27-34-30-20,2026-02-10,21:00,42401917.45,0
UL58,Ultra Lotto 6/58,"[""54"", ""26"", ""37"", ""35"", ""31"", ""29""]",54-26-37-35-31-29,2026-02-10,21:00,75000000,0
2DL-9PM,2D Lotto 9PM,"[""25"", ""17""]",25-17,2026-02-11,21:00,4000,6
3DL-9PM,3D Lotto 9PM,"[""6"", ""6"", ""2""]",6-6-2,2026-02-11,21:00,4500,3
4DL,4D Lotto,"[""4"", ""2"", ""3"", ""8""]",4-2-3-8,2026-02-11,21:00,878394,33
GL55,Grand Lotto 6/55,"[""03"", ""14"", ""25"", ""13"", ""23"", ""22""]",03-14-25-13-23-22,2026-02-11,21:00,45000000,0
ML45,Megalotto 6/45,"[""17"", ""15"", ""32"", ""45"", ""40"", ""12""]",17-15-32-45-40-12,2026-02-11,21:00,32709413.77,0
2DL-9PM,2D Lotto 9PM,"[""13"", ""16""]",13-16,2026-02-12,21:00,4000,10
3DL-9PM,3D Lotto 9PM,"[""5"", ""0"", ""1""]",5-0-1,2026-02-12,21:00,4500,19
6DL,6D Lotto,"[""3"", ""2"", ""2"", ""6"", ""0"", ""7""]",3-2-2-6-0-7,2026-02-12,21:00,1226369.36,0
LOTTO42,Lotto 6/42,"[""40"", ""23"", ""20"", ""28"", ""36"", ""07""]",40-23-20-28-36-07,2026-02-12,21:00,10000000,0
SL49,Superlotto 6/49,"[""02"", ""37"", ""24"", ""21"", ""36"", ""40""]",02-37-24-21-36-40,2026-02-12,21:00,47053715.16,0
2DL-9PM,2D Lotto 9PM,"[""25"", ""15""]",25-15,2026-02-13,21:00,4000,12
3DL-9PM,3D Lotto 9PM,"[""9"", ""9"", ""5""]",9-9-5,2026-02-13,21:00,4500,9
4DL,4D Lotto,"[""2"", ""3"", ""2"", ""8""]",2-3-2-8,2026-02-13,21:00,1140000,114
ML45,Megalotto 6/45,"[""45"", ""08"", ""43"", ""03"", ""06"", ""32""]",45-08-43-03-06-32,2026-02-13,21:00,15000000,0
UL58,Ultra Lotto 6/58,"[""50"", ""41"", ""18"", ""34"", ""40"", ""58""]",50-41-18-34-40-58,2026-02-13,21:00,75000000,0
2DL-2PM,2D Lotto 2PM,"[""10"", ""27""]",10-27,2026-02-14,14:00,4000,4
2DL-9PM,2D Lotto 9PM,"[""28"", ""09""]",28-09,2026-02-14,21:00,4000,4
3DL-9PM,3D Lotto 9PM,"[""1"", ""5"", ""8""]",1-5-8,2026-02-14,21:00,4500,14
6DL,6D Lotto,"[""7"", ""3"", ""7"", ""1"", ""9"", ""0""]",7-3-7-1-9-0,2026-02-14,21:00,1970168.6,0
GL55,Grand Lotto 6/55,"[""42"", ""41"", ""48"", ""24"", ""22"", ""44""]",42-41-48-24-22-44,2026-02-14,21:00,45000000,0
LOTTO42,Lotto 6/42,"[""22"", ""08"", ""09"", ""12"", ""30"", ""32""]",22-08-09-12-30-32,2026-02-14,21:00,10000000,0
2DL-9PM,2D Lotto 9PM,"[""30"", ""03""]",30-03,2026-02-15,21:00,4000,13
3DL-9PM,3D Lotto 9PM,"[""5"", ""3"", ""9""]",5-3-9,2026-02-15,21:00,4500,46
SL49,Superlotto 6/49,"[""27"", ""48"", ""40"", ""03"", ""25"", ""15""]",27-48-40-03-25-15,2026-02-15,21:00,47053715.16,0
UL58,Ultra Lotto 6/58,"[""56"", ""26"", ""57"", ""33"", ""52"", ""23""]",56-26-57-33-52-23,2026-02-15,21:00,75000000,0
2DL-9PM,2D Lotto 9PM,"[""27"", ""03""]",27-03,2026-02-16,21:00,4000,7
3DL-9PM,3D Lotto 9PM,"[""5"", ""3"", ""2""]",5-3-2,2026-02-16,21:00,4500,11
4DL,4D Lotto,"[""5"", ""9"", ""8"", ""9""]",5-9-8-9,2026-02-16,21:00,921679,11
GL55,Grand Lotto 6/55,"[""35"", ""16"", ""54"", ""21"", ""04"", ""06""]",35-16-54-21-04-06,2026-02-16,21:00,45000000,0
ML45,Megalotto 6/45,"[""21"", ""17"", ""10"", ""06"", ""03"", ""34""]",21-17-10-06-03-34,2026-02-16,21:00,15000000,0
2DL-9PM,2D Lotto 9PM,"[""01"", ""05""]",01-05,2026-02-17,21:00,4000,6
3DL-9PM,3D Lotto 9PM,"[""6"", ""5"", ""0""]",6-5-0,2026-02-17,21:00,4500,2
6DL,6D Lotto,"[""3"", ""4"", ""5"", ""6"", ""1"", ""2""]",3-4-5-6-1-2,2026-02-17,21:00,1970168.6,0
LOTTO42,Lotto 6/42,"[""12"", ""22"", ""36"", ""03"", ""41"", ""37""]",12-22-36-03-41-37,2026-02-17,21:00,10097279.28,0
SL49,Superlotto 6/49,"[""17"", ""45"", ""15"", ""49"", ""26"", ""40""]",17-45-15-49-26-40,2026-02-17,21:00,55580313.8,0
UL58,Ultra Lotto 6/58,"[""30"", ""32"", ""56"", ""43"", ""27"", ""50""]",30-32-56-43-27-50,2026-02-17,21:00,75000000,0
2DL-5PM,2D Lotto 5PM,"[""15"", ""22""]",15-22,2026-02-18,17:00,4000,4
2DL-9PM,2D Lotto 9PM,"[""31"", ""27""]",31-27,2026-02-18,21:00,4000,1
3DL-9PM,3D Lotto 9PM,"[""7"", ""6"", ""8""]",7-6-8,2026-02-18,21:00,4500,29
4DL,4D Lotto,"[""6"", ""7"", ""6"", ""5""]",6-7-6-5,2026-02-18,21:00,780003,21
GL55,Grand Lotto 6/55,"[""14"", ""28"", ""37"", ""41"", ""10"", ""51""]",14-28-37-41-10-51,2026-02-18,21:00,45000000,0
ML45,Megalotto 6/45,"[""35"", ""05"", ""45"", ""04"", ""38"", ""23""]",35-05-45-04-38-23,2026-02-18,21:00,15000000,0
2DL-9PM,2D Lotto 9PM,"[""16"", ""26""]",16-26,2026-02-19,21:00,4000,11
3DL-9PM,3D Lotto 9PM,"[""9"", ""1"", ""7""]",9-1-7,2026-02-19,21:00,4500,29
6DL,6D Lotto,"[""1"", ""5"", ""4"", ""2"", ""9"", ""2""]",1-5-4-2-9-2,2026-02-19,21:00,509001.8,0
LOTTO42,Lotto 6/42,"[""38"", ""22"", ""41"", ""26"", ""13"", ""21""]",38-22-41-26-13-21,2026-02-19,21:00,13223463.01,0
SL49,Superlotto 6/49,"[""09"", ""31"", ""40"", ""34"", ""42"", ""43""]",09-31-40-34-42-43,2026-02-19,21:00,60336205.73,0
2DL-9PM,2D Lotto 9PM,"[""26"", ""28""]",26-28,2026-02-20,21:00,4000,13
3DL-9PM,3D Lotto 9PM,"[""3"", ""0"", ""9""]",3-0-9,2026-02-20,21:00,4500,6
4DL,4D Lotto,"[""9"", ""5"", ""0"", ""0""]",9-5-0-0,2026-02-20,21:00,654003,21
ML45,Megalotto 6/45,"[""02"", ""31"", ""14"", ""20"", ""28"", ""17""]",02-31-14-20-28-17,2026-02-20,21:00,15000000,0
UL58,Ultra Lotto 6/58,"[""28"", ""48"", ""51"", ""58"", ""56"", ""53""]",28-48-51-58-56-53,2026-02-20,21:00,75000000,0
2DL-9PM,2D Lotto 9PM,"[""21"", ""21""]",21-21,2026-02-21,21:00,4000,10
3DL-9PM,3D Lotto 9PM,"[""9"", ""2"", ""5""]",9-2-5,2026-02-21,21:00,4500,29
6DL,6D Lotto,"[""1"", ""7"", ""5"", ""7"", ""3"", ""4""]",1-7-5-7-3-4,2026-02-21,21:00,989793,1
GL55,Grand Lotto 6/55,"[""09"", ""23"", ""03"", ""49"", ""50"", ""01""]",09-23-03-49-50-01,2026-02-21,21:00,45000000,2
LOTTO42,Lotto 6/42,"[""33"", ""38"", ""15"", ""20"", ""41"", ""37""]",33-38-15-20-41-37,2026-02-21,21:00,16668379.85,0
2DL-9PM,2D Lotto 9PM,"[""28"", ""20""]",28-20,2026-02-22,21:00,4000,4
3DL-9PM,3D Lotto 9PM,"[""1"", ""7"", ""3""]",1-7-3,2026-02-22,21:00,4500,17
SL49,Superlotto 6/49,"[""14"", ""17"", ""05"", ""02"", ""43"", ""16""]",14-17-05-02-43-16,2026-02-22,21:00,60336205.73,0
UL58,Ultra Lotto 6/58,"[""36"", ""43"", ""13"", ""03"", ""12"", ""30""]",36-43-13-03-12-30,2026-02-22,21:00,75000000,0
2DL-9PM,2D Lotto 9PM,"[""12"", ""24""]",12-24,2026-02-23,21:00,4000,14
3DL-9PM,3D Lotto 9PM,"[""6"", ""7"", ""2""]",6-7-2,2026-02-23,21:00,4500,9
4DL,4D Lotto,"[""6"", ""4"", ""4"", ""6""]",6-4-4-6,2026-02-23,21:00,970368,19
GL55,Grand Lotto 6/55,"[""20"", ""23"", ""05"", ""35"", ""33"", ""45""]",20-23-05-35-33-45,2026-02-23,21:00,45000000,0
ML45,Megalotto 6/45,"[""39"", ""40"", ""30"", ""04"", ""17"", ""22""]",39-40-30-04-17-22,2026-02-23,21:00,15000000,0
2DL-9PM,2D Lotto 9PM,"[""25"", ""18""]",25-18,2026-02-24,21:00,4000,31
3DL-9PM,3D Lotto 9PM,"[""9"", ""4"", ""7""]",9-4-7,2026-02-24,21:00,4500,14
6DL,6D Lotto,"[""5"", ""0"", ""7"", ""0"", ""0"", ""8""]",5-0-7-0-0-8,2026-02-24,21:00,150000,0
LOTTO42,Lotto 6/42,"[""24"", ""12"", ""04"", ""35"", ""41"", ""15""]",24-12-04-35-41-15,2026-02-24,21:00,20493989.78,0
SL49,Superlotto 6/49,"[""20"", ""06"", ""42"", ""13"", ""47"", ""28""]",20-06-42-13-47-28,2026-02-24,21:00,68974817.33,0
UL58,Ultra Lotto 6/58,"[""47"", ""26"", ""30"", ""41"", ""27"", ""49""]",47-26-30-41-27-49,2026-02-24,21:00,75000000,0
2DL-9PM,2D Lotto 9PM,"[""29"", ""12""]",29-12,2026-02-25,21:00,4000,19
3DL-9PM,3D Lotto 9PM,"[""4"", ""0"", ""4""]",4-0-4,2026-02-25,21:00,4500,36
4DL,4D Lotto,"[""7"", ""7"", ""3"", ""0""]",7-7-3-0,2026-02-25,21:00,582240,24
GL55,Grand Lotto 6/55,"[""23"", ""17"", ""52"", ""04"", ""34"", ""27""]",23-17-52-04-34-27,2026-02-25,21:00,45000000,0
ML45,Megalotto 6/45,"[""40"", ""03"", ""25"", ""15"", ""22"", ""02""]",40-03-25-15-22-02,2026-02-25,21:00,15000000,0
2DL-9PM,2D Lotto 9PM,"[""09"", ""22""]",09-22,2026-02-26,21:00,4000,20
3DL-9PM,3D Lotto 9PM,"[""5"", ""2"", ""1""]",5-2-1,2026-02-26,21:00,4500,15
6DL,6D Lotto,"[""3"", ""7"", ""2"", ""9"", ""1"", ""8""]",3-7-2-9-1-8,2026-02-26,21:00,651035.44,0
LOTTO42,Lotto 6/42,"[""09"", ""02"", ""11"", ""41"", ""20"", ""27""]",09-02-11-41-20-27,2026-02-26,21:00,23814718.62,0
SL49,Superlotto 6/49,"[""22"", ""44"", ""13"", ""30"", ""26"", ""46""]",22-44-13-30-26-46,2026-02-26,21:00,73767003.45,0
2DL-9PM,2D Lotto 9PM,"[""18"", ""08""]",18-08,2026-02-27,21:00,4000,7
3DL-9PM,3D Lotto 9PM,"[""4"", ""7"", ""3""]",4-7-3,2026-02-27,21:00,4500,18
4DL,4D Lotto,"[""8"", ""7"", ""1"", ""0""]",8-7-1-0,2026-02-27,21:00,577011,19
ML45,Megalotto 6/45,"[""39"", ""30"", ""26"", ""29"", ""43"", ""15""]",39-30-26-29-43-15,2026-02-27,21:00,15000000,0
UL58,Ultra Lotto 6/58,"[""51"", ""32"", ""19"", ""41"", ""12"", ""01""]",51-32-19-41-12-01,2026-02-27,21:00,75000000,0
2DL-9PM,2D Lotto 9PM,"[""25"", ""24""]",25-24,2026-02-28,21:00,4000,3
3DL-9PM,3D Lotto 9PM,"[""9"", ""0"", ""6""]",9-0-6,2026-02-28,21:00,4500,9
6DL,6D Lotto,"[""9"", ""6"", ""9"", ""1"", ""5"", ""3""]",9-6-9-1-5-3,2026-02-28,21:00,1095870.28,0
GL55,Grand Lotto 6/55,"[""14"", ""51"", ""28"", ""06"", ""27"", ""08""]",14-51-28-06-27-08,2026-02-28,21:00,45000000,0
LOTTO42,Lotto 6/42,"[""30"", ""41"", ""20"", ""21"", ""34"", ""39""]",30-41-20-21-34-39,2026-02-28,21:00,27487043.32,0
2DL-9PM,2D Lotto 9PM,"[""11"", ""21""]",11-21,2026-03-01,21:00,4000,6
3DL-9PM,3D Lotto 9PM,"[""9"", ""4"", ""4""]",9-4-4,2026-03-01,21:00,4500,1
SL49,Superlotto 6/49,"[""19"", ""23"", ""06"", ""17"", ""12"", ""37""]",19-23-06-17-12-37,2026-03-01,21:00,73767003.45,0
UL58,Ultra Lotto 6/58,"[""33"", ""57"", ""47"", ""07"", ""31"", ""23""]",33-57-47-07-31-23,2026-03-01,21:00,75000000,0
2DL-9PM,2D Lotto 9PM,"[""09"", ""31""]",09-31,2026-03-02,21:00,4000,1
3DL-9PM,3D Lotto 9PM,"[""0"", ""3"", ""2""]",0-3-2,2026-03-02,21:00,4500,46
4DL,4D Lotto,"[""7"", ""6"", ""3"", ""7""]",7-6-3-7,2026-03-02,21:00,940995,11
GL55,Grand Lotto 6/55,"[""05"", ""07"", ""18"", ""33"", ""38"", ""27""]",05-07-18-33-38-27,2026-03-02,21:00,45000000,0
ML45,Megalotto 6/45,"[""12"", ""25"", ""45"", ""40"", ""33"", ""27""]",12-25-45-40-33-27,2026-03-02,21:00,15000000,0
2DL-9PM,2D Lotto 9PM,"[""31"", ""28""]",31-28,2026-03-03,21:00,4000,2
3DL-9PM,3D Lotto 9PM,"[""9"", ""4"", ""4""]",9-4-4,2026-03-03,21:00,4500,4
6DL,6D Lotto,"[""7"", ""8"", ""4"", ""4"", ""7"", ""2""]",7-8-4-4-7-2,2026-03-03,21:00,1095870.28,0
LOTTO42,Lotto 6/42,"[""20"", ""27"", ""42"", ""16"", ""37"", ""41""]",20-27-42-16-37-41,2026-03-03,21:00,31696439.58,0
SL49,Superlotto 6/49,"[""02"", ""44"", ""13"", ""29"", ""08"", ""41""]",02-44-13-29-08-41,2026-03-03,21:00,83669465.41,0
UL58,Ultra Lotto 6/58,"[""30"", ""40"", ""01"", ""24"", ""04"", ""21""]",30-40-01-24-04-21,2026-03-03,21:00,75000000,0
2DL-9PM,2D Lotto 9PM,"[""23"", ""27""]",23-27,2026-03-04,21:00,4000,5
3DL-9PM,3D Lotto 9PM,"[""6"", ""5"", ""4""]",6-5-4,2026-03-04,21:00,4500,12
4DL,4D Lotto,"[""2"", ""3"", ""5"", ""4""]",2-3-5-4,2026-03-04,21:00,827955,45
GL55,Grand Lotto 6/55,"[""33"", ""13"", ""44"", ""50"", ""47"", ""42""]",33-13-44-50-47-42,2026-03-04,21:00,45000000,0
ML45,Megalotto 6/45,"[""08"", ""28"", ""18"", ""06"", ""35"", ""42""]",08-28-18-06-35-42,2026-03-04,21:00,15000000,0
2DL-2PM,2D Lotto 2PM,"[""25"", ""08""]",25-08,2026-03-05,14:00,4000,7
2DL-9PM,2D Lotto 9PM,"[""18"", ""17""]",18-17,2026-03-05,21:00,4000,101
3DL-9PM,3D Lotto 9PM,"[""7"", ""6"", ""9""]",7-6-9,2026-03-05,21:00,4500,31
6DL,6D Lotto,"[""7"", ""2"", ""0"", ""8"", ""2"", ""6""]",7-2-0-8-2-6,2026-03-05,21:00,1749442,2
LOTTO42,Lotto 6/42,"[""33"", ""32"", ""18"", ""01"", ""10"", ""04""]",33-32-18-01-10-04,2026-03-05,21:00,35411962.61,0
SL49,Superlotto 6/49,"[""23"", ""37"", ""48"", ""44"", ""39"", ""25""]",23-37-48-44-39-25,2026-03-05,21:00,88820774.31,0
2DL-9PM,2D Lotto 9PM,"[""22"", ""01""]",22-01,2026-03-06,21:00,4000,0
3DL-9PM,3D Lotto 9PM,"[""9"", ""9"", ""0""]",9-9-0,2026-03-06,21:00,4500,5
4DL,4D Lotto,"[""1"", ""0"", ""3"", ""0""]",1-0-3-0,2026-03-06,21:00,3030000,303
ML45,Megalotto 6/45,"[""33"", ""37"", ""02"", ""27"", ""04"", ""31""]",33-37-02-27-04-31,2026-03-06,21:00,15000000,0
UL58,Ultra Lotto 6/58,"[""37"", ""34"", ""13"", ""26"", ""06"", ""54""]",37-34-13-26-06-54,2026-03-06,21:00,75000000,0
2DL-9PM,2D Lotto 9PM,"[""15"", ""05""]",15-05,2026-03-07,21:00,4000,8
3DL-9PM,3D Lotto 9PM,"[""9"", ""5"", ""9""]",9-5-9,2026-03-07,21:00,4500,3
6DL,6D Lotto,"[""2"", ""7"", ""0"", ""8"", ""8"", ""2""]",2-7-0-8-8-2,2026-03-07,21:00,311276.92,0
GL55,Grand Lotto 6/55,"[""17"", ""44"", ""02"", ""05"", ""28"", ""45""]",17-44-02-05-28-45,2026-03-07,21:00,45000000,0
LOTTO42,Lotto 6/42,"[""40"", ""33"", ""31"", ""16"", ""12"", ""14""]",40-33-31-16-12-14,2026-03-07,21:00,10000000,0
2DL-9PM,2D Lotto 9PM,"[""22"", ""23""]",22-23,2026-03-08,21:00,4000,8
3DL-9PM,3D Lotto 9PM,"[""6"", ""7"", ""7""]",6-7-7,2026-03-08,21:00,4500,0
SL49,Superlotto 6/49,"[""32"", ""14"", ""13"", ""07"", ""15"", ""26""]",32-14-13-07-15-26,2026-03-08,21:00,94530914.78,0
UL58,Ultra Lotto 6/58,"[""44"", ""07"", ""09"", ""28"", ""06"", ""17""]",44-07-09-28-06-17,2026-03-08,21:00,79557596.52,0
2DL-9PM,2D Lotto 9PM,"[""04"", ""04""]",04-04,2026-03-09,21:00,4000,8
3DL-9PM,3D Lotto 9PM,"[""7"", ""5"", ""5""]",7-5-5,2026-03-09,21:00,4500,3
4DL,4D Lotto,"[""2"", ""8"", ""8"", ""3""]",2-8-8-3,2026-03-09,21:00,969870,15
GL55,Grand Lotto 6/55,"[""38"", ""32"", ""08"", ""20"", ""19"", ""09""]",38-32-08-20-19-09,2026-03-09,21:00,45000000,1
ML45,Megalotto 6/45,"[""23"", ""24"", ""03"", ""38"", ""04"", ""21""]",23-24-03-38-04-21,2026-03-09,21:00,15000000,0
2DL-9PM,2D Lotto 9PM,"[""18"", ""08""]",18-08,2026-03-10,21:00,4000,7
3DL-9PM,3D Lotto 9PM,"[""9"", ""2"", ""3""]",9-2-3,2026-03-10,21:00,4500,7
6DL,6D Lotto,"[""3"", ""6"", ""8"", ""4"", ""5"", ""4""]",3-6-8-4-5-4,2026-03-10,21:00,486906.28,0
LOTTO42,Lotto 6/42,"[""03"", ""29"", ""12"", ""33"", ""10"", ""16""]",03-29-12-33-10-16,2026-03-10,21:00,10000000,0
SL49,Superlotto 6/49,"[""42"", ""46"", ""32"", ""19"", ""44"", ""16""]",42-46-32-19-44-16,2026-03-10,21:00,99658844.67,0
UL58,Ultra Lotto 6/58,"[""42"", ""58"", ""35"", ""02"", ""51"", ""26""]",42-58-35-02-51-26,2026-03-10,21:00,87396535.7,0
2DL-9PM,2D Lotto 9PM,"[""28"", ""27""]",28-27,2026-03-11,21:00,4000,8
3DL-9PM,3D Lotto 9PM,"[""5"", ""5"", ""7""]",5-5-7,2026-03-11,21:00,4500,4
4DL,4D Lotto,"[""2"", ""9"", ""7"", ""0""]",2-9-7-0,2026-03-11,21:00,765630,15
GL55,Grand Lotto 6/55,"[""50"", ""24"", ""34"", ""21"", ""45"", ""03""]",50-24-34-21-45-03,2026-03-11,21:00,45000000,0
ML45,Megalotto 6/45,"[""19"", ""36"", ""10"", ""23"", ""31"", ""20""]",19-36-10-23-31-20,2026-03-11,21:00,15000000,0
2DL-9PM,2D Lotto 9PM,"[""30"", ""21""]",30-21,2026-03-12,21:00,4000,0
3DL-9PM,3D Lotto 9PM,"[""7"", ""3"", ""2""]",7-3-2,2026-03-12,21:00,4500,21
6DL,6D Lotto,"[""0"", ""1"", ""7"", ""7"", ""9"", ""1""]",0-1-7-7-9-1,2026-03-12,21:00,917754.6,0
LOTTO42,Lotto 6/42,"[""35"", ""02"", ""40"", ""36"", ""13"", ""16""]",35-02-40-36-13-16,2026-03-12,21:00,10000000,0
SL49,Superlotto 6/49,"[""38"", ""34"", ""03"", ""01"", ""10"", ""41""]",38-34-03-01-10-41,2026-03-12,21:00,99658844.67,0
2DL-2PM,2D Lotto 2PM,"[""27"", ""30""]",27-30,2026-03-14,14:00,4000,5
3DL-2PM,3D Lotto 2PM,"[""6"", ""0"", ""6""]",6-0-6,2026-03-14,14:00,4500,7
2DL-5PM,2D Lotto 5PM,"[""18"", ""06""]",18-06,2026-03-14,17:00,4000,4
3DL-5PM,3D Lotto 5PM,"[""6"", ""2"", ""7""]",6-2-7,2026-03-14,17:00,4500,3
2DL-9PM,2D Lotto 9PM,"[""30"", ""15""]",30-15,2026-03-14,21:00,4000,16
3DL-9PM,3D Lotto 9PM,"[""1"", ""1"", ""8""]",1-1-8,2026-03-14,21:00,4500,15
6DL,6D Lotto,"[""6"", ""8"", ""2"", ""6"", ""2"", ""7""]",6-8-2-6-2-7,2026-03-14,21:00,967754.6,0
GL55,Grand Lotto 6/55,"[""24"", ""33"", ""48"", ""42"", ""05"", ""22""]",24-33-48-42-05-22,2026-03-14,21:00,45000000,0
LOTTO42,Lotto 6/42,"[""26"", ""13"", ""35"", ""11"", ""18"", ""32""]",26-13-35-11-18-32,2026-03-14,21:00,10000000,0
2DL-2PM,2D Lotto 2PM,"[""09"", ""07""]",09-07,2026-03-15,14:00,4000,7
2DL-5PM,2D Lotto 5PM,"[""19"", ""31""]",19-31,2026-03-15,17:00,4000,1
3DL-5PM,3D Lotto 5PM,"[""7"", ""9"", ""6""]",7-9-6,2026-03-15,17:00,4500,1
2DL-9PM,2D Lotto 9PM,"[""20"", ""20""]",20-20,2026-03-15,21:00,4000,3
3DL-9PM,3D Lotto 9PM,"[""1"", ""1"", ""8""]",1-1-8,2026-03-15,21:00,4500,10
SL49,Superlotto 6/49,"[""23"", ""09"", ""25"", ""32"", ""22"", ""24""]",23-09-25-32-22-24,2026-03-15,21:00,112171638.12,0
UL58,Ultra Lotto 6/58,"[""51"", ""54"", ""37"", ""36"", ""42"", ""57""]",51-54-37-36-42-57,2026-03-15,21:00,92255713.46,0
2DL-2PM,2D Lotto 2PM,"[""18"", ""07""]",18-07,2026-03-16,14:00,4000,6
2DL-9PM,2D Lotto 9PM,"[""31"", ""01""]",31-01,2026-03-16,21:00,4000,3
3DL-9PM,3D Lotto 9PM,"[""4"", ""7"", ""8""]",4-7-8,2026-03-16,21:00,4500,31
4DL,4D Lotto,"[""5"", ""4"", ""8"", ""4""]",5-4-8-4,2026-03-16,21:00,953472,32
GL55,Grand Lotto 6/55,"[""42"", ""27"", ""16"", ""54"", ""50"", ""20""]",42-27-16-54-50-20,2026-03-16,21:00,45000000,0
ML45,Megalotto 6/45,"[""45"", ""34"", ""06"", ""14"", ""24"", ""08""]",45-34-06-14-24-08,2026-03-16,21:00,20803484,1
2DL-9PM,2D Lotto 9PM,"[""12"", ""31""]",12-31,2026-03-17,21:00,4000,6
3DL-9PM,3D Lotto 9PM,"[""4"", ""4"", ""9""]",4-4-9,2026-03-17,21:00,4500,8
6DL,6D Lotto,"[""1"", ""8"", ""3"", ""4"", ""2"", ""1""]",1-8-3-4-2-1,2026-03-17,21:00,1255019.68,0
LOTTO42,Lotto 6/42,"[""17"", ""36"", ""05"", ""07"", ""08"", ""38""]",17-36-05-07-08-38,2026-03-17,21:00,12747984.35,0
SL49,Superlotto 6/49,"[""33"", ""09"", ""22"", ""37"", ""44"", ""25""]",33-09-22-37-44-25,2026-03-17,21:00,117854307.91,0
UL58,Ultra Lotto 6/58,"[""29"", ""52"", ""49"", ""55"", ""25"", ""09""]",29-52-49-55-25-09,2026-03-17,21:00,100331631.91,1
2DL-2PM,2D Lotto 2PM,"[""20"", ""14""]",20-14,2026-03-18,14:00,4000,13
2DL-9PM,2D Lotto 9PM,"[""31"", ""02""]",31-02,2026-03-18,21:00,4000,8
3DL-9PM,3D Lotto 9PM,"[""5"", ""5"", ""9""]",5-5-9,2026-03-18,21:00,4500,3
4DL,4D Lotto,"[""5"", ""5"", ""6"", ""4""]",5-5-6-4,2026-03-18,21:00,848172,13
GL55,Grand Lotto 6/55,"[""05"", ""06"", ""15"", ""53"", ""17"", ""55""]",05-06-15-53-17-55,2026-03-18,21:00,45000000,0
ML45,Megalotto 6/45,"[""10"", ""34"", ""01"", ""12"", ""45"", ""41""]",10-34-01-12-45-41,2026-03-18,21:00,15000000,0
2DL-9PM,2D Lotto 9PM,"[""27"", ""28""]",27-28,2026-03-19,21:00,4000,2
3DL-9PM,3D Lotto 9PM,"[""6"", ""2"", ""3""]",6-2-3,2026-03-19,21:00,4500,21
6DL,6D Lotto,"[""8"", ""7"", ""0"", ""5"", ""6"", ""8""]",8-7-0-5-6-8,2026-03-19,21:00,1909936.6,0
LOTTO42,Lotto 6/42,"[""25"", ""29"", ""17"", ""41"", ""23"", ""13""]",25-29-17-41-23-13,2026-03-19,21:00,15639575.61,0
SL49,Superlotto 6/49,"[""21"", ""20"", ""32"", ""04"", ""43"", ""13""]",21-20-32-04-43-13,2026-03-19,21:00,124187419.45,0
2DL-2PM,2D Lotto 2PM,"[""11"", ""14""]",11-14,2026-03-20,14:00,4000,13
2DL-5PM,2D Lotto 5PM,"[""14"", ""19""]",14-19,2026-03-20,17:00,4000,0
2DL-9PM,2D Lotto 9PM,"[""24"", ""09""]",24-09,2026-03-20,21:00,4000,8
3DL-9PM,3D Lotto 9PM,"[""0"", ""1"", ""3""]",0-1-3,2026-03-20,21:00,4500,16
4DL,4D Lotto,"[""0"", ""5"", ""8"", ""0""]",0-5-8-0,2026-03-20,21:00,893820,10
ML45,Megalotto 6/45,"[""31"", ""28"", ""19"", ""25"", ""04"", ""03""]",31-28-19-25-04-03,2026-03-20,21:00,15000000,0
UL58,Ultra Lotto 6/58,"[""47"", ""19"", ""23"", ""34"", ""20"", ""37""]",47-19-23-34-20-37,2026-03-20,21:00,75000000,0
2DL-5PM,2D Lotto 5PM,"[""08"", ""14""]",08-14,2026-03-21,17:00,4000,4
2DL-9PM,2D Lotto 9PM,"[""25"", ""26""]",25-26,2026-03-21,21:00,4000,11
3DL-9PM,3D Lotto 9PM,"[""5"", ""3"", ""7""]",5-3-7,2026-03-21,21:00,4500,22
6DL,6D Lotto,"[""3"", ""8"", ""0"", ""0"", ""4"", ""6""]",3-8-0-0-4-6,2026-03-21,21:00,2677569.24,0
GL55,Grand Lotto 6/55,"[""02"", ""18"", ""47"", ""12"", ""32"", ""11""]",02-18-47-12-32-11,2026-03-21,21:00,45000000,0
LOTTO42,Lotto 6/42,"[""18"", ""12"", ""37"", ""02"", ""30"", ""24""]",18-12-37-02-30-24,2026-03-21,21:00,10000000,0
2DL-2PM,2D Lotto 2PM,"[""28"", ""30""]",28-30,2026-03-22,14:00,4000,0
2DL-9PM,2D Lotto 9PM,"[""02"", ""30""]",02-30,2026-03-22,21:00,4000,8
3DL-9PM,3D Lotto 9PM,"[""4"", ""3"", ""2""]",4-3-2,2026-03-22,21:00,4500,12
SL49,Superlotto 6/49,"[""31"", ""16"", ""45"", ""10"", ""47"", ""32""]",31-16-45-10-47-32,2026-03-22,21:00,124187419.45,0
UL58,Ultra Lotto 6/58,"[""14"", ""08"", ""22"", ""50"", ""58"", ""19""]",14-08-22-50-58-19,2026-03-22,21:00,75000000,0
2DL-5PM,2D Lotto 5PM,"[""23"", ""27""]",23-27,2026-03-23,17:00,4000,1
2DL-9PM,2D Lotto 9PM,"[""08"", ""16""]",08-16,2026-03-23,21:00,4000,9
3DL-9PM,3D Lotto 9PM,"[""2"", ""0"", ""6""]",2-0-6,2026-03-23,21:00,4500,14
4DL,4D Lotto,"[""4"", ""1"", ""4"", ""4""]",4-1-4-4,2026-03-23,21:00,668984,34
GL55,Grand Lotto 6/55,"[""43"", ""33"", ""10"", ""26"", ""42"", ""14""]",43-33-10-26-42-14,2026-03-23,21:00,45000000,0
ML45,Megalotto 6/45,"[""24"", ""43"", ""28"", ""08"", ""04"", ""27""]",24-43-28-08-04-27,2026-03-23,21:00,15000000,0
2DL-9PM,2D Lotto 9PM,"[""21"", ""30""]",21-30,2026-03-24,21:00,4000,11
3DL-9PM,3D Lotto 9PM,"[""2"", ""5"", ""5""]",2-5-5,2026-03-24,21:00,4500,14
6DL,6D Lotto,"[""8"", ""7"", ""4"", ""4"", ""4"", ""6""]",8-7-4-4-4-6,2026-03-24,21:00,3333865.8,0
LOTTO42,Lotto 6/42,"[""13"", ""41"", ""27"", ""29"", ""42"", ""08""]",13-41-27-29-42-08,2026-03-24,21:00,10000000,0
SL49,Superlotto 6/49,"[""31"", ""16"", ""32"", ""19"", ""45"", ""26""]",31-16-32-19-45-26,2026-03-24,21:00,137337665.06,0
UL58,Ultra Lotto 6/58,"[""16"", ""20"", ""12"", ""18"", ""48"", ""50""]",16-20-12-18-48-50,2026-03-24,21:00,75000000,0
2DL-2PM,2D Lotto 2PM,"[""24"", ""12""]",24-12,2026-03-25,14:00,4000,4
2DL-5PM,2D Lotto 5PM,"[""09"", ""14""]",09-14,2026-03-25,17:00,4000,5
2DL-9PM,2D Lotto 9PM,"[""13"", ""25""]",13-25,2026-03-25,21:00,4000,23
3DL-9PM,3D Lotto 9PM,"[""4"", ""4"", ""3""]",4-4-3,2026-03-25,21:00,4500,0
4DL,4D Lotto,"[""0"", ""3"", ""0"", ""2""]",0-3-0-2,2026-03-25,21:00,873126,37
GL55,Grand Lotto 6/55,"[""29"", ""25"", ""44"", ""39"", ""13"", ""05""]",29-25-44-39-13-05,2026-03-25,21:00,45000000,0
ML45,Megalotto 6/45,"[""17"", ""24"", ""15"", ""29"", ""10"", ""05""]",17-24-15-29-10-05,2026-03-25,21:00,15000000,0
2DL-2PM,2D Lotto 2PM,"[""15"", ""28""]",15-28,2026-03-26,14:00,4000,3
2DL-9PM,2D Lotto 9PM,"[""31"", ""28""]",31-28,2026-03-26,21:00,4000,4
3DL-9PM,3D Lotto 9PM,"[""9"", ""3"", ""4""]",9-3-4,2026-03-26,21:00,4500,17
6DL,6D Lotto,"[""1"", ""7"", ""8"", ""9"", ""4"", ""7""]",1-7-8-9-4-7,2026-03-26,21:00,3954081.52,0
LOTTO42,Lotto 6/42,"[""29"", ""15"", ""03"", ""18"", ""23"", ""30""]",29-15-03-18-23-30,2026-03-26,21:00,10000000,0
SL49,Superlotto 6/49,"[""46"", ""04"", ""19"", ""25"", ""33"", ""02""]",46-04-19-25-33-02,2026-03-26,21:00,144085930.99,0
2DL-2PM,2D Lotto 2PM,"[""08"", ""31""]",08-31,2026-03-27,14:00,4000,5
2DL-5PM,2D Lotto 5PM,"[""02"", ""17""]",02-17,2026-03-27,17:00,4000,2
2DL-9PM,2D Lotto 9PM,"[""25"", ""09""]",25-09,2026-03-27,21:00,4000,8
3DL-9PM,3D Lotto 9PM,"[""5"", ""3"", ""4""]",5-3-4,2026-03-27,21:00,4500,56
4DL,4D Lotto,"[""9"", ""5"", ""7"", ""6""]",9-5-7-6,2026-03-27,21:00,910793,13
ML45,Megalotto 6/45,"[""19"", ""38"", ""36"", ""31"", ""27"", ""02""]",19-38-36-31-27-02,2026-03-27,21:00,15000000,0
UL58,Ultra Lotto 6/58,"[""12"", ""57"", ""16"", ""01"", ""42"", ""51""]",12-57-16-01-42-51,2026-03-27,21:00,75000000,0
2DL-2PM,2D Lotto 2PM,"[""05"", ""02""]",05-02,2026-03-28,14:00,4000,6
2DL-5PM,2D Lotto 5PM,"[""09"", ""09""]",09-09,2026-03-28,17:00,4000,7
2DL-9PM,2D Lotto 9PM,"[""22"", ""19""]",22-19,2026-03-28,21:00,4000,4
3DL-9PM,3D Lotto 9PM,"[""4"", ""1"", ""2""]",4-1-2,2026-03-28,21:00,4500,23
6DL,6D Lotto,"[""5"", ""5"", ""8"", ""0"", ""2"", ""2""]",5-5-8-0-2-2,2026-03-28,21:00,4614173.28,0
GL55,Grand Lotto 6/55,"[""01"", ""18"", ""51"", ""19"", ""21"", ""05""]",01-18-51-19-21-05,2026-03-28,21:00,45000000,0
LOTTO42,Lotto 6/42,"[""11"", ""23"", ""09"", ""05"", ""01"", ""03""]",11-23-09-05-01-03,2026-03-28,21:00,10000000,0
2DL-2PM,2D Lotto 2PM,"[""26"", ""31""]",26-31,2026-03-29,14:00,4000,2
2DL-5PM,2D Lotto 5PM,"[""29"", ""23""]",29-23,2026-03-29,17:00,4000,6
2DL-9PM,2D Lotto 9PM,"[""26"", ""01""]",26-01,2026-03-29,21:00,4000,8
3DL-9PM,3D Lotto 9PM,"[""6"", ""8"", ""1""]",6-8-1,2026-03-29,21:00,4500,31
SL49,Superlotto 6/49,"[""15"", ""09"", ""33"", ""18"", ""22"", ""06""]",15-09-33-18-22-06,2026-03-29,21:00,151405859.6,0
UL58,Ultra Lotto 6/58,"[""45"", ""49"", ""34"", ""52"", ""09"", ""28""]",45-49-34-52-09-28,2026-03-29,21:00,75000000,0
2DL-2PM,2D Lotto 2PM,"[""17"", ""22""]",17-22,2026-03-30,14:00,4000,1
2DL-9PM,2D Lotto 9PM,"[""24"", ""08""]",24-08,2026-03-30,21:00,4000,8
3DL-9PM,3D Lotto 9PM,"[""9"", ""5"", ""9""]",9-5-9,2026-03-30,21:00,4500,7
4DL,4D Lotto,"[""3"", ""6"", ""7"", ""7""]",3-6-7-7,2026-03-30,21:00,798264,12
GL55,Grand Lotto 6/55,"[""27"", ""34"", ""31"", ""54"", ""23"", ""03""]",27-34-31-54-23-03,2026-03-30,21:00,45000000,0
ML45,Megalotto 6/45,"[""03"", ""27"", ""24"", ""07"", ""43"", ""13""]",03-27-24-07-43-13,2026-03-30,21:00,15000000,0
2DL-2PM,2D Lotto 2PM,"[""18"", ""13""]",18-13,2026-03-31,14:00,4000,6
2DL-9PM,2D Lotto 9PM,"[""08"", ""20""]",08-20,2026-03-31,21:00,4000,13
3DL-9PM,3D Lotto 9PM,"[""0"", ""9"", ""4""]",0-9-4,2026-03-31,21:00,4500,12
6DL,6D Lotto,"[""8"", ""3"", ""7"", ""4"", ""1"", ""7""]",8-3-7-4-1-7,2026-03-31,21:00,5033295,1
LOTTO42,Lotto 6/42,"[""16"", ""22"", ""03"", ""30"", ""36"", ""04""]",16-22-03-30-36-04,2026-03-31,21:00,10000000,0
SL49,Superlotto 6/49,"[""22"", ""42"", ""18"", ""28"", ""08"", ""17""]",22-42-18-28-08-17,2026-03-31,21:00,157949154.16,0
UL58,Ultra Lotto 6/58,"[""36"", ""07"", ""29"", ""26"", ""58"", ""09""]",36-07-29-26-58-09,2026-03-31,21:00,75000000,0
2DL-5PM,2D Lotto 5PM,"[""11"", ""31""]",11-31,2026-04-01,17:00,4000,3
3DL-5PM,3D Lotto 5PM,"[""8"", ""9"", ""7""]",8-9-7,2026-04-01,17:00,4500,4
2DL-9PM,2D Lotto 9PM,"[""07"", ""01""]",07-01,2026-04-01,21:00,4000,18
3DL-9PM,3D Lotto 9PM,"[""5"", ""4"", ""1""]",5-4-1,2026-04-01,21:00,4500,19
4DL,4D Lotto,"[""7"", ""5"", ""0"", ""2""]",7-5-0-2,2026-04-01,21:00,890640,20
GL55,Grand Lotto 6/55,"[""32"", ""42"", ""17"", ""55"", ""50"", ""19""]",32-42-17-55-50-19,2026-04-01,21:00,45000000,0
ML45,Megalotto 6/45,"[""20"", ""11"", ""17"", ""16"", ""03"", ""37""]",20-11-17-16-03-37,2026-04-01,21:00,15000000,0
2DL-9PM,2D Lotto 9PM,"[""06"", ""24""]",06-24,2026-04-05,21:00,4000,11
3DL-9PM,3D Lotto 9PM,"[""2"", ""7"", ""8""]",2-7-8,2026-04-05,21:00,4500,5
SL49,Superlotto 6/49,"[""39"", ""30"", ""18"", ""29"", ""44"", ""42""]",39-30-18-29-44-42,2026-04-05,21:00,164359332.52,0
UL58,Ultra Lotto 6/58,"[""33"", ""40"", ""53"", ""22"", ""32"", ""08""]",33-40-53-22-32-08,2026-04-05,21:00,75000000,0
2DL-2PM,2D Lotto 2PM,"[""14"", ""20""]",14-20,2026-04-06,14:00,4000,3
2DL-9PM,2D Lotto 9PM,"[""20"", ""19""]",20-19,2026-04-06,21:00,4000,5
3DL-9PM,3D Lotto 9PM,"[""6"", ""3"", ""5""]",6-3-5,2026-04-06,21:00,4500,10
4DL,4D Lotto,"[""8"", ""4"", ""5"", ""5""]",8-4-5-5,2026-04-06,21:00,799857,9
GL55,Grand Lotto 6/55,"[""54"", ""28"", ""47"", ""36"", ""35"", ""29""]",54-28-47-36-35-29,2026-04-06,21:00,45000000,0
ML45,Megalotto 6/45,"[""13"", ""33"", ""37"", ""10"", ""44"", ""19""]",13-33-37-10-44-19,2026-04-06,21:00,15000000,0
2DL-2PM,2D Lotto 2PM,"[""01"", ""28""]",01-28,2026-04-07,14:00,4000,8
2DL-5PM,2D Lotto 5PM,"[""03"", ""20""]",03-20,2026-04-07,17:00,4000,8
2DL-9PM,2D Lotto 9PM,"[""21"", ""23""]",21-23,2026-04-07,21:00,4000,7
3DL-9PM,3D Lotto 9PM,"[""0"", ""8"", ""2""]",0-8-2,2026-04-07,21:00,4500,14
6DL,6D Lotto,"[""2"", ""4"", ""0"", ""7"", ""7"", ""5""]",2-4-0-7-7-5,2026-04-07,21:00,150000,0
LOTTO42,Lotto 6/42,"[""06"", ""37"", ""23"", ""02"", ""39"", ""31""]",06-37-23-02-39-31,2026-04-07,21:00,10000000,0
SL49,Superlotto 6/49,"[""25"", ""04"", ""46"", ""44"", ""28"", ""36""]",25-04-46-44-28-36,2026-04-07,21:00,171028544.44,1
UL58,Ultra Lotto 6/58,"[""17"", ""31"", ""50"", ""43"", ""15"", ""10""]",17-31-50-43-15-10,2026-04-07,21:00,75000000,0
2DL-2PM,2D Lotto 2PM,"[""21"", ""16""]",21-16,2026-04-08,14:00,4000,9
2DL-5PM,2D Lotto 5PM,"[""02"", ""31""]",02-31,2026-04-08,17:00,4000,0
2DL-9PM,2D Lotto 9PM,"[""02"", ""03""]",02-03,2026-04-08,21:00,4000,17
3DL-9PM,3D Lotto 9PM,"[""7"", ""3"", ""0""]",7-3-0,2026-04-08,21:00,4500,16
4DL,4D Lotto,"[""3"", ""1"", ""6"", ""1""]",3-1-6-1,2026-04-08,21:00,765380,14
GL55,Grand Lotto 6/55,"[""23"", ""24"", ""09"", ""40"", ""13"", ""17""]",23-24-09-40-13-17,2026-04-08,21:00,45000000,0
ML45,Megalotto 6/45,"[""22"", ""25"", ""37"", ""15"", ""05"", ""28""]",22-25-37-15-05-28,2026-04-08,21:00,15000000,0
2DL-2PM,2D Lotto 2PM,"[""11"", ""05""]",11-05,2026-04-09,14:00,4000,16
2DL-9PM,2D Lotto 9PM,"[""06"", ""11""]",06-11,2026-04-09,21:00,4000,23
3DL-9PM,3D Lotto 9PM,"[""7"", ""4"", ""9""]",7-4-9,2026-04-09,21:00,4500,18
6DL,6D Lotto,"[""2"", ""4"", ""1"", ""4"", ""2"", ""9""]",2-4-1-4-2-9,2026-04-09,21:00,386391.96,0
LOTTO42,Lotto 6/42,"[""41"", ""38"", ""03"", ""05"", ""11"", ""06""]",41-38-03-05-11-06,2026-04-09,21:00,10000000,0
SL49,Superlotto 6/49,"[""10"", ""27"", ""28"", ""02"", ""14"", ""06""]",10-27-28-02-14-06,2026-04-09,21:00,25000000,0
2DL-2PM,2D Lotto 2PM,"[""01"", ""20""]",01-20,2026-04-10,14:00,4000,1
3DL-2PM,3D Lotto 2PM,"[""9"", ""7"", ""9""]",9-7-9,2026-04-10,14:00,4500,1
2DL-5PM,2D Lotto 5PM,"[""15"", ""20""]",15-20,2026-04-10,17:00,4000,3
3DL-5PM,3D Lotto 5PM,"[""4"", ""7"", ""6""]",4-7-6,2026-04-10,17:00,4500,5
2DL-9PM,2D Lotto 9PM,"[""10"", ""12""]",10-12,2026-04-10,21:00,4000,6
3DL-9PM,3D Lotto 9PM,"[""4"", ""7"", ""3""]",4-7-3,2026-04-10,21:00,4500,7
4DL,4D Lotto,"[""1"", ""6"", ""9"", ""0""]",1-6-9-0,2026-04-10,21:00,975750,15
ML45,Megalotto 6/45,"[""16"", ""19"", ""09"", ""07"", ""05"", ""44""]",16-19-09-07-05-44,2026-04-10,21:00,16222728.43,0
UL58,Ultra Lotto 6/58,"[""50"", ""06"", ""14"", ""24"", ""57"", ""38""]",50-06-14-24-57-38,2026-04-10,21:00,75000000,0
2DL-2PM,2D Lotto 2PM,"[""07"", ""03""]",07-03,2026-04-11,14:00,4000,12
2DL-9PM,2D Lotto 9PM,"[""28"", ""08""]",28-08,2026-04-11,21:00,4000,6
3DL-9PM,3D Lotto 9PM,"[""4"", ""1"", ""9""]",4-1-9,2026-04-11,21:00,4500,22
6DL,6D Lotto,"[""0"", ""4"", ""0"", ""6"", ""1"", ""4""]",0-4-0-6-1-4,2026-04-11,21:00,436391,1
GL55,Grand Lotto 6/55,"[""52"", ""10"", ""50"", ""53"", ""26"", ""28""]",52-10-50-53-26-28,2026-04-11,21:00,45000000,0
LOTTO42,Lotto 6/42,"[""20"", ""17"", ""39"", ""35"", ""10"", ""34""]",20-17-39-35-10-34,2026-04-11,21:00,10000000,0
2DL-2PM,2D Lotto 2PM,"[""01"", ""21""]",01-21,2026-04-12,14:00,4000,3
2DL-9PM,2D Lotto 9PM,"[""02"", ""21""]",02-21,2026-04-12,21:00,4000,3
3DL-9PM,3D Lotto 9PM,"[""2"", ""1"", ""1""]",2-1-1,2026-04-12,21:00,4500,15
SL49,Superlotto 6/49,"[""49"", ""29"", ""07"", ""26"", ""43"", ""48""]",49-29-07-26-43-48,2026-04-12,21:00,25000000,0
UL58,Ultra Lotto 6/58,"[""02"", ""21"", ""42"", ""34"", ""31"", ""08""]",02-21-42-34-31-08,2026-04-12,21:00,75000000,0
2DL-5PM,2D Lotto 5PM,"[""29"", ""17""]",29-17,2026-04-13,17:00,4000,0
2DL-9PM,2D Lotto 9PM,"[""01"", ""19""]",01-19,2026-04-13,21:00,4000,5
3DL-9PM,3D Lotto 9PM,"[""7"", ""5"", ""0""]",7-5-0,2026-04-13,21:00,4500,0
4DL,4D Lotto,"[""6"", ""6"", ""0"", ""7""]",6-6-0-7,2026-04-13,21:00,881310,10
GL55,Grand Lotto 6/55,"[""51"", ""54"", ""39"", ""50"", ""24"", ""40""]",51-54-39-50-24-40,2026-04-13,21:00,48290931.86,0
ML45,Megalotto 6/45,"[""39"", ""19"", ""26"", ""17"", ""02"", ""44""]",39-19-26-17-02-44,2026-04-13,21:00,19548917.9,0
2DL-5PM,2D Lotto 5PM,"[""14"", ""07""]",14-07,2026-04-14,17:00,4000,13
3DL-5PM,3D Lotto 5PM,"[""3"", ""6"", ""8""]",3-6-8,2026-04-14,17:00,4500,30
2DL-9PM,2D Lotto 9PM,"[""30"", ""31""]",30-31,2026-04-14,21:00,4000,6
3DL-9PM,3D Lotto 9PM,"[""7"", ""6"", ""0""]",7-6-0,2026-04-14,21:00,4500,1
6DL,6D Lotto,"[""3"", ""8"", ""0"", ""0"", ""1"", ""2""]",3-8-0-0-1-2,2026-04-14,21:00,276942.4,0
LOTTO42,Lotto 6/42,"[""15"", ""09"", ""17"", ""12"", ""10"", ""07""]",15-09-17-12-10-07,2026-04-14,21:00,10000000,0
SL49,Superlotto 6/49,"[""23"", ""47"", ""11"", ""35"", ""38"", ""20""]",23-47-11-35-38-20,2026-04-14,21:00,25000000,0
UL58,Ultra Lotto 6/58,"[""30"", ""19"", ""20"", ""58"", ""09"", ""22""]",30-19-20-58-09-22,2026-04-14,21:00,75000000,0
2DL-2PM,2D Lotto 2PM,"[""02"", ""07""]",02-07,2026-04-15,14:00,4000,19
2DL-5PM,2D Lotto 5PM,"[""14"", ""17""]",14-17,2026-04-15,17:00,4000,4
2DL-9PM,2D Lotto 9PM,"[""21"", ""13""]",21-13,2026-04-15,21:00,4000,8
3DL-9PM,3D Lotto 9PM,"[""2"", ""5"", ""0""]",2-5-0,2026-04-15,21:00,4500,8
4DL,4D Lotto,"[""7"", ""5"", ""7"", ""8""]",7-5-7-8,2026-04-15,21:00,858000,25
GL55,Grand Lotto 6/55,"[""32"", ""43"", ""20"", ""46"", ""09"", ""15""]",32-43-20-46-09-15,2026-04-15,21:00,51762661.04,0
ML45,Megalotto 6/45,"[""27"", ""21"", ""26"", ""37"", ""39"", ""43""]",27-21-26-37-39-43,2026-04-15,21:00,23059737.57,0
2DL-2PM,2D Lotto 2PM,"[""02"", ""11""]",02-11,2026-04-16,14:00,4000,15
2DL-5PM,2D Lotto 5PM,"[""07"", ""28""]",07-28,2026-04-16,17:00,4000,6
2DL-9PM,2D Lotto 9PM,"[""27"", ""04""]",27-04,2026-04-16,21:00,4000,29
3DL-9PM,3D Lotto 9PM,"[""8"", ""6"", ""8""]",8-6-8,2026-04-16,21:00,4500,5
6DL,6D Lotto,"[""6"", ""7"", ""0"", ""5"", ""3"", ""4""]",6-7-0-5-3-4,2026-04-16,21:00,679368.32,0
LOTTO42,Lotto 6/42,"[""42"", ""41"", ""17"", ""27"", ""06"", ""07""]",42-41-17-27-06-07,2026-04-16,21:00,10000000,0
SL49,Superlotto 6/49,"[""27"", ""35"", ""24"", ""31"", ""09"", ""34""]",27-35-24-31-09-34,2026-04-16,21:00,25000000,0
2DL-5PM,2D Lotto 5PM,"[""18"", ""04""]",18-04,2026-04-17,17:00,4000,39
3DL-5PM,3D Lotto 5PM,"[""4"", ""7"", ""0""]",4-7-0,2026-04-17,17:00,4500,2
2DL-9PM,2D Lotto 9PM,"[""09"", ""02""]",09-02,2026-04-17,21:00,4000,10
3DL-9PM,3D Lotto 9PM,"[""6"", ""7"", ""2""]",6-7-2,2026-04-17,21:00,4500,2
4DL,4D Lotto,"[""8"", ""9"", ""3"", ""3""]",8-9-3-3,2026-04-17,21:00,918060,13
ML45,Megalotto 6/45,"[""41"", ""12"", ""32"", ""08"", ""30"", ""24""]",41-12-32-08-30-24,2026-04-17,21:00,26616490.02,0
UL58,Ultra Lotto 6/58,"[""24"", ""28"", ""20"", ""52"", ""26"", ""36""]",24-28-20-52-26-36,2026-04-17,21:00,75000000,0
2DL-2PM,2D Lotto 2PM,"[""03"", ""16""]",03-16,2026-04-18,14:00,4000,13
2DL-9PM,2D Lotto 9PM,"[""04"", ""06""]",04-06,2026-04-18,21:00,4000,3
3DL-9PM,3D Lotto 9PM,"[""6"", ""5"", ""0""]",6-5-0,2026-04-18,21:00,4500,18
6DL,6D Lotto,"[""5"", ""0"", ""3"", ""2"", ""4"", ""2""]",5-0-3-2-4-2,2026-04-18,21:00,1283325.68,0
GL55,Grand Lotto 6/55,"[""04"", ""25"", ""09"", ""54"", ""15"", ""31""]",04-25-09-54-15-31,2026-04-18,21:00,55224665.03,0
LOTTO42,Lotto 6/42,"[""21"", ""35"", ""29"", ""05"", ""36"", ""37""]",21-35-29-05-36-37,2026-04-18,21:00,11897182.5,0
2DL-5PM,2D Lotto 5PM,"[""11"", ""31""]",11-31,2026-04-19,17:00,4000,1
2DL-9PM,2D Lotto 9PM,"[""01"", ""13""]",01-13,2026-04-19,21:00,4000,2
3DL-9PM,3D Lotto 9PM,"[""5"", ""3"", ""1""]",5-3-1,2026-04-19,21:00,4500,13
SL49,Superlotto 6/49,"[""16"", ""43"", ""21"", ""35"", ""14"", ""37""]",16-43-21-35-14-37,2026-04-19,21:00,25000000,0
UL58,Ultra Lotto 6/58,"[""40"", ""50"", ""13"", ""33"", ""15"", ""58""]",40-50-13-33-15-58,2026-04-19,21:00,75000000,0
2DL-9PM,2D Lotto 9PM,"[""11"", ""22""]",11-22,2026-04-20,21:00,4000,9
3DL-9PM,3D Lotto 9PM,"[""6"", ""7"", ""0""]",6-7-0,2026-04-20,21:00,4500,2
4DL,4D Lotto,"[""5"", ""8"", ""7"", ""4""]",5-8-7-4,2026-04-20,21:00,891336,24
GL55,Grand Lotto 6/55,"[""33"", ""36"", ""17"", ""40"", ""22"", ""45""]",33-36-17-40-22-45,2026-04-20,21:00,58762800.2,0
ML45,Megalotto 6/45,"[""34"", ""12"", ""29"", ""08"", ""27"", ""17""]",34-12-29-08-27-17,2026-04-20,21:00,30311222.26,0
2DL-9PM,2D Lotto 9PM,"[""15"", ""01""]",15-01,2026-04-21,21:00,4000,4
3DL-9PM,3D Lotto 9PM,"[""9"", ""1"", ""6""]",9-1-6,2026-04-21,21:00,4500,27
6DL,6D Lotto,"[""1"", ""5"", ""9"", ""8"", ""0"", ""2""]",1-5-9-8-0-2,2026-04-21,21:00,1864623.16,0
LOTTO42,Lotto 6/42,"[""22"", ""04"", ""33"", ""11"", ""09"", ""15""]",22-04-33-11-09-15,2026-04-21,21:00,14893152.56,0
SL49,Superlotto 6/49,"[""45"", ""10"", ""36"", ""43"", ""13"", ""19""]",45-10-36-43-13-19,2026-04-21,21:00,25000000,0
UL58,Ultra Lotto 6/58,"[""58"", ""34"", ""43"", ""05"", ""40"", ""03""]",58-34-43-05-40-03,2026-04-21,21:00,75000000,0
2DL-9PM,2D Lotto 9PM,"[""24"", ""16""]",24-16,2026-04-22,21:00,4000,6
3DL-9PM,3D Lotto 9PM,"[""5"", ""0"", ""8""]",5-0-8,2026-04-22,21:00,4500,69
4DL,4D Lotto,"[""3"", ""7"", ""9"", ""1""]",3-7-9-1,2026-04-22,21:00,935364,6
GL55,Grand Lotto 6/55,"[""30"", ""43"", ""51"", ""44"", ""46"", ""32""]",30-43-51-44-46-32,2026-04-22,21:00,62292600.08,0
ML45,Megalotto 6/45,"[""10"", ""37"", ""11"", ""43"", ""18"", ""15""]",10-37-11-43-18-15,2026-04-22,21:00,34154880.29,0
2DL-5PM,2D Lotto 5PM,"[""06"", ""03""]",06-03,2026-04-23,17:00,4000,3
2DL-9PM,2D Lotto 9PM,"[""22"", ""06""]",22-06,2026-04-23,21:00,4000,8
3DL-9PM,3D Lotto 9PM,"[""2"", ""2"", ""9""]",2-2-9,2026-04-23,21:00,4500,13
6DL,6D Lotto,"[""3"", ""9"", ""0"", ""3"", ""6"", ""5""]",3-9-0-3-6-5,2026-04-23,21:00,2544480.8,0
LOTTO42,Lotto 6/42,"[""09"", ""23"", ""41"", ""37"", ""24"", ""10""]",09-23-41-37-24-10,2026-04-23,21:00,17860503.83,0
SL49,Superlotto 6/49,"[""11"", ""35"", ""40"", ""01"", ""18"", ""08""]",11-35-40-01-18-08,2026-04-23,21:00,25000000,0
2DL-2PM,2D Lotto 2PM,"[""12"", ""15""]",12-15,2026-04-24,14:00,4000,2
2DL-5PM,2D Lotto 5PM,"[""08"", ""19""]",08-19,2026-04-24,17:00,4000,12
2DL-9PM,2D Lotto 9PM,"[""26"", ""08""]",26-08,2026-04-24,21:00,4000,17
3DL-9PM,3D Lotto 9PM,"[""7"", ""3"", ""1""]",7-3-1,2026-04-24,21:00,4500,12
4DL,4D Lotto,"[""4"", ""2"", ""6"", ""7""]",4-2-6-7,2026-04-24,21:00,706916,28
ML45,Megalotto 6/45,"[""41"", ""15"", ""38"", ""11"", ""33"", ""43""]",41-15-38-11-33-43,2026-04-24,21:00,37882594.88,0
UL58,Ultra Lotto 6/58,"[""37"", ""42"", ""36"", ""21"", ""47"", ""27""]",37-42-36-21-47-27,2026-04-24,21:00,75000000,0
2DL-2PM,2D Lotto 2PM,"[""29"", ""21""]",29-21,2026-04-25,14:00,4000,4
2DL-5PM,2D Lotto 5PM,"[""03"", ""05""]",03-05,2026-04-25,17:00,4000,11
2DL-9PM,2D Lotto 9PM,"[""24"", ""21""]",24-21,2026-04-25,21:00,4000,10
3DL-9PM,3D Lotto 9PM,"[""9"", ""0"", ""5""]",9-0-5,2026-04-25,21:00,4500,7
6DL,6D Lotto,"[""9"", ""4"", ""0"", ""8"", ""5"", ""7""]",9-4-0-8-5-7,2026-04-25,21:00,3383904.64,0
GL55,Grand Lotto 6/55,"[""41"", ""43"", ""35"", ""15"", ""10"", ""40""]",41-43-35-15-10-40,2026-04-25,21:00,66008898.49,0
LOTTO42,Lotto 6/42,"[""26"", ""32"", ""19"", ""01"", ""22"", ""17""]",26-32-19-01-22-17,2026-04-25,21:00,21185563.23,0
2DL-9PM,2D Lotto 9PM,"[""24"", ""29""]",24-29,2026-04-26,21:00,4000,11
3DL-9PM,3D Lotto 9PM,"[""5"", ""6"", ""4""]",5-6-4,2026-04-26,21:00,4500,13
SL49,Superlotto 6/49,"[""44"", ""48"", ""09"", ""33"", ""01"", ""34""]",44-48-09-33-01-34,2026-04-26,21:00,25000000,0
UL58,Ultra Lotto 6/58,"[""48"", ""56"", ""29"", ""39"", ""55"", ""45""]",48-56-29-39-55-45,2026-04-26,21:00,75000000,0
2DL-2PM,2D Lotto 2PM,"[""31"", ""24""]",31-24,2026-04-27,14:00,4000,10
2DL-5PM,2D Lotto 5PM,"[""19"", ""09""]",19-09,2026-04-27,17:00,4000,3
2DL-9PM,2D Lotto 9PM,"[""18"", ""03""]",18-03,2026-04-27,21:00,4000,1
3DL-9PM,3D Lotto 9PM,"[""7"", ""8"", ""5""]",7-8-5,2026-04-27,21:00,4500,9
4DL,4D Lotto,"[""4"", ""6"", ""4"", ""7""]",4-6-4-7,2026-04-27,21:00,863940,34
GL55,Grand Lotto 6/55,"[""43"", ""19"", ""20"", ""12"", ""21"", ""51""]",43-19-20-12-21-51,2026-04-27,21:00,69508293.74,0
ML45,Megalotto 6/45,"[""06"", ""04"", ""05"", ""27"", ""34"", ""11""]",06-04-05-27-34-11,2026-04-27,21:00,41679165.33,0
2DL-5PM,2D Lotto 5PM,"[""10"", ""13""]",10-13,2026-04-28,17:00,4000,9
2DL-9PM,2D Lotto 9PM,"[""20"", ""30""]",20-30,2026-04-28,21:00,4000,17
3DL-9PM,3D Lotto 9PM,"[""6"", ""3"", ""0""]",6-3-0,2026-04-28,21:00,4500,18
6DL,6D Lotto,"[""8"", ""1"", ""5"", ""2"", ""1"", ""5""]",8-1-5-2-1-5,2026-04-28,21:00,3596241.68,0
LOTTO42,Lotto 6/42,"[""15"", ""09"", ""12"", ""16"", ""37"", ""35""]",15-09-12-16-37-35,2026-04-28,21:00,24655209.6,0
SL49,Superlotto 6/49,"[""27"", ""09"", ""34"", ""05"", ""16"", ""42""]",27-09-34-05-16-42,2026-04-28,21:00,30227489.87,0
UL58,Ultra Lotto 6/58,"[""09"", ""47"", ""32"", ""39"", ""45"", ""33""]",09-47-32-39-45-33,2026-04-28,21:00,75000000,0
2DL-5PM,2D Lotto 5PM,"[""12"", ""16""]",12-16,2026-04-29,17:00,4000,5
2DL-9PM,2D Lotto 9PM,"[""06"", ""14""]",06-14,2026-04-29,21:00,4000,10
3DL-9PM,3D Lotto 9PM,"[""4"", ""1"", ""7""]",4-1-7,2026-04-29,21:00,4500,26
4DL,4D Lotto,"[""5"", ""4"", ""8"", ""8""]",5-4-8-8,2026-04-29,21:00,813456,18
GL55,Grand Lotto 6/55,"[""42"", ""02"", ""54"", ""35"", ""41"", ""49""]",42-02-54-35-41-49,2026-04-29,21:00,73371278.43,0
ML45,Megalotto 6/45,"[""27"", ""35"", ""23"", ""22"", ""43"", ""33""]",27-35-23-22-43-33,2026-04-29,21:00,15000000,0
2DL-5PM,2D Lotto 5PM,"[""25"", ""10""]",25-10,2026-04-30,17:00,4000,4
2DL-9PM,2D Lotto 9PM,"[""05"", ""02""]",05-02,2026-04-30,21:00,4000,36
3DL-9PM,3D Lotto 9PM,"[""0"", ""6"", ""0""]",0-6-0,2026-04-30,21:00,4500,2
6DL,6D Lotto,"[""0"", ""0"", ""3"", ""7"", ""6"", ""0""]",0-0-3-7-6-0,2026-04-30,21:00,4369460.4,0
LOTTO42,Lotto 6/42,"[""07"", ""24"", ""41"", ""42"", ""29"", ""40""]",07-24-41-42-29-40,2026-04-30,21:00,27872450.5,0
SL49,Superlotto 6/49,"[""40"", ""41"", ""24"", ""23"", ""46"", ""42""]",40-41-24-23-46-42,2026-04-30,21:00,33781767.72,0
2DL-2PM,2D Lotto 2PM,"[""30"", ""21""]",30-21,2026-05-01,14:00,4000,0
2DL-5PM,2D Lotto 5PM,"[""05"", ""01""]",05-01,2026-05-01,17:00,4000,50
2DL-9PM,2D Lotto 9PM,"[""11"", ""12""]",11-12,2026-05-01,21:00,4000,7
3DL-9PM,3D Lotto 9PM,"[""5"", ""3"", ""5""]",5-3-5,2026-05-01,21:00,4500,5
4DL,4D Lotto,"[""7"", ""2"", ""6"", ""9""]",7-2-6-9,2026-05-01,21:00,790296,34
ML45,Megalotto 6/45,"[""19"", ""08"", ""23"", ""41"", ""04"", ""11""]",19-08-23-41-04-11,2026-05-01,21:00,15000000,0
UL58,Ultra Lotto 6/58,"[""53"", ""37"", ""16"", ""45"", ""05"", ""29""]",53-37-16-45-05-29,2026-05-01,21:00,75000000,0
2DL-9PM,2D Lotto 9PM,"[""12"", ""05""]",12-05,2026-05-02,21:00,4000,32
3DL-9PM,3D Lotto 9PM,"[""2"", ""7"", ""5""]",2-7-5,2026-05-02,21:00,4500,9
6DL,6D Lotto,"[""0"", ""1"", ""6"", ""9"", ""4"", ""9""]",0-1-6-9-4-9,2026-05-02,21:00,4889011.32,0
GL55,Grand Lotto 6/55,"[""48"", ""33"", ""17"", ""02"", ""37"", ""10""]",48-33-17-02-37-10,2026-05-02,21:00,77324854.25,0
LOTTO42,Lotto 6/42,"[""22"", ""34"", ""42"", ""19"", ""03"", ""25""]",22-34-42-19-03-25,2026-05-02,21:00,31621223.97,0
2DL-2PM,2D Lotto 2PM,"[""11"", ""28""]",11-28,2026-05-03,14:00,4000,2
2DL-5PM,2D Lotto 5PM,"[""14"", ""25""]",14-25,2026-05-03,17:00,4000,1
2DL-9PM,2D Lotto 9PM,"[""10"", ""09""]",10-09,2026-05-03,21:00,4000,10
3DL-9PM,3D Lotto 9PM,"[""7"", ""5"", ""0""]",7-5-0,2026-05-03,21:00,4500,34
SL49,Superlotto 6/49,"[""37"", ""35"", ""44"", ""47"", ""43"", ""14""]",37-35-44-47-43-14,2026-05-03,21:00,33781767.72,0
UL58,Ultra Lotto 6/58,"[""32"", ""53"", ""51"", ""15"", ""36"", ""17""]",32-53-51-15-36-17,2026-05-03,21:00,75000000,0
2DL-9PM,2D Lotto 9PM,"[""27"", ""15""]",27-15,2026-05-04,21:00,4000,15
3DL-9PM,3D Lotto 9PM,"[""9"", ""2"", ""4""]",9-2-4,2026-05-04,21:00,4500,3
4DL,4D Lotto,"[""9"", ""0"", ""0"", ""3""]",9-0-0-3,2026-05-04,21:00,740345,5
GL55,Grand Lotto 6/55,"[""33"", ""13"", ""47"", ""46"", ""17"", ""25""]",33-13-47-46-17-25,2026-05-04,21:00,81488086.77,0
ML45,Megalotto 6/45,"[""34"", ""28"", ""21"", ""41"", ""08"", ""05""]",34-28-21-41-08-05,2026-05-04,21:00,15000000,0
2DL-2PM,2D Lotto 2PM,"[""11"", ""03""]",11-03,2026-05-05,14:00,4000,15
2DL-5PM,2D Lotto 5PM,"[""16"", ""09""]",16-09,2026-05-05,17:00,4000,2
2DL-9PM,2D Lotto 9PM,"[""30"", ""23""]",30-23,2026-05-05,21:00,4000,1
3DL-9PM,3D Lotto 9PM,"[""3"", ""7"", ""6""]",3-7-6,2026-05-05,21:00,4500,11
6DL,6D Lotto,"[""6"", ""2"", ""0"", ""4"", ""9"", ""1""]",6-2-0-4-9-1,2026-05-05,21:00,4889011.32,0
LOTTO42,Lotto 6/42,"[""31"", ""28"", ""19"", ""03"", ""02"", ""04""]",31-28-19-03-02-04,2026-05-05,21:00,10000000,0
SL49,Superlotto 6/49,"[""44"", ""03"", ""08"", ""31"", ""06"", ""49""]",44-03-08-31-06-49,2026-05-05,21:00,37460171.7,0
UL58,Ultra Lotto 6/58,"[""01"", ""58"", ""25"", ""43"", ""26"", ""16""]",01-58-25-43-26-16,2026-05-05,21:00,75000000,0
2DL-2PM,2D Lotto 2PM,"[""13"", ""08""]",13-08,2026-05-06,14:00,4000,12
2DL-5PM,2D Lotto 5PM,"[""16"", ""26""]",16-26,2026-05-06,17:00,4000,4
2DL-9PM,2D Lotto 9PM,"[""06"", ""03""]",06-03,2026-05-06,21:00,4000,7
3DL-9PM,3D Lotto 9PM,"[""2"", ""7"", ""6""]",2-7-6,2026-05-06,21:00,4500,17
4DL,4D Lotto,"[""0"", ""9"", ""2"", ""6""]",0-9-2-6,2026-05-06,21:00,580000,58
GL55,Grand Lotto 6/55,"[""05"", ""40"", ""27"", ""24"", ""55"", ""22""]",05-40-27-24-55-22,2026-05-06,21:00,85767922.62,0
ML45,Megalotto 6/45,"[""01"", ""03"", ""24"", ""18"", ""11"", ""10""]",01-03-24-18-11-10,2026-05-06,21:00,15000000,0
2DL-2PM,2D Lotto 2PM,"[""28"", ""22""]",28-22,2026-05-07,14:00,4000,1
2DL-5PM,2D Lotto 5PM,"[""14"", ""17""]",14-17,2026-05-07,17:00,4000,2
2DL-9PM,2D Lotto 9PM,"[""19"", ""16""]",19-16,2026-05-07,21:00,4000,10
3DL-9PM,3D Lotto 9PM,"[""9"", ""4"", ""4""]",9-4-4,2026-05-07,21:00,4500,5
6DL,6D Lotto,"[""4"", ""0"", ""6"", ""8"", ""8"", ""7""]",4-0-6-8-8-7,2026-05-07,21:00,6600139.48,0
LOTTO42,Lotto 6/42,"[""28"", ""20"", ""36"", ""29"", ""11"", ""27""]",28-20-36-29-11-27,2026-05-07,21:00,10000000,0
SL49,Superlotto 6/49,"[""47"", ""11"", ""24"", ""33"", ""48"", ""02""]",47-11-24-33-48-02,2026-05-07,21:00,25000000,0
2DL-5PM,2D Lotto 5PM,"[""27"", ""07""]",27-07,2026-05-08,17:00,4000,3
2DL-9PM,2D Lotto 9PM,"[""29"", ""27""]",29-27,2026-05-08,21:00,4000,18
3DL-9PM,3D Lotto 9PM,"[""2"", ""1"", ""5""]",2-1-5,2026-05-08,21:00,4500,20
4DL,4D Lotto,"[""6"", ""3"", ""8"", ""9""]",6-3-8-9,2026-05-08,21:00,820725,31
ML45,Megalotto 6/45,"[""04"", ""32"", ""23"", ""12"", ""22"", ""09""]",04-32-23-12-22-09,2026-05-08,21:00,15000000,0
UL58,Ultra Lotto 6/58,"[""35"", ""20"", ""54"", ""51"", ""08"", ""02""]",35-20-54-51-08-02,2026-05-08,21:00,75000000,0
2DL-9PM,2D Lotto 9PM,"[""14"", ""25""]",14-25,2026-05-09,21:00,4000,34
3DL-9PM,3D Lotto 9PM,"[""7"", ""1"", ""2""]",7-1-2,2026-05-09,21:00,4500,20
6DL,6D Lotto,"[""3"", ""1"", ""7"", ""3"", ""2"", ""8""]",3-1-7-3-2-8,2026-05-09,21:00,7126947,0
GL55,Grand Lotto 6/55,"[""42"", ""48"", ""19"", ""43"", ""05"", ""02""]",42-48-19-43-05-02,2026-05-09,21:00,90484406.48,0
LOTTO42,Lotto 6/42,"[""27"", ""06"", ""42"", ""13"", ""12"", ""04""]",27-06-42-13-12-04,2026-05-09,21:00,10000000,0
2DL-2PM,2D Lotto 2PM,"[""23"", ""25""]",23-25,2026-05-10,14:00,4000,1
2DL-5PM,2D Lotto 5PM,"[""21"", ""27""]",21-27,2026-05-10,17:00,4000,1
2DL-9PM,2D Lotto 9PM,"[""21"", ""01""]",21-01,2026-05-10,21:00,4000,1
3DL-9PM,3D Lotto 9PM,"[""2"", ""6"", ""6""]",2-6-6,2026-05-10,21:00,4500,5
SL49,Superlotto 6/49,"[""03"", ""16"", ""11"", ""04"", ""14"", ""38""]",03-16-11-04-14-38,2026-05-10,21:00,25000000,0
UL58,Ultra Lotto 6/58,"[""54"", ""45"", ""08"", ""21"", ""52"", ""31""]",54-45-08-21-52-31,2026-05-10,21:00,75000000,0
2DL-9PM,2D Lotto 9PM,"[""01"", ""26""]",01-26,2026-05-11,21:00,4000,11
3DL-9PM,3D Lotto 9PM,"[""3"", ""0"", ""8""]",3-0-8,2026-05-11,21:00,4500,16
4DL,4D Lotto,"[""6"", ""5"", ""1"", ""6""]",6-5-1-6,2026-05-11,21:00,491130,18
GL55,Grand Lotto 6/55,"[""40"", ""52"", ""32"", ""46"", ""20"", ""07""]",40-52-32-46-20-07,2026-05-11,21:00,95026257.54,0
ML45,Megalotto 6/45,"[""19"", ""21"", ""39"", ""41"", ""38"", ""44""]",19-21-39-41-38-44,2026-05-11,21:00,15000000,0
2DL-9PM,2D Lotto 9PM,"[""28"", ""03""]",28-03,2026-05-12,21:00,4000,7
3DL-9PM,3D Lotto 9PM,"[""7"", ""0"", ""3""]",7-0-3,2026-05-12,21:00,4500,2
6DL,6D Lotto,"[""0"", ""6"", ""4"", ""0"", ""3"", ""7""]",0-6-4-0-3-7,2026-05-12,21:00,7984167.24,0
LOTTO42,Lotto 6/42,"[""41"", ""38"", ""12"", ""14"", ""37"", ""25""]",41-38-12-14-37-25,2026-05-12,21:00,10000000,0
SL49,Superlotto 6/49,"[""24"", ""15"", ""06"", ""44"", ""40"", ""23""]",24-15-06-44-40-23,2026-05-12,21:00,25000000,0
UL58,Ultra Lotto 6/58,"[""56"", ""16"", ""28"", ""36"", ""50"", ""25""]",56-16-28-36-50-25,2026-05-12,21:00,75000000,0
2DL-2PM,2D Lotto 2PM,"[""11"", ""26""]",11-26,2026-05-13,14:00,4000,0
2DL-5PM,2D Lotto 5PM,"[""13"", ""25""]",13-25,2026-05-13,17:00,4000,3
2DL-9PM,2D Lotto 9PM,"[""04"", ""02""]",04-02,2026-05-13,21:00,4000,18
3DL-9PM,3D Lotto 9PM,"[""0"", ""3"", ""8""]",0-3-8,2026-05-13,21:00,4500,29
4DL,4D Lotto,"[""0"", ""9"", ""9"", ""4""]",0-9-9-4,2026-05-13,21:00,883564,11
GL55,Grand Lotto 6/55,"[""39"", ""29"", ""45"", ""02"", ""38"", ""43""]",39-29-45-02-38-43,2026-05-13,21:00,95026257.54,0
ML45,Megalotto 6/45,"[""31"", ""33"", ""45"", ""29"", ""16"", ""23""]",31-33-45-29-16-23,2026-05-13,21:00,15000000,0
2DL-9PM,2D Lotto 9PM,"[""13"", ""25""]",13-25,2026-05-14,21:00,4000,5
3DL-9PM,3D Lotto 9PM,"[""2"", ""0"", ""2""]",2-0-2,2026-05-14,21:00,4500,13
6DL,6D Lotto,"[""4"", ""3"", ""4"", ""7"", ""2"", ""0""]",4-3-4-7-2-0,2026-05-14,21:00,8676734,1
LOTTO42,Lotto 6/42,"[""23"", ""40"", ""20"", ""06"", ""34"", ""33""]",23-40-20-06-34-33,2026-05-14,21:00,10000000,0
SL49,Superlotto 6/49,"[""04"", ""25"", ""24"", ""12"", ""19"", ""43""]",04-25-24-12-19-43,2026-05-14,21:00,25000000,0
2DL-2PM,2D Lotto 2PM,"[""25"", ""11""]",25-11,2026-05-15,14:00,4000,13
2DL-5PM,2D Lotto 5PM,"[""13"", ""08""]",13-08,2026-05-15,17:00,4000,0
2DL-9PM,2D Lotto 9PM,"[""05"", ""07""]",05-07,2026-05-15,21:00,4000,29
3DL-9PM,3D Lotto 9PM,"[""6"", ""6"", ""0""]",6-6-0,2026-05-15,21:00,4500,3
4DL,4D Lotto,"[""9"", ""1"", ""9"", ""3""]",9-1-9-3,2026-05-15,21:00,1006031,13
ML45,Megalotto 6/45,"[""12"", ""27"", ""42"", ""33"", ""15"", ""01""]",12-27-42-33-15-01,2026-05-15,21:00,15000000,0
UL58,Ultra Lotto 6/58,"[""02"", ""01"", ""38"", ""15"", ""14"", ""47""]",02-01-38-15-14-47,2026-05-15,21:00,75000000,0
2DL-5PM,2D Lotto 5PM,"[""27"", ""14""]",27-14,2026-05-16,17:00,4000,2
3DL-5PM,3D Lotto 5PM,"[""7"", ""1"", ""2""]",7-1-2,2026-05-16,17:00,4500,4
2DL-9PM,2D Lotto 9PM,"[""03"", ""06""]",03-06,2026-05-16,21:00,4000,9
3DL-9PM,3D Lotto 9PM,"[""3"", ""6"", ""8""]",3-6-8,2026-05-16,21:00,4500,16
6DL,6D Lotto,"[""8"", ""4"", ""8"", ""1"", ""4"", ""3""]",8-4-8-1-4-3,2026-05-16,21:00,583460.2,0
GL55,Grand Lotto 6/55,"[""09"", ""06"", ""19"", ""46"", ""39"", ""48""]",09-06-19-46-39-48,2026-05-16,21:00,104852560.66,0
LOTTO42,Lotto 6/42,"[""07"", ""28"", ""26"", ""32"", ""25"", ""12""]",07-28-26-32-25-12,2026-05-16,21:00,11439487.99,0
2DL-2PM,2D Lotto 2PM,"[""10"", ""09""]",10-09,2026-05-17,14:00,4000,7
2DL-5PM,2D Lotto 5PM,"[""10"", ""28""]",10-28,2026-05-17,17:00,4000,1
2DL-9PM,2D Lotto 9PM,"[""29"", ""19""]",29-19,2026-05-17,21:00,4000,2
3DL-9PM,3D Lotto 9PM,"[""4"", ""3"", ""1""]",4-3-1,2026-05-17,21:00,4500,5
SL49,Superlotto 6/49,"[""27"", ""14"", ""46"", ""18"", ""11"", ""17""]",27-14-46-18-11-17,2026-05-17,21:00,25000000,0
UL58,Ultra Lotto 6/58,"[""39"", ""37"", ""35"", ""45"", ""16"", ""52""]",39-37-35-45-16-52,2026-05-17,21:00,75000000,0
2DL-2PM,2D Lotto 2PM,"[""07"", ""08""]",07-08,2026-05-18,14:00,4000,11
2DL-5PM,2D Lotto 5PM,"[""08"", ""16""]",08-16,2026-05-18,17:00,4000,10
3DL-5PM,3D Lotto 5PM,"[""1"", ""1"", ""1""]",1-1-1,2026-05-18,17:00,4500,7
2DL-9PM,2D Lotto 9PM,"[""29"", ""17""]",29-17,2026-05-18,21:00,4000,3
3DL-9PM,3D Lotto 9PM,"[""9"", ""3"", ""1""]",9-3-1,2026-05-18,21:00,4500,25
4DL,4D Lotto,"[""1"", ""1"", ""1"", ""2""]",1-1-1-2,2026-05-18,21:00,1950000,195
GL55,Grand Lotto 6/55,"[""47"", ""44"", ""26"", ""29"", ""38"", ""51""]",47-44-26-29-38-51,2026-05-18,21:00,110063860.04,0
ML45,Megalotto 6/45,"[""39"", ""24"", ""07"", ""04"", ""37"", ""23""]",39-24-07-04-37-23,2026-05-18,21:00,15000000,0
2DL-2PM,2D Lotto 2PM,"[""04"", ""21""]",04-21,2026-05-19,14:00,4000,35
2DL-9PM,2D Lotto 9PM,"[""16"", ""27""]",16-27,2026-05-19,21:00,4000,3
3DL-9PM,3D Lotto 9PM,"[""4"", ""7"", ""1""]",4-7-1,2026-05-19,21:00,4500,9
6DL,6D Lotto,"[""5"", ""2"", ""4"", ""5"", ""5"", ""1""]",5-2-4-5-5-1,2026-05-19,21:00,1010029.88,0
LOTTO42,Lotto 6/42,"[""15"", ""06"", ""31"", ""16"", ""22"", ""25""]",15-06-31-16-22-25,2026-05-19,21:00,14559320.23,0
SL49,Superlotto 6/49,"[""49"", ""35"", ""44"", ""04"", ""14"", ""05""]",49-35-44-04-14-05,2026-05-19,21:00,25000000,0
UL58,Ultra Lotto 6/58,"[""06"", ""38"", ""09"", ""26"", ""48"", ""14""]",06-38-09-26-48-14,2026-05-19,21:00,75000000,0
2DL-2PM,2D Lotto 2PM,"[""24"", ""24""]",24-24,2026-05-20,14:00,4000,8
2DL-5PM,2D Lotto 5PM,"[""05"", ""08""]",05-08,2026-05-20,17:00,4000,12
2DL-9PM,2D Lotto 9PM,"[""24"", ""27""]",24-27,2026-05-20,21:00,4000,15
3DL-9PM,3D Lotto 9PM,"[""8"", ""9"", ""9""]",8-9-9,2026-05-20,21:00,4500,1
4DL,4D Lotto,"[""7"", ""3"", ""0"", ""8""]",7-3-0-8,2026-05-20,21:00,758592,18
GL55,Grand Lotto 6/55,"[""41"", ""08"", ""45"", ""27"", ""09"", ""10""]",41-08-45-27-09-10,2026-05-20,21:00,115358791.87,1
ML45,Megalotto 6/45,"[""16"", ""45"", ""11"", ""32"", ""23"", ""37""]",16-45-11-32-23-37,2026-05-20,21:00,15451056.13,0
2DL-2PM,2D Lotto 2PM,"[""31"", ""31""]",31-31,2026-05-21,14:00,4000,1
2DL-5PM,2D Lotto 5PM,"[""09"", ""24""]",09-24,2026-05-21,17:00,4000,16
2DL-9PM,2D Lotto 9PM,"[""19"", ""06""]",19-06,2026-05-21,21:00,4000,27
3DL-9PM,3D Lotto 9PM,"[""0"", ""8"", ""0""]",0-8-0,2026-05-21,21:00,4500,4
6DL,6D Lotto,"[""1"", ""7"", ""3"", ""5"", ""8"", ""7""]",1-7-3-5-8-7,2026-05-21,21:00,1590315.28,0
LOTTO42,Lotto 6/42,"[""33"", ""08"", ""05"", ""17"", ""18"", ""41""]",33-08-05-17-18-41,2026-05-21,21:00,17376838.36,0
SL49,Superlotto 6/49,"[""09"", ""28"", ""21"", ""02"", ""37"", ""23""]",09-28-21-02-37-23,2026-05-21,21:00,25000000,0
2DL-2PM,2D Lotto 2PM,"[""15"", ""06""]",15-06,2026-05-22,14:00,4000,7
2DL-5PM,2D Lotto 5PM,"[""08"", ""27""]",08-27,2026-05-22,17:00,4000,7
2DL-9PM,2D Lotto 9PM,"[""22"", ""18""]",22-18,2026-05-22,21:00,4000,6
3DL-9PM,3D Lotto 9PM,"[""1"", ""5"", ""0""]",1-5-0,2026-05-22,21:00,4500,17
4DL,4D Lotto,"[""1"", ""7"", ""0"", ""0""]",1-7-0-0,2026-05-22,21:00,819536,23
ML45,Megalotto 6/45,"[""27"", ""09"", ""42"", ""37"", ""34"", ""03""]",27-09-42-37-34-03,2026-05-22,21:00,18546872.34,0
UL58,Ultra Lotto 6/58,"[""45"", ""20"", ""16"", ""33"", ""40"", ""28""]",45-20-16-33-40-28,2026-05-22,21:00,75000000,0
2DL-9PM,2D Lotto 9PM,"[""22"", ""28""]",22-28,2026-05-23,21:00,4000,1
3DL-9PM,3D Lotto 9PM,"[""2"", ""8"", ""7""]",2-8-7,2026-05-23,21:00,4500,17
6DL,6D Lotto,"[""1"", ""9"", ""3"", ""3"", ""1"", ""5""]",1-9-3-3-1-5,2026-05-23,21:00,1640315,1
GL55,Grand Lotto 6/55,"[""52"", ""36"", ""38"", ""12"", ""48"", ""42""]",52-36-38-12-48-42,2026-05-23,21:00,45000000,0
LOTTO42,Lotto 6/42,"[""12"", ""18"", ""03"", ""17"", ""05"", ""08""]",12-18-03-17-05-08,2026-05-23,21:00,20654909.15,0
2DL-2PM,2D Lotto 2PM,"[""02"", ""18""]",02-18,2026-05-24,14:00,4000,8
2DL-5PM,2D Lotto 5PM,"[""14"", ""02""]",14-02,2026-05-24,17:00,4000,11
2DL-9PM,2D Lotto 9PM,"[""12"", ""15""]",12-15,2026-05-24,21:00,4000,2
3DL-9PM,3D Lotto 9PM,"[""1"", ""6"", ""6""]",1-6-6,2026-05-24,21:00,4500,0
SL49,Superlotto 6/49,"[""33"", ""24"", ""12"", ""13"", ""04"", ""09""]",33-24-12-13-04-09,2026-05-24,21:00,25000000,0
UL58,Ultra Lotto 6/58,"[""50"", ""12"", ""20"", ""57"", ""14"", ""21""]",50-12-20-57-14-21,2026-05-24,21:00,75000000,0
2DL-2PM,2D Lotto 2PM,"[""26"", ""08""]",26-08,2026-05-25,14:00,4000,7
2DL-9PM,2D Lotto 9PM,"[""28"", ""05""]",28-05,2026-05-25,21:00,4000,28
3DL-9PM,3D Lotto 9PM,"[""2"", ""8"", ""5""]",2-8-5,2026-05-25,21:00,4500,7
4DL,4D Lotto,"[""1"", ""9"", ""5"", ""7""]",1-9-5-7,2026-05-25,21:00,1580000,158
GL55,Grand Lotto 6/55,"[""48"", ""42"", ""23"", ""18"", ""55"", ""33""]",48-42-23-18-55-33,2026-05-25,21:00,45000000,0
ML45,Megalotto 6/45,"[""21"", ""13"", ""43"", ""28"", ""05"", ""17""]",21-13-43-28-05-17,2026-05-25,21:00,21822707.74,0
2DL-2PM,2D Lotto 2PM,"[""02"", ""29""]",02-29,2026-05-26,14:00,4000,0
3DL-2PM,3D Lotto 2PM,"[""6"", ""0"", ""5""]",6-0-5,2026-05-26,14:00,4500,9
2DL-5PM,2D Lotto 5PM,"[""10"", ""09""]",10-09,2026-05-26,17:00,4000,4
3DL-5PM,3D Lotto 5PM,"[""7"", ""0"", ""0""]",7-0-0,2026-05-26,17:00,4500,0
2DL-9PM,2D Lotto 9PM,"[""10"", ""20""]",10-20,2026-05-26,21:00,4000,20
3DL-9PM,3D Lotto 9PM,"[""9"", ""3"", ""5""]",9-3-5,2026-05-26,21:00,4500,6
6DL,6D Lotto,"[""3"", ""8"", ""4"", ""9"", ""9"", ""9""]",3-8-4-9-9-9,2026-05-26,21:00,556649.48,0
LOTTO42,Lotto 6/42,"[""15"", ""08"", ""34"", ""13"", ""25"", ""38""]",15-08-34-13-25-38,2026-05-26,21:00,10000000,0
SL49,Superlotto 6/49,"[""10"", ""49"", ""30"", ""21"", ""48"", ""45""]",10-49-30-21-48-45,2026-05-26,21:00,25000000,0
UL58,Ultra Lotto 6/58,"[""02"", ""11"", ""12"", ""16"", ""55"", ""46""]",02-11-12-16-55-46,2026-05-26,21:00,75000000,0
2DL-2PM,2D Lotto 2PM,"[""11"", ""18""]",11-18,2026-05-27,14:00,4000,11
3DL-2PM,3D Lotto 2PM,"[""1"", ""5"", ""2""]",1-5-2,2026-05-27,14:00,4500,26
2DL-5PM,2D Lotto 5PM,"[""14"", ""05""]",14-05,2026-05-27,17:00,4000,7
2DL-9PM,2D Lotto 9PM,"[""19"", ""04""]",19-04,2026-05-27,21:00,4000,43
3DL-9PM,3D Lotto 9PM,"[""0"", ""0"", ""1""]",0-0-1,2026-05-27,21:00,4500,12
4DL,4D Lotto,"[""4"", ""8"", ""6"", ""0""]",4-8-6-0,2026-05-27,21:00,781356,19
GL55,Grand Lotto 6/55,"[""33"", ""46"", ""43"", ""19"", ""38"", ""42""]",33-46-43-19-38-42,2026-05-27,21:00,45000000,0
ML45,Megalotto 6/45,"[""23"", ""08"", ""09"", ""36"", ""43"", ""18""]",23-08-09-36-43-18,2026-05-27,21:00,25359201.44,0
2DL-2PM,2D Lotto 2PM,"[""16"", ""31""]",16-31,2026-05-28,14:00,4000,1
3DL-2PM,3D Lotto 2PM,"[""1"", ""1"", ""0""]",1-1-0,2026-05-28,14:00,4500,20
2DL-5PM,2D Lotto 5PM,"[""20"", ""27""]",20-27,2026-05-28,17:00,4000,7
3DL-5PM,3D Lotto 5PM,"[""4"", ""2"", ""1""]",4-2-1,2026-05-28,17:00,4500,17
2DL-9PM,2D Lotto 9PM,"[""07"", ""11""]",07-11,2026-05-28,21:00,4000,20
3DL-9PM,3D Lotto 9PM,"[""8"", ""6"", ""0""]",8-6-0,2026-05-28,21:00,4500,14
6DL,6D Lotto,"[""9"", ""0"", ""2"", ""9"", ""1"", ""6""]",9-0-2-9-1-6,2026-05-28,21:00,701831.2,0
LOTTO42,Lotto 6/42,"[""39"", ""38"", ""34"", ""21"", ""10"", ""03""]",39-38-34-21-10-03,2026-05-28,21:00,10000000,0
SL49,Superlotto 6/49,"[""39"", ""40"", ""01"", ""47"", ""29"", ""17""]",39-40-01-47-29-17,2026-05-28,21:00,25000000,0
2DL-2PM,2D Lotto 2PM,"[""03"", ""01""]",03-01,2026-05-29,14:00,4000,19
2DL-5PM,2D Lotto 5PM,"[""21"", ""05""]",21-05,2026-05-29,17:00,4000,13
2DL-9PM,2D Lotto 9PM,"[""14"", ""22""]",14-22,2026-05-29,21:00,4000,11
3DL-9PM,3D Lotto 9PM,"[""9"", ""6"", ""8""]",9-6-8,2026-05-29,21:00,4500,9
4DL,4D Lotto,"[""6"", ""1"", ""2"", ""2""]",6-1-2-2,2026-05-29,21:00,462180,30
ML45,Megalotto 6/45,"[""27"", ""45"", ""38"", ""35"", ""25"", ""10""]",27-45-38-35-25-10,2026-05-29,21:00,28760977.68,0
UL58,Ultra Lotto 6/58,"[""47"", ""21"", ""43"", ""20"", ""05"", ""37""]",47-21-43-20-05-37,2026-05-29,21:00,75000000,0
2DL-2PM,2D Lotto 2PM,"[""11"", ""30""]",11-30,2026-05-30,14:00,4000,17
2DL-5PM,2D Lotto 5PM,"[""19"", ""30""]",19-30,2026-05-30,17:00,4000,2
3DL-5PM,3D Lotto 5PM,"[""0"", ""4"", ""2""]",0-4-2,2026-05-30,17:00,4500,5
2DL-9PM,2D Lotto 9PM,"[""16"", ""14""]",16-14,2026-05-30,21:00,4000,4
3DL-9PM,3D Lotto 9PM,"[""3"", ""6"", ""5""]",3-6-5,2026-05-30,21:00,4500,4
6DL,6D Lotto,"[""5"", ""5"", ""4"", ""2"", ""9"", ""7""]",5-5-4-2-9-7,2026-05-30,21:00,1483441.08,0
GL55,Grand Lotto 6/55,"[""19"", ""37"", ""21"", ""39"", ""09"", ""22""]",19-37-21-39-09-22,2026-05-30,21:00,45000000,0
LOTTO42,Lotto 6/42,"[""03"", ""21"", ""02"", ""14"", ""33"", ""01""]",03-21-02-14-33-01,2026-05-30,21:00,10000000,0
2DL-2PM,2D Lotto 2PM,"[""27"", ""07""]",27-07,2026-05-31,14:00,4000,7
2DL-5PM,2D Lotto 5PM,"[""04"", ""06""]",04-06,2026-05-31,17:00,4000,7
3DL-5PM,3D Lotto 5PM,"[""3"", ""8"", ""7""]",3-8-7,2026-05-31,17:00,4500,1
2DL-9PM,2D Lotto 9PM,"[""04"", ""21""]",04-21,2026-05-31,21:00,4000,14
3DL-9PM,3D Lotto 9PM,"[""7"", ""5"", ""4""]",7-5-4,2026-05-31,21:00,4500,11
SL49,Superlotto 6/49,"[""18"", ""21"", ""07"", ""43"", ""11"", ""03""]",18-21-07-43-11-03,2026-05-31,21:00,25000000,0
UL58,Ultra Lotto 6/58,"[""09"", ""53"", ""43"", ""39"", ""03"", ""47""]",09-53-43-39-03-47,2026-05-31,21:00,75000000,0
2DL-2PM,2D Lotto 2PM,"[""29"", ""05""]",29-05,2026-06-01,14:00,4000,2
3DL-2PM,3D Lotto 2PM,"[""9"", ""7"", ""6""]",9-7-6,2026-06-01,14:00,4500,12
2DL-5PM,2D Lotto 5PM,"[""14"", ""19""]",14-19,2026-06-01,17:00,4000,10
2DL-9PM,2D Lotto 9PM,"[""04"", ""29""]",04-29,2026-06-01,21:00,4000,7
3DL-9PM,3D Lotto 9PM,"[""1"", ""7"", ""2""]",1-7-2,2026-06-01,21:00,4500,11
4DL,4D Lotto,"[""2"", ""0"", ""4"", ""6""]",2-0-4-6,2026-06-01,21:00,845613,27
GL55,Grand Lotto 6/55,"[""36"", ""04"", ""09"", ""44"", ""42"", ""24""]",36-04-09-44-42-24,2026-06-01,21:00,45000000,0
ML45,Megalotto 6/45,"[""28"", ""38"", ""41"", ""35"", ""40"", ""05""]",28-38-41-35-40-05,2026-06-01,21:00,32333006.68,0
2DL-2PM,2D Lotto 2PM,"[""31"", ""12""]",31-12,2026-06-02,14:00,4000,0
2DL-5PM,2D Lotto 5PM,"[""01"", ""03""]",01-03,2026-06-02,17:00,4000,1
3DL-5PM,3D Lotto 5PM,"[""8"", ""7"", ""2""]",8-7-2,2026-06-02,17:00,4500,14
2DL-9PM,2D Lotto 9PM,"[""20"", ""22""]",20-22,2026-06-02,21:00,4000,1
3DL-9PM,3D Lotto 9PM,"[""4"", ""2"", ""6""]",4-2-6,2026-06-02,21:00,4500,38
6DL,6D Lotto,"[""2"", ""9"", ""1"", ""0"", ""0"", ""7""]",2-9-1-0-0-7,2026-06-02,21:00,1574769,3
LOTTO42,Lotto 6/42,"[""18"", ""16"", ""37"", ""13"", ""35"", ""23""]",18-16-37-13-35-23,2026-06-02,21:00,10000000,0
SL49,Superlotto 6/49,"[""36"", ""27"", ""05"", ""14"", ""40"", ""08""]",36-27-05-14-40-08,2026-06-02,21:00,25000000,0
UL58,Ultra Lotto 6/58,"[""39"", ""36"", ""12"", ""41"", ""04"", ""20""]",39-36-12-41-04-20,2026-06-02,21:00,75000000,0
2DL-2PM,2D Lotto 2PM,"[""31"", ""04""]",31-04,2026-06-03,14:00,4000,2
3DL-2PM,3D Lotto 2PM,"[""5"", ""6"", ""2""]",5-6-2,2026-06-03,14:00,4500,22
2DL-5PM,2D Lotto 5PM,"[""15"", ""12""]",15-12,2026-06-03,17:00,4000,3
3DL-5PM,3D Lotto 5PM,"[""7"", ""6"", ""8""]",7-6-8,2026-06-03,17:00,4500,6
2DL-9PM,2D Lotto 9PM,"[""21"", ""16""]",21-16,2026-06-03,21:00,4000,18
3DL-9PM,3D Lotto 9PM,"[""6"", ""4"", ""7""]",6-4-7,2026-06-03,21:00,4500,5
4DL,4D Lotto,"[""3"", ""4"", ""0"", ""9""]",3-4-0-9,2026-06-03,21:00,812340,15
GL55,Grand Lotto 6/55,"[""19"", ""42"", ""53"", ""02"", ""46"", ""03""]",19-42-53-02-46-03,2026-06-03,21:00,45000000,0
ML45,Megalotto 6/45,"[""23"", ""45"", ""06"", ""18"", ""04"", ""02""]",23-45-06-18-04-02,2026-06-03,21:00,36124029.88,0
2DL-2PM,2D Lotto 2PM,"[""13"", ""14""]",13-14,2026-06-04,14:00,4000,6
2DL-5PM,2D Lotto 5PM,"[""16"", ""27""]",16-27,2026-06-04,17:00,4000,0
2DL-9PM,2D Lotto 9PM,"[""24"", ""12""]",24-12,2026-06-04,21:00,4000,12
3DL-9PM,3D Lotto 9PM,"[""9"", ""0"", ""0""]",9-0-0,2026-06-04,21:00,4500,3
6DL,6D Lotto,"[""3"", ""4"", ""2"", ""6"", ""8"", ""5""]",3-4-2-6-8-5,2026-06-04,21:00,150000,0
LOTTO42,Lotto 6/42,"[""02"", ""39"", ""30"", ""10"", ""14"", ""29""]",02-39-30-10-14-29,2026-06-04,21:00,11344599.3,0
SL49,Superlotto 6/49,"[""27"", ""03"", ""02"", ""11"", ""16"", ""25""]",27-03-02-11-16-25,2026-06-04,21:00,25000000,0
2DL-2PM,2D Lotto 2PM,"[""14"", ""28""]",14-28,2026-06-05,14:00,4000,0
2DL-5PM,2D Lotto 5PM,"[""14"", ""28""]",14-28,2026-06-05,17:00,4000,1
3DL-5PM,3D Lotto 5PM,"[""8"", ""4"", ""4""]",8-4-4,2026-06-05,17:00,4500,2
2DL-9PM,2D Lotto 9PM,"[""06"", ""29""]",06-29,2026-06-05,21:00,4000,18
3DL-9PM,3D Lotto 9PM,"[""9"", ""0"", ""7""]",9-0-7,2026-06-05,21:00,4500,26
4DL,4D Lotto,"[""2"", ""7"", ""9"", ""5""]",2-7-9-5,2026-06-05,21:00,993564,44
ML45,Megalotto 6/45,"[""01"", ""38"", ""18"", ""42"", ""04"", ""44""]",01-38-18-42-04-44,2026-06-05,21:00,39948344.77,0
UL58,Ultra Lotto 6/58,"[""20"", ""45"", ""13"", ""31"", ""07"", ""27""]",20-45-13-31-07-27,2026-06-05,21:00,75000000,0
2DL-5PM,2D Lotto 5PM,"[""18"", ""29""]",18-29,2026-06-06,17:00,4000,2
3DL-5PM,3D Lotto 5PM,"[""9"", ""6"", ""0""]",9-6-0,2026-06-06,17:00,4500,4
2DL-9PM,2D Lotto 9PM,"[""13"", ""24""]",13-24,2026-06-06,21:00,4000,1
3DL-9PM,3D Lotto 9PM,"[""8"", ""6"", ""5""]",8-6-5,2026-06-06,21:00,4500,3
6DL,6D Lotto,"[""9"", ""8"", ""1"", ""3"", ""9"", ""2""]",9-8-1-3-9-2,2026-06-06,21:00,485321.72,0
GL55,Grand Lotto 6/55,"[""32"", ""36"", ""29"", ""19"", ""08"", ""30""]",32-36-29-19-08-30,2026-06-06,21:00,45000000,0
LOTTO42,Lotto 6/42,"[""33"", ""38"", ""34"", ""28"", ""36"", ""07""]",33-38-34-28-36-07,2026-06-06,21:00,14404418.27,0
2DL-9PM,2D Lotto 9PM,"[""03"", ""30""]",03-30,2026-06-07,21:00,4000,5
3DL-9PM,3D Lotto 9PM,"[""7"", ""9"", ""3""]",7-9-3,2026-06-07,21:00,4500,2
SL49,Superlotto 6/49,"[""41"", ""31"", ""44"", ""25"", ""42"", ""33""]",41-31-44-25-42-33,2026-06-07,21:00,25000000,0
UL58,Ultra Lotto 6/58,"[""53"", ""01"", ""04"", ""45"", ""51"", ""22""]",53-01-04-45-51-22,2026-06-07,21:00,75000000,0
2DL-2PM,2D Lotto 2PM,"[""11"", ""16""]",11-16,2026-06-08,14:00,4000,6
2DL-5PM,2D Lotto 5PM,"[""09"", ""08""]",09-08,2026-06-08,17:00,4000,5
2DL-9PM,2D Lotto 9PM,"[""29"", ""16""]",29-16,2026-06-08,21:00,4000,6
3DL-9PM,3D Lotto 9PM,"[""1"", ""1"", ""7""]",1-1-7,2026-06-08,21:00,4500,5
4DL,4D Lotto,"[""5"", ""0"", ""3"", ""5""]",5-0-3-5,2026-06-08,21:00,884534,14
GL55,Grand Lotto 6/55,"[""50"", ""43"", ""24"", ""01"", ""07"", ""15""]",50-43-24-01-07-15,2026-06-08,21:00,45000000,0
ML45,Megalotto 6/45,"[""20"", ""27"", ""43"", ""15"", ""04"", ""14""]",20-27-43-15-04-14,2026-06-08,21:00,43744766.73,0
2DL-2PM,2D Lotto 2PM,"[""19"", ""30""]",19-30,2026-06-09,14:00,4000,7
2DL-5PM,2D Lotto 5PM,"[""02"", ""21""]",02-21,2026-06-09,17:00,4000,0
2DL-9PM,2D Lotto 9PM,"[""10"", ""04""]",10-04,2026-06-09,21:00,4000,14
3DL-9PM,3D Lotto 9PM,"[""5"", ""5"", ""3""]",5-5-3,2026-06-09,21:00,4500,9
6DL,6D Lotto,"[""6"", ""3"", ""7"", ""5"", ""4"", ""1""]",6-3-7-5-4-1,2026-06-09,21:00,1072500.24,0
LOTTO42,Lotto 6/42,"[""40"", ""03"", ""36"", ""41"", ""28"", ""18""]",40-03-36-41-28-18,2026-06-09,21:00,17763940.65,0
SL49,Superlotto 6/49,"[""43"", ""22"", ""15"", ""04"", ""03"", ""17""]",43-22-15-04-03-17,2026-06-09,21:00,25000000,0
UL58,Ultra Lotto 6/58,"[""42"", ""07"", ""23"", ""41"", ""56"", ""44""]",42-07-23-41-56-44,2026-06-09,21:00,75000000,0
2DL-2PM,2D Lotto 2PM,"[""19"", ""19""]",19-19,2026-06-10,14:00,4000,2
3DL-2PM,3D Lotto 2PM,"[""1"", ""5"", ""7""]",1-5-7,2026-06-10,14:00,4500,10
2DL-5PM,2D Lotto 5PM,"[""28"", ""09""]",28-09,2026-06-10,17:00,4000,2
2DL-9PM,2D Lotto 9PM,"[""25"", ""11""]",25-11,2026-06-10,21:00,4000,20
3DL-9PM,3D Lotto 9PM,"[""3"", ""1"", ""6""]",3-1-6,2026-06-10,21:00,4500,29
4DL,4D Lotto,"[""7"", ""2"", ""7"", ""4""]",7-2-7-4,2026-06-10,21:00,794367,27
GL55,Grand Lotto 6/55,"[""53"", ""19"", ""08"", ""34"", ""38"", ""52""]",53-19-08-34-38-52,2026-06-10,21:00,45000000,0
ML45,Megalotto 6/45,"[""14"", ""45"", ""44"", ""42"", ""28"", ""20""]",14-45-44-42-28-20,2026-06-10,21:00,52078362.76,0
2DL-2PM,2D Lotto 2PM,"[""29"", ""21""]",29-21,2026-06-11,14:00,4000,3
2DL-5PM,2D Lotto 5PM,"[""05"", ""16""]",05-16,2026-06-11,17:00,4000,7
3DL-5PM,3D Lotto 5PM,"[""3"", ""9"", ""5""]",3-9-5,2026-06-11,17:00,4500,0
2DL-9PM,2D Lotto 9PM,"[""16"", ""09""]",16-09,2026-06-11,21:00,4000,14
3DL-9PM,3D Lotto 9PM,"[""2"", ""5"", ""1""]",2-5-1,2026-06-11,21:00,4500,8
6DL,6D Lotto,"[""2"", ""8"", ""8"", ""7"", ""8"", ""4""]",2-8-8-7-8-4,2026-06-11,21:00,1598502.96,0
LOTTO42,Lotto 6/42,"[""12"", ""22"", ""24"", ""38"", ""07"", ""13""]",12-22-24-38-07-13,2026-06-11,21:00,20676273.22,0
SL49,Superlotto 6/49,"[""40"", ""13"", ""14"", ""24"", ""08"", ""21""]",40-13-14-24-08-21,2026-06-11,21:00,25000000,0
2DL-2PM,2D Lotto 2PM,"[""19"", ""17""]",19-17,2026-06-12,14:00,4000,3
3DL-2PM,3D Lotto 2PM,"[""8"", ""4"", ""8""]",8-4-8,2026-06-12,14:00,4500,1
2DL-5PM,2D Lotto 5PM,"[""07"", ""01""]",07-01,2026-06-12,17:00,4000,5
3DL-5PM,3D Lotto 5PM,"[""5"", ""6"", ""0""]",5-6-0,2026-06-12,17:00,4500,0
2DL-9PM,2D Lotto 9PM,"[""09"", ""05""]",09-05,2026-06-12,21:00,4000,19
3DL-9PM,3D Lotto 9PM,"[""5"", ""8"", ""4""]",5-8-4,2026-06-12,21:00,4500,5
4DL,4D Lotto,"[""4"", ""0"", ""3"", ""3""]",4-0-3-3,2026-06-12,21:00,822552,12
ML45,Megalotto 6/45,"[""44"", ""13"", ""22"", ""14"", ""04"", ""33""]",44-13-22-14-04-33,2026-06-12,21:00,52078362.76,0
UL58,Ultra Lotto 6/58,"[""40"", ""27"", ""10"", ""09"", ""53"", ""29""]",40-27-10-09-53-29,2026-06-12,21:00,128000000,0
2DL-2PM,2D Lotto 2PM,"[""11"", ""26""]",11-26,2026-06-13,14:00,4000,8
2DL-5PM,2D Lotto 5PM,"[""18"", ""17""]",18-17,2026-06-13,17:00,4000,12
2DL-9PM,2D Lotto 9PM,"[""26"", ""30""]",26-30,2026-06-13,21:00,4000,7
3DL-9PM,3D Lotto 9PM,"[""6"", ""8"", ""8""]",6-8-8,2026-06-13,21:00,4500,2
6DL,6D Lotto,"[""9"", ""7"", ""2"", ""4"", ""8"", ""1""]",9-7-2-4-8-1,2026-06-13,21:00,1886352.2,0
GL55,Grand Lotto 6/55,"[""16"", ""43"", ""21"", ""22"", ""26"", ""50""]",16-43-21-22-26-50,2026-06-13,21:00,45000000,0
LOTTO42,Lotto 6/42,"[""17"", ""42"", ""13"", ""36"", ""01"", ""31""]",17-42-13-36-01-31,2026-06-13,21:00,23936399.01,0
2DL-2PM,2D Lotto 2PM,"[""03"", ""15""]",03-15,2026-06-14,14:00,4000,0
3DL-2PM,3D Lotto 2PM,"[""0"", ""6"", ""9""]",0-6-9,2026-06-14,14:00,4500,3
2DL-5PM,2D Lotto 5PM,"[""28"", ""02""]",28-02,2026-06-14,17:00,4000,9
3DL-5PM,3D Lotto 5PM,"[""1"", ""4"", ""4""]",1-4-4,2026-06-14,17:00,4500,1
2DL-9PM,2D Lotto 9PM,"[""10"", ""07""]",10-07,2026-06-14,21:00,4000,3
3DL-9PM,3D Lotto 9PM,"[""3"", ""4"", ""9""]",3-4-9,2026-06-14,21:00,4500,3
SL49,Superlotto 6/49,"[""16"", ""07"", ""47"", ""08"", ""04"", ""06""]",16-07-47-08-04-06,2026-06-14,21:00,25000000,0
UL58,Ultra Lotto 6/58,"[""17"", ""03"", ""25"", ""57"", ""30"", ""43""]",17-03-25-57-30-43,2026-06-14,21:00,128000000,0
2DL-2PM,2D Lotto 2PM,"[""02"", ""13""]",02-13,2026-06-15,14:00,4000,8
2DL-5PM,2D Lotto 5PM,"[""19"", ""10""]",19-10,2026-06-15,17:00,4000,17
2DL-9PM,2D Lotto 9PM,"[""26"", ""24""]",26-24,2026-06-15,21:00,4000,1
3DL-9PM,3D Lotto 9PM,"[""5"", ""9"", ""9""]",5-9-9,2026-06-15,21:00,4500,0
4DL,4D Lotto,"[""5"", ""8"", ""0"", ""8""]",5-8-0-8,2026-06-15,21:00,743184,16
GL55,Grand Lotto 6/55,"[""08"", ""44"", ""43"", ""24"", ""04"", ""11""]",08-44-43-24-04-11,2026-06-15,21:00,45000000,0
ML45,Megalotto 6/45,"[""44"", ""14"", ""10"", ""21"", ""35"", ""18""]",44-14-10-21-35-18,2026-06-15,21:00,60460246.55,0
2DL-2PM,2D Lotto 2PM,"[""29"", ""08""]",29-08,2026-06-16,14:00,4000,9
3DL-2PM,3D Lotto 2PM,"[""9"", ""8"", ""7""]",9-8-7,2026-06-16,14:00,4500,5
2DL-5PM,2D Lotto 5PM,"[""24"", ""03""]",24-03,2026-06-16,17:00,4000,4
3DL-5PM,3D Lotto 5PM,"[""0"", ""1"", ""1""]",0-1-1,2026-06-16,17:00,4500,3
2DL-9PM,2D Lotto 9PM,"[""22"", ""29""]",22-29,2026-06-16,21:00,4000,9
3DL-9PM,3D Lotto 9PM,"[""0"", ""8"", ""6""]",0-8-6,2026-06-16,21:00,4500,1
6DL,6D Lotto,"[""7"", ""4"", ""7"", ""0"", ""8"", ""9""]",7-4-7-0-8-9,2026-06-16,21:00,2691966.48,0
LOTTO42,Lotto 6/42,"[""35"", ""38"", ""39"", ""32"", ""37"", ""16""]",35-38-39-32-37-16,2026-06-16,21:00,27366567.2,0
SL49,Superlotto 6/49,"[""28"", ""20"", ""36"", ""33"", ""02"", ""17""]",28-20-36-33-02-17,2026-06-16,21:00,30733975.33,0
UL58,Ultra Lotto 6/58,"[""26"", ""08"", ""55"", ""48"", ""05"", ""51""]",26-08-55-48-05-51,2026-06-16,21:00,128000000,0
2DL-2PM,2D Lotto 2PM,"[""04"", ""31""]",04-31,2026-06-17,14:00,4000,1
3DL-2PM,3D Lotto 2PM,"[""1"", ""9"", ""8""]",1-9-8,2026-06-17,14:00,4500,32
2DL-5PM,2D Lotto 5PM,"[""05"", ""17""]",05-17,2026-06-17,17:00,4000,16
3DL-5PM,3D Lotto 5PM,"[""0"", ""0"", ""7""]",0-0-7,2026-06-17,17:00,4500,2
2DL-9PM,2D Lotto 9PM,"[""07"", ""26""]",07-26,2026-06-17,21:00,4000,7
3DL-9PM,3D Lotto 9PM,"[""5"", ""1"", ""3""]",5-1-3,2026-06-17,21:00,4500,10
4DL,4D Lotto,"[""5"", ""5"", ""6"", ""6""]",5-5-6-6,2026-06-17,21:00,800025,25
GL55,Grand Lotto 6/55,"[""55"", ""31"", ""46"", ""37"", ""48"", ""01""]",55-31-46-37-48-01,2026-06-17,21:00,45000000,0
ML45,Megalotto 6/45,"[""34"", ""35"", ""09"", ""10"", ""19"", ""32""]",34-35-09-10-19-32,2026-06-17,21:00,65011179.41,0
2DL-2PM,2D Lotto 2PM,"[""09"", ""21""]",09-21,2026-06-18,14:00,4000,7
3DL-2PM,3D Lotto 2PM,"[""1"", ""3"", ""1""]",1-3-1,2026-06-18,14:00,4500,6
2DL-5PM,2D Lotto 5PM,"[""22"", ""19""]",22-19,2026-06-18,17:00,4000,11
3DL-5PM,3D Lotto 5PM,"[""4"", ""5"", ""3""]",4-5-3,2026-06-18,17:00,4500,1
2DL-9PM,2D Lotto 9PM,"[""28"", ""27""]",28-27,2026-06-18,21:00,4000,11
3DL-9PM,3D Lotto 9PM,"[""1"", ""0"", ""2""]",1-0-2,2026-06-18,21:00,4500,9
6DL,6D Lotto,"[""1"", ""9"", ""2"", ""7"", ""0"", ""7""]",1-9-2-7-0-7,2026-06-18,21:00,2741966.48,0
LOTTO42,Lotto 6/42,"[""07"", ""36"", ""31"", ""03"", ""35"", ""42""]",07-36-31-03-35-42,2026-06-18,21:00,34256895.81,0
SL49,Superlotto 6/49,"[""27"", ""26"", ""21"", ""06"", ""20"", ""16""]",27-26-21-06-20-16,2026-06-18,21:00,30733975.33,0
2DL-2PM,2D Lotto 2PM,"[""24"", ""24""]",24-24,2026-06-19,14:00,4000,6
3DL-2PM,3D Lotto 2PM,"[""9"", ""4"", ""7""]",9-4-7,2026-06-19,14:00,4500,6
2DL-5PM,2D Lotto 5PM,"[""10"", ""03""]",10-03,2026-06-19,17:00,4000,9
3DL-5PM,3D Lotto 5PM,"[""4"", ""3"", ""6""]",4-3-6,2026-06-19,17:00,4500,3
2DL-9PM,2D Lotto 9PM,"[""08"", ""31""]",08-31,2026-06-19,21:00,4000,8
3DL-9PM,3D Lotto 9PM,"[""3"", ""7"", ""2""]",3-7-2,2026-06-19,21:00,4500,15
4DL,4D Lotto,"[""0"", ""3"", ""8"", ""0""]",0-3-8-0,2026-06-19,21:00,915616,8
ML45,Megalotto 6/45,"[""27"", ""15"", ""09"", ""13"", ""12"", ""08""]",27-15-09-13-12-08,2026-06-19,21:00,65011179.41,0
UL58,Ultra Lotto 6/58,"[""43"", ""53"", ""08"", ""45"", ""20"", ""11""]",43-53-08-45-20-11,2026-06-19,21:00,128000000,0
2DL-2PM,2D Lotto 2PM,"[""02"", ""13""]",02-13,2026-06-20,14:00,4000,12
2DL-5PM,2D Lotto 5PM,"[""29"", ""15""]",29-15,2026-06-20,17:00,4000,3
3DL-5PM,3D Lotto 5PM,"[""5"", ""0"", ""2""]",5-0-2,2026-06-20,17:00,4500,4
2DL-9PM,2D Lotto 9PM,"[""16"", ""04""]",16-04,2026-06-20,21:00,4000,14
3DL-9PM,3D Lotto 9PM,"[""6"", ""4"", ""9""]",6-4-9,2026-06-20,21:00,4500,6
6DL,6D Lotto,"[""3"", ""9"", ""8"", ""3"", ""5"", ""9""]",3-9-8-3-5-9,2026-06-20,21:00,3500574.68,0
GL55,Grand Lotto 6/55,"[""24"", ""10"", ""55"", ""36"", ""04"", ""41""]",24-10-55-36-04-41,2026-06-20,21:00,45000000,0
LOTTO42,Lotto 6/42,"[""24"", ""39"", ""23"", ""05"", ""38"", ""12""]",24-39-23-05-38-12,2026-06-20,21:00,34256895.81,0
2DL-2PM,2D Lotto 2PM,"[""09"", ""22""]",09-22,2026-06-21,14:00,4000,7
2DL-5PM,2D Lotto 5PM,"[""03"", ""01""]",03-01,2026-06-21,17:00,4000,1
2DL-9PM,2D Lotto 9PM,"[""11"", ""07""]",11-07,2026-06-21,21:00,4000,15
3DL-9PM,3D Lotto 9PM,"[""1"", ""3"", ""4""]",1-3-4,2026-06-21,21:00,4500,2
SL49,Superlotto 6/49,"[""44"", ""13"", ""27"", ""33"", ""24"", ""42""]",44-13-27-33-24-42,2026-06-21,21:00,33840811.77,0
UL58,Ultra Lotto 6/58,"[""15"", ""05"", ""45"", ""11"", ""17"", ""39""]",15-05-45-11-17-39,2026-06-21,21:00,128000000,0
2DL-2PM,2D Lotto 2PM,"[""19"", ""04""]",19-04,2026-06-22,14:00,4000,19
2DL-5PM,2D Lotto 5PM,"[""12"", ""31""]",12-31,2026-06-22,17:00,4000,0
2DL-9PM,2D Lotto 9PM,"[""02"", ""29""]",02-29,2026-06-22,21:00,4000,7
3DL-9PM,3D Lotto 9PM,"[""6"", ""7"", ""4""]",6-7-4,2026-06-22,21:00,4500,11
4DL,4D Lotto,"[""0"", ""9"", ""2"", ""3""]",0-9-2-3,2026-06-22,21:00,790000,79
GL55,Grand Lotto 6/55,"[""37"", ""32"", ""23"", ""35"", ""53"", ""18""]",37-32-23-35-53-18,2026-06-22,21:00,45000000,0
ML45,Megalotto 6/45,"[""28"", ""03"", ""24"", ""31"", ""18"", ""16""]",28-03-24-31-18-16,2026-06-22,21:00,73961863.3,0
2DL-5PM,2D Lotto 5PM,"[""13"", ""09""]",13-09,2026-06-23,17:00,4000,4
2DL-9PM,2D Lotto 9PM,"[""01"", ""26""]",01-26,2026-06-23,21:00,4000,8
3DL-9PM,3D Lotto 9PM,"[""6"", ""1"", ""4""]",6-1-4,2026-06-23,21:00,4500,7
6DL,6D Lotto,"[""9"", ""9"", ""8"", ""1"", ""8"", ""6""]",9-9-8-1-8-6,2026-06-23,21:00,3500574.68,0
LOTTO42,Lotto 6/42,"[""30"", ""20"", ""11"", ""07"", ""36"", ""01""]",30-20-11-07-36-01,2026-06-23,21:00,41522778.58,0
SL49,Superlotto 6/49,"[""44"", ""08"", ""32"", ""42"", ""12"", ""27""]",44-08-32-42-12-27,2026-06-23,21:00,37124132.84,0
UL58,Ultra Lotto 6/58,"[""04"", ""21"", ""41"", ""40"", ""39"", ""52""]",04-21-41-40-39-52,2026-06-23,21:00,128000000,0
2DL-2PM,2D Lotto 2PM,"[""31"", ""22""]",31-22,2026-06-24,14:00,4000,0
2DL-5PM,2D Lotto 5PM,"[""07"", ""10""]",07-10,2026-06-24,17:00,4000,9
2DL-9PM,2D Lotto 9PM,"[""24"", ""23""]",24-23,2026-06-24,21:00,4000,7
3DL-9PM,3D Lotto 9PM,"[""0"", ""5"", ""0""]",0-5-0,2026-06-24,21:00,4500,6
4DL,4D Lotto,"[""2"", ""5"", ""5"", ""9""]",2-5-5-9,2026-06-24,21:00,784520,40
GL55,Grand Lotto 6/55,"[""22"", ""51"", ""17"", ""23"", ""54"", ""29""]",22-51-17-23-54-29,2026-06-24,21:00,45000000,0
ML45,Megalotto 6/45,"[""41"", ""29"", ""27"", ""21"", ""33"", ""19""]",41-29-27-21-33-19,2026-06-24,21:00,78580468.32,0
2DL-5PM,2D Lotto 5PM,"[""16"", ""30""]",16-30,2026-06-25,17:00,4000,6
3DL-5PM,3D Lotto 5PM,"[""1"", ""2"", ""7""]",1-2-7,2026-06-25,17:00,4500,3
2DL-9PM,2D Lotto 9PM,"[""07"", ""21""]",07-21,2026-06-25,21:00,4000,20
3DL-9PM,3D Lotto 9PM,"[""7"", ""6"", ""4""]",7-6-4,2026-06-25,21:00,4500,5
6DL,6D Lotto,"[""3"", ""1"", ""8"", ""0"", ""7"", ""2""]",3-1-8-0-7-2,2026-06-25,21:00,5107190.28,0
LOTTO42,Lotto 6/42,"[""26"", ""35"", ""12"", ""08"", ""25"", ""23""]",26-35-12-08-25-23,2026-06-25,21:00,45493326.06,0
SL49,Superlotto 6/49,"[""49"", ""19"", ""15"", ""46"", ""25"", ""36""]",49-19-15-46-25-36,2026-06-25,21:00,39677280.77,0
2DL-2PM,2D Lotto 2PM,"[""01"", ""12""]",01-12,2026-06-26,14:00,4000,4
2DL-5PM,2D Lotto 5PM,"[""31"", ""25""]",31-25,2026-06-26,17:00,4000,5
2DL-9PM,2D Lotto 9PM,"[""16"", ""24""]",16-24,2026-06-26,21:00,4000,6
3DL-9PM,3D Lotto 9PM,"[""6"", ""5"", ""9""]",6-5-9,2026-06-26,21:00,4500,4
4DL,4D Lotto,"[""0"", ""4"", ""0"", ""7""]",0-4-0-7,2026-06-26,21:00,815136,42
ML45,Megalotto 6/45,"[""09"", ""41"", ""22"", ""45"", ""05"", ""10""]",09-41-22-45-05-10,2026-06-26,21:00,78580468.32,0
UL58,Ultra Lotto 6/58,"[""53"", ""54"", ""44"", ""57"", ""51"", ""07""]",53-54-44-57-51-07,2026-06-26,21:00,128000000,0
2DL-2PM,2D Lotto 2PM,"[""30"", ""19""]",30-19,2026-06-27,14:00,4000,5
2DL-5PM,2D Lotto 5PM,"[""22"", ""23""]",22-23,2026-06-27,17:00,4000,4
2DL-9PM,2D Lotto 9PM,"[""04"", ""29""]",04-29,2026-06-27,21:00,4000,3
3DL-9PM,3D Lotto 9PM,"[""9"", ""5"", ""8""]",9-5-8,2026-06-27,21:00,4500,7
6DL,6D Lotto,"[""8"", ""0"", ""4"", ""7"", ""2"", ""1""]",8-0-4-7-2-1,2026-06-27,21:00,5404454.28,0
GL55,Grand Lotto 6/55,"[""38"", ""27"", ""33"", ""32"", ""49"", ""31""]",38-27-33-32-49-31,2026-06-27,21:00,50310159.2,0
LOTTO42,Lotto 6/42,"[""24"", ""31"", ""03"", ""36"", ""35"", ""23""]",24-31-03-36-35-23,2026-06-27,21:00,45493326.06,0
2DL-5PM,2D Lotto 5PM,"[""19"", ""25""]",19-25,2026-06-28,17:00,4000,2
2DL-9PM,2D Lotto 9PM,"[""17"", ""13""]",17-13,2026-06-28,21:00,4000,6
3DL-9PM,3D Lotto 9PM,"[""7"", ""7"", ""0""]",7-7-0,2026-06-28,21:00,4500,5
SL49,Superlotto 6/49,"[""32"", ""01"", ""35"", ""23"", ""14"", ""29""]",32-01-35-23-14-29,2026-06-28,21:00,42703181.17,0
UL58,Ultra Lotto 6/58,"[""46"", ""56"", ""08"", ""01"", ""03"", ""05""]",46-56-08-01-03-05,2026-06-28,21:00,128000000,0
2DL-2PM,2D Lotto 2PM,"[""21"", ""24""]",21-24,2026-06-29,14:00,4000,0
2DL-5PM,2D Lotto 5PM,"[""27"", ""30""]",27-30,2026-06-29,17:00,4000,4
2DL-9PM,2D Lotto 9PM,"[""25"", ""04""]",25-04,2026-06-29,21:00,4000,10
3DL-9PM,3D Lotto 9PM,"[""9"", ""2"", ""6""]",9-2-6,2026-06-29,21:00,4500,22
4DL,4D Lotto,"[""0"", ""4"", ""1"", ""3""]",0-4-1-3,2026-06-29,21:00,740000,74
GL55,Grand Lotto 6/55,"[""01"", ""17"", ""50"", ""25"", ""26"", ""12""]",01-17-50-25-26-12,2026-06-29,21:00,50310159.2,0
ML45,Megalotto 6/45,"[""33"", ""13"", ""06"", ""21"", ""18"", ""44""]",33-13-06-21-18-44,2026-06-29,21:00,87900272.4,0
2DL-2PM,2D Lotto 2PM,"[""21"", ""16""]",21-16,2026-06-30,14:00,4000,7
2DL-5PM,2D Lotto 5PM,"[""07"", ""16""]",07-16,2026-06-30,17:00,4000,4
3DL-5PM,3D Lotto 5PM,"[""3"", ""8"", ""6""]",3-8-6,2026-06-30,17:00,4500,4
2DL-9PM,2D Lotto 9PM,"[""28"", ""30""]",28-30,2026-06-30,21:00,4000,11
3DL-9PM,3D Lotto 9PM,"[""3"", ""1"", ""8""]",3-1-8,2026-06-30,21:00,4500,15
6DL,6D Lotto,"[""5"", ""8"", ""2"", ""8"", ""1"", ""6""]",5-8-2-8-1-6,2026-06-30,21:00,5404454.28,0
LOTTO42,Lotto 6/42,"[""01"", ""10"", ""24"", ""27"", ""08"", ""26""]",01-10-24-27-08-26,2026-06-30,21:00,53206155.29,0
SL49,Superlotto 6/49,"[""26"", ""47"", ""05"", ""44"", ""10"", ""22""]",26-47-05-44-10-22,2026-06-30,21:00,46214516.39,0
UL58,Ultra Lotto 6/58,"[""14"", ""43"", ""54"", ""52"", ""11"", ""58""]",14-43-54-52-11-58,2026-06-30,21:00,128000000,0
2DL-2PM,2D Lotto 2PM,"[""07"", ""15""]",07-15,2026-07-01,14:00,4000,18
2DL-5PM,2D Lotto 5PM,"[""22"", ""09""]",22-09,2026-07-01,17:00,4000,2
2DL-9PM,2D Lotto 9PM,"[""19"", ""25""]",19-25,2026-07-01,21:00,4000,13
3DL-9PM,3D Lotto 9PM,"[""2"", ""0"", ""8""]",2-0-8,2026-07-01,21:00,4500,55
4DL,4D Lotto,"[""7"", ""0"", ""5"", ""8""]",7-0-5-8,2026-07-01,21:00,10000,4
GL55,Grand Lotto 6/55,"[""26"", ""42"", ""06"", ""46"", ""44"", ""32""]",26-42-06-46-44-32,2026-07-01,21:00,53059980.4,0
ML45,Megalotto 6/45,"[""04"", ""02"", ""36"", ""19"", ""24"", ""17""]",04-02-36-19-24-17,2026-07-01,21:00,93074075.44,0
2DL-2PM,2D Lotto 2PM,"[""17"", ""09""]",17-09,2026-07-02,14:00,4000,14
2DL-5PM,2D Lotto 5PM,"[""08"", ""18""]",08-18,2026-07-02,17:00,4000,36
2DL-9PM,2D Lotto 9PM,"[""14"", ""18""]",14-18,2026-07-02,21:00,4000,16
3DL-9PM,3D Lotto 9PM,"[""6"", ""9"", ""3""]",6-9-3,2026-07-02,21:00,4500,10
6DL,6D Lotto,"[""7"", ""0"", ""6"", ""8"", ""9"", ""5""]",7-0-6-8-9-5,2026-07-02,21:00,5615989.32,0
LOTTO42,Lotto 6/42,"[""29"", ""09"", ""31"", ""33"", ""19"", ""24""]",29-09-31-33-19-24,2026-07-02,21:00,57645619.6,1
SL49,Superlotto 6/49,"[""23"", ""22"", ""38"", ""05"", ""48"", ""44""]",23-22-38-05-48-44,2026-07-02,21:00,48740361.17,0
2DL-2PM,2D Lotto 2PM,"[""18"", ""15""]",18-15,2026-07-03,14:00,4000,3
2DL-5PM,2D Lotto 5PM,"[""29"", ""17""]",29-17,2026-07-03,17:00,4000,3
3DL-5PM,3D Lotto 5PM,"[""1"", ""8"", ""4""]",1-8-4,2026-07-03,17:00,4500,3
2DL-9PM,2D Lotto 9PM,"[""21"", ""11""]",21-11,2026-07-03,21:00,4000,14
3DL-9PM,3D Lotto 9PM,"[""2"", ""3"", ""1""]",2-3-1,2026-07-03,21:00,4500,30
4DL,4D Lotto,"[""9"", ""0"", ""0"", ""5""]",9-0-0-5,2026-07-03,21:00,785859,17
ML45,Megalotto 6/45,"[""43"", ""02"", ""13"", ""05"", ""36"", ""01""]",43-02-13-05-36-01,2026-07-03,21:00,93074075.44,0
UL58,Ultra Lotto 6/58,"[""15"", ""25"", ""54"", ""27"", ""08"", ""56""]",15-25-54-27-08-56,2026-07-03,21:00,128000000,0
2DL-2PM,2D Lotto 2PM,"[""16"", ""24""]",16-24,2026-07-04,14:00,4000,0
2DL-5PM,2D Lotto 5PM,"[""21"", ""07""]",21-07,2026-07-04,17:00,4000,5
2DL-9PM,2D Lotto 9PM,"[""03"", ""04""]",03-04,2026-07-04,21:00,4000,10
3DL-9PM,3D Lotto 9PM,"[""1"", ""2"", ""2""]",1-2-2,2026-07-04,21:00,4500,9
6DL,6D Lotto,"[""7"", ""6"", ""3"", ""9"", ""1"", ""1""]",7-6-3-9-1-1,2026-07-04,21:00,6996428.2,0
GL55,Grand Lotto 6/55,"[""14"", ""15"", ""23"", ""13"", ""45"", ""09""]",14-15-23-13-45-09,2026-07-04,21:00,59618683.19,0
LOTTO42,Lotto 6/42,"[""06"", ""05"", ""25"", ""12"", ""23"", ""08""]",06-05-25-12-23-08,2026-07-04,21:00,10000000,0
2DL-2PM,2D Lotto 2PM,"[""28"", ""13""]",28-13,2026-07-05,14:00,4000,1
2DL-5PM,2D Lotto 5PM,"[""19"", ""08""]",19-08,2026-07-05,17:00,4000,8
3DL-5PM,3D Lotto 5PM,"[""8"", ""3"", ""7""]",8-3-7,2026-07-05,17:00,4500,2
2DL-9PM,2D Lotto 9PM,"[""01"", ""18""]",01-18,2026-07-05,21:00,4000,1
3DL-9PM,3D Lotto 9PM,"[""0"", ""7"", ""8""]",0-7-8,2026-07-05,21:00,4500,5
SL49,Superlotto 6/49,"[""14"", ""15"", ""33"", ""40"", ""02"", ""34""]",14-15-33-40-02-34,2026-07-05,21:00,51969005.87,0
UL58,Ultra Lotto 6/58,"[""16"", ""38"", ""47"", ""49"", ""33"", ""46""]",16-38-47-49-33-46,2026-07-05,21:00,128000000,0
2DL-2PM,2D Lotto 2PM,"[""22"", ""01""]",22-01,2026-07-06,14:00,4000,3
3DL-2PM,3D Lotto 2PM,"[""1"", ""8"", ""9""]",1-8-9,2026-07-06,14:00,4500,2
2DL-5PM,2D Lotto 5PM,"[""04"", ""12""]",04-12,2026-07-06,17:00,4000,16
3DL-5PM,3D Lotto 5PM,"[""0"", ""3"", ""6""]",0-3-6,2026-07-06,17:00,4500,2
2DL-9PM,2D Lotto 9PM,"[""05"", ""12""]",05-12,2026-07-06,21:00,4000,25
3DL-9PM,3D Lotto 9PM,"[""7"", ""8"", ""2""]",7-8-2,2026-07-06,21:00,4500,19
4DL,4D Lotto,"[""1"", ""0"", ""0"", ""8""]",1-0-0-8,2026-07-06,21:00,1270000,127
GL55,Grand Lotto 6/55,"[""49"", ""04"", ""25"", ""55"", ""18"", ""42""]",49-04-25-55-18-42,2026-07-06,21:00,63065055.92,0
ML45,Megalotto 6/45,"[""03"", ""36"", ""06"", ""32"", ""16"", ""45""]",03-36-06-32-16-45,2026-07-06,21:00,15000000,0
2DL-2PM,2D Lotto 2PM,"[""20"", ""02""]",20-02,2026-07-07,14:00,4000,3
2DL-9PM,2D Lotto 9PM,"[""04"", ""18""]",04-18,2026-07-07,21:00,4000,16
3DL-9PM,3D Lotto 9PM,"[""0"", ""9"", ""3""]",0-9-3,2026-07-07,21:00,4500,54
6DL,6D Lotto,"[""7"", ""0"", ""0"", ""3"", ""8"", ""2""]",7-0-0-3-8-2,2026-07-07,21:00,6996428.2,0
LOTTO42,Lotto 6/42,"[""20"", ""16"", ""12"", ""35"", ""05"", ""06""]",20-16-12-35-05-06,2026-07-07,21:00,10000000,0
SL49,Superlotto 6/49,"[""26"", ""18"", ""42"", ""19"", ""11"", ""03""]",26-18-42-19-11-03,2026-07-07,21:00,58966175.5,0
UL58,Ultra Lotto 6/58,"[""50"", ""22"", ""58"", ""57"", ""43"", ""29""]",50-22-58-57-43-29,2026-07-07,21:00,128000000,0
2DL-2PM,2D Lotto 2PM,"[""30"", ""06""]",30-06,2026-07-08,14:00,4000,13
3DL-2PM,3D Lotto 2PM,"[""6"", ""7"", ""8""]",6-7-8,2026-07-08,14:00,4500,7
2DL-5PM,2D Lotto 5PM,"[""21"", ""12""]",21-12,2026-07-08,17:00,4000,9
3DL-5PM,3D Lotto 5PM,"[""1"", ""9"", ""7""]",1-9-7,2026-07-08,17:00,4500,5
2DL-9PM,2D Lotto 9PM,"[""03"", ""11""]",03-11,2026-07-08,21:00,4000,25
3DL-9PM,3D Lotto 9PM,"[""3"", ""7"", ""6""]",3-7-6,2026-07-08,21:00,4500,10
4DL,4D Lotto,"[""6"", ""0"", ""1"", ""8""]",6-0-1-8,2026-07-08,21:00,272520,15
GL55,Grand Lotto 6/55,"[""20"", ""32"", ""48"", ""52"", ""46"", ""54""]",20-32-48-52-46-54,2026-07-08,21:00,66672826.45,0
ML45,Megalotto 6/45,"[""13"", ""05"", ""30"", ""25"", ""22"", ""11""]",13-05-30-25-22-11,2026-07-08,21:00,15000000,0
2DL-2PM,2D Lotto 2PM,"[""15"", ""18""]",15-18,2026-07-09,14:00,4000,3
3DL-2PM,3D Lotto 2PM,"[""8"", ""8"", ""3""]",8-8-3,2026-07-09,14:00,4500,6
2DL-5PM,2D Lotto 5PM,"[""17"", ""07""]",17-07,2026-07-09,17:00,4000,8
3DL-5PM,3D Lotto 5PM,"[""2"", ""4"", ""4""]",2-4-4,2026-07-09,17:00,4500,0
2DL-9PM,2D Lotto 9PM,"[""04"", ""18""]",04-18,2026-07-09,21:00,4000,1
3DL-9PM,3D Lotto 9PM,"[""3"", ""2"", ""4""]",3-2-4,2026-07-09,21:00,4500,12
6DL,6D Lotto,"[""1"", ""8"", ""6"", ""4"", ""9"", ""4""]",1-8-6-4-9-4,2026-07-09,21:00,7878503.32,1
LOTTO42,Lotto 6/42,"[""38"", ""29"", ""27"", ""28"", ""42"", ""02""]",38-29-27-28-42-02,2026-07-09,21:00,10000000,0
SL49,Superlotto 6/49,"[""44"", ""23"", ""21"", ""16"", ""36"", ""10""]",44-23-21-16-36-10,2026-07-09,21:00,63053297.45,0
2DL-2PM,2D Lotto 2PM,"[""16"", ""30""]",16-30,2026-07-10,14:00,4000,1
2DL-5PM,2D Lotto 5PM,"[""17"", ""06""]",17-06,2026-07-10,17:00,4000,1
3DL-5PM,3D Lotto 5PM,"[""8"", ""4"", ""0""]",8-4-0,2026-07-10,17:00,4500,2
2DL-9PM,2D Lotto 9PM,"[""29"", ""14""]",29-14,2026-07-10,21:00,4000,0
3DL-9PM,3D Lotto 9PM,"[""8"", ""6"", ""4""]",8-6-4,2026-07-10,21:00,4500,4
4DL,4D Lotto,"[""5"", ""3"", ""9"", ""0""]",5-3-9-0,2026-07-10,21:00,10000,0
ML45,Megalotto 6/45,"[""43"", ""31"", ""01"", ""44"", ""25"", ""40""]",43-31-01-44-25-40,2026-07-10,21:00,15000000,0
UL58,Ultra Lotto 6/58,"[""18"", ""58"", ""41"", ""35"", ""46"", ""02""]",18-58-41-35-46-02,2026-07-10,21:00,128000000,0
2DL-2PM,2D Lotto 2PM,"[""20"", ""05""]",20-05,2026-07-11,14:00,4000,22
3DL-2PM,3D Lotto 2PM,"[""1"", ""1"", ""2""]",1-1-2,2026-07-11,14:00,4500,10
2DL-5PM,2D Lotto 5PM,"[""18"", ""01""]",18-01,2026-07-11,17:00,4000,8
2DL-9PM,2D Lotto 9PM,"[""10"", ""16""]",10-16,2026-07-11,21:00,4000,6
3DL-9PM,3D Lotto 9PM,"[""1"", ""5"", ""9""]",1-5-9,2026-07-11,21:00,4500,12
6DL,6D Lotto,"[""6"", ""6"", ""4"", ""6"", ""7"", ""1""]",6-6-4-6-7-1,2026-07-11,21:00,651876.56,0
GL55,Grand Lotto 6/55,"[""38"", ""47"", ""42"", ""44"", ""31"", ""39""]",38-47-42-44-31-39,2026-07-11,21:00,70431947.88,0
LOTTO42,Lotto 6/42,"[""40"", ""21"", ""23"", ""33"", ""41"", ""10""]",40-21-23-33-41-10,2026-07-11,21:00,10000000,0
2DL-2PM,2D Lotto 2PM,"[""06"", ""22""]",06-22,2026-07-12,14:00,4000,23
2DL-5PM,2D Lotto 5PM,"[""20"", ""11""]",20-11,2026-07-12,17:00,4000,1
3DL-5PM,3D Lotto 5PM,"[""0"", ""6"", ""3""]",0-6-3,2026-07-12,17:00,4500,2
2DL-9PM,2D Lotto 9PM,"[""27"", ""11""]",27-11,2026-07-12,21:00,4000,6
3DL-9PM,3D Lotto 9PM,"[""0"", ""5"", ""5""]",0-5-5,2026-07-12,21:00,4500,3
SL49,Superlotto 6/49,"[""17"", ""47"", ""49"", ""46"", ""35"", ""32""]",17-47-49-46-35-32,2026-07-12,21:00,63053297.45,0
UL58,Ultra Lotto 6/58,"[""18"", ""04"", ""11"", ""34"", ""43"", ""38""]",18-04-11-34-43-38,2026-07-12,21:00,128000000,0
2DL-2PM,2D Lotto 2PM,"[""30"", ""13""]",30-13,2026-07-13,14:00,4000,6
3DL-2PM,3D Lotto 2PM,"[""3"", ""9"", ""5""]",3-9-5,2026-07-13,14:00,4500,8
2DL-5PM,2D Lotto 5PM,"[""26"", ""09""]",26-09,2026-07-13,17:00,4000,2
3DL-5PM,3D Lotto 5PM,"[""9"", ""1"", ""5""]",9-1-5,2026-07-13,17:00,4500,3
2DL-9PM,2D Lotto 9PM,"[""11"", ""23""]",11-23,2026-07-13,21:00,4000,5
3DL-9PM,3D Lotto 9PM,"[""9"", ""5"", ""8""]",9-5-8,2026-07-13,21:00,4500,6
4DL,4D Lotto,"[""8"", ""9"", ""1"", ""1""]",8-9-1-1,2026-07-13,21:00,425440,32
GL55,Grand Lotto 6/55,"[""51"", ""15"", ""26"", ""37"", ""06"", ""55""]",51-15-26-37-06-55,2026-07-13,21:00,73989083.89,0
ML45,Megalotto 6/45,"[""43"", ""32"", ""26"", ""22"", ""16"", ""33""]",43-32-26-22-16-33,2026-07-13,21:00,15000000,0
2DL-2PM,2D Lotto 2PM,"[""21"", ""06""]",21-06,2026-07-14,14:00,4000,7
3DL-2PM,3D Lotto 2PM,"[""1"", ""3"", ""4""]",1-3-4,2026-07-14,14:00,4500,1
2DL-5PM,2D Lotto 5PM,"[""22"", ""03""]",22-03,2026-07-14,17:00,4000,0
3DL-5PM,3D Lotto 5PM,"[""5"", ""9"", ""8""]",5-9-8,2026-07-14,17:00,4500,1
2DL-9PM,2D Lotto 9PM,"[""10"", ""23""]",10-23,2026-07-14,21:00,4000,10
3DL-9PM,3D Lotto 9PM,"[""5"", ""6"", ""3""]",5-6-3,2026-07-14,21:00,4500,3
6DL,6D Lotto,"[""9"", ""9"", ""3"", ""2"", ""5"", ""4""]",9-9-3-2-5-4,2026-07-14,21:00,1249271,1
LOTTO42,Lotto 6/42,"[""21"", ""27"", ""38"", ""06"", ""18"", ""35""]",21-27-38-06-18-35,2026-07-14,21:00,11400166.51,0
SL49,Superlotto 6/49,"[""18"", ""11"", ""37"", ""22"", ""36"", ""17""]",18-11-37-22-36-17,2026-07-14,21:00,70248761.21,0
UL58,Ultra Lotto 6/58,"[""01"", ""23"", ""17"", ""48"", ""58"", ""34""]",01-23-17-48-58-34,2026-07-14,21:00,132124267.28,0
2DL-2PM,2D Lotto 2PM,"[""10"", ""29""]",10-29,2026-07-15,14:00,4000,7
3DL-2PM,3D Lotto 2PM,"[""8"", ""5"", ""7""]",8-5-7,2026-07-15,14:00,4500,2
2DL-5PM,2D Lotto 5PM,"[""07"", ""16""]",07-16,2026-07-15,17:00,4000,11
3DL-5PM,3D Lotto 5PM,"[""6"", ""0"", ""4""]",6-0-4,2026-07-15,17:00,4500,1
2DL-9PM,2D Lotto 9PM,"[""14"", ""25""]",14-25,2026-07-15,21:00,4000,8
3DL-9PM,3D Lotto 9PM,"[""6"", ""6"", ""5""]",6-6-5,2026-07-15,21:00,4500,2
4DL,4D Lotto,"[""1"", ""5"", ""9"", ""0""]",1-5-9-0,2026-07-15,21:00,971760,40
GL55,Grand Lotto 6/55,"[""20"", ""03"", ""48"", ""09"", ""33"", ""13""]",20-03-48-09-33-13,2026-07-15,21:00,77749422,0
ML45,Megalotto 6/45,"[""04"", ""24"", ""45"", ""09"", ""44"", ""21""]",04-24-45-09-44-21,2026-07-15,21:00,15000000,0
2DL-2PM,2D Lotto 2PM,"[""16"", ""05""]",16-05,2026-07-16,14:00,4000,8
3DL-2PM,3D Lotto 2PM,"[""8"", ""4"", ""5""]",8-4-5,2026-07-16,14:00,4500,2
2DL-5PM,2D Lotto 5PM,"[""27"", ""06""]",27-06,2026-07-16,17:00,4000,5
3DL-5PM,3D Lotto 5PM,"[""7"", ""6"", ""6""]",7-6-6,2026-07-16,17:00,4500,4
2DL-9PM,2D Lotto 9PM,"[""16"", ""27""]",16-27,2026-07-16,21:00,4000,16
3DL-9PM,3D Lotto 9PM,"[""7"", ""8"", ""2""]",7-8-2,2026-07-16,21:00,4500,34
6DL,6D Lotto,"[""3"", ""5"", ""8"", ""7"", ""6"", ""5""]",3-5-8-7-6-5,2026-07-16,21:00,479741.48,0
LOTTO42,Lotto 6/42,"[""02"", ""13"", ""25"", ""06"", ""30"", ""42""]",02-13-25-06-30-42,2026-07-16,21:00,13973560.81,0
SL49,Superlotto 6/49,"[""05"", ""34"", ""18"", ""26"", ""23"", ""09""]",05-34-18-26-23-09,2026-07-16,21:00,74564647.92,0
2DL-2PM,2D Lotto 2PM,"[""01"", ""25""]",01-25,2026-07-17,14:00,4000,1
3DL-2PM,3D Lotto 2PM,"[""3"", ""4"", ""0""]",3-4-0,2026-07-17,14:00,4500,4
2DL-5PM,2D Lotto 5PM,"[""15"", ""06""]",15-06,2026-07-17,17:00,4000,2
3DL-5PM,3D Lotto 5PM,"[""7"", ""2"", ""4""]",7-2-4,2026-07-17,17:00,4500,17
2DL-9PM,2D Lotto 9PM,"[""15"", ""22""]",15-22,2026-07-17,21:00,4000,13
3DL-9PM,3D Lotto 9PM,"[""8"", ""9"", ""1""]",8-9-1,2026-07-17,21:00,4500,12
4DL,4D Lotto,"[""2"", ""0"", ""7"", ""7""]",2-0-7-7,2026-07-17,21:00,719275,25
ML45,Megalotto 6/45,"[""17"", ""42"", ""10"", ""15"", ""06"", ""14""]",17-42-10-15-06-14,2026-07-17,21:00,15000000,0
UL58,Ultra Lotto 6/58,"[""41"", ""10"", ""43"", ""32"", ""54"", ""56""]",41-10-43-32-54-56,2026-07-17,21:00,137992907.31,0
2DL-2PM,2D Lotto 2PM,"[""15"", ""05""]",15-05,2026-07-18,14:00,4000,18
3DL-2PM,3D Lotto 2PM,"[""5"", ""7"", ""2""]",5-7-2,2026-07-18,14:00,4500,5
2DL-5PM,2D Lotto 5PM,"[""03"", ""08""]",03-08,2026-07-18,17:00,4000,17
3DL-5PM,3D Lotto 5PM,"[""4"", ""5"", ""8""]",4-5-8,2026-07-18,17:00,4500,3
2DL-9PM,2D Lotto 9PM,"[""19"", ""10""]",19-10,2026-07-18,21:00,4000,21
3DL-9PM,3D Lotto 9PM,"[""8"", ""0"", ""8""]",8-0-8,2026-07-18,21:00,4500,3
6DL,6D Lotto,"[""3"", ""2"", ""4"", ""5"", ""3"", ""6""]",3-2-4-5-3-6,2026-07-18,21:00,1093341.28,0
GL55,Grand Lotto 6/55,"[""06"", ""02"", ""21"", ""25"", ""44"", ""48""]",06-02-21-25-44-48,2026-07-18,21:00,81616980.58,0
LOTTO42,Lotto 6/42,"[""27"", ""32"", ""39"", ""26"", ""12"", ""07""]",27-32-39-26-12-07,2026-07-18,21:00,16967295.47,0
2DL-2PM,2D Lotto 2PM,"[""03"", ""05""]",03-05,2026-07-19,14:00,4000,6
2DL-5PM,2D Lotto 5PM,"[""15"", ""28""]",15-28,2026-07-19,17:00,4000,0
3DL-5PM,3D Lotto 5PM,"[""6"", ""0"", ""8""]",6-0-8,2026-07-19,17:00,4500,1
2DL-9PM,2D Lotto 9PM,"[""19"", ""17""]",19-17,2026-07-19,21:00,4000,1
3DL-9PM,3D Lotto 9PM,"[""9"", ""8"", ""7""]",9-8-7,2026-07-19,21:00,4500,11
SL49,Superlotto 6/49,"[""02"", ""41"", ""15"", ""28"", ""37"", ""25""]",02-41-15-28-37-25,2026-07-19,21:00,74564647.92,0
UL58,Ultra Lotto 6/58,"[""15"", ""01"", ""33"", ""19"", ""08"", ""09""]",15-01-33-19-08-09,2026-07-19,21:00,143365843.33,0
2DL-2PM,2D Lotto 2PM,"[""14"", ""03""]",14-03,2026-07-20,14:00,4000,6
3DL-2PM,3D Lotto 2PM,"[""4"", ""2"", ""0""]",4-2-0,2026-07-20,14:00,4500,4
2DL-5PM,2D Lotto 5PM,"[""18"", ""08""]",18-08,2026-07-20,17:00,4000,5
3DL-5PM,3D Lotto 5PM,"[""0"", ""9"", ""3""]",0-9-3,2026-07-20,17:00,4500,0
2DL-9PM,2D Lotto 9PM,"[""31"", ""08""]",31-08,2026-07-20,21:00,4000,24
3DL-9PM,3D Lotto 9PM,"[""4"", ""4"", ""8""]",4-4-8,2026-07-20,21:00,4500,9
4DL,4D Lotto,"[""3"", ""7"", ""0"", ""8""]",3-7-0-8,2026-07-20,21:00,676500,25
GL55,Grand Lotto 6/55,"[""29"", ""20"", ""23"", ""03"", ""14"", ""40""]",29-20-23-03-14-40,2026-07-20,21:00,85413885.1,0
ML45,Megalotto 6/45,"[""11"", ""38"", ""08"", ""05"", ""19"", ""42""]",11-38-08-05-19-42,2026-07-20,21:00,15000000,0
2DL-2PM,2D Lotto 2PM,"[""17"", ""16""]",17-16,2026-07-21,14:00,4000,3
3DL-2PM,3D Lotto 2PM,"[""7"", ""5"", ""9""]",7-5-9,2026-07-21,14:00,4500,2
2DL-5PM,2D Lotto 5PM,"[""05"", ""09""]",05-09,2026-07-21,17:00,4000,12
3DL-5PM,3D Lotto 5PM,"[""0"", ""4"", ""2""]",0-4-2,2026-07-21,17:00,4500,0
2DL-9PM,2D Lotto 9PM,"[""27"", ""24""]",27-24,2026-07-21,21:00,4000,8
3DL-9PM,3D Lotto 9PM,"[""6"", ""6"", ""7""]",6-6-7,2026-07-21,21:00,4500,0
6DL,6D Lotto,"[""4"", ""6"", ""8"", ""1"", ""7"", ""0""]",4-6-8-1-7-0,2026-07-21,21:00,1093341.28,0
LOTTO42,Lotto 6/42,"[""17"", ""41"", ""13"", ""10"", ""38"", ""16""]",17-41-13-10-38-16,2026-07-21,21:00,10000000,0
SL49,Superlotto 6/49,"[""48"", ""15"", ""37"", ""44"", ""08"", ""42""]",48-15-37-44-08-42,2026-07-21,21:00,82277097.7,0
UL58,Ultra Lotto 6/58,"[""47"", ""49"", ""17"", ""31"", ""28"", ""30""]",47-49-17-31-28-30,2026-07-21,21:00,148191891.86,0
2DL-2PM,2D Lotto 2PM,"[""01"", ""16""]",01-16,2026-07-22,14:00,4000,10
3DL-2PM,3D Lotto 2PM,"[""1"", ""8"", ""6""]",1-8-6,2026-07-22,14:00,4500,9
2DL-5PM,2D Lotto 5PM,"[""28"", ""23""]",28-23,2026-07-22,17:00,4000,5
3DL-5PM,3D Lotto 5PM,"[""1"", ""0"", ""5""]",1-0-5,2026-07-22,17:00,4500,11
2DL-9PM,2D Lotto 9PM,"[""08"", ""12""]",08-12,2026-07-22,21:00,4000,21
3DL-9PM,3D Lotto 9PM,"[""1"", ""2"", ""3""]",1-2-3,2026-07-22,21:00,4500,25
4DL,4D Lotto,"[""0"", ""4"", ""8"", ""4""]",0-4-8-4,2026-07-22,21:00,911722,14
GL55,Grand Lotto 6/55,"[""15"", ""24"", ""36"", ""10"", ""48"", ""55""]",15-24-36-10-48-55,2026-07-22,21:00,89205403.23,0
ML45,Megalotto 6/45,"[""08"", ""14"", ""39"", ""29"", ""01"", ""13""]",08-14-39-29-01-13,2026-07-22,21:00,15000000,0
2DL-2PM,2D Lotto 2PM,"[""04"", ""05""]",04-05,2026-07-23,14:00,4000,20
3DL-2PM,3D Lotto 2PM,"[""2"", ""8"", ""1""]",2-8-1,2026-07-23,14:00,4500,18
2DL-5PM,2D Lotto 5PM,"[""19"", ""31""]",19-31,2026-07-23,17:00,4000,1
3DL-5PM,3D Lotto 5PM,"[""2"", ""7"", ""4""]",2-7-4,2026-07-23,17:00,4500,7
2DL-9PM,2D Lotto 9PM,"[""17"", ""22""]",17-22,2026-07-23,21:00,4000,3
3DL-9PM,3D Lotto 9PM,"[""1"", ""0"", ""9""]",1-0-9,2026-07-23,21:00,4500,24
6DL,6D Lotto,"[""0"", ""3"", ""2"", ""6"", ""4"", ""2""]",0-3-2-6-4-2,2026-07-23,21:00,1477391.56,0
LOTTO42,Lotto 6/42,"[""32"", ""03"", ""01"", ""22"", ""33"", ""21""]",32-03-01-22-33-21,2026-07-23,21:00,10000000,0
SL49,Superlotto 6/49,"[""39"", ""38"", ""01"", ""36"", ""11"", ""26""]",39-38-01-36-11-26,2026-07-23,21:00,86718438.59,0
2DL-2PM,2D Lotto 2PM,"[""26"", ""12""]",26-12,2026-07-24,14:00,4000,12
3DL-2PM,3D Lotto 2PM,"[""1"", ""3"", ""8""]",1-3-8,2026-07-24,14:00,4500,4
2DL-5PM,2D Lotto 5PM,"[""22"", ""21""]",22-21,2026-07-24,17:00,4000,2
3DL-5PM,3D Lotto 5PM,"[""4"", ""2"", ""0""]",4-2-0,2026-07-24,17:00,4500,15
2DL-9PM,2D Lotto 9PM,"[""29"", ""27""]",29-27,2026-07-24,21:00,4000,19
3DL-9PM,3D Lotto 9PM,"[""1"", ""2"", ""9""]",1-2-9,2026-07-24,21:00,4500,15
4DL,4D Lotto,"[""7"", ""5"", ""6"", ""7""]",7-5-6-7,2026-07-24,21:00,818050,25
ML45,Megalotto 6/45,"[""14"", ""20"", ""19"", ""31"", ""02"", ""11""]",14-20-19-31-02-11,2026-07-24,21:00,17800795.73,0
UL58,Ultra Lotto 6/58,"[""47"", ""54"", ""26"", ""10"", ""05"", ""36""]",47-54-26-10-05-36,2026-07-24,21:00,153993280.14,0
2DL-2PM,2D Lotto 2PM,"[""28"", ""29""]",28-29,2026-07-25,14:00,4000,12
3DL-2PM,3D Lotto 2PM,"[""7"", ""6"", ""5""]",7-6-5,2026-07-25,14:00,4500,16
2DL-5PM,2D Lotto 5PM,"[""03"", ""31""]",03-31,2026-07-25,17:00,4000,2
3DL-5PM,3D Lotto 5PM,"[""8"", ""6"", ""6""]",8-6-6,2026-07-25,17:00,4500,1
2DL-9PM,2D Lotto 9PM,"[""19"", ""02""]",19-02,2026-07-25,21:00,4000,7
3DL-9PM,3D Lotto 9PM,"[""3"", ""4"", ""0""]",3-4-0,2026-07-25,21:00,4500,6
6DL,6D Lotto,"[""6"", ""2"", ""6"", ""1"", ""8"", ""3""]",6-2-6-1-8-3,2026-07-25,21:00,1921534.44,0
GL55,Grand Lotto 6/55,"[""50"", ""05"", ""12"", ""26"", ""02"", ""20""]",50-05-12-26-02-20,2026-07-25,21:00,93164926.34,0
LOTTO42,Lotto 6/42,"[""39"", ""27"", ""35"", ""15"", ""19"", ""12""]",39-27-35-15-19-12,2026-07-25,21:00,10000000,0
2DL-2PM,2D Lotto 2PM,"[""09"", ""08""]",09-08,2026-07-26,14:00,4000,10
2DL-5PM,2D Lotto 5PM,"[""19"", ""22""]",19-22,2026-07-26,17:00,4000,0
3DL-5PM,3D Lotto 5PM,"[""6"", ""5"", ""6""]",6-5-6,2026-07-26,17:00,4500,1
2DL-9PM,2D Lotto 9PM,"[""14"", ""09""]",14-09,2026-07-26,21:00,4000,22
3DL-9PM,3D Lotto 9PM,"[""8"", ""5"", ""4""]",8-5-4,2026-07-26,21:00,4500,0
SL49,Superlotto 6/49,"[""04"", ""10"", ""19"", ""14"", ""13"", ""05""]",04-10-19-14-13-05,2026-07-26,21:00,86718438.59,0
UL58,Ultra Lotto 6/58,"[""50"", ""11"", ""30"", ""44"", ""33"", ""07""]",50-11-30-44-33-07,2026-07-26,21:00,159512434.42,0
2DL-2PM,2D Lotto 2PM,"[""29"", ""24""]",29-24,2026-07-27,14:00,4000,6
2DL-5PM,2D Lotto 5PM,"[""04"", ""12""]",04-12,2026-07-27,17:00,4000,3
3DL-5PM,3D Lotto 5PM,"[""5"", ""1"", ""3""]",5-1-3,2026-07-27,17:00,4500,1
2DL-9PM,2D Lotto 9PM,"[""14"", ""25""]",14-25,2026-07-27,21:00,4000,2
3DL-9PM,3D Lotto 9PM,"[""3"", ""2"", ""6""]",3-2-6,2026-07-27,21:00,4500,11
4DL,4D Lotto,"[""9"", ""1"", ""9"", ""5""]",9-1-9-5,2026-07-27,21:00,924320,20
GL55,Grand Lotto 6/55,"[""06"", ""53"", ""42"", ""49"", ""55"", ""46""]",06-53-42-49-55-46,2026-07-27,21:00,97179402.15,0
ML45,Megalotto 6/45,"[""14"", ""42"", ""34"", ""26"", ""05"", ""37""]",14-42-34-26-05-37,2026-07-27,21:00,15000000,0
2DL-2PM,2D Lotto 2PM,"[""30"", ""11""]",30-11,2026-07-28,14:00,4000,5
3DL-2PM,3D Lotto 2PM,"[""2"", ""1"", ""6""]",2-1-6,2026-07-28,14:00,4500,23
2DL-5PM,2D Lotto 5PM,"[""23"", ""05""]",23-05,2026-07-28,17:00,4000,4
3DL-5PM,3D Lotto 5PM,"[""3"", ""2"", ""4""]",3-2-4,2026-07-28,17:00,4500,2
2DL-9PM,2D Lotto 9PM,"[""28"", ""07""]",28-07,2026-07-28,21:00,4000,75
3DL-9PM,3D Lotto 9PM,"[""2"", ""5"", ""1""]",2-5-1,2026-07-28,21:00,4500,15
6DL,6D Lotto,"[""2"", ""5"", ""8"", ""7"", ""9"", ""4""]",2-5-8-7-9-4,2026-07-28,21:00,1921534.44,0
LOTTO42,Lotto 6/42,"[""41"", ""03"", ""07"", ""39"", ""25"", ""24""]",41-03-07-39-25-24,2026-07-28,21:00,10000000,0
SL49,Superlotto 6/49,"[""05"", ""13"", ""15"", ""37"", ""21"", ""40""]",05-13-15-37-21-40,2026-07-28,21:00,25000000,0
UL58,Ultra Lotto 6/58,"[""32"", ""48"", ""34"", ""55"", ""30"", ""07""]",32-48-34-55-30-07,2026-07-28,21:00,164653649.18,0
2DL-2PM,2D Lotto 2PM,"[""26"", ""24""]",26-24,2026-07-29,14:00,4000,3
2DL-5PM,2D Lotto 5PM,"[""14"", ""01""]",14-01,2026-07-29,17:00,4000,4
2DL-9PM,2D Lotto 9PM,"[""28"", ""06""]",28-06,2026-07-29,21:00,4000,11
3DL-9PM,3D Lotto 9PM,"[""3"", ""2"", ""3""]",3-2-3,2026-07-29,21:00,4500,65
4DL,4D Lotto,"[""6"", ""9"", ""4"", ""7""]",6-9-4-7,2026-07-29,21:00,772618,11
GL55,Grand Lotto 6/55,"[""09"", ""04"", ""33"", ""23"", ""46"", ""14""]",09-04-33-23-46-14,2026-07-29,21:00,101243333.98,0
ML45,Megalotto 6/45,"[""22"", ""39"", ""43"", ""07"", ""13"", ""08""]",22-39-43-07-13-08,2026-07-29,21:00,15000000,0
2DL-2PM,2D Lotto 2PM,"[""03"", ""14""]",03-14,2026-07-30,14:00,4000,5
2DL-5PM,2D Lotto 5PM,"[""22"", ""15""]",22-15,2026-07-30,17:00,4000,7
3DL-5PM,3D Lotto 5PM,"[""2"", ""0"", ""9""]",2-0-9,2026-07-30,17:00,4500,10
2DL-9PM,2D Lotto 9PM,"[""17"", ""13""]",17-13,2026-07-30,21:00,4000,11
3DL-9PM,3D Lotto 9PM,"[""2"", ""6"", ""0""]",2-6-0,2026-07-30,21:00,4500,15
6DL,6D Lotto,"[""0"", ""9"", ""5"", ""7"", ""6"", ""1""]",0-9-5-7-6-1,2026-07-30,21:00,2901231.16,0
LOTTO42,Lotto 6/42,"[""26"", ""17"", ""23"", ""39"", ""15"", ""38""]",26-17-23-39-15-38,2026-07-30,21:00,10466741.76,0
SL49,Superlotto 6/49,"[""36"", ""25"", ""44"", ""02"", ""47"", ""01""]",36-25-44-02-47-01,2026-07-30,21:00,25069159.31,0
2DL-2PM,2D Lotto 2PM,"[""29"", ""05""]",29-05,2026-07-31,14:00,4000,3
3DL-2PM,3D Lotto 2PM,"[""4"", ""5"", ""3""]",4-5-3,2026-07-31,14:00,4500,11
2DL-5PM,2D Lotto 5PM,"[""18"", ""02""]",18-02,2026-07-31,17:00,4000,4
3DL-5PM,3D Lotto 5PM,"[""3"", ""2"", ""4""]",3-2-4,2026-07-31,17:00,4500,5
2DL-9PM,2D Lotto 9PM,"[""24"", ""31""]",24-31,2026-07-31,21:00,4000,10
3DL-9PM,3D Lotto 9PM,"[""0"", ""9"", ""7""]",0-9-7,2026-07-31,21:00,4500,6
4DL,4D Lotto,"[""1"", ""7"", ""0"", ""4""]",1-7-0-4,2026-07-31,21:00,798836,38
ML45,Megalotto 6/45,"[""05"", ""08"", ""29"", ""12"", ""38"", ""31""]",05-08-29-12-38-31,2026-07-31,21:00,15000000,0
UL58,Ultra Lotto 6/58,"[""15"", ""18"", ""36"", ""54"", ""11"", ""52""]",15-18-36-54-11-52,2026-07-31,21:00,170883452.24,0
2DL-2PM,2D Lotto 2PM,"[""03"", ""13""]",03-13,2026-08-01,14:00,4000,9
3DL-2PM,3D Lotto 2PM,"[""3"", ""8"", ""8""]",3-8-8,2026-08-01,14:00,4500,5
2DL-5PM,2D Lotto 5PM,"[""29"", ""26""]",29-26,2026-08-01,17:00,4000,15
3DL-5PM,3D Lotto 5PM,"[""4"", ""8"", ""3""]",4-8-3,2026-08-01,17:00,4500,3
2DL-9PM,2D Lotto 9PM,"[""25"", ""28""]",25-28,2026-08-01,21:00,4000,16
3DL-9PM,3D Lotto 9PM,"[""4"", ""5"", ""3""]",4-5-3,2026-08-01,21:00,4500,10
6DL,6D Lotto,"[""9"", ""0"", ""6"", ""3"", ""5"", ""9""]",9-0-6-3-5-9,2026-08-01,21:00,3621527.48,0
GL55,Grand Lotto 6/55,"[""48"", ""28"", ""49"", ""44"", ""54"", ""38""]",48-28-49-44-54-38,2026-08-01,21:00,106120099.39,0
LOTTO42,Lotto 6/42,"[""01"", ""10"", ""18"", ""02"", ""28"", ""39""]",01-10-18-02-28-39,2026-08-01,21:00,13369052.18,0
2DL-2PM,2D Lotto 2PM,"[""23"", ""02""]",23-02,2026-08-02,14:00,4000,4
3DL-2PM,3D Lotto 2PM,"[""8"", ""8"", ""1""]",8-8-1,2026-08-02,14:00,4500,13
2DL-5PM,2D Lotto 5PM,"[""25"", ""19""]",25-19,2026-08-02,17:00,4000,1
3DL-5PM,3D Lotto 5PM,"[""9"", ""2"", ""9""]",9-2-9,2026-08-02,17:00,4500,0
2DL-9PM,2D Lotto 9PM,"[""20"", ""09""]",20-09,2026-08-02,21:00,4000,11
3DL-9PM,3D Lotto 9PM,"[""3"", ""5"", ""0""]",3-5-0,2026-08-02,21:00,4500,6
SL49,Superlotto 6/49,"[""37"", ""16"", ""01"", ""23"", ""35"", ""07""]",37-16-01-23-35-07,2026-08-02,21:00,25069159.31,0
UL58,Ultra Lotto 6/58,"[""41"", ""38"", ""09"", ""23"", ""24"", ""35""]",41-38-09-23-24-35,2026-08-02,21:00,176930017.96,0
2DL-2PM,2D Lotto 2PM,"[""30"", ""22""]",30-22,2026-08-03,14:00,4000,1
3DL-2PM,3D Lotto 2PM,"[""7"", ""8"", ""2""]",7-8-2,2026-08-03,14:00,4500,13
2DL-5PM,2D Lotto 5PM,"[""10"", ""10""]",10-10,2026-08-03,17:00,4000,6
2DL-9PM,2D Lotto 9PM,"[""14"", ""23""]",14-23,2026-08-03,21:00,4000,12
3DL-9PM,3D Lotto 9PM,"[""2"", ""0"", ""5""]",2-0-5,2026-08-03,21:00,4500,7
4DL,4D Lotto,"[""9"", ""1"", ""9"", ""8""]",9-1-9-8,2026-08-03,21:00,909258,21
GL55,Grand Lotto 6/55,"[""53"", ""02"", ""17"", ""44"", ""34"", ""05""]",53-02-17-44-34-05,2026-08-03,21:00,110824717.35,0
ML45,Megalotto 6/45,"[""27"", ""29"", ""34"", ""08"", ""32"", ""36""]",27-29-34-08-32-36,2026-08-03,21:00,15000000,0
2DL-2PM,2D Lotto 2PM,"[""07"", ""02""]",07-02,2026-08-04,14:00,4000,14
3DL-2PM,3D Lotto 2PM,"[""3"", ""9"", ""5""]",3-9-5,2026-08-04,14:00,4500,7
2DL-5PM,2D Lotto 5PM,"[""10"", ""28""]",10-28,2026-08-04,17:00,4000,6
3DL-5PM,3D Lotto 5PM,"[""2"", ""4"", ""6""]",2-4-6,2026-08-04,17:00,4500,14
2DL-9PM,2D Lotto 9PM,"[""19"", ""17""]",19-17,2026-08-04,21:00,4000,6
3DL-9PM,3D Lotto 9PM,"[""3"", ""8"", ""2""]",3-8-2,2026-08-04,21:00,4500,5
6DL,6D Lotto,"[""0"", ""5"", ""0"", ""4"", ""9"", ""7""]",0-5-0-4-9-7,2026-08-04,21:00,3621527.48,0
LOTTO42,Lotto 6/42,"[""01"", ""26"", ""42"", ""15"", ""34"", ""19""]",01-26-42-15-34-19,2026-08-04,21:00,16531794.06,0
SL49,Superlotto 6/49,"[""11"", ""20"", ""12"", ""36"", ""44"", ""26""]",11-20-12-36-44-26,2026-08-04,21:00,25187181.56,1
UL58,Ultra Lotto 6/58,"[""35"", ""14"", ""07"", ""13"", ""46"", ""55""]",35-14-07-13-46-55,2026-08-04,21:00,182425805.15,0
2DL-2PM,2D Lotto 2PM,"[""20"", ""23""]",20-23,2026-08-05,14:00,4000,7
3DL-2PM,3D Lotto 2PM,"[""8"", ""0"", ""6""]",8-0-6,2026-08-05,14:00,4500,6
2DL-5PM,2D Lotto 5PM,"[""13"", ""18""]",13-18,2026-08-05,17:00,4000,5
3DL-5PM,3D Lotto 5PM,"[""5"", ""6"", ""2""]",5-6-2,2026-08-05,17:00,4500,7
2DL-9PM,2D Lotto 9PM,"[""21"", ""02""]",21-02,2026-08-05,21:00,4000,1
3DL-9PM,3D Lotto 9PM,"[""7"", ""2"", ""8""]",7-2-8,2026-08-05,21:00,4500,19
4DL,4D Lotto,"[""2"", ""8"", ""8"", ""4""]",2-8-8-4,2026-08-05,21:00,863500,11
GL55,Grand Lotto 6/55,"[""40"", ""20"", ""39"", ""41"", ""26"", ""42""]",40-20-39-41-26-42,2026-08-05,21:00,115231478.82,0
ML45,Megalotto 6/45,"[""02"", ""11"", ""29"", ""31"", ""28"", ""06""]",02-11-29-31-28-06,2026-08-05,21:00,15000000,0
