draw_index,game_code,draw_date,draw_time,combination,sum,mean,minimum,maximum,span,even_count,odd_count,low_count,high_count,unique_values,adjacent_consecutive_pairs,shared_values_with_previous_draw
1,3DL-2PM,2023-12-23,14:00,046,10,3.333,0,6,6,3,0,2,1,3,0,
2,3DL-5PM,2023-12-23,17:00,533,11,3.667,3,5,2,0,3,2,1,2,0,0
3,3DL-9PM,2023-12-23,21:00,943,16,5.333,3,9,6,1,2,2,1,3,1,1
4,3DL-2PM,2023-12-24,14:00,054,9,3,0,5,5,2,1,2,1,3,1,1
5,3DL-5PM,2023-12-24,17:00,770,14,4.667,0,7,7,1,2,1,2,2,0,1
6,3DL-9PM,2023-12-24,21:00,913,13,4.333,1,9,8,0,3,2,1,3,0,0
7,3DL-2PM,2023-12-26,14:00,347,14,4.667,3,7,4,1,2,2,1,3,1,1
8,3DL-5PM,2023-12-26,17:00,890,17,5.667,0,9,9,2,1,1,2,3,1,0
9,3DL-9PM,2023-12-26,21:00,769,22,7.333,6,9,3,1,2,0,3,3,1,1
10,3DL-2PM,2023-12-27,14:00,952,16,5.333,2,9,7,1,2,1,2,3,0,1
11,3DL-5PM,2023-12-27,17:00,308,11,3.667,0,8,8,2,1,2,1,3,0,0
12,3DL-9PM,2023-12-27,21:00,004,4,1.333,0,4,4,3,0,3,0,2,0,1
13,3DL-2PM,2023-12-28,14:00,216,9,3,1,6,5,2,1,2,1,3,1,0
14,3DL-5PM,2023-12-28,17:00,531,9,3,1,5,4,0,3,2,1,3,0,1
15,3DL-9PM,2023-12-28,21:00,430,7,2.333,0,4,4,2,1,3,0,3,1,1
16,3DL-2PM,2023-12-29,14:00,510,6,2,0,5,5,1,2,2,1,3,1,1
17,3DL-5PM,2023-12-29,17:00,354,12,4,3,5,2,1,2,2,1,3,1,1
18,3DL-9PM,2023-12-29,21:00,928,19,6.333,2,9,7,2,1,1,2,3,0,0
19,3DL-2PM,2023-12-30,14:00,571,13,4.333,1,7,6,0,3,1,2,3,0,0
20,3DL-5PM,2023-12-30,17:00,598,22,7.333,5,9,4,1,2,0,3,3,1,1
21,3DL-9PM,2023-12-30,21:00,407,11,3.667,0,7,7,2,1,2,1,3,0,0
22,3DL-2PM,2023-12-31,14:00,676,19,6.333,6,7,1,2,1,0,3,2,2,1
23,3DL-5PM,2023-12-31,17:00,336,12,4,3,6,3,1,2,2,1,2,0,1
24,3DL-9PM,2023-12-31,21:00,156,12,4,1,6,5,1,2,1,2,3,1,1
25,3DL-2PM,2024-01-02,14:00,552,12,4,2,5,3,1,2,1,2,2,0,1
26,3DL-5PM,2024-01-02,17:00,482,14,4.667,2,8,6,3,0,2,1,3,0,1
27,3DL-9PM,2024-01-02,21:00,547,16,5.333,4,7,3,1,2,1,2,3,1,1
28,3DL-2PM,2024-01-03,14:00,214,7,2.333,1,4,3,2,1,3,0,3,1,1
29,3DL-5PM,2024-01-03,17:00,593,17,5.667,3,9,6,0,3,1,2,3,0,0
30,3DL-9PM,2024-01-03,21:00,030,3,1,0,3,3,2,1,3,0,2,0,1
31,3DL-2PM,2024-01-04,14:00,866,20,6.667,6,8,2,3,0,0,3,2,0,0
32,3DL-5PM,2024-01-04,17:00,821,11,3.667,1,8,7,2,1,2,1,3,1,1
33,3DL-9PM,2024-01-04,21:00,143,8,2.667,1,4,3,1,2,3,0,3,1,1
34,3DL-2PM,2024-01-05,14:00,604,10,3.333,0,6,6,3,0,2,1,3,0,1
35,3DL-5PM,2024-01-05,17:00,576,18,6,5,7,2,1,2,0,3,3,1,1
36,3DL-9PM,2024-01-05,21:00,123,6,2,1,3,2,1,2,3,0,3,2,0
37,3DL-2PM,2024-01-06,14:00,413,8,2.667,1,4,3,1,2,3,0,3,0,2
38,3DL-5PM,2024-01-06,17:00,951,15,5,1,9,8,0,3,1,2,3,0,1
39,3DL-9PM,2024-01-06,21:00,997,25,8.333,7,9,2,0,3,0,3,2,0,1
40,3DL-2PM,2024-01-07,14:00,533,11,3.667,3,5,2,0,3,2,1,2,0,0
41,3DL-5PM,2024-01-07,17:00,721,10,3.333,1,7,6,1,2,2,1,3,1,0
42,3DL-9PM,2024-01-07,21:00,915,15,5,1,9,8,0,3,1,2,3,0,1
43,3DL-2PM,2024-01-08,14:00,024,6,2,0,4,4,3,0,3,0,3,0,0
44,3DL-5PM,2024-01-08,17:00,734,14,4.667,3,7,4,1,2,2,1,3,1,1
45,3DL-9PM,2024-01-08,21:00,535,13,4.333,3,5,2,0,3,1,2,2,0,1
46,3DL-2PM,2024-01-09,14:00,957,21,7,5,9,4,0,3,0,3,3,0,1
47,3DL-5PM,2024-01-09,17:00,305,8,2.667,0,5,5,1,2,2,1,3,0,1
48,3DL-9PM,2024-01-09,21:00,415,10,3.333,1,5,4,1,2,2,1,3,0,1
49,3DL-2PM,2024-01-10,14:00,198,18,6,1,9,8,1,2,1,2,3,1,1
50,3DL-5PM,2024-01-10,17:00,040,4,1.333,0,4,4,3,0,3,0,2,0,0
51,3DL-9PM,2024-01-10,21:00,810,9,3,0,8,8,2,1,2,1,3,1,1
52,3DL-2PM,2024-01-11,14:00,073,10,3.333,0,7,7,1,2,2,1,3,0,1
53,3DL-5PM,2024-01-11,17:00,521,8,2.667,1,5,4,1,2,2,1,3,1,0
54,3DL-9PM,2024-01-11,21:00,991,19,6.333,1,9,8,0,3,1,2,2,0,1
55,3DL-2PM,2024-01-12,14:00,447,15,5,4,7,3,2,1,2,1,2,0,0
56,3DL-5PM,2024-01-12,17:00,437,14,4.667,3,7,4,1,2,2,1,3,1,2
57,3DL-9PM,2024-01-12,21:00,241,7,2.333,1,4,3,2,1,3,0,3,0,1
58,3DL-2PM,2024-01-13,14:00,947,20,6.667,4,9,5,1,2,1,2,3,0,1
59,3DL-5PM,2024-01-13,17:00,132,6,2,1,3,2,1,2,3,0,3,1,0
60,3DL-9PM,2024-01-13,21:00,024,6,2,0,4,4,3,0,3,0,3,0,1
61,3DL-2PM,2024-01-14,14:00,550,10,3.333,0,5,5,1,2,1,2,2,0,1
62,3DL-5PM,2024-01-14,17:00,869,23,7.667,6,9,3,2,1,0,3,3,0,0
63,3DL-9PM,2024-01-14,21:00,310,4,1.333,0,3,3,1,2,3,0,3,1,0
64,3DL-2PM,2024-01-15,14:00,849,21,7,4,9,5,2,1,1,2,3,0,0
65,3DL-5PM,2024-01-15,17:00,977,23,7.667,7,9,2,0,3,0,3,2,0,1
66,3DL-9PM,2024-01-15,21:00,138,12,4,1,8,7,1,2,2,1,3,0,0
67,3DL-2PM,2024-01-16,14:00,317,11,3.667,1,7,6,0,3,2,1,3,0,2
68,3DL-5PM,2024-01-16,17:00,408,12,4,0,8,8,3,0,2,1,3,0,0
69,3DL-9PM,2024-01-16,21:00,584,17,5.667,4,8,4,2,1,1,2,3,0,2
70,3DL-2PM,2024-01-17,14:00,571,13,4.333,1,7,6,0,3,1,2,3,0,1
71,3DL-5PM,2024-01-17,17:00,770,14,4.667,0,7,7,1,2,1,2,2,0,1
72,3DL-9PM,2024-01-17,21:00,129,12,4,1,9,8,1,2,2,1,3,1,0
73,3DL-2PM,2024-01-18,14:00,840,12,4,0,8,8,3,0,2,1,3,0,0
74,3DL-5PM,2024-01-18,17:00,517,13,4.333,1,7,6,0,3,1,2,3,0,0
75,3DL-9PM,2024-01-18,21:00,915,15,5,1,9,8,0,3,1,2,3,0,2
76,3DL-2PM,2024-01-19,14:00,545,14,4.667,4,5,1,1,2,1,2,2,2,1
77,3DL-5PM,2024-01-19,17:00,505,10,3.333,0,5,5,1,2,1,2,2,0,1
78,3DL-9PM,2024-01-19,21:00,474,15,5,4,7,3,2,1,2,1,2,0,0
79,3DL-2PM,2024-01-20,14:00,826,16,5.333,2,8,6,3,0,1,2,3,0,0
80,3DL-5PM,2024-01-20,17:00,506,11,3.667,0,6,6,2,1,1,2,3,0,1
81,3DL-9PM,2024-01-20,21:00,374,14,4.667,3,7,4,1,2,2,1,3,0,0
82,3DL-2PM,2024-01-21,14:00,227,11,3.667,2,7,5,2,1,2,1,2,0,1
83,3DL-5PM,2024-01-21,17:00,723,12,4,2,7,5,1,2,2,1,3,1,2
84,3DL-9PM,2024-01-21,21:00,173,11,3.667,1,7,6,0,3,2,1,3,0,2
85,3DL-2PM,2024-01-22,14:00,615,12,4,1,6,5,1,2,1,2,3,0,1
86,3DL-5PM,2024-01-22,17:00,423,9,3,2,4,2,2,1,3,0,3,1,0
87,3DL-9PM,2024-01-22,21:00,556,16,5.333,5,6,1,1,2,0,3,2,1,0
88,3DL-2PM,2024-01-23,14:00,613,10,3.333,1,6,5,1,2,2,1,3,0,1
89,3DL-5PM,2024-01-23,17:00,660,12,4,0,6,6,3,0,1,2,2,0,1
90,3DL-9PM,2024-01-23,21:00,441,9,3,1,4,3,2,1,3,0,2,0,0
91,3DL-2PM,2024-01-24,14:00,457,16,5.333,4,7,3,1,2,1,2,3,1,1
92,3DL-5PM,2024-01-24,17:00,226,10,3.333,2,6,4,3,0,2,1,2,0,0
93,3DL-9PM,2024-01-24,21:00,025,7,2.333,0,5,5,2,1,2,1,3,0,1
94,3DL-2PM,2024-01-25,14:00,852,15,5,2,8,6,2,1,1,2,3,0,2
95,3DL-5PM,2024-01-25,17:00,500,5,1.667,0,5,5,2,1,2,1,2,0,1
96,3DL-9PM,2024-01-25,21:00,067,13,4.333,0,7,7,2,1,1,2,3,1,1
97,3DL-2PM,2024-01-26,14:00,332,8,2.667,2,3,1,1,2,3,0,2,1,0
98,3DL-5PM,2024-01-26,17:00,960,15,5,0,9,9,2,1,1,2,3,0,0
99,3DL-9PM,2024-01-26,21:00,402,6,2,0,4,4,3,0,3,0,3,0,1
100,3DL-2PM,2024-01-27,14:00,326,11,3.667,2,6,4,2,1,2,1,3,1,1
101,3DL-5PM,2024-01-27,17:00,766,19,6.333,6,7,1,2,1,0,3,2,1,1
102,3DL-9PM,2024-01-27,21:00,257,14,4.667,2,7,5,1,2,1,2,3,0,1
103,3DL-2PM,2024-01-28,14:00,954,18,6,4,9,5,1,2,1,2,3,1,1
104,3DL-5PM,2024-01-28,17:00,698,23,7.667,6,9,3,2,1,0,3,3,1,1
105,3DL-9PM,2024-01-28,21:00,458,17,5.667,4,8,4,2,1,1,2,3,1,1
106,3DL-2PM,2024-01-29,14:00,810,9,3,0,8,8,2,1,2,1,3,1,1
107,3DL-5PM,2024-01-29,17:00,406,10,3.333,0,6,6,3,0,2,1,3,0,1
108,3DL-9PM,2024-01-29,21:00,224,8,2.667,2,4,2,3,0,3,0,2,0,1
109,3DL-2PM,2024-01-30,14:00,952,16,5.333,2,9,7,1,2,1,2,3,0,1
110,3DL-5PM,2024-01-30,17:00,857,20,6.667,5,8,3,1,2,0,3,3,0,1
111,3DL-9PM,2024-01-30,21:00,671,14,4.667,1,7,6,1,2,1,2,3,1,1
112,3DL-2PM,2024-01-31,14:00,032,5,1.667,0,3,3,2,1,3,0,3,1,0
113,3DL-5PM,2024-01-31,17:00,640,10,3.333,0,6,6,3,0,2,1,3,0,1
114,3DL-9PM,2024-01-31,21:00,082,10,3.333,0,8,8,3,0,2,1,3,0,1
115,3DL-2PM,2024-02-01,14:00,904,13,4.333,0,9,9,2,1,2,1,3,0,1
116,3DL-5PM,2024-02-01,17:00,297,18,6,2,9,7,1,2,1,2,3,0,1
117,3DL-9PM,2024-02-01,21:00,487,19,6.333,4,8,4,2,1,1,2,3,1,1
118,3DL-2PM,2024-02-02,14:00,519,15,5,1,9,8,0,3,1,2,3,0,0
119,3DL-5PM,2024-02-02,17:00,436,13,4.333,3,6,3,2,1,2,1,3,1,0
120,3DL-9PM,2024-02-02,21:00,984,21,7,4,9,5,2,1,1,2,3,1,1
121,3DL-2PM,2024-02-03,14:00,851,14,4.667,1,8,7,1,2,1,2,3,0,1
122,3DL-5PM,2024-02-03,17:00,372,12,4,2,7,5,1,2,2,1,3,0,0
123,3DL-9PM,2024-02-03,21:00,013,4,1.333,0,3,3,1,2,3,0,3,1,1
124,3DL-2PM,2024-02-04,14:00,070,7,2.333,0,7,7,2,1,2,1,2,0,1
125,3DL-5PM,2024-02-04,17:00,230,5,1.667,0,3,3,2,1,3,0,3,1,1
126,3DL-9PM,2024-02-04,21:00,048,12,4,0,8,8,3,0,2,1,3,0,1
127,3DL-2PM,2024-02-05,14:00,196,16,5.333,1,9,8,1,2,1,2,3,0,0
128,3DL-5PM,2024-02-05,17:00,285,15,5,2,8,6,2,1,1,2,3,0,0
129,3DL-9PM,2024-02-05,21:00,275,14,4.667,2,7,5,1,2,1,2,3,0,2
130,3DL-2PM,2024-02-06,14:00,356,14,4.667,3,6,3,1,2,1,2,3,1,1
131,3DL-5PM,2024-02-06,17:00,488,20,6.667,4,8,4,3,0,1,2,2,0,0
132,3DL-9PM,2024-02-06,21:00,675,18,6,5,7,2,1,2,0,3,3,1,0
133,3DL-2PM,2024-02-07,14:00,020,2,0.667,0,2,2,3,0,3,0,2,0,0
134,3DL-5PM,2024-02-07,17:00,103,4,1.333,0,3,3,1,2,3,0,3,1,1
135,3DL-9PM,2024-02-07,21:00,753,15,5,3,7,4,0,3,1,2,3,0,1
136,3DL-2PM,2024-02-08,14:00,301,4,1.333,0,3,3,1,2,3,0,3,1,1
137,3DL-5PM,2024-02-08,17:00,389,20,6.667,3,9,6,1,2,1,2,3,1,1
138,3DL-9PM,2024-02-08,21:00,602,8,2.667,0,6,6,3,0,2,1,3,0,0
139,3DL-2PM,2024-02-09,14:00,499,22,7.333,4,9,5,1,2,1,2,2,0,0
140,3DL-5PM,2024-02-09,17:00,204,6,2,0,4,4,3,0,3,0,3,0,1
141,3DL-9PM,2024-02-09,21:00,805,13,4.333,0,8,8,2,1,1,2,3,0,1
142,3DL-2PM,2024-02-10,14:00,572,14,4.667,2,7,5,1,2,1,2,3,0,1
143,3DL-5PM,2024-02-10,17:00,451,10,3.333,1,5,4,1,2,2,1,3,1,1
144,3DL-9PM,2024-02-10,21:00,439,16,5.333,3,9,6,1,2,2,1,3,1,1
145,3DL-2PM,2024-02-11,14:00,377,17,5.667,3,7,4,0,3,1,2,2,0,1
146,3DL-5PM,2024-02-11,17:00,578,20,6.667,5,8,3,1,2,0,3,3,1,1
147,3DL-9PM,2024-02-11,21:00,973,19,6.333,3,9,6,0,3,1,2,3,0,1
148,3DL-2PM,2024-02-12,14:00,371,11,3.667,1,7,6,0,3,2,1,3,0,2
149,3DL-5PM,2024-02-12,17:00,619,16,5.333,1,9,8,1,2,1,2,3,0,1
150,3DL-9PM,2024-02-12,21:00,451,10,3.333,1,5,4,1,2,2,1,3,1,1
151,3DL-2PM,2024-02-13,14:00,414,9,3,1,4,3,2,1,3,0,2,0,2
152,3DL-5PM,2024-02-13,17:00,595,19,6.333,5,9,4,0,3,0,3,2,0,0
153,3DL-9PM,2024-02-13,21:00,291,12,4,1,9,8,1,2,2,1,3,0,1
154,3DL-2PM,2024-02-14,14:00,361,10,3.333,1,6,5,1,2,2,1,3,0,1
155,3DL-5PM,2024-02-14,17:00,077,14,4.667,0,7,7,1,2,1,2,2,0,0
156,3DL-9PM,2024-02-14,21:00,230,5,1.667,0,3,3,2,1,3,0,3,1,1
157,3DL-2PM,2024-02-15,14:00,717,15,5,1,7,6,0,3,1,2,2,0,0
158,3DL-5PM,2024-02-15,17:00,299,20,6.667,2,9,7,1,2,1,2,2,0,0
159,3DL-9PM,2024-02-15,21:00,192,12,4,1,9,8,1,2,2,1,3,0,2
160,3DL-2PM,2024-02-16,14:00,555,15,5,5,5,0,0,3,0,3,1,0,0
161,3DL-5PM,2024-02-16,17:00,468,18,6,4,8,4,3,0,1,2,3,0,0
162,3DL-9PM,2024-02-16,21:00,870,15,5,0,8,8,2,1,1,2,3,1,1
163,3DL-2PM,2024-02-17,14:00,496,19,6.333,4,9,5,2,1,1,2,3,0,0
164,3DL-5PM,2024-02-17,17:00,618,15,5,1,8,7,2,1,1,2,3,0,1
165,3DL-9PM,2024-02-17,21:00,178,16,5.333,1,8,7,1,2,1,2,3,1,2
166,3DL-2PM,2024-02-18,14:00,582,15,5,2,8,6,2,1,1,2,3,0,1
167,3DL-5PM,2024-02-18,17:00,103,4,1.333,0,3,3,1,2,3,0,3,1,0
168,3DL-2PM,2024-02-19,14:00,389,20,6.667,3,9,6,1,2,1,2,3,1,1
169,3DL-5PM,2024-02-19,17:00,494,17,5.667,4,9,5,2,1,2,1,2,0,1
170,3DL-9PM,2024-02-19,21:00,256,13,4.333,2,6,4,2,1,1,2,3,1,0
171,3DL-2PM,2024-02-20,14:00,729,18,6,2,9,7,1,2,1,2,3,0,1
172,3DL-5PM,2024-02-20,17:00,829,19,6.333,2,9,7,2,1,1,2,3,0,2
173,3DL-9PM,2024-02-20,21:00,515,11,3.667,1,5,4,0,3,1,2,2,0,0
174,3DL-2PM,2024-02-21,14:00,322,7,2.333,2,3,1,2,1,3,0,2,1,0
175,3DL-5PM,2024-02-21,17:00,713,11,3.667,1,7,6,0,3,2,1,3,0,1
176,3DL-9PM,2024-02-21,21:00,949,22,7.333,4,9,5,1,2,1,2,2,0,0
177,3DL-2PM,2024-02-22,14:00,322,7,2.333,2,3,1,2,1,3,0,2,1,0
178,3DL-5PM,2024-02-22,17:00,627,15,5,2,7,5,2,1,1,2,3,0,1
179,3DL-9PM,2024-02-22,21:00,973,19,6.333,3,9,6,0,3,1,2,3,0,1
180,3DL-2PM,2024-02-23,14:00,912,12,4,1,9,8,1,2,2,1,3,1,1
181,3DL-5PM,2024-02-23,17:00,119,11,3.667,1,9,8,0,3,2,1,2,0,2
182,3DL-9PM,2024-02-23,21:00,357,15,5,3,7,4,0,3,1,2,3,0,0
183,3DL-2PM,2024-02-24,14:00,267,15,5,2,7,5,2,1,1,2,3,1,1
184,3DL-5PM,2024-02-24,17:00,045,9,3,0,5,5,2,1,2,1,3,1,0
185,3DL-9PM,2024-02-24,21:00,343,10,3.333,3,4,1,1,2,3,0,2,2,1
186,3DL-2PM,2024-02-25,14:00,777,21,7,7,7,0,0,3,0,3,1,0,0
187,3DL-5PM,2024-02-25,17:00,683,17,5.667,3,8,5,2,1,1,2,3,0,0
188,3DL-9PM,2024-02-25,21:00,609,15,5,0,9,9,2,1,1,2,3,0,1
189,3DL-2PM,2024-02-26,14:00,019,10,3.333,0,9,9,1,2,2,1,3,1,2
190,3DL-5PM,2024-02-26,17:00,625,13,4.333,2,6,4,2,1,1,2,3,0,0
191,3DL-9PM,2024-02-26,21:00,894,21,7,4,9,5,2,1,1,2,3,1,0
192,3DL-2PM,2024-02-27,14:00,097,16,5.333,0,9,9,1,2,1,2,3,0,1
193,3DL-5PM,2024-02-27,17:00,291,12,4,1,9,8,1,2,2,1,3,0,1
194,3DL-9PM,2024-02-27,21:00,360,9,3,0,6,6,2,1,2,1,3,0,0
195,3DL-2PM,2024-02-28,14:00,735,15,5,3,7,4,0,3,1,2,3,0,1
196,3DL-5PM,2024-02-28,17:00,227,11,3.667,2,7,5,2,1,2,1,2,0,1
197,3DL-9PM,2024-02-28,21:00,865,19,6.333,5,8,3,2,1,0,3,3,1,0
198,3DL-2PM,2024-02-29,14:00,382,13,4.333,2,8,6,2,1,2,1,3,0,1
199,3DL-5PM,2024-02-29,17:00,884,20,6.667,4,8,4,3,0,1,2,2,0,1
200,3DL-9PM,2024-02-29,21:00,487,19,6.333,4,8,4,2,1,1,2,3,1,2
201,3DL-2PM,2024-03-01,14:00,283,13,4.333,2,8,6,2,1,2,1,3,0,1
202,3DL-5PM,2024-03-01,17:00,445,13,4.333,4,5,1,2,1,2,1,2,1,0
203,3DL-9PM,2024-03-01,21:00,870,15,5,0,8,8,2,1,1,2,3,1,0
204,3DL-2PM,2024-03-02,14:00,233,8,2.667,2,3,1,1,2,3,0,2,1,0
205,3DL-5PM,2024-03-02,17:00,214,7,2.333,1,4,3,2,1,3,0,3,1,1
206,3DL-9PM,2024-03-02,21:00,588,21,7,5,8,3,2,1,0,3,2,0,0
207,3DL-2PM,2024-03-03,14:00,082,10,3.333,0,8,8,3,0,2,1,3,0,1
208,3DL-5PM,2024-03-03,17:00,593,17,5.667,3,9,6,0,3,1,2,3,0,0
209,3DL-9PM,2024-03-03,21:00,968,23,7.667,6,9,3,2,1,0,3,3,0,1
210,3DL-2PM,2024-03-04,14:00,834,15,5,3,8,5,2,1,2,1,3,1,1
211,3DL-5PM,2024-03-04,17:00,839,20,6.667,3,9,6,1,2,1,2,3,0,2
212,3DL-9PM,2024-03-04,21:00,405,9,3,0,5,5,2,1,2,1,3,0,0
213,3DL-2PM,2024-03-05,14:00,902,11,3.667,0,9,9,2,1,2,1,3,0,1
214,3DL-5PM,2024-03-05,17:00,866,20,6.667,6,8,2,3,0,0,3,2,0,0
215,3DL-9PM,2024-03-05,21:00,671,14,4.667,1,7,6,1,2,1,2,3,1,1
216,3DL-2PM,2024-03-06,14:00,832,13,4.333,2,8,6,2,1,2,1,3,1,0
217,3DL-5PM,2024-03-06,17:00,821,11,3.667,1,8,7,2,1,2,1,3,1,2
218,3DL-9PM,2024-03-06,21:00,411,6,2,1,4,3,1,2,3,0,2,0,1
219,3DL-2PM,2024-03-07,14:00,489,21,7,4,9,5,2,1,1,2,3,1,1
220,3DL-5PM,2024-03-07,17:00,737,17,5.667,3,7,4,0,3,1,2,2,0,0
221,3DL-9PM,2024-03-07,21:00,365,14,4.667,3,6,3,1,2,1,2,3,1,1
222,3DL-2PM,2024-03-08,14:00,092,11,3.667,0,9,9,2,1,2,1,3,0,0
223,3DL-5PM,2024-03-08,17:00,776,20,6.667,6,7,1,1,2,0,3,2,1,0
224,3DL-9PM,2024-03-08,21:00,003,3,1,0,3,3,2,1,3,0,2,0,0
225,3DL-2PM,2024-03-09,14:00,914,14,4.667,1,9,8,1,2,2,1,3,0,0
226,3DL-5PM,2024-03-09,17:00,128,11,3.667,1,8,7,2,1,2,1,3,1,1
227,3DL-9PM,2024-03-09,21:00,564,15,5,4,6,2,2,1,1,2,3,1,0
228,3DL-2PM,2024-03-10,14:00,888,24,8,8,8,0,3,0,0,3,1,0,0
229,3DL-5PM,2024-03-10,17:00,467,17,5.667,4,7,3,2,1,1,2,3,1,0
230,3DL-9PM,2024-03-10,21:00,221,5,1.667,1,2,1,2,1,3,0,2,1,0
231,3DL-2PM,2024-03-11,14:00,126,9,3,1,6,5,2,1,2,1,3,1,2
232,3DL-5PM,2024-03-11,17:00,963,18,6,3,9,6,1,2,1,2,3,0,1
233,3DL-9PM,2024-03-11,21:00,882,18,6,2,8,6,3,0,1,2,2,0,0
234,3DL-2PM,2024-03-12,14:00,666,18,6,6,6,0,3,0,0,3,1,0,0
235,3DL-5PM,2024-03-12,17:00,438,15,5,3,8,5,2,1,2,1,3,1,0
236,3DL-9PM,2024-03-12,21:00,289,19,6.333,2,9,7,2,1,1,2,3,1,1
237,3DL-2PM,2024-03-13,14:00,251,8,2.667,1,5,4,1,2,2,1,3,0,1
238,3DL-5PM,2024-03-13,17:00,496,19,6.333,4,9,5,2,1,1,2,3,0,0
239,3DL-9PM,2024-03-13,21:00,909,18,6,0,9,9,1,2,1,2,2,0,1
240,3DL-2PM,2024-03-14,14:00,734,14,4.667,3,7,4,1,2,2,1,3,1,0
241,3DL-5PM,2024-03-14,17:00,064,10,3.333,0,6,6,3,0,2,1,3,0,1
242,3DL-9PM,2024-03-14,21:00,422,8,2.667,2,4,2,3,0,3,0,2,0,1
243,3DL-2PM,2024-03-15,14:00,116,8,2.667,1,6,5,1,2,2,1,2,0,0
244,3DL-5PM,2024-03-15,17:00,492,15,5,2,9,7,2,1,2,1,3,0,0
245,3DL-9PM,2024-03-15,21:00,295,16,5.333,2,9,7,1,2,1,2,3,0,2
246,3DL-2PM,2024-03-16,14:00,598,22,7.333,5,9,4,1,2,0,3,3,1,2
247,3DL-5PM,2024-03-16,17:00,915,15,5,1,9,8,0,3,1,2,3,0,2
248,3DL-9PM,2024-03-16,21:00,439,16,5.333,3,9,6,1,2,2,1,3,1,1
249,3DL-2PM,2024-03-17,14:00,332,8,2.667,2,3,1,1,2,3,0,2,1,1
250,3DL-5PM,2024-03-17,17:00,044,8,2.667,0,4,4,3,0,3,0,2,0,0
251,3DL-9PM,2024-03-17,21:00,042,6,2,0,4,4,3,0,3,0,3,0,2
252,3DL-2PM,2024-03-18,14:00,397,19,6.333,3,9,6,0,3,1,2,3,0,0
253,3DL-5PM,2024-03-18,17:00,411,6,2,1,4,3,1,2,3,0,2,0,0
254,3DL-9PM,2024-03-18,21:00,379,19,6.333,3,9,6,0,3,1,2,3,0,0
255,3DL-2PM,2024-03-19,14:00,685,19,6.333,5,8,3,2,1,0,3,3,0,0
256,3DL-5PM,2024-03-19,17:00,051,6,2,0,5,5,1,2,2,1,3,0,1
257,3DL-9PM,2024-03-19,21:00,271,10,3.333,1,7,6,1,2,2,1,3,0,1
258,3DL-2PM,2024-03-20,14:00,698,23,7.667,6,9,3,2,1,0,3,3,1,0
259,3DL-5PM,2024-03-20,17:00,807,15,5,0,8,8,2,1,1,2,3,0,1
260,3DL-9PM,2024-03-20,21:00,427,13,4.333,2,7,5,2,1,2,1,3,0,1
261,3DL-2PM,2024-03-21,14:00,385,16,5.333,3,8,5,1,2,1,2,3,0,0
262,3DL-5PM,2024-03-21,17:00,919,19,6.333,1,9,8,0,3,1,2,2,0,0
263,3DL-9PM,2024-03-21,21:00,057,12,4,0,7,7,1,2,1,2,3,0,0
264,3DL-2PM,2024-03-22,14:00,438,15,5,3,8,5,2,1,2,1,3,1,0
265,3DL-5PM,2024-03-22,17:00,308,11,3.667,0,8,8,2,1,2,1,3,0,2
266,3DL-9PM,2024-03-22,21:00,796,22,7.333,6,9,3,1,2,0,3,3,0,0
267,3DL-2PM,2024-03-23,14:00,451,10,3.333,1,5,4,1,2,2,1,3,1,0
268,3DL-5PM,2024-03-23,17:00,013,4,1.333,0,3,3,1,2,3,0,3,1,1
269,3DL-9PM,2024-03-23,21:00,681,15,5,1,8,7,2,1,1,2,3,0,1
270,3DL-2PM,2024-03-24,14:00,526,13,4.333,2,6,4,2,1,1,2,3,0,1
271,3DL-5PM,2024-03-24,17:00,092,11,3.667,0,9,9,2,1,2,1,3,0,1
272,3DL-9PM,2024-03-24,21:00,740,11,3.667,0,7,7,2,1,2,1,3,0,1
273,3DL-2PM,2024-03-25,14:00,847,19,6.333,4,8,4,2,1,1,2,3,0,2
274,3DL-5PM,2024-03-25,17:00,126,9,3,1,6,5,2,1,2,1,3,1,0
275,3DL-9PM,2024-03-25,21:00,872,17,5.667,2,8,6,2,1,1,2,3,1,1
276,3DL-2PM,2024-03-26,14:00,602,8,2.667,0,6,6,3,0,2,1,3,0,1
277,3DL-5PM,2024-03-26,17:00,157,13,4.333,1,7,6,0,3,1,2,3,0,0
278,3DL-9PM,2024-03-26,21:00,505,10,3.333,0,5,5,1,2,1,2,2,0,1
279,3DL-2PM,2024-03-27,14:00,307,10,3.333,0,7,7,1,2,2,1,3,0,1
280,3DL-5PM,2024-03-27,17:00,586,19,6.333,5,8,3,2,1,0,3,3,0,0
281,3DL-9PM,2024-03-27,21:00,302,5,1.667,0,3,3,2,1,3,0,3,0,0
282,3DL-2PM,2024-04-01,14:00,803,11,3.667,0,8,8,2,1,2,1,3,0,2
283,3DL-5PM,2024-04-01,17:00,555,15,5,5,5,0,0,3,0,3,1,0,0
284,3DL-9PM,2024-04-01,21:00,138,12,4,1,8,7,1,2,2,1,3,0,0
285,3DL-2PM,2024-04-02,14:00,343,10,3.333,3,4,1,1,2,3,0,2,2,1
286,3DL-5PM,2024-04-02,17:00,213,6,2,1,3,2,1,2,3,0,3,1,1
287,3DL-9PM,2024-04-02,21:00,425,11,3.667,2,5,3,2,1,2,1,3,0,1
288,3DL-2PM,2024-04-03,14:00,186,15,5,1,8,7,2,1,1,2,3,0,0
289,3DL-5PM,2024-04-03,17:00,485,17,5.667,4,8,4,2,1,1,2,3,0,1
290,3DL-9PM,2024-04-03,21:00,454,13,4.333,4,5,1,2,1,2,1,2,2,2
291,3DL-2PM,2024-04-04,14:00,386,17,5.667,3,8,5,2,1,1,2,3,0,0
292,3DL-5PM,2024-04-04,17:00,558,18,6,5,8,3,1,2,0,3,2,0,1
293,3DL-9PM,2024-04-04,21:00,180,9,3,0,8,8,2,1,2,1,3,0,1
294,3DL-2PM,2024-04-05,14:00,098,17,5.667,0,9,9,2,1,1,2,3,1,2
295,3DL-5PM,2024-04-05,17:00,931,13,4.333,1,9,8,0,3,2,1,3,0,1
296,3DL-9PM,2024-04-05,21:00,604,10,3.333,0,6,6,3,0,2,1,3,0,0
297,3DL-2PM,2024-04-06,14:00,496,19,6.333,4,9,5,2,1,1,2,3,0,2
298,3DL-5PM,2024-04-06,17:00,480,12,4,0,8,8,3,0,2,1,3,0,1
299,3DL-9PM,2024-04-06,21:00,341,8,2.667,1,4,3,1,2,3,0,3,1,1
300,3DL-2PM,2024-04-07,14:00,724,13,4.333,2,7,5,2,1,2,1,3,0,1
301,3DL-5PM,2024-04-07,17:00,045,9,3,0,5,5,2,1,2,1,3,1,1
302,3DL-9PM,2024-04-07,21:00,143,8,2.667,1,4,3,1,2,3,0,3,1,1
303,3DL-2PM,2024-04-08,14:00,558,18,6,5,8,3,1,2,0,3,2,0,0
304,3DL-5PM,2024-04-08,17:00,173,11,3.667,1,7,6,0,3,2,1,3,0,0
305,3DL-9PM,2024-04-08,21:00,756,18,6,5,7,2,1,2,0,3,3,1,1
306,3DL-2PM,2024-04-09,14:00,806,14,4.667,0,8,8,3,0,1,2,3,0,1
307,3DL-5PM,2024-04-09,17:00,502,7,2.333,0,5,5,2,1,2,1,3,0,1
308,3DL-9PM,2024-04-09,21:00,296,17,5.667,2,9,7,2,1,1,2,3,0,1
309,3DL-2PM,2024-04-10,14:00,699,24,8,6,9,3,1,2,0,3,2,0,2
310,3DL-5PM,2024-04-10,17:00,607,13,4.333,0,7,7,2,1,1,2,3,0,1
311,3DL-9PM,2024-04-10,21:00,592,16,5.333,2,9,7,1,2,1,2,3,0,0
312,3DL-2PM,2024-04-11,14:00,659,20,6.667,5,9,4,1,2,0,3,3,1,2
313,3DL-5PM,2024-04-11,17:00,016,7,2.333,0,6,6,2,1,2,1,3,1,1
314,3DL-9PM,2024-04-11,21:00,421,7,2.333,1,4,3,2,1,3,0,3,1,1
315,3DL-2PM,2024-04-12,14:00,690,15,5,0,9,9,2,1,1,2,3,0,0
316,3DL-5PM,2024-04-12,17:00,948,21,7,4,9,5,2,1,1,2,3,0,1
317,3DL-9PM,2024-04-12,21:00,756,18,6,5,7,2,1,2,0,3,3,1,0
318,3DL-2PM,2024-04-13,14:00,633,12,4,3,6,3,1,2,2,1,2,0,1
319,3DL-5PM,2024-04-13,17:00,865,19,6.333,5,8,3,2,1,0,3,3,1,1
320,3DL-9PM,2024-04-13,21:00,481,13,4.333,1,8,7,2,1,2,1,3,0,1
321,3DL-2PM,2024-04-14,14:00,412,7,2.333,1,4,3,2,1,3,0,3,1,2
322,3DL-5PM,2024-04-14,17:00,660,12,4,0,6,6,3,0,1,2,2,0,0
323,3DL-9PM,2024-04-14,21:00,940,13,4.333,0,9,9,2,1,2,1,3,0,1
324,3DL-2PM,2024-04-15,14:00,324,9,3,2,4,2,2,1,3,0,3,1,1
325,3DL-5PM,2024-04-15,17:00,937,19,6.333,3,9,6,0,3,1,2,3,0,1
326,3DL-9PM,2024-04-15,21:00,403,7,2.333,0,4,4,2,1,3,0,3,0,1
327,3DL-2PM,2024-04-16,14:00,381,12,4,1,8,7,1,2,2,1,3,0,1
328,3DL-5PM,2024-04-16,17:00,127,10,3.333,1,7,6,1,2,2,1,3,1,1
329,3DL-9PM,2024-04-16,21:00,440,8,2.667,0,4,4,3,0,3,0,2,0,0
330,3DL-2PM,2024-04-17,14:00,082,10,3.333,0,8,8,3,0,2,1,3,0,1
331,3DL-5PM,2024-04-17,17:00,574,16,5.333,4,7,3,1,2,1,2,3,0,0
332,3DL-9PM,2024-04-17,21:00,250,7,2.333,0,5,5,2,1,2,1,3,0,1
333,3DL-2PM,2024-04-18,14:00,598,22,7.333,5,9,4,1,2,0,3,3,1,1
334,3DL-5PM,2024-04-18,17:00,777,21,7,7,7,0,0,3,0,3,1,0,0
335,3DL-9PM,2024-04-18,21:00,528,15,5,2,8,6,2,1,1,2,3,0,0
336,3DL-2PM,2024-04-19,14:00,882,18,6,2,8,6,3,0,1,2,2,0,2
337,3DL-5PM,2024-04-19,17:00,741,12,4,1,7,6,1,2,2,1,3,0,0
338,3DL-9PM,2024-04-19,21:00,115,7,2.333,1,5,4,0,3,2,1,2,0,1
339,3DL-2PM,2024-04-20,14:00,597,21,7,5,9,4,0,3,0,3,3,0,1
340,3DL-5PM,2024-04-20,17:00,142,7,2.333,1,4,3,2,1,3,0,3,0,0
341,3DL-9PM,2024-04-20,21:00,027,9,3,0,7,7,2,1,2,1,3,0,1
342,3DL-2PM,2024-04-21,14:00,122,5,1.667,1,2,1,2,1,3,0,2,1,1
343,3DL-5PM,2024-04-21,17:00,873,18,6,3,8,5,1,2,1,2,3,1,0
344,3DL-9PM,2024-04-21,21:00,616,13,4.333,1,6,5,2,1,1,2,2,0,0
345,3DL-2PM,2024-04-22,14:00,633,12,4,3,6,3,1,2,2,1,2,0,1
346,3DL-5PM,2024-04-22,17:00,085,13,4.333,0,8,8,2,1,1,2,3,0,0
347,3DL-9PM,2024-04-22,21:00,224,8,2.667,2,4,2,3,0,3,0,2,0,0
348,3DL-2PM,2024-04-23,14:00,404,8,2.667,0,4,4,3,0,3,0,2,0,1
349,3DL-5PM,2024-04-23,17:00,208,10,3.333,0,8,8,3,0,2,1,3,0,1
350,3DL-9PM,2024-04-23,21:00,844,16,5.333,4,8,4,3,0,2,1,2,0,1
351,3DL-2PM,2024-04-24,14:00,983,20,6.667,3,9,6,1,2,1,2,3,1,1
352,3DL-5PM,2024-04-24,17:00,932,14,4.667,2,9,7,1,2,2,1,3,1,2
353,3DL-9PM,2024-04-24,21:00,749,20,6.667,4,9,5,1,2,1,2,3,0,1
354,3DL-2PM,2024-04-25,14:00,068,14,4.667,0,8,8,3,0,1,2,3,0,0
355,3DL-5PM,2024-04-25,17:00,281,11,3.667,1,8,7,2,1,2,1,3,0,1
356,3DL-9PM,2024-04-25,21:00,851,14,4.667,1,8,7,1,2,1,2,3,0,2
357,3DL-2PM,2024-04-26,14:00,320,5,1.667,0,3,3,2,1,3,0,3,1,0
358,3DL-5PM,2024-04-26,17:00,236,11,3.667,2,6,4,2,1,2,1,3,1,2
359,3DL-9PM,2024-04-26,21:00,939,21,7,3,9,6,0,3,1,2,2,0,1
360,3DL-2PM,2024-04-27,14:00,236,11,3.667,2,6,4,2,1,2,1,3,1,1
361,3DL-5PM,2024-04-27,17:00,638,17,5.667,3,8,5,2,1,1,2,3,0,2
362,3DL-9PM,2024-04-27,21:00,607,13,4.333,0,7,7,2,1,1,2,3,0,1
363,3DL-2PM,2024-04-28,14:00,463,13,4.333,3,6,3,2,1,2,1,3,0,1
364,3DL-5PM,2024-04-28,17:00,236,11,3.667,2,6,4,2,1,2,1,3,1,2
365,3DL-9PM,2024-04-28,21:00,857,20,6.667,5,8,3,1,2,0,3,3,0,0
366,3DL-2PM,2024-04-29,14:00,854,17,5.667,4,8,4,2,1,1,2,3,1,2
367,3DL-5PM,2024-04-29,17:00,754,16,5.333,4,7,3,1,2,1,2,3,1,2
368,3DL-9PM,2024-04-29,21:00,711,9,3,1,7,6,0,3,2,1,2,0,1
369,3DL-2PM,2024-04-30,14:00,418,13,4.333,1,8,7,2,1,2,1,3,0,1
370,3DL-5PM,2024-04-30,17:00,764,17,5.667,4,7,3,2,1,1,2,3,1,1
371,3DL-9PM,2024-04-30,21:00,323,8,2.667,2,3,1,1,2,3,0,2,2,0
372,3DL-2PM,2024-05-01,14:00,984,21,7,4,9,5,2,1,1,2,3,1,0
373,3DL-5PM,2024-05-01,17:00,265,13,4.333,2,6,4,2,1,1,2,3,1,0
374,3DL-9PM,2024-05-01,21:00,075,12,4,0,7,7,1,2,1,2,3,0,1
375,3DL-2PM,2024-05-02,14:00,601,7,2.333,0,6,6,2,1,2,1,3,1,1
376,3DL-5PM,2024-05-02,17:00,660,12,4,0,6,6,3,0,1,2,2,0,2
377,3DL-9PM,2024-05-02,21:00,482,14,4.667,2,8,6,3,0,2,1,3,0,0
378,3DL-2PM,2024-05-03,14:00,021,3,1,0,2,2,2,1,3,0,3,1,1
379,3DL-5PM,2024-05-03,17:00,331,7,2.333,1,3,2,0,3,3,0,2,0,1
380,3DL-9PM,2024-05-03,21:00,606,12,4,0,6,6,3,0,1,2,2,0,0
381,3DL-2PM,2024-05-04,14:00,690,15,5,0,9,9,2,1,1,2,3,0,2
382,3DL-5PM,2024-05-04,17:00,152,8,2.667,1,5,4,1,2,2,1,3,0,0
383,3DL-9PM,2024-05-04,21:00,617,14,4.667,1,7,6,1,2,1,2,3,0,1
384,3DL-2PM,2024-05-05,14:00,967,22,7.333,6,9,3,1,2,0,3,3,1,2
385,3DL-5PM,2024-05-05,17:00,216,9,3,1,6,5,2,1,2,1,3,1,1
386,3DL-9PM,2024-05-05,21:00,054,9,3,0,5,5,2,1,2,1,3,1,0
387,3DL-2PM,2024-05-06,14:00,156,12,4,1,6,5,1,2,1,2,3,1,1
388,3DL-5PM,2024-05-06,17:00,360,9,3,0,6,6,2,1,2,1,3,0,1
389,3DL-9PM,2024-05-06,21:00,013,4,1.333,0,3,3,1,2,3,0,3,1,2
390,3DL-2PM,2024-05-07,14:00,846,18,6,4,8,4,3,0,1,2,3,0,0
391,3DL-5PM,2024-05-07,17:00,034,7,2.333,0,4,4,2,1,3,0,3,1,1
392,3DL-9PM,2024-05-07,21:00,425,11,3.667,2,5,3,2,1,2,1,3,0,1
393,3DL-2PM,2024-05-08,14:00,320,5,1.667,0,3,3,2,1,3,0,3,1,1
394,3DL-5PM,2024-05-08,17:00,229,13,4.333,2,9,7,2,1,2,1,2,0,1
395,3DL-9PM,2024-05-08,21:00,873,18,6,3,8,5,1,2,1,2,3,1,0
396,3DL-2PM,2024-05-09,14:00,237,12,4,2,7,5,1,2,2,1,3,1,2
397,3DL-5PM,2024-05-09,17:00,086,14,4.667,0,8,8,3,0,1,2,3,0,0
398,3DL-9PM,2024-05-09,21:00,741,12,4,1,7,6,1,2,2,1,3,0,0
399,3DL-2PM,2024-05-10,14:00,289,19,6.333,2,9,7,2,1,1,2,3,1,0
400,3DL-5PM,2024-05-10,17:00,773,17,5.667,3,7,4,0,3,1,2,2,0,0
401,3DL-9PM,2024-05-10,21:00,083,11,3.667,0,8,8,2,1,2,1,3,0,1
402,3DL-2PM,2024-05-11,14:00,169,16,5.333,1,9,8,1,2,1,2,3,0,0
403,3DL-5PM,2024-05-11,17:00,797,23,7.667,7,9,2,0,3,0,3,2,0,1
404,3DL-9PM,2024-05-11,21:00,729,18,6,2,9,7,1,2,1,2,3,0,2
405,3DL-2PM,2024-05-12,14:00,895,22,7.333,5,9,4,1,2,0,3,3,1,1
406,3DL-5PM,2024-05-12,17:00,685,19,6.333,5,8,3,2,1,0,3,3,0,2
407,3DL-9PM,2024-05-12,21:00,037,10,3.333,0,7,7,1,2,2,1,3,0,0
408,3DL-2PM,2024-05-13,14:00,354,12,4,3,5,2,1,2,2,1,3,1,1
409,3DL-5PM,2024-05-13,17:00,036,9,3,0,6,6,2,1,2,1,3,0,1
410,3DL-9PM,2024-05-13,21:00,645,15,5,4,6,2,2,1,1,2,3,1,1
411,3DL-2PM,2024-05-14,14:00,987,24,8,7,9,2,1,2,0,3,3,2,0
412,3DL-5PM,2024-05-14,17:00,988,25,8.333,8,9,1,2,1,0,3,2,1,2
413,3DL-9PM,2024-05-14,21:00,192,12,4,1,9,8,1,2,2,1,3,0,1
414,3DL-2PM,2024-05-15,14:00,147,12,4,1,7,6,1,2,2,1,3,0,1
415,3DL-5PM,2024-05-15,17:00,470,11,3.667,0,7,7,2,1,2,1,3,0,2
416,3DL-9PM,2024-05-15,21:00,111,3,1,1,1,0,0,3,3,0,1,0,0
417,3DL-2PM,2024-05-16,14:00,159,15,5,1,9,8,0,3,1,2,3,0,1
418,3DL-5PM,2024-05-16,17:00,194,14,4.667,1,9,8,1,2,2,1,3,0,2
419,3DL-9PM,2024-05-16,21:00,963,18,6,3,9,6,1,2,1,2,3,0,1
420,3DL-2PM,2024-05-17,14:00,130,4,1.333,0,3,3,1,2,3,0,3,0,1
421,3DL-5PM,2024-05-17,17:00,319,13,4.333,1,9,8,0,3,2,1,3,0,2
422,3DL-9PM,2024-05-17,21:00,564,15,5,4,6,2,2,1,1,2,3,1,0
423,3DL-2PM,2024-05-18,14:00,515,11,3.667,1,5,4,0,3,1,2,2,0,1
424,3DL-5PM,2024-05-18,17:00,039,12,4,0,9,9,1,2,2,1,3,0,0
425,3DL-9PM,2024-05-18,21:00,052,7,2.333,0,5,5,2,1,2,1,3,0,1
426,3DL-2PM,2024-05-19,14:00,666,18,6,6,6,0,3,0,0,3,1,0,0
427,3DL-5PM,2024-05-19,17:00,083,11,3.667,0,8,8,2,1,2,1,3,0,0
428,3DL-9PM,2024-05-19,21:00,327,12,4,2,7,5,1,2,2,1,3,1,1
429,3DL-2PM,2024-05-20,14:00,291,12,4,1,9,8,1,2,2,1,3,0,1
430,3DL-5PM,2024-05-20,17:00,302,5,1.667,0,3,3,2,1,3,0,3,0,1
431,3DL-9PM,2024-05-20,21:00,421,7,2.333,1,4,3,2,1,3,0,3,1,1
432,3DL-2PM,2024-05-21,14:00,649,19,6.333,4,9,5,2,1,1,2,3,0,1
433,3DL-5PM,2024-05-21,17:00,638,17,5.667,3,8,5,2,1,1,2,3,0,1
434,3DL-9PM,2024-05-21,21:00,819,18,6,1,9,8,1,2,1,2,3,0,1
435,3DL-2PM,2024-05-22,14:00,901,10,3.333,0,9,9,1,2,2,1,3,1,2
436,3DL-5PM,2024-05-22,17:00,200,2,0.667,0,2,2,3,0,3,0,2,0,1
437,3DL-9PM,2024-05-22,21:00,711,9,3,1,7,6,0,3,2,1,2,0,0
438,3DL-2PM,2024-05-23,14:00,265,13,4.333,2,6,4,2,1,1,2,3,1,0
439,3DL-5PM,2024-05-23,17:00,421,7,2.333,1,4,3,2,1,3,0,3,1,1
440,3DL-9PM,2024-05-23,21:00,209,11,3.667,0,9,9,2,1,2,1,3,0,1
441,3DL-2PM,2024-05-24,14:00,404,8,2.667,0,4,4,3,0,3,0,2,0,1
442,3DL-5PM,2024-05-24,17:00,214,7,2.333,1,4,3,2,1,3,0,3,1,1
443,3DL-9PM,2024-05-24,21:00,164,11,3.667,1,6,5,2,1,2,1,3,0,2
444,3DL-2PM,2024-05-25,14:00,330,6,2,0,3,3,1,2,3,0,2,0,0
445,3DL-5PM,2024-05-25,17:00,524,11,3.667,2,5,3,2,1,2,1,3,0,0
446,3DL-9PM,2024-05-25,21:00,127,10,3.333,1,7,6,1,2,2,1,3,1,1
447,3DL-2PM,2024-05-26,14:00,419,14,4.667,1,9,8,1,2,2,1,3,0,1
448,3DL-5PM,2024-05-26,17:00,999,27,9,9,9,0,0,3,0,3,1,0,1
449,3DL-9PM,2024-05-26,21:00,735,15,5,3,7,4,0,3,1,2,3,0,0
450,3DL-2PM,2024-05-27,14:00,379,19,6.333,3,9,6,0,3,1,2,3,0,2
451,3DL-5PM,2024-05-27,17:00,968,23,7.667,6,9,3,2,1,0,3,3,0,1
452,3DL-9PM,2024-05-27,21:00,355,13,4.333,3,5,2,0,3,1,2,2,0,0
453,3DL-2PM,2024-05-28,14:00,973,19,6.333,3,9,6,0,3,1,2,3,0,1
454,3DL-5PM,2024-05-28,17:00,944,17,5.667,4,9,5,2,1,2,1,2,0,1
455,3DL-9PM,2024-05-28,21:00,595,19,6.333,5,9,4,0,3,0,3,2,0,1
456,3DL-2PM,2024-05-29,14:00,908,17,5.667,0,9,9,2,1,1,2,3,0,1
457,3DL-5PM,2024-05-29,17:00,211,4,1.333,1,2,1,1,2,3,0,2,1,0
458,3DL-9PM,2024-05-29,21:00,793,19,6.333,3,9,6,0,3,1,2,3,0,0
459,3DL-2PM,2024-05-30,14:00,475,16,5.333,4,7,3,1,2,1,2,3,0,1
460,3DL-5PM,2024-05-30,17:00,978,24,8,7,9,2,1,2,0,3,3,1,1
461,3DL-9PM,2024-05-30,21:00,424,10,3.333,2,4,2,3,0,3,0,2,0,0
462,3DL-2PM,2024-05-31,14:00,137,11,3.667,1,7,6,0,3,2,1,3,0,0
463,3DL-5PM,2024-05-31,17:00,254,11,3.667,2,5,3,2,1,2,1,3,1,0
464,3DL-9PM,2024-05-31,21:00,666,18,6,6,6,0,3,0,0,3,1,0,0
465,3DL-2PM,2024-06-01,14:00,711,9,3,1,7,6,0,3,2,1,2,0,0
466,3DL-5PM,2024-06-01,17:00,035,8,2.667,0,5,5,1,2,2,1,3,0,0
467,3DL-9PM,2024-06-01,21:00,284,14,4.667,2,8,6,3,0,2,1,3,0,0
468,3DL-2PM,2024-06-02,14:00,230,5,1.667,0,3,3,2,1,3,0,3,1,1
469,3DL-5PM,2024-06-02,17:00,585,18,6,5,8,3,1,2,0,3,2,0,0
470,3DL-9PM,2024-06-02,21:00,857,20,6.667,5,8,3,1,2,0,3,3,0,2
471,3DL-2PM,2024-06-03,14:00,585,18,6,5,8,3,1,2,0,3,2,0,2
472,3DL-5PM,2024-06-03,17:00,520,7,2.333,0,5,5,2,1,2,1,3,0,1
473,3DL-9PM,2024-06-03,21:00,725,14,4.667,2,7,5,1,2,1,2,3,0,2
474,3DL-2PM,2024-06-04,14:00,472,13,4.333,2,7,5,2,1,2,1,3,0,2
475,3DL-5PM,2024-06-04,17:00,030,3,1,0,3,3,2,1,3,0,2,0,0
476,3DL-9PM,2024-06-04,21:00,883,19,6.333,3,8,5,2,1,1,2,2,0,1
477,3DL-2PM,2024-06-05,14:00,965,20,6.667,5,9,4,1,2,0,3,3,1,0
478,3DL-5PM,2024-06-05,17:00,800,8,2.667,0,8,8,3,0,2,1,2,0,0
479,3DL-9PM,2024-06-05,21:00,787,22,7.333,7,8,1,1,2,0,3,2,2,1
480,3DL-2PM,2024-06-06,14:00,514,10,3.333,1,5,4,1,2,2,1,3,0,0
481,3DL-5PM,2024-06-06,17:00,010,1,0.333,0,1,1,2,1,3,0,2,2,1
482,3DL-9PM,2024-06-06,21:00,076,13,4.333,0,7,7,2,1,1,2,3,1,1
483,3DL-2PM,2024-06-07,14:00,320,5,1.667,0,3,3,2,1,3,0,3,1,1
484,3DL-5PM,2024-06-07,17:00,860,14,4.667,0,8,8,3,0,1,2,3,0,1
485,3DL-9PM,2024-06-07,21:00,274,13,4.333,2,7,5,2,1,2,1,3,0,0
486,3DL-2PM,2024-06-08,14:00,510,6,2,0,5,5,1,2,2,1,3,1,0
487,3DL-5PM,2024-06-08,17:00,856,19,6.333,5,8,3,2,1,0,3,3,1,1
488,3DL-9PM,2024-06-08,21:00,709,16,5.333,0,9,9,1,2,1,2,3,0,0
489,3DL-2PM,2024-06-09,14:00,574,16,5.333,4,7,3,1,2,1,2,3,0,1
490,3DL-5PM,2024-06-09,17:00,917,17,5.667,1,9,8,0,3,1,2,3,0,1
491,3DL-9PM,2024-06-09,21:00,108,9,3,0,8,8,2,1,2,1,3,1,1
492,3DL-2PM,2024-06-10,14:00,426,12,4,2,6,4,3,0,2,1,3,0,0
493,3DL-5PM,2024-06-10,17:00,691,16,5.333,1,9,8,1,2,1,2,3,0,1
494,3DL-9PM,2024-06-10,21:00,931,13,4.333,1,9,8,0,3,2,1,3,0,2
495,3DL-2PM,2024-06-11,14:00,462,12,4,2,6,4,3,0,2,1,3,0,0
496,3DL-5PM,2024-06-11,17:00,786,21,7,6,8,2,2,1,0,3,3,1,1
497,3DL-9PM,2024-06-11,21:00,450,9,3,0,5,5,2,1,2,1,3,1,0
498,3DL-2PM,2024-06-12,14:00,837,18,6,3,8,5,1,2,1,2,3,0,0
499,3DL-5PM,2024-06-12,17:00,760,13,4.333,0,7,7,2,1,1,2,3,1,1
500,3DL-9PM,2024-06-12,21:00,332,8,2.667,2,3,1,1,2,3,0,2,1,0
501,3DL-2PM,2024-06-13,14:00,921,12,4,1,9,8,1,2,2,1,3,1,1
502,3DL-5PM,2024-06-13,17:00,657,18,6,5,7,2,1,2,0,3,3,1,0
503,3DL-9PM,2024-06-13,21:00,071,8,2.667,0,7,7,1,2,2,1,3,0,1
504,3DL-2PM,2024-06-14,14:00,218,11,3.667,1,8,7,2,1,2,1,3,1,1
505,3DL-5PM,2024-06-14,17:00,176,14,4.667,1,7,6,1,2,1,2,3,1,1
506,3DL-9PM,2024-06-14,21:00,449,17,5.667,4,9,5,2,1,2,1,2,0,0
507,3DL-2PM,2024-06-15,14:00,424,10,3.333,2,4,2,3,0,3,0,2,0,1
508,3DL-5PM,2024-06-15,17:00,036,9,3,0,6,6,2,1,2,1,3,0,0
509,3DL-9PM,2024-06-15,21:00,932,14,4.667,2,9,7,1,2,2,1,3,1,1
510,3DL-2PM,2024-06-16,14:00,808,16,5.333,0,8,8,3,0,1,2,2,0,0
511,3DL-5PM,2024-06-16,17:00,589,22,7.333,5,9,4,1,2,0,3,3,1,1
512,3DL-9PM,2024-06-16,21:00,205,7,2.333,0,5,5,2,1,2,1,3,0,1
513,3DL-2PM,2024-06-17,14:00,017,8,2.667,0,7,7,1,2,2,1,3,1,1
514,3DL-5PM,2024-06-17,17:00,737,17,5.667,3,7,4,0,3,1,2,2,0,1
515,3DL-9PM,2024-06-17,21:00,047,11,3.667,0,7,7,2,1,2,1,3,0,1
516,3DL-2PM,2024-06-18,14:00,193,13,4.333,1,9,8,0,3,2,1,3,0,0
517,3DL-5PM,2024-06-18,17:00,688,22,7.333,6,8,2,3,0,0,3,2,0,0
518,3DL-9PM,2024-06-18,21:00,198,18,6,1,9,8,1,2,1,2,3,1,1
519,3DL-2PM,2024-06-19,14:00,931,13,4.333,1,9,8,0,3,2,1,3,0,2
520,3DL-5PM,2024-06-19,17:00,802,10,3.333,0,8,8,3,0,2,1,3,0,0
521,3DL-9PM,2024-06-19,21:00,876,21,7,6,8,2,2,1,0,3,3,2,1
522,3DL-2PM,2024-06-20,14:00,703,10,3.333,0,7,7,1,2,2,1,3,0,1
523,3DL-5PM,2024-06-20,17:00,134,8,2.667,1,4,3,1,2,3,0,3,1,1
524,3DL-9PM,2024-06-20,21:00,741,12,4,1,7,6,1,2,2,1,3,0,2
525,3DL-2PM,2024-06-21,14:00,461,11,3.667,1,6,5,2,1,2,1,3,0,2
526,3DL-5PM,2024-06-21,17:00,581,14,4.667,1,8,7,1,2,1,2,3,0,1
527,3DL-9PM,2024-06-21,21:00,207,9,3,0,7,7,2,1,2,1,3,0,0
528,3DL-2PM,2024-06-22,14:00,183,12,4,1,8,7,1,2,2,1,3,0,0
529,3DL-5PM,2024-06-22,17:00,796,22,7.333,6,9,3,1,2,0,3,3,0,0
530,3DL-9PM,2024-06-22,21:00,467,17,5.667,4,7,3,2,1,1,2,3,1,2
531,3DL-2PM,2024-06-23,14:00,313,7,2.333,1,3,2,0,3,3,0,2,0,0
532,3DL-5PM,2024-06-23,17:00,925,16,5.333,2,9,7,1,2,1,2,3,0,0
533,3DL-9PM,2024-06-23,21:00,207,9,3,0,7,7,2,1,2,1,3,0,1
534,3DL-2PM,2024-06-24,14:00,746,17,5.667,4,7,3,2,1,1,2,3,0,1
535,3DL-5PM,2024-06-24,17:00,321,6,2,1,3,2,1,2,3,0,3,2,0
536,3DL-9PM,2024-06-24,21:00,379,19,6.333,3,9,6,0,3,1,2,3,0,1
537,3DL-2PM,2024-06-25,14:00,225,9,3,2,5,3,2,1,2,1,2,0,0
538,3DL-5PM,2024-06-25,17:00,859,22,7.333,5,9,4,1,2,0,3,3,0,1
539,3DL-9PM,2024-06-25,21:00,598,22,7.333,5,9,4,1,2,0,3,3,1,3
540,3DL-2PM,2024-06-26,14:00,686,20,6.667,6,8,2,3,0,0,3,2,0,1
541,3DL-5PM,2024-06-26,17:00,324,9,3,2,4,2,2,1,3,0,3,1,0
542,3DL-9PM,2024-06-26,21:00,662,14,4.667,2,6,4,3,0,1,2,2,0,1
543,3DL-2PM,2024-06-27,14:00,728,17,5.667,2,8,6,2,1,1,2,3,0,1
544,3DL-5PM,2024-06-27,17:00,108,9,3,0,8,8,2,1,2,1,3,1,1
545,3DL-9PM,2024-06-27,21:00,740,11,3.667,0,7,7,2,1,2,1,3,0,1
546,3DL-2PM,2024-06-28,14:00,804,12,4,0,8,8,3,0,2,1,3,0,2
547,3DL-5PM,2024-06-28,17:00,596,20,6.667,5,9,4,1,2,0,3,3,0,0
548,3DL-9PM,2024-06-28,21:00,220,4,1.333,0,2,2,3,0,3,0,2,0,0
549,3DL-2PM,2024-06-29,14:00,189,18,6,1,9,8,1,2,1,2,3,1,0
550,3DL-5PM,2024-06-29,17:00,201,3,1,0,2,2,2,1,3,0,3,1,1
551,3DL-9PM,2024-06-29,21:00,287,17,5.667,2,8,6,2,1,1,2,3,1,1
552,3DL-2PM,2024-06-30,14:00,110,2,0.667,0,1,1,1,2,3,0,2,1,0
553,3DL-5PM,2024-06-30,17:00,060,6,2,0,6,6,3,0,2,1,2,0,1
554,3DL-9PM,2024-06-30,21:00,361,10,3.333,1,6,5,1,2,2,1,3,0,1
555,3DL-2PM,2024-07-01,14:00,508,13,4.333,0,8,8,2,1,1,2,3,0,0
556,3DL-5PM,2024-07-01,17:00,255,12,4,2,5,3,1,2,1,2,2,0,1
557,3DL-9PM,2024-07-01,21:00,964,19,6.333,4,9,5,2,1,1,2,3,0,0
558,3DL-2PM,2024-07-02,14:00,351,9,3,1,5,4,0,3,2,1,3,0,0
559,3DL-5PM,2024-07-02,17:00,567,18,6,5,7,2,1,2,0,3,3,2,1
560,3DL-9PM,2024-07-02,21:00,177,15,5,1,7,6,0,3,1,2,2,0,1
561,3DL-2PM,2024-07-03,14:00,399,21,7,3,9,6,0,3,1,2,2,0,0
562,3DL-5PM,2024-07-03,17:00,424,10,3.333,2,4,2,3,0,3,0,2,0,0
563,3DL-9PM,2024-07-03,21:00,353,11,3.667,3,5,2,0,3,2,1,2,0,0
564,3DL-2PM,2024-07-04,14:00,750,12,4,0,7,7,1,2,1,2,3,0,1
565,3DL-5PM,2024-07-04,17:00,238,13,4.333,2,8,6,2,1,2,1,3,1,0
566,3DL-9PM,2024-07-04,21:00,808,16,5.333,0,8,8,3,0,1,2,2,0,1
567,3DL-2PM,2024-07-05,14:00,909,18,6,0,9,9,1,2,1,2,2,0,1
568,3DL-5PM,2024-07-05,17:00,295,16,5.333,2,9,7,1,2,1,2,3,0,1
569,3DL-9PM,2024-07-05,21:00,259,16,5.333,2,9,7,1,2,1,2,3,0,3
570,3DL-2PM,2024-07-06,14:00,755,17,5.667,5,7,2,0,3,0,3,2,0,1
571,3DL-5PM,2024-07-06,17:00,301,4,1.333,0,3,3,1,2,3,0,3,1,0
572,3DL-9PM,2024-07-06,21:00,734,14,4.667,3,7,4,1,2,2,1,3,1,1
573,3DL-2PM,2024-07-07,14:00,028,10,3.333,0,8,8,3,0,2,1,3,0,0
574,3DL-5PM,2024-07-07,17:00,860,14,4.667,0,8,8,3,0,1,2,3,0,2
575,3DL-9PM,2024-07-07,21:00,326,11,3.667,2,6,4,2,1,2,1,3,1,1
576,3DL-2PM,2024-07-08,14:00,527,14,4.667,2,7,5,1,2,1,2,3,0,1
577,3DL-5PM,2024-07-08,17:00,734,14,4.667,3,7,4,1,2,2,1,3,1,1
578,3DL-9PM,2024-07-08,21:00,803,11,3.667,0,8,8,2,1,2,1,3,0,1
579,3DL-2PM,2024-07-09,14:00,604,10,3.333,0,6,6,3,0,2,1,3,0,1
580,3DL-5PM,2024-07-09,17:00,648,18,6,4,8,4,3,0,1,2,3,0,2
581,3DL-9PM,2024-07-09,21:00,389,20,6.667,3,9,6,1,2,1,2,3,1,1
582,3DL-2PM,2024-07-10,14:00,847,19,6.333,4,8,4,2,1,1,2,3,0,1
583,3DL-5PM,2024-07-10,17:00,770,14,4.667,0,7,7,1,2,1,2,2,0,1
584,3DL-9PM,2024-07-10,21:00,616,13,4.333,1,6,5,2,1,1,2,2,0,0
585,3DL-2PM,2024-07-11,14:00,899,26,8.667,8,9,1,1,2,0,3,2,1,0
586,3DL-5PM,2024-07-11,17:00,543,12,4,3,5,2,1,2,2,1,3,2,0
587,3DL-9PM,2024-07-11,21:00,942,15,5,2,9,7,2,1,2,1,3,0,1
588,3DL-2PM,2024-07-12,14:00,880,16,5.333,0,8,8,3,0,1,2,2,0,0
589,3DL-5PM,2024-07-12,17:00,692,17,5.667,2,9,7,2,1,1,2,3,0,0
590,3DL-9PM,2024-07-12,21:00,758,20,6.667,5,8,3,1,2,0,3,3,0,0
591,3DL-2PM,2024-07-13,14:00,194,14,4.667,1,9,8,1,2,2,1,3,0,0
592,3DL-5PM,2024-07-13,17:00,086,14,4.667,0,8,8,3,0,1,2,3,0,0
593,3DL-9PM,2024-07-13,21:00,409,13,4.333,0,9,9,2,1,2,1,3,0,1
594,3DL-2PM,2024-07-14,14:00,897,24,8,7,9,2,1,2,0,3,3,1,1
595,3DL-5PM,2024-07-14,17:00,872,17,5.667,2,8,6,2,1,1,2,3,1,2
596,3DL-9PM,2024-07-14,21:00,736,16,5.333,3,7,4,1,2,1,2,3,0,1
597,3DL-2PM,2024-07-15,14:00,262,10,3.333,2,6,4,3,0,2,1,2,0,1
598,3DL-5PM,2024-07-15,17:00,326,11,3.667,2,6,4,2,1,2,1,3,1,2
599,3DL-9PM,2024-07-15,21:00,474,15,5,4,7,3,2,1,2,1,2,0,0
600,3DL-2PM,2024-07-16,14:00,781,16,5.333,1,8,7,1,2,1,2,3,1,1
601,3DL-5PM,2024-07-16,17:00,856,19,6.333,5,8,3,2,1,0,3,3,1,1
602,3DL-9PM,2024-07-16,21:00,850,13,4.333,0,8,8,2,1,1,2,3,0,2
603,3DL-2PM,2024-07-17,14:00,415,10,3.333,1,5,4,1,2,2,1,3,0,1
604,3DL-5PM,2024-07-17,17:00,773,17,5.667,3,7,4,0,3,1,2,2,0,0
605,3DL-9PM,2024-07-17,21:00,404,8,2.667,0,4,4,3,0,3,0,2,0,0
606,3DL-2PM,2024-07-18,14:00,082,10,3.333,0,8,8,3,0,2,1,3,0,1
607,3DL-5PM,2024-07-18,17:00,029,11,3.667,0,9,9,2,1,2,1,3,0,2
608,3DL-9PM,2024-07-18,21:00,650,11,3.667,0,6,6,2,1,1,2,3,1,1
609,3DL-2PM,2024-07-19,14:00,448,16,5.333,4,8,4,3,0,2,1,2,0,0
610,3DL-5PM,2024-07-19,17:00,029,11,3.667,0,9,9,2,1,2,1,3,0,0
611,3DL-9PM,2024-07-19,21:00,079,16,5.333,0,9,9,1,2,1,2,3,0,2
612,3DL-2PM,2024-07-20,14:00,207,9,3,0,7,7,2,1,2,1,3,0,2
613,3DL-5PM,2024-07-20,17:00,402,6,2,0,4,4,3,0,3,0,3,0,2
614,3DL-9PM,2024-07-20,21:00,946,19,6.333,4,9,5,2,1,1,2,3,0,1
615,3DL-2PM,2024-07-21,14:00,628,16,5.333,2,8,6,3,0,1,2,3,0,1
616,3DL-5PM,2024-07-21,17:00,499,22,7.333,4,9,5,1,2,1,2,2,0,0
617,3DL-9PM,2024-07-21,21:00,327,12,4,2,7,5,1,2,2,1,3,1,0
618,3DL-2PM,2024-07-22,14:00,555,15,5,5,5,0,0,3,0,3,1,0,0
619,3DL-5PM,2024-07-22,17:00,863,17,5.667,3,8,5,2,1,1,2,3,0,0
620,3DL-9PM,2024-07-22,21:00,315,9,3,1,5,4,0,3,2,1,3,0,1
621,3DL-2PM,2024-07-23,14:00,940,13,4.333,0,9,9,2,1,2,1,3,0,0
622,3DL-5PM,2024-07-23,17:00,646,16,5.333,4,6,2,3,0,1,2,2,0,1
623,3DL-9PM,2024-07-23,21:00,906,15,5,0,9,9,2,1,1,2,3,0,1
624,3DL-2PM,2024-07-24,14:00,142,7,2.333,1,4,3,2,1,3,0,3,0,0
625,3DL-5PM,2024-07-24,17:00,457,16,5.333,4,7,3,1,2,1,2,3,1,1
626,3DL-9PM,2024-07-24,21:00,679,22,7.333,6,9,3,1,2,0,3,3,1,1
627,3DL-2PM,2024-07-25,14:00,160,7,2.333,0,6,6,2,1,2,1,3,0,1
628,3DL-5PM,2024-07-25,17:00,067,13,4.333,0,7,7,2,1,1,2,3,1,2
629,3DL-9PM,2024-07-25,21:00,004,4,1.333,0,4,4,3,0,3,0,2,0,1
630,3DL-2PM,2024-07-26,14:00,851,14,4.667,1,8,7,1,2,1,2,3,0,0
631,3DL-5PM,2024-07-26,17:00,569,20,6.667,5,9,4,1,2,0,3,3,1,1
632,3DL-9PM,2024-07-26,21:00,896,23,7.667,6,9,3,2,1,0,3,3,1,2
633,3DL-2PM,2024-07-27,14:00,497,20,6.667,4,9,5,1,2,1,2,3,0,1
634,3DL-5PM,2024-07-27,17:00,571,13,4.333,1,7,6,0,3,1,2,3,0,1
635,3DL-9PM,2024-07-27,21:00,859,22,7.333,5,9,4,1,2,0,3,3,0,1
636,3DL-2PM,2024-07-28,14:00,796,22,7.333,6,9,3,1,2,0,3,3,0,1
637,3DL-5PM,2024-07-28,17:00,603,9,3,0,6,6,2,1,2,1,3,0,1
638,3DL-9PM,2024-07-28,21:00,120,3,1,0,2,2,2,1,3,0,3,1,1
639,3DL-2PM,2024-07-29,14:00,044,8,2.667,0,4,4,3,0,3,0,2,0,1
640,3DL-5PM,2024-07-29,17:00,986,23,7.667,6,9,3,2,1,0,3,3,1,0
641,3DL-9PM,2024-07-29,21:00,571,13,4.333,1,7,6,0,3,1,2,3,0,0
642,3DL-2PM,2024-07-30,14:00,564,15,5,4,6,2,2,1,1,2,3,1,1
643,3DL-5PM,2024-07-30,17:00,681,15,5,1,8,7,2,1,1,2,3,0,1
644,3DL-9PM,2024-07-30,21:00,431,8,2.667,1,4,3,1,2,3,0,3,1,1
645,3DL-2PM,2024-07-31,14:00,631,10,3.333,1,6,5,1,2,2,1,3,0,2
646,3DL-5PM,2024-07-31,17:00,422,8,2.667,2,4,2,3,0,3,0,2,0,0
647,3DL-9PM,2024-07-31,21:00,422,8,2.667,2,4,2,3,0,3,0,2,0,2
648,3DL-2PM,2024-08-01,14:00,307,10,3.333,0,7,7,1,2,2,1,3,0,0
649,3DL-5PM,2024-08-01,17:00,894,21,7,4,9,5,2,1,1,2,3,1,0
650,3DL-9PM,2024-08-01,21:00,390,12,4,0,9,9,1,2,2,1,3,0,1
651,3DL-2PM,2024-08-02,14:00,777,21,7,7,7,0,0,3,0,3,1,0,0
652,3DL-5PM,2024-08-02,17:00,387,18,6,3,8,5,1,2,1,2,3,1,1
653,3DL-9PM,2024-08-02,21:00,972,18,6,2,9,7,1,2,1,2,3,0,1
654,3DL-2PM,2024-08-03,14:00,273,12,4,2,7,5,1,2,2,1,3,0,2
655,3DL-5PM,2024-08-03,17:00,088,16,5.333,0,8,8,3,0,1,2,2,0,0
656,3DL-9PM,2024-08-03,21:00,924,15,5,2,9,7,2,1,2,1,3,0,0
657,3DL-2PM,2024-08-04,14:00,334,10,3.333,3,4,1,1,2,3,0,2,1,1
658,3DL-5PM,2024-08-04,17:00,561,12,4,1,6,5,1,2,1,2,3,1,0
659,3DL-9PM,2024-08-04,21:00,881,17,5.667,1,8,7,2,1,1,2,2,0,1
660,3DL-2PM,2024-08-05,14:00,075,12,4,0,7,7,1,2,1,2,3,0,0
661,3DL-5PM,2024-08-05,17:00,740,11,3.667,0,7,7,2,1,2,1,3,0,2
662,3DL-9PM,2024-08-05,21:00,827,17,5.667,2,8,6,2,1,1,2,3,0,1
663,3DL-2PM,2024-08-06,14:00,977,23,7.667,7,9,2,0,3,0,3,2,0,1
664,3DL-5PM,2024-08-06,17:00,483,15,5,3,8,5,2,1,2,1,3,0,0
665,3DL-9PM,2024-08-06,21:00,735,15,5,3,7,4,0,3,1,2,3,0,1
666,3DL-2PM,2024-08-07,14:00,738,18,6,3,8,5,1,2,1,2,3,0,2
667,3DL-5PM,2024-08-07,17:00,865,19,6.333,5,8,3,2,1,0,3,3,1,1
668,3DL-9PM,2024-08-07,21:00,435,12,4,3,5,2,1,2,2,1,3,1,1
669,3DL-2PM,2024-08-08,14:00,248,14,4.667,2,8,6,3,0,2,1,3,0,1
670,3DL-5PM,2024-08-08,17:00,958,22,7.333,5,9,4,1,2,0,3,3,0,1
671,3DL-9PM,2024-08-08,21:00,556,16,5.333,5,6,1,1,2,0,3,2,1,1
672,3DL-2PM,2024-08-09,14:00,276,15,5,2,7,5,2,1,1,2,3,1,1
673,3DL-5PM,2024-08-09,17:00,166,13,4.333,1,6,5,2,1,1,2,2,0,1
674,3DL-9PM,2024-08-09,21:00,095,14,4.667,0,9,9,1,2,1,2,3,0,0
675,3DL-2PM,2024-08-10,14:00,087,15,5,0,8,8,2,1,1,2,3,1,1
676,3DL-5PM,2024-08-10,17:00,407,11,3.667,0,7,7,2,1,2,1,3,0,2
677,3DL-9PM,2024-08-10,21:00,930,12,4,0,9,9,1,2,2,1,3,0,1
678,3DL-2PM,2024-08-11,14:00,159,15,5,1,9,8,0,3,1,2,3,0,1
679,3DL-5PM,2024-08-11,17:00,574,16,5.333,4,7,3,1,2,1,2,3,0,1
680,3DL-9PM,2024-08-11,21:00,831,12,4,1,8,7,1,2,2,1,3,0,0
681,3DL-2PM,2024-08-12,14:00,803,11,3.667,0,8,8,2,1,2,1,3,0,2
682,3DL-5PM,2024-08-12,17:00,367,16,5.333,3,7,4,1,2,1,2,3,1,1
683,3DL-9PM,2024-08-12,21:00,848,20,6.667,4,8,4,3,0,1,2,2,0,0
684,3DL-2PM,2024-08-13,14:00,612,9,3,1,6,5,2,1,2,1,3,1,0
685,3DL-5PM,2024-08-13,17:00,909,18,6,0,9,9,1,2,1,2,2,0,0
686,3DL-9PM,2024-08-13,21:00,235,10,3.333,2,5,3,1,2,2,1,3,1,0
687,3DL-2PM,2024-08-14,14:00,356,14,4.667,3,6,3,1,2,1,2,3,1,2
688,3DL-5PM,2024-08-14,17:00,355,13,4.333,3,5,2,0,3,1,2,2,0,2
689,3DL-9PM,2024-08-14,21:00,922,13,4.333,2,9,7,2,1,2,1,2,0,0
690,3DL-2PM,2024-08-15,14:00,525,12,4,2,5,3,1,2,1,2,2,0,1
691,3DL-5PM,2024-08-15,17:00,133,7,2.333,1,3,2,0,3,3,0,2,0,0
692,3DL-9PM,2024-08-15,21:00,388,19,6.333,3,8,5,2,1,1,2,2,0,1
693,3DL-2PM,2024-08-16,14:00,896,23,7.667,6,9,3,2,1,0,3,3,1,1
694,3DL-5PM,2024-08-16,17:00,773,17,5.667,3,7,4,0,3,1,2,2,0,0
695,3DL-9PM,2024-08-16,21:00,331,7,2.333,1,3,2,0,3,3,0,2,0,1
696,3DL-2PM,2024-08-17,14:00,314,8,2.667,1,4,3,1,2,3,0,3,0,2
697,3DL-5PM,2024-08-17,17:00,990,18,6,0,9,9,1,2,1,2,2,0,0
698,3DL-9PM,2024-08-17,21:00,201,3,1,0,2,2,2,1,3,0,3,1,1
699,3DL-2PM,2024-08-18,14:00,615,12,4,1,6,5,1,2,1,2,3,0,1
700,3DL-5PM,2024-08-18,17:00,716,14,4.667,1,7,6,1,2,1,2,3,0,2
701,3DL-9PM,2024-08-18,21:00,028,10,3.333,0,8,8,3,0,2,1,3,0,0
702,3DL-2PM,2024-08-19,14:00,471,12,4,1,7,6,1,2,2,1,3,0,0
703,3DL-5PM,2024-08-19,17:00,696,21,7,6,9,3,2,1,0,3,2,0,0
704,3DL-9PM,2024-08-19,21:00,408,12,4,0,8,8,3,0,2,1,3,0,0
705,3DL-2PM,2024-08-20,14:00,969,24,8,6,9,3,1,2,0,3,2,0,0
706,3DL-5PM,2024-08-20,17:00,444,12,4,4,4,0,3,0,3,0,1,0,0
707,3DL-9PM,2024-08-20,21:00,899,26,8.667,8,9,1,1,2,0,3,2,1,0
708,3DL-2PM,2024-08-21,14:00,809,17,5.667,0,9,9,2,1,1,2,3,0,2
709,3DL-5PM,2024-08-21,17:00,292,13,4.333,2,9,7,2,1,2,1,2,0,1
710,3DL-9PM,2024-08-21,21:00,739,19,6.333,3,9,6,0,3,1,2,3,0,1
711,3DL-2PM,2024-08-22,14:00,177,15,5,1,7,6,0,3,1,2,2,0,1
712,3DL-5PM,2024-08-22,17:00,746,17,5.667,4,7,3,2,1,1,2,3,0,1
713,3DL-9PM,2024-08-22,21:00,702,9,3,0,7,7,2,1,2,1,3,0,1
714,3DL-2PM,2024-08-23,14:00,013,4,1.333,0,3,3,1,2,3,0,3,1,1
715,3DL-5PM,2024-08-23,17:00,773,17,5.667,3,7,4,0,3,1,2,2,0,1
716,3DL-9PM,2024-08-23,21:00,231,6,2,1,3,2,1,2,3,0,3,1,1
717,3DL-2PM,2024-08-24,14:00,281,11,3.667,1,8,7,2,1,2,1,3,0,2
718,3DL-5PM,2024-08-24,17:00,507,12,4,0,7,7,1,2,1,2,3,0,0
719,3DL-9PM,2024-08-24,21:00,579,21,7,5,9,4,0,3,0,3,3,0,2
720,3DL-2PM,2024-08-25,14:00,301,4,1.333,0,3,3,1,2,3,0,3,1,0
721,3DL-5PM,2024-08-25,17:00,140,5,1.667,0,4,4,2,1,3,0,3,0,2
722,3DL-9PM,2024-08-25,21:00,974,20,6.667,4,9,5,1,2,1,2,3,0,1
723,3DL-2PM,2024-08-26,14:00,188,17,5.667,1,8,7,2,1,1,2,2,0,0
724,3DL-5PM,2024-08-26,17:00,240,6,2,0,4,4,3,0,3,0,3,0,0
725,3DL-9PM,2024-08-26,21:00,742,13,4.333,2,7,5,2,1,2,1,3,0,2
726,3DL-2PM,2024-08-27,14:00,110,2,0.667,0,1,1,1,2,3,0,2,1,0
727,3DL-5PM,2024-08-27,17:00,543,12,4,3,5,2,1,2,2,1,3,2,0
728,3DL-9PM,2024-08-27,21:00,375,15,5,3,7,4,0,3,1,2,3,0,2
729,3DL-2PM,2024-08-28,14:00,560,11,3.667,0,6,6,2,1,1,2,3,1,1
730,3DL-5PM,2024-08-28,17:00,963,18,6,3,9,6,1,2,1,2,3,0,1
731,3DL-9PM,2024-08-28,21:00,901,10,3.333,0,9,9,1,2,2,1,3,1,1
732,3DL-2PM,2024-08-29,14:00,242,8,2.667,2,4,2,3,0,3,0,2,0,0
733,3DL-5PM,2024-08-29,17:00,444,12,4,4,4,0,3,0,3,0,1,0,1
734,3DL-9PM,2024-08-29,21:00,757,19,6.333,5,7,2,0,3,0,3,2,0,0
735,3DL-2PM,2024-08-30,14:00,014,5,1.667,0,4,4,2,1,3,0,3,1,0
736,3DL-5PM,2024-08-30,17:00,737,17,5.667,3,7,4,0,3,1,2,2,0,0
737,3DL-9PM,2024-08-30,21:00,126,9,3,1,6,5,2,1,2,1,3,1,0
738,3DL-2PM,2024-08-31,14:00,862,16,5.333,2,8,6,3,0,1,2,3,0,2
739,3DL-5PM,2024-08-31,17:00,160,7,2.333,0,6,6,2,1,2,1,3,0,1
740,3DL-9PM,2024-08-31,21:00,968,23,7.667,6,9,3,2,1,0,3,3,0,1
741,3DL-2PM,2024-09-01,14:00,841,13,4.333,1,8,7,2,1,2,1,3,0,1
742,3DL-5PM,2024-09-01,17:00,066,12,4,0,6,6,3,0,1,2,2,0,0
743,3DL-9PM,2024-09-01,21:00,758,20,6.667,5,8,3,1,2,0,3,3,0,0
744,3DL-2PM,2024-09-02,14:00,304,7,2.333,0,4,4,2,1,3,0,3,0,0
745,3DL-5PM,2024-09-02,17:00,749,20,6.667,4,9,5,1,2,1,2,3,0,1
746,3DL-9PM,2024-09-02,21:00,671,14,4.667,1,7,6,1,2,1,2,3,1,1
747,3DL-2PM,2024-09-03,14:00,389,20,6.667,3,9,6,1,2,1,2,3,1,0
748,3DL-5PM,2024-09-03,17:00,019,10,3.333,0,9,9,1,2,2,1,3,1,1
749,3DL-9PM,2024-09-03,21:00,191,11,3.667,1,9,8,0,3,2,1,2,0,2
750,3DL-2PM,2024-09-04,14:00,242,8,2.667,2,4,2,3,0,3,0,2,0,0
751,3DL-5PM,2024-09-04,17:00,085,13,4.333,0,8,8,2,1,1,2,3,0,0
752,3DL-9PM,2024-09-04,21:00,017,8,2.667,0,7,7,1,2,2,1,3,1,1
753,3DL-2PM,2024-09-05,14:00,494,17,5.667,4,9,5,2,1,2,1,2,0,0
754,3DL-5PM,2024-09-05,17:00,936,18,6,3,9,6,1,2,1,2,3,0,1
755,3DL-9PM,2024-09-05,21:00,751,13,4.333,1,7,6,0,3,1,2,3,0,0
756,3DL-2PM,2024-09-06,14:00,492,15,5,2,9,7,2,1,2,1,3,0,0
757,3DL-5PM,2024-09-06,17:00,534,12,4,3,5,2,1,2,2,1,3,1,1
758,3DL-9PM,2024-09-06,21:00,911,11,3.667,1,9,8,0,3,2,1,2,0,0
759,3DL-2PM,2024-09-07,14:00,784,19,6.333,4,8,4,2,1,1,2,3,1,0
760,3DL-5PM,2024-09-07,17:00,537,15,5,3,7,4,0,3,1,2,3,0,1
761,3DL-9PM,2024-09-07,21:00,655,16,5.333,5,6,1,1,2,0,3,2,1,1
762,3DL-2PM,2024-09-08,14:00,641,11,3.667,1,6,5,2,1,2,1,3,0,1
763,3DL-5PM,2024-09-08,17:00,510,6,2,0,5,5,1,2,2,1,3,1,1
764,3DL-9PM,2024-09-08,21:00,545,14,4.667,4,5,1,1,2,1,2,2,2,1
765,3DL-2PM,2024-09-09,14:00,185,14,4.667,1,8,7,1,2,1,2,3,0,1
766,3DL-5PM,2024-09-09,17:00,566,17,5.667,5,6,1,2,1,0,3,2,1,1
767,3DL-9PM,2024-09-09,21:00,933,15,5,3,9,6,0,3,2,1,2,0,0
768,3DL-2PM,2024-09-10,14:00,516,12,4,1,6,5,1,2,1,2,3,0,0
769,3DL-5PM,2024-09-10,17:00,490,13,4.333,0,9,9,2,1,2,1,3,0,0
770,3DL-9PM,2024-09-10,21:00,949,22,7.333,4,9,5,1,2,1,2,2,0,2
771,3DL-2PM,2024-09-11,14:00,446,14,4.667,4,6,2,3,0,2,1,2,0,1
772,3DL-5PM,2024-09-11,17:00,613,10,3.333,1,6,5,1,2,2,1,3,0,1
773,3DL-9PM,2024-09-11,21:00,629,17,5.667,2,9,7,2,1,1,2,3,0,1
774,3DL-2PM,2024-09-12,14:00,513,9,3,1,5,4,0,3,2,1,3,0,0
775,3DL-5PM,2024-09-12,17:00,352,10,3.333,2,5,3,1,2,2,1,3,0,2
776,3DL-9PM,2024-09-12,21:00,014,5,1.667,0,4,4,2,1,3,0,3,1,0
777,3DL-2PM,2024-09-13,14:00,661,13,4.333,1,6,5,2,1,1,2,2,0,1
778,3DL-5PM,2024-09-13,17:00,832,13,4.333,2,8,6,2,1,2,1,3,1,0
779,3DL-9PM,2024-09-13,21:00,263,11,3.667,2,6,4,2,1,2,1,3,0,2
780,3DL-2PM,2024-09-14,14:00,129,12,4,1,9,8,1,2,2,1,3,1,1
781,3DL-5PM,2024-09-14,17:00,998,26,8.667,8,9,1,1,2,0,3,2,1,1
782,3DL-9PM,2024-09-14,21:00,732,12,4,2,7,5,1,2,2,1,3,1,0
783,3DL-2PM,2024-09-15,14:00,932,14,4.667,2,9,7,1,2,2,1,3,1,2
784,3DL-5PM,2024-09-15,17:00,767,20,6.667,6,7,1,1,2,0,3,2,2,0
785,3DL-9PM,2024-09-15,21:00,118,10,3.333,1,8,7,1,2,2,1,2,0,0
786,3DL-2PM,2024-09-16,14:00,225,9,3,2,5,3,2,1,2,1,2,0,0
787,3DL-5PM,2024-09-16,17:00,308,11,3.667,0,8,8,2,1,2,1,3,0,0
788,3DL-9PM,2024-09-16,21:00,442,10,3.333,2,4,2,3,0,3,0,2,0,0
789,3DL-2PM,2024-09-17,14:00,316,10,3.333,1,6,5,1,2,2,1,3,0,0
790,3DL-5PM,2024-09-17,17:00,148,13,4.333,1,8,7,2,1,2,1,3,0,1
791,3DL-9PM,2024-09-17,21:00,400,4,1.333,0,4,4,3,0,3,0,2,0,1
792,3DL-2PM,2024-09-18,14:00,495,18,6,4,9,5,1,2,1,2,3,0,1
793,3DL-5PM,2024-09-18,17:00,293,14,4.667,2,9,7,1,2,2,1,3,0,1
794,3DL-9PM,2024-09-18,21:00,064,10,3.333,0,6,6,3,0,2,1,3,0,0
795,3DL-2PM,2024-09-19,14:00,162,9,3,1,6,5,2,1,2,1,3,0,1
796,3DL-5PM,2024-09-19,17:00,820,10,3.333,0,8,8,3,0,2,1,3,0,1
797,3DL-9PM,2024-09-19,21:00,213,6,2,1,3,2,1,2,3,0,3,1,1
798,3DL-2PM,2024-09-20,14:00,929,20,6.667,2,9,7,1,2,1,2,2,0,1
799,3DL-5PM,2024-09-20,17:00,198,18,6,1,9,8,1,2,1,2,3,1,1
800,3DL-9PM,2024-09-20,21:00,275,14,4.667,2,7,5,1,2,1,2,3,0,0
801,3DL-2PM,2024-09-21,14:00,684,18,6,4,8,4,3,0,1,2,3,0,0
802,3DL-5PM,2024-09-21,17:00,905,14,4.667,0,9,9,1,2,1,2,3,0,0
803,3DL-9PM,2024-09-21,21:00,924,15,5,2,9,7,2,1,2,1,3,0,1
804,3DL-2PM,2024-09-22,14:00,502,7,2.333,0,5,5,2,1,2,1,3,0,1
805,3DL-5PM,2024-09-22,17:00,402,6,2,0,4,4,3,0,3,0,3,0,2
806,3DL-9PM,2024-09-22,21:00,753,15,5,3,7,4,0,3,1,2,3,0,0
807,3DL-2PM,2024-09-23,14:00,877,22,7.333,7,8,1,1,2,0,3,2,1,1
808,3DL-5PM,2024-09-23,17:00,342,9,3,2,4,2,2,1,3,0,3,1,0
809,3DL-9PM,2024-09-23,21:00,615,12,4,1,6,5,1,2,1,2,3,0,0
810,3DL-2PM,2024-09-24,14:00,769,22,7.333,6,9,3,1,2,0,3,3,1,1
811,3DL-5PM,2024-09-24,17:00,328,13,4.333,2,8,6,2,1,2,1,3,1,0
812,3DL-9PM,2024-09-24,21:00,347,14,4.667,3,7,4,1,2,2,1,3,1,1
813,3DL-2PM,2024-09-25,14:00,122,5,1.667,1,2,1,2,1,3,0,2,1,0
814,3DL-5PM,2024-09-25,17:00,415,10,3.333,1,5,4,1,2,2,1,3,0,1
815,3DL-9PM,2024-09-25,21:00,223,7,2.333,2,3,1,2,1,3,0,2,1,0
816,3DL-2PM,2024-09-26,14:00,139,13,4.333,1,9,8,0,3,2,1,3,0,1
817,3DL-5PM,2024-09-26,17:00,130,4,1.333,0,3,3,1,2,3,0,3,0,2
818,3DL-9PM,2024-09-26,21:00,229,13,4.333,2,9,7,2,1,2,1,2,0,0
819,3DL-2PM,2024-09-27,14:00,457,16,5.333,4,7,3,1,2,1,2,3,1,0
820,3DL-5PM,2024-09-27,17:00,703,10,3.333,0,7,7,1,2,2,1,3,0,1
821,3DL-9PM,2024-09-27,21:00,703,10,3.333,0,7,7,1,2,2,1,3,0,3
822,3DL-2PM,2024-09-28,14:00,322,7,2.333,2,3,1,2,1,3,0,2,1,1
823,3DL-5PM,2024-09-28,17:00,556,16,5.333,5,6,1,1,2,0,3,2,1,0
824,3DL-9PM,2024-09-28,21:00,240,6,2,0,4,4,3,0,3,0,3,0,0
825,3DL-2PM,2024-09-29,14:00,311,5,1.667,1,3,2,0,3,3,0,2,0,0
826,3DL-5PM,2024-09-29,17:00,086,14,4.667,0,8,8,3,0,1,2,3,0,0
827,3DL-9PM,2024-09-29,21:00,751,13,4.333,1,7,6,0,3,1,2,3,0,0
828,3DL-2PM,2024-09-30,14:00,371,11,3.667,1,7,6,0,3,2,1,3,0,2
829,3DL-5PM,2024-09-30,17:00,772,16,5.333,2,7,5,1,2,1,2,2,0,1
830,3DL-9PM,2024-09-30,21:00,301,4,1.333,0,3,3,1,2,3,0,3,1,0
831,3DL-2PM,2024-10-01,14:00,934,16,5.333,3,9,6,1,2,2,1,3,1,1
832,3DL-5PM,2024-10-01,17:00,831,12,4,1,8,7,1,2,2,1,3,0,1
833,3DL-9PM,2024-10-01,21:00,820,10,3.333,0,8,8,3,0,2,1,3,0,1
834,3DL-2PM,2024-10-02,14:00,812,11,3.667,1,8,7,2,1,2,1,3,1,2
835,3DL-5PM,2024-10-02,17:00,778,22,7.333,7,8,1,1,2,0,3,2,1,1
836,3DL-9PM,2024-10-02,21:00,266,14,4.667,2,6,4,3,0,1,2,2,0,0
837,3DL-2PM,2024-10-03,14:00,527,14,4.667,2,7,5,1,2,1,2,3,0,1
838,3DL-5PM,2024-10-03,17:00,056,11,3.667,0,6,6,2,1,1,2,3,1,1
839,3DL-9PM,2024-10-03,21:00,308,11,3.667,0,8,8,2,1,2,1,3,0,1
840,3DL-2PM,2024-10-04,14:00,608,14,4.667,0,8,8,3,0,1,2,3,0,2
841,3DL-5PM,2024-10-04,17:00,669,21,7,6,9,3,2,1,0,3,2,0,1
842,3DL-9PM,2024-10-04,21:00,832,13,4.333,2,8,6,2,1,2,1,3,1,0
843,3DL-2PM,2024-10-05,14:00,700,7,2.333,0,7,7,2,1,2,1,2,0,0
844,3DL-5PM,2024-10-05,17:00,728,17,5.667,2,8,6,2,1,1,2,3,0,1
845,3DL-9PM,2024-10-05,21:00,283,13,4.333,2,8,6,2,1,2,1,3,0,2
846,3DL-2PM,2024-10-06,14:00,502,7,2.333,0,5,5,2,1,2,1,3,0,1
847,3DL-5PM,2024-10-06,17:00,180,9,3,0,8,8,2,1,2,1,3,0,1
848,3DL-9PM,2024-10-06,21:00,251,8,2.667,1,5,4,1,2,2,1,3,0,1
849,3DL-2PM,2024-10-07,14:00,146,11,3.667,1,6,5,2,1,2,1,3,0,1
850,3DL-5PM,2024-10-07,17:00,388,19,6.333,3,8,5,2,1,1,2,2,0,0
851,3DL-9PM,2024-10-07,21:00,267,15,5,2,7,5,2,1,1,2,3,1,0
852,3DL-2PM,2024-10-08,14:00,627,15,5,2,7,5,2,1,1,2,3,0,3
853,3DL-5PM,2024-10-08,17:00,711,9,3,1,7,6,0,3,2,1,2,0,1
854,3DL-9PM,2024-10-08,21:00,666,18,6,6,6,0,3,0,0,3,1,0,0
855,3DL-2PM,2024-10-09,14:00,348,15,5,3,8,5,2,1,2,1,3,1,0
856,3DL-5PM,2024-10-09,17:00,209,11,3.667,0,9,9,2,1,2,1,3,0,0
857,3DL-9PM,2024-10-09,21:00,734,14,4.667,3,7,4,1,2,2,1,3,1,0
858,3DL-2PM,2024-10-10,14:00,972,18,6,2,9,7,1,2,1,2,3,0,1
859,3DL-5PM,2024-10-10,17:00,834,15,5,3,8,5,2,1,2,1,3,1,0
860,3DL-9PM,2024-10-10,21:00,310,4,1.333,0,3,3,1,2,3,0,3,1,1
861,3DL-2PM,2024-10-11,14:00,975,21,7,5,9,4,0,3,0,3,3,0,0
862,3DL-5PM,2024-10-11,17:00,006,6,2,0,6,6,3,0,2,1,2,0,0
863,3DL-9PM,2024-10-11,21:00,533,11,3.667,3,5,2,0,3,2,1,2,0,0
864,3DL-2PM,2024-10-12,14:00,417,12,4,1,7,6,1,2,2,1,3,0,0
865,3DL-5PM,2024-10-12,17:00,774,18,6,4,7,3,1,2,1,2,2,0,2
866,3DL-9PM,2024-10-12,21:00,671,14,4.667,1,7,6,1,2,1,2,3,1,1
867,3DL-2PM,2024-10-13,14:00,738,18,6,3,8,5,1,2,1,2,3,0,1
868,3DL-5PM,2024-10-13,17:00,450,9,3,0,5,5,2,1,2,1,3,1,0
869,3DL-9PM,2024-10-13,21:00,443,11,3.667,3,4,1,2,1,3,0,2,1,1
870,3DL-2PM,2024-10-14,14:00,278,17,5.667,2,8,6,2,1,1,2,3,1,0
871,3DL-5PM,2024-10-14,17:00,271,10,3.333,1,7,6,1,2,2,1,3,0,2
872,3DL-9PM,2024-10-14,21:00,159,15,5,1,9,8,0,3,1,2,3,0,1
873,3DL-2PM,2024-10-15,14:00,004,4,1.333,0,4,4,3,0,3,0,2,0,0
874,3DL-5PM,2024-10-15,17:00,838,19,6.333,3,8,5,2,1,1,2,2,0,0
875,3DL-9PM,2024-10-15,21:00,701,8,2.667,0,7,7,1,2,2,1,3,1,0
876,3DL-2PM,2024-10-16,14:00,973,19,6.333,3,9,6,0,3,1,2,3,0,1
877,3DL-5PM,2024-10-16,17:00,821,11,3.667,1,8,7,2,1,2,1,3,1,0
878,3DL-9PM,2024-10-16,21:00,739,19,6.333,3,9,6,0,3,1,2,3,0,0
879,3DL-2PM,2024-10-17,14:00,077,14,4.667,0,7,7,1,2,1,2,2,0,1
880,3DL-5PM,2024-10-17,17:00,446,14,4.667,4,6,2,3,0,2,1,2,0,0
881,3DL-9PM,2024-10-17,21:00,032,5,1.667,0,3,3,2,1,3,0,3,1,0
882,3DL-2PM,2024-10-18,14:00,598,22,7.333,5,9,4,1,2,0,3,3,1,0
883,3DL-5PM,2024-10-18,17:00,109,10,3.333,0,9,9,1,2,2,1,3,1,1
884,3DL-9PM,2024-10-18,21:00,812,11,3.667,1,8,7,2,1,2,1,3,1,1
885,3DL-2PM,2024-10-19,14:00,998,26,8.667,8,9,1,1,2,0,3,2,1,1
886,3DL-5PM,2024-10-19,17:00,290,11,3.667,0,9,9,2,1,2,1,3,0,1
887,3DL-9PM,2024-10-19,21:00,093,12,4,0,9,9,1,2,2,1,3,0,2
888,3DL-2PM,2024-10-20,14:00,664,16,5.333,4,6,2,3,0,1,2,2,0,0
889,3DL-5PM,2024-10-20,17:00,579,21,7,5,9,4,0,3,0,3,3,0,0
890,3DL-9PM,2024-10-20,21:00,349,16,5.333,3,9,6,1,2,2,1,3,1,1
891,3DL-2PM,2024-10-21,14:00,996,24,8,6,9,3,1,2,0,3,2,0,1
892,3DL-5PM,2024-10-21,17:00,687,21,7,6,8,2,2,1,0,3,3,1,1
893,3DL-9PM,2024-10-21,21:00,653,14,4.667,3,6,3,1,2,1,2,3,1,1
894,3DL-2PM,2024-10-22,14:00,874,19,6.333,4,8,4,2,1,1,2,3,1,0
895,3DL-5PM,2024-10-22,17:00,670,13,4.333,0,7,7,2,1,1,2,3,1,1
896,3DL-9PM,2024-10-22,21:00,229,13,4.333,2,9,7,2,1,2,1,2,0,0
897,3DL-2PM,2024-10-23,14:00,826,16,5.333,2,8,6,3,0,1,2,3,0,1
898,3DL-5PM,2024-10-23,17:00,342,9,3,2,4,2,2,1,3,0,3,1,1
899,3DL-9PM,2024-10-23,21:00,804,12,4,0,8,8,3,0,2,1,3,0,1
900,3DL-2PM,2024-10-24,14:00,954,18,6,4,9,5,1,2,1,2,3,1,1
901,3DL-5PM,2024-10-24,17:00,036,9,3,0,6,6,2,1,2,1,3,0,0
902,3DL-9PM,2024-10-24,21:00,874,19,6.333,4,8,4,2,1,1,2,3,1,0
903,3DL-2PM,2024-10-25,14:00,769,22,7.333,6,9,3,1,2,0,3,3,1,1
904,3DL-5PM,2024-10-25,17:00,042,6,2,0,4,4,3,0,3,0,3,0,0
905,3DL-9PM,2024-10-25,21:00,632,11,3.667,2,6,4,2,1,2,1,3,1,1
906,3DL-2PM,2024-10-26,14:00,665,17,5.667,5,6,1,2,1,0,3,2,1,1
907,3DL-5PM,2024-10-26,17:00,492,15,5,2,9,7,2,1,2,1,3,0,0
908,3DL-9PM,2024-10-26,21:00,447,15,5,4,7,3,2,1,2,1,2,0,1
909,3DL-2PM,2024-10-27,14:00,312,6,2,1,3,2,1,2,3,0,3,1,0
910,3DL-5PM,2024-10-27,17:00,876,21,7,6,8,2,2,1,0,3,3,2,0
911,3DL-9PM,2024-10-27,21:00,470,11,3.667,0,7,7,2,1,2,1,3,0,1
912,3DL-2PM,2024-10-28,14:00,030,3,1,0,3,3,2,1,3,0,2,0,1
913,3DL-5PM,2024-10-28,17:00,141,6,2,1,4,3,1,2,3,0,2,0,0
914,3DL-9PM,2024-10-28,21:00,495,18,6,4,9,5,1,2,1,2,3,0,1
915,3DL-2PM,2024-10-29,14:00,855,18,6,5,8,3,1,2,0,3,2,0,1
916,3DL-5PM,2024-10-29,17:00,506,11,3.667,0,6,6,2,1,1,2,3,0,1
917,3DL-9PM,2024-10-29,21:00,668,20,6.667,6,8,2,3,0,0,3,2,0,1
918,3DL-2PM,2024-10-30,14:00,282,12,4,2,8,6,3,0,2,1,2,0,1
919,3DL-5PM,2024-10-30,17:00,186,15,5,1,8,7,2,1,1,2,3,0,1
920,3DL-9PM,2024-10-30,21:00,308,11,3.667,0,8,8,2,1,2,1,3,0,1
921,3DL-2PM,2024-10-31,14:00,124,7,2.333,1,4,3,2,1,3,0,3,1,0
922,3DL-5PM,2024-10-31,17:00,366,15,5,3,6,3,2,1,1,2,2,0,0
923,3DL-9PM,2024-10-31,21:00,974,20,6.667,4,9,5,1,2,1,2,3,0,0
924,3DL-2PM,2024-11-01,14:00,263,11,3.667,2,6,4,2,1,2,1,3,0,0
925,3DL-5PM,2024-11-01,17:00,688,22,7.333,6,8,2,3,0,0,3,2,0,1
926,3DL-9PM,2024-11-01,21:00,786,21,7,6,8,2,2,1,0,3,3,1,2
927,3DL-2PM,2024-11-02,14:00,077,14,4.667,0,7,7,1,2,1,2,2,0,1
928,3DL-5PM,2024-11-02,17:00,556,16,5.333,5,6,1,1,2,0,3,2,1,0
929,3DL-9PM,2024-11-02,21:00,219,12,4,1,9,8,1,2,2,1,3,1,0
930,3DL-2PM,2024-11-03,14:00,527,14,4.667,2,7,5,1,2,1,2,3,0,1
931,3DL-5PM,2024-11-03,17:00,542,11,3.667,2,5,3,2,1,2,1,3,1,2
932,3DL-9PM,2024-11-03,21:00,930,12,4,0,9,9,1,2,2,1,3,0,0
933,3DL-2PM,2024-11-04,14:00,653,14,4.667,3,6,3,1,2,1,2,3,1,1
934,3DL-5PM,2024-11-04,17:00,524,11,3.667,2,5,3,2,1,2,1,3,0,1
935,3DL-9PM,2024-11-04,21:00,165,12,4,1,6,5,1,2,1,2,3,1,1
936,3DL-2PM,2024-11-05,14:00,146,11,3.667,1,6,5,2,1,2,1,3,0,2
937,3DL-5PM,2024-11-05,17:00,518,14,4.667,1,8,7,1,2,1,2,3,0,1
938,3DL-9PM,2024-11-05,21:00,721,10,3.333,1,7,6,1,2,2,1,3,1,1
939,3DL-2PM,2024-11-06,14:00,968,23,7.667,6,9,3,2,1,0,3,3,0,0
940,3DL-5PM,2024-11-06,17:00,275,14,4.667,2,7,5,1,2,1,2,3,0,0
941,3DL-9PM,2024-11-06,21:00,266,14,4.667,2,6,4,3,0,1,2,2,0,1
942,3DL-2PM,2024-11-07,14:00,742,13,4.333,2,7,5,2,1,2,1,3,0,1
943,3DL-5PM,2024-11-07,17:00,761,14,4.667,1,7,6,1,2,1,2,3,1,1
944,3DL-9PM,2024-11-07,21:00,904,13,4.333,0,9,9,2,1,2,1,3,0,0
945,3DL-2PM,2024-11-08,14:00,465,15,5,4,6,2,2,1,1,2,3,1,1
946,3DL-5PM,2024-11-08,17:00,954,18,6,4,9,5,1,2,1,2,3,1,2
947,3DL-9PM,2024-11-08,21:00,894,21,7,4,9,5,2,1,1,2,3,1,2
948,3DL-2PM,2024-11-09,14:00,771,15,5,1,7,6,0,3,1,2,2,0,0
949,3DL-5PM,2024-11-09,17:00,026,8,2.667,0,6,6,3,0,2,1,3,0,0
950,3DL-9PM,2024-11-09,21:00,652,13,4.333,2,6,4,2,1,1,2,3,1,2
951,3DL-2PM,2024-11-10,14:00,557,17,5.667,5,7,2,0,3,0,3,2,0,1
952,3DL-5PM,2024-11-10,17:00,464,14,4.667,4,6,2,3,0,2,1,2,0,0
953,3DL-2PM,2024-11-11,14:00,260,8,2.667,0,6,6,3,0,2,1,3,0,1
954,3DL-5PM,2024-11-11,17:00,197,17,5.667,1,9,8,0,3,1,2,3,0,0
955,3DL-2PM,2024-11-12,14:00,789,24,8,7,9,2,1,2,0,3,3,2,2
956,3DL-5PM,2024-11-12,17:00,099,18,6,0,9,9,1,2,1,2,2,0,1
957,3DL-2PM,2024-11-13,14:00,226,10,3.333,2,6,4,3,0,2,1,2,0,0
958,3DL-5PM,2024-11-13,17:00,950,14,4.667,0,9,9,1,2,1,2,3,0,0
959,3DL-2PM,2024-11-14,14:00,817,16,5.333,1,8,7,1,2,1,2,3,0,0
960,3DL-5PM,2024-11-14,17:00,104,5,1.667,0,4,4,2,1,3,0,3,1,1
961,3DL-2PM,2024-11-15,14:00,921,12,4,1,9,8,1,2,2,1,3,1,1
962,3DL-5PM,2024-11-15,17:00,183,12,4,1,8,7,1,2,2,1,3,0,1
963,3DL-2PM,2024-11-16,14:00,278,17,5.667,2,8,6,2,1,1,2,3,1,1
964,3DL-5PM,2024-11-16,17:00,562,13,4.333,2,6,4,2,1,1,2,3,1,1
965,3DL-2PM,2024-11-17,14:00,701,8,2.667,0,7,7,1,2,2,1,3,1,0
966,3DL-5PM,2024-11-17,17:00,335,11,3.667,3,5,2,0,3,2,1,2,0,0
967,3DL-2PM,2024-11-18,14:00,052,7,2.333,0,5,5,2,1,2,1,3,0,1
968,3DL-5PM,2024-11-18,17:00,896,23,7.667,6,9,3,2,1,0,3,3,1,0
969,3DL-2PM,2024-11-19,14:00,068,14,4.667,0,8,8,3,0,1,2,3,0,2
970,3DL-5PM,2024-11-19,17:00,785,20,6.667,5,8,3,1,2,0,3,3,1,1
971,3DL-2PM,2024-11-20,14:00,792,18,6,2,9,7,1,2,1,2,3,0,1
972,3DL-5PM,2024-11-20,17:00,077,14,4.667,0,7,7,1,2,1,2,2,0,1
973,3DL-2PM,2024-11-21,14:00,366,15,5,3,6,3,2,1,1,2,2,0,0
974,3DL-5PM,2024-11-21,17:00,395,17,5.667,3,9,6,0,3,1,2,3,0,1
975,3DL-2PM,2024-11-22,14:00,696,21,7,6,9,3,2,1,0,3,2,0,1
976,3DL-5PM,2024-11-22,17:00,614,11,3.667,1,6,5,2,1,2,1,3,0,1
977,3DL-2PM,2024-11-23,14:00,875,20,6.667,5,8,3,1,2,0,3,3,1,0
978,3DL-5PM,2024-11-23,17:00,460,10,3.333,0,6,6,3,0,2,1,3,0,0
979,3DL-2PM,2024-11-24,14:00,840,12,4,0,8,8,3,0,2,1,3,0,2
980,3DL-5PM,2024-11-24,17:00,916,16,5.333,1,9,8,1,2,1,2,3,0,0
981,3DL-2PM,2024-11-25,14:00,427,13,4.333,2,7,5,2,1,2,1,3,0,0
982,3DL-5PM,2024-11-25,17:00,790,16,5.333,0,9,9,1,2,1,2,3,0,1
983,3DL-9PM,2024-11-25,21:00,344,11,3.667,3,4,1,2,1,3,0,2,1,0
984,3DL-2PM,2024-11-26,14:00,305,8,2.667,0,5,5,1,2,2,1,3,0,1
985,3DL-5PM,2024-11-26,17:00,910,10,3.333,0,9,9,1,2,2,1,3,1,1
986,3DL-9PM,2024-11-26,21:00,917,17,5.667,1,9,8,0,3,1,2,3,0,2
987,3DL-2PM,2024-11-27,14:00,649,19,6.333,4,9,5,2,1,1,2,3,0,1
988,3DL-5PM,2024-11-27,17:00,051,6,2,0,5,5,1,2,2,1,3,0,0
989,3DL-9PM,2024-11-27,21:00,478,19,6.333,4,8,4,2,1,1,2,3,1,0
990,3DL-2PM,2024-11-28,14:00,450,9,3,0,5,5,2,1,2,1,3,1,1
991,3DL-5PM,2024-11-28,17:00,606,12,4,0,6,6,3,0,1,2,2,0,1
992,3DL-9PM,2024-11-28,21:00,583,16,5.333,3,8,5,1,2,1,2,3,0,0
993,3DL-2PM,2024-11-29,14:00,693,18,6,3,9,6,1,2,1,2,3,0,1
994,3DL-5PM,2024-11-29,17:00,209,11,3.667,0,9,9,2,1,2,1,3,0,1
995,3DL-9PM,2024-11-29,21:00,674,17,5.667,4,7,3,2,1,1,2,3,1,0
996,3DL-2PM,2024-11-30,14:00,383,14,4.667,3,8,5,1,2,2,1,2,0,0
997,3DL-5PM,2024-11-30,17:00,389,20,6.667,3,9,6,1,2,1,2,3,1,2
998,3DL-9PM,2024-11-30,21:00,486,18,6,4,8,4,3,0,1,2,3,0,1
999,3DL-2PM,2024-12-01,14:00,297,18,6,2,9,7,1,2,1,2,3,0,0
1000,3DL-5PM,2024-12-01,17:00,544,13,4.333,4,5,1,2,1,2,1,2,1,0
1001,3DL-9PM,2024-12-01,21:00,616,13,4.333,1,6,5,2,1,1,2,2,0,0
1002,3DL-2PM,2024-12-02,14:00,907,16,5.333,0,9,9,1,2,1,2,3,0,0
1003,3DL-5PM,2024-12-02,17:00,319,13,4.333,1,9,8,0,3,2,1,3,0,1
1004,3DL-9PM,2024-12-02,21:00,172,10,3.333,1,7,6,1,2,2,1,3,0,1
1005,3DL-2PM,2024-12-03,14:00,179,17,5.667,1,9,8,0,3,1,2,3,0,2
1006,3DL-5PM,2024-12-03,17:00,069,15,5,0,9,9,2,1,1,2,3,0,1
1007,3DL-9PM,2024-12-03,21:00,047,11,3.667,0,7,7,2,1,2,1,3,0,1
1008,3DL-2PM,2024-12-04,14:00,439,16,5.333,3,9,6,1,2,2,1,3,1,1
1009,3DL-5PM,2024-12-04,17:00,412,7,2.333,1,4,3,2,1,3,0,3,1,1
1010,3DL-9PM,2024-12-04,21:00,965,20,6.667,5,9,4,1,2,0,3,3,1,0
1011,3DL-2PM,2024-12-05,14:00,431,8,2.667,1,4,3,1,2,3,0,3,1,0
1012,3DL-5PM,2024-12-05,17:00,088,16,5.333,0,8,8,3,0,1,2,2,0,0
1013,3DL-9PM,2024-12-05,21:00,574,16,5.333,4,7,3,1,2,1,2,3,0,0
1014,3DL-2PM,2024-12-06,14:00,514,10,3.333,1,5,4,1,2,2,1,3,0,2
1015,3DL-5PM,2024-12-06,17:00,623,11,3.667,2,6,4,2,1,2,1,3,1,0
1016,3DL-9PM,2024-12-06,21:00,050,5,1.667,0,5,5,2,1,2,1,2,0,0
1017,3DL-2PM,2024-12-07,14:00,619,16,5.333,1,9,8,1,2,1,2,3,0,0
1018,3DL-5PM,2024-12-07,17:00,736,16,5.333,3,7,4,1,2,1,2,3,0,1
1019,3DL-9PM,2024-12-07,21:00,197,17,5.667,1,9,8,0,3,1,2,3,0,1
1020,3DL-2PM,2024-12-08,14:00,040,4,1.333,0,4,4,3,0,3,0,2,0,0
1021,3DL-5PM,2024-12-08,17:00,731,11,3.667,1,7,6,0,3,2,1,3,0,0
1022,3DL-9PM,2024-12-08,21:00,364,13,4.333,3,6,3,2,1,2,1,3,0,1
1023,3DL-2PM,2024-12-09,14:00,752,14,4.667,2,7,5,1,2,1,2,3,0,0
1024,3DL-5PM,2024-12-09,17:00,987,24,8,7,9,2,1,2,0,3,3,2,1
1025,3DL-9PM,2024-12-09,21:00,391,13,4.333,1,9,8,0,3,2,1,3,0,1
1026,3DL-2PM,2024-12-10,14:00,229,13,4.333,2,9,7,2,1,2,1,2,0,1
1027,3DL-5PM,2024-12-10,17:00,023,5,1.667,0,3,3,2,1,3,0,3,1,1
1028,3DL-9PM,2024-12-10,21:00,998,26,8.667,8,9,1,1,2,0,3,2,1,0
1029,3DL-2PM,2024-12-11,14:00,467,17,5.667,4,7,3,2,1,1,2,3,1,0
1030,3DL-5PM,2024-12-11,17:00,517,13,4.333,1,7,6,0,3,1,2,3,0,1
1031,3DL-9PM,2024-12-11,21:00,425,11,3.667,2,5,3,2,1,2,1,3,0,1
1032,3DL-2PM,2024-12-12,14:00,064,10,3.333,0,6,6,3,0,2,1,3,0,1
1033,3DL-5PM,2024-12-12,17:00,403,7,2.333,0,4,4,2,1,3,0,3,0,2
1034,3DL-9PM,2024-12-12,21:00,053,8,2.667,0,5,5,1,2,2,1,3,0,2
1035,3DL-2PM,2024-12-13,14:00,001,1,0.333,0,1,1,2,1,3,0,2,1,1
1036,3DL-5PM,2024-12-13,17:00,737,17,5.667,3,7,4,0,3,1,2,2,0,0
1037,3DL-9PM,2024-12-13,21:00,230,5,1.667,0,3,3,2,1,3,0,3,1,1
1038,3DL-2PM,2024-12-14,14:00,440,8,2.667,0,4,4,3,0,3,0,2,0,1
1039,3DL-5PM,2024-12-14,17:00,339,15,5,3,9,6,0,3,2,1,2,0,0
1040,3DL-9PM,2024-12-14,21:00,980,17,5.667,0,9,9,2,1,1,2,3,1,1
1041,3DL-2PM,2024-12-15,14:00,730,10,3.333,0,7,7,1,2,2,1,3,0,1
1042,3DL-5PM,2024-12-15,17:00,911,11,3.667,1,9,8,0,3,2,1,2,0,0
1043,3DL-9PM,2024-12-15,21:00,488,20,6.667,4,8,4,3,0,1,2,2,0,0
1044,3DL-2PM,2024-12-16,14:00,599,23,7.667,5,9,4,0,3,0,3,2,0,0
1045,3DL-5PM,2024-12-16,17:00,198,18,6,1,9,8,1,2,1,2,3,1,1
1046,3DL-9PM,2024-12-16,21:00,839,20,6.667,3,9,6,1,2,1,2,3,0,2
1047,3DL-2PM,2024-12-17,14:00,008,8,2.667,0,8,8,3,0,2,1,2,0,1
1048,3DL-5PM,2024-12-17,17:00,933,15,5,3,9,6,0,3,2,1,2,0,0
1049,3DL-9PM,2024-12-17,21:00,737,17,5.667,3,7,4,0,3,1,2,2,0,1
1050,3DL-2PM,2024-12-18,14:00,776,20,6.667,6,7,1,1,2,0,3,2,1,1
1051,3DL-5PM,2024-12-18,17:00,405,9,3,0,5,5,2,1,2,1,3,0,0
1052,3DL-9PM,2024-12-18,21:00,214,7,2.333,1,4,3,2,1,3,0,3,1,1
1053,3DL-2PM,2024-12-19,14:00,085,13,4.333,0,8,8,2,1,1,2,3,0,0
1054,3DL-5PM,2024-12-19,17:00,880,16,5.333,0,8,8,3,0,1,2,2,0,2
1055,3DL-9PM,2024-12-19,21:00,323,8,2.667,2,3,1,1,2,3,0,2,2,0
1056,3DL-2PM,2024-12-20,14:00,748,19,6.333,4,8,4,2,1,1,2,3,0,0
1057,3DL-5PM,2024-12-20,17:00,730,10,3.333,0,7,7,1,2,2,1,3,0,1
1058,3DL-9PM,2024-12-20,21:00,165,12,4,1,6,5,1,2,1,2,3,1,0
1059,3DL-2PM,2024-12-21,14:00,367,16,5.333,3,7,4,1,2,1,2,3,1,1
1060,3DL-5PM,2024-12-21,17:00,640,10,3.333,0,6,6,3,0,2,1,3,0,1
1061,3DL-9PM,2024-12-21,21:00,646,16,5.333,4,6,2,3,0,1,2,2,0,2
1062,3DL-2PM,2024-12-22,14:00,964,19,6.333,4,9,5,2,1,1,2,3,0,2
1063,3DL-5PM,2024-12-22,17:00,309,12,4,0,9,9,1,2,2,1,3,0,1
1064,3DL-9PM,2024-12-22,21:00,720,9,3,0,7,7,2,1,2,1,3,0,1
1065,3DL-2PM,2024-12-23,14:00,310,4,1.333,0,3,3,1,2,3,0,3,1,1
1066,3DL-5PM,2024-12-23,17:00,301,4,1.333,0,3,3,1,2,3,0,3,1,3
1067,3DL-9PM,2024-12-23,21:00,334,10,3.333,3,4,1,1,2,3,0,2,1,1
1068,3DL-2PM,2024-12-24,14:00,609,15,5,0,9,9,2,1,1,2,3,0,0
1069,3DL-5PM,2024-12-24,17:00,431,8,2.667,1,4,3,1,2,3,0,3,1,0
1070,3DL-9PM,2024-12-24,21:00,850,13,4.333,0,8,8,2,1,1,2,3,0,0
1071,3DL-2PM,2024-12-25,14:00,893,20,6.667,3,9,6,1,2,1,2,3,1,1
1072,3DL-5PM,2024-12-25,17:00,622,10,3.333,2,6,4,3,0,2,1,2,0,0
1073,3DL-9PM,2024-12-25,21:00,656,17,5.667,5,6,1,2,1,0,3,2,2,1
1074,3DL-2PM,2024-12-26,14:00,726,15,5,2,7,5,2,1,1,2,3,0,1
1075,3DL-5PM,2024-12-26,17:00,005,5,1.667,0,5,5,2,1,2,1,2,0,0
1076,3DL-9PM,2024-12-26,21:00,248,14,4.667,2,8,6,3,0,2,1,3,0,0
1077,3DL-2PM,2024-12-27,14:00,292,13,4.333,2,9,7,2,1,2,1,2,0,1
1078,3DL-5PM,2024-12-27,17:00,859,22,7.333,5,9,4,1,2,0,3,3,0,1
1079,3DL-9PM,2024-12-27,21:00,463,13,4.333,3,6,3,2,1,2,1,3,0,0
1080,3DL-2PM,2024-12-28,14:00,687,21,7,6,8,2,2,1,0,3,3,1,1
1081,3DL-5PM,2024-12-28,17:00,707,14,4.667,0,7,7,1,2,1,2,2,0,1
1082,3DL-9PM,2024-12-28,21:00,024,6,2,0,4,4,3,0,3,0,3,0,1
1083,3DL-2PM,2024-12-29,14:00,887,23,7.667,7,8,1,2,1,0,3,2,1,0
1084,3DL-5PM,2024-12-29,17:00,956,20,6.667,5,9,4,1,2,0,3,3,1,0
1085,3DL-9PM,2024-12-29,21:00,748,19,6.333,4,8,4,2,1,1,2,3,0,0
1086,3DL-2PM,2024-12-30,14:00,086,14,4.667,0,8,8,3,0,1,2,3,0,1
1087,3DL-5PM,2024-12-30,17:00,528,15,5,2,8,6,2,1,1,2,3,0,1
1088,3DL-9PM,2024-12-30,21:00,040,4,1.333,0,4,4,3,0,3,0,2,0,0
1089,3DL-2PM,2024-12-31,14:00,058,13,4.333,0,8,8,2,1,1,2,3,0,1
1090,3DL-5PM,2024-12-31,17:00,922,13,4.333,2,9,7,2,1,2,1,2,0,0
1091,3DL-9PM,2024-12-31,21:00,587,20,6.667,5,8,3,1,2,0,3,3,1,0
1092,3DL-2PM,2025-01-01,14:00,578,20,6.667,5,8,3,1,2,0,3,3,1,3
1093,3DL-5PM,2025-01-01,17:00,342,9,3,2,4,2,2,1,3,0,3,1,0
1094,3DL-9PM,2025-01-01,21:00,645,15,5,4,6,2,2,1,1,2,3,1,1
1095,3DL-2PM,2025-01-02,14:00,267,15,5,2,7,5,2,1,1,2,3,1,1
1096,3DL-5PM,2025-01-02,17:00,639,18,6,3,9,6,1,2,1,2,3,0,1
1097,3DL-9PM,2025-01-02,21:00,292,13,4.333,2,9,7,2,1,2,1,2,0,1
1098,3DL-2PM,2025-01-03,14:00,835,16,5.333,3,8,5,1,2,1,2,3,0,0
1099,3DL-5PM,2025-01-03,17:00,359,17,5.667,3,9,6,0,3,1,2,3,0,2
1100,3DL-9PM,2025-01-03,21:00,593,17,5.667,3,9,6,0,3,1,2,3,0,3
1101,3DL-2PM,2025-01-04,14:00,759,21,7,5,9,4,0,3,0,3,3,0,2
1102,3DL-5PM,2025-01-04,17:00,911,11,3.667,1,9,8,0,3,2,1,2,0,1
1103,3DL-9PM,2025-01-04,21:00,551,11,3.667,1,5,4,0,3,1,2,2,0,1
1104,3DL-2PM,2025-01-05,14:00,012,3,1,0,2,2,2,1,3,0,3,2,1
1105,3DL-5PM,2025-01-05,17:00,413,8,2.667,1,4,3,1,2,3,0,3,0,1
1106,3DL-9PM,2025-01-05,21:00,208,10,3.333,0,8,8,3,0,2,1,3,0,0
1107,3DL-2PM,2025-01-06,14:00,950,14,4.667,0,9,9,1,2,1,2,3,0,1
1108,3DL-5PM,2025-01-06,17:00,930,12,4,0,9,9,1,2,2,1,3,0,2
1109,3DL-9PM,2025-01-06,21:00,681,15,5,1,8,7,2,1,1,2,3,0,0
1110,3DL-2PM,2025-01-07,14:00,047,11,3.667,0,7,7,2,1,2,1,3,0,0
1111,3DL-5PM,2025-01-07,17:00,665,17,5.667,5,6,1,2,1,0,3,2,1,0
1112,3DL-9PM,2025-01-07,21:00,519,15,5,1,9,8,0,3,1,2,3,0,1
1113,3DL-2PM,2025-01-08,14:00,022,4,1.333,0,2,2,3,0,3,0,2,0,0
1114,3DL-5PM,2025-01-08,17:00,061,7,2.333,0,6,6,2,1,2,1,3,0,1
1115,3DL-9PM,2025-01-08,21:00,014,5,1.667,0,4,4,2,1,3,0,3,1,2
1116,3DL-2PM,2025-01-09,14:00,841,13,4.333,1,8,7,2,1,2,1,3,0,2
1117,3DL-5PM,2025-01-09,17:00,395,17,5.667,3,9,6,0,3,1,2,3,0,0
1118,3DL-9PM,2025-01-09,21:00,971,17,5.667,1,9,8,0,3,1,2,3,0,1
1119,3DL-2PM,2025-01-10,14:00,749,20,6.667,4,9,5,1,2,1,2,3,0,2
1120,3DL-5PM,2025-01-10,17:00,356,14,4.667,3,6,3,1,2,1,2,3,1,0
1121,3DL-9PM,2025-01-10,21:00,206,8,2.667,0,6,6,3,0,2,1,3,0,1
1122,3DL-2PM,2025-01-11,14:00,469,19,6.333,4,9,5,2,1,1,2,3,0,1
1123,3DL-5PM,2025-01-11,17:00,391,13,4.333,1,9,8,0,3,2,1,3,0,1
1124,3DL-9PM,2025-01-11,21:00,479,20,6.667,4,9,5,1,2,1,2,3,0,1
1125,3DL-2PM,2025-01-12,14:00,455,14,4.667,4,5,1,1,2,1,2,2,1,1
1126,3DL-5PM,2025-01-12,17:00,252,9,3,2,5,3,2,1,2,1,2,0,1
1127,3DL-9PM,2025-01-12,21:00,452,11,3.667,2,5,3,2,1,2,1,3,1,2
1128,3DL-2PM,2025-01-13,14:00,776,20,6.667,6,7,1,1,2,0,3,2,1,0
1129,3DL-5PM,2025-01-13,17:00,086,14,4.667,0,8,8,3,0,1,2,3,0,1
1130,3DL-9PM,2025-01-13,21:00,418,13,4.333,1,8,7,2,1,2,1,3,0,1
1131,3DL-2PM,2025-01-14,14:00,855,18,6,5,8,3,1,2,0,3,2,0,1
1132,3DL-5PM,2025-01-14,17:00,300,3,1,0,3,3,2,1,3,0,2,0,0
1133,3DL-9PM,2025-01-14,21:00,636,15,5,3,6,3,2,1,1,2,2,0,1
1134,3DL-2PM,2025-01-15,14:00,235,10,3.333,2,5,3,1,2,2,1,3,1,1
1135,3DL-5PM,2025-01-15,17:00,989,26,8.667,8,9,1,1,2,0,3,2,2,0
1136,3DL-9PM,2025-01-15,21:00,959,23,7.667,5,9,4,0,3,0,3,2,0,1
1137,3DL-2PM,2025-01-16,14:00,486,18,6,4,8,4,3,0,1,2,3,0,0
1138,3DL-5PM,2025-01-16,17:00,531,9,3,1,5,4,0,3,2,1,3,0,0
1139,3DL-9PM,2025-01-16,21:00,701,8,2.667,0,7,7,1,2,2,1,3,1,1
1140,3DL-2PM,2025-01-17,14:00,443,11,3.667,3,4,1,2,1,3,0,2,1,0
1141,3DL-5PM,2025-01-17,17:00,242,8,2.667,2,4,2,3,0,3,0,2,0,1
1142,3DL-9PM,2025-01-17,21:00,627,15,5,2,7,5,2,1,1,2,3,0,1
1143,3DL-2PM,2025-01-18,14:00,323,8,2.667,2,3,1,1,2,3,0,2,2,1
1144,3DL-5PM,2025-01-18,17:00,781,16,5.333,1,8,7,1,2,1,2,3,1,0
1145,3DL-9PM,2025-01-18,21:00,793,19,6.333,3,9,6,0,3,1,2,3,0,1
1146,3DL-2PM,2025-01-19,14:00,526,13,4.333,2,6,4,2,1,1,2,3,0,0
1147,3DL-5PM,2025-01-19,17:00,422,8,2.667,2,4,2,3,0,3,0,2,0,1
1148,3DL-9PM,2025-01-19,21:00,059,14,4.667,0,9,9,1,2,1,2,3,0,0
1149,3DL-2PM,2025-01-20,14:00,890,17,5.667,0,9,9,2,1,1,2,3,1,2
1150,3DL-5PM,2025-01-20,17:00,154,10,3.333,1,5,4,1,2,2,1,3,1,0
1151,3DL-9PM,2025-01-20,21:00,221,5,1.667,1,2,1,2,1,3,0,2,1,1
1152,3DL-2PM,2025-01-21,14:00,873,18,6,3,8,5,1,2,1,2,3,1,0
1153,3DL-5PM,2025-01-21,17:00,403,7,2.333,0,4,4,2,1,3,0,3,0,1
1154,3DL-9PM,2025-01-21,21:00,714,12,4,1,7,6,1,2,2,1,3,0,1
1155,3DL-2PM,2025-01-22,14:00,322,7,2.333,2,3,1,2,1,3,0,2,1,0
1156,3DL-5PM,2025-01-22,17:00,705,12,4,0,7,7,1,2,1,2,3,0,0
1157,3DL-9PM,2025-01-22,21:00,654,15,5,4,6,2,2,1,1,2,3,2,1
1158,3DL-2PM,2025-01-23,14:00,427,13,4.333,2,7,5,2,1,2,1,3,0,1
1159,3DL-5PM,2025-01-23,17:00,201,3,1,0,2,2,2,1,3,0,3,1,1
1160,3DL-9PM,2025-01-23,21:00,307,10,3.333,0,7,7,1,2,2,1,3,0,1
1161,3DL-2PM,2025-01-24,14:00,007,7,2.333,0,7,7,2,1,2,1,2,0,2
1162,3DL-5PM,2025-01-24,17:00,495,18,6,4,9,5,1,2,1,2,3,0,0
1163,3DL-9PM,2025-01-24,21:00,842,14,4.667,2,8,6,3,0,2,1,3,0,1
1164,3DL-2PM,2025-01-25,14:00,673,16,5.333,3,7,4,1,2,1,2,3,1,0
1165,3DL-5PM,2025-01-25,17:00,163,10,3.333,1,6,5,1,2,2,1,3,0,2
1166,3DL-9PM,2025-01-25,21:00,320,5,1.667,0,3,3,2,1,3,0,3,1,1
1167,3DL-2PM,2025-01-26,14:00,964,19,6.333,4,9,5,2,1,1,2,3,0,0
1168,3DL-5PM,2025-01-26,17:00,281,11,3.667,1,8,7,2,1,2,1,3,0,0
1169,3DL-9PM,2025-01-26,21:00,546,15,5,4,6,2,2,1,1,2,3,1,0
1170,3DL-2PM,2025-01-27,14:00,064,10,3.333,0,6,6,3,0,2,1,3,0,2
1171,3DL-5PM,2025-01-27,17:00,087,15,5,0,8,8,2,1,1,2,3,1,1
1172,3DL-9PM,2025-01-27,21:00,986,23,7.667,6,9,3,2,1,0,3,3,1,1
1173,3DL-2PM,2025-01-28,14:00,494,17,5.667,4,9,5,2,1,2,1,2,0,1
1174,3DL-5PM,2025-01-28,17:00,194,14,4.667,1,9,8,1,2,2,1,3,0,2
1175,3DL-9PM,2025-01-28,21:00,426,12,4,2,6,4,3,0,2,1,3,0,1
1176,3DL-2PM,2025-01-29,14:00,401,5,1.667,0,4,4,2,1,3,0,3,1,1
1177,3DL-5PM,2025-01-29,17:00,149,14,4.667,1,9,8,1,2,2,1,3,0,2
1178,3DL-9PM,2025-01-29,21:00,985,22,7.333,5,9,4,1,2,0,3,3,1,1
1179,3DL-2PM,2025-01-30,14:00,341,8,2.667,1,4,3,1,2,3,0,3,1,0
1180,3DL-5PM,2025-01-30,17:00,904,13,4.333,0,9,9,2,1,2,1,3,0,1
1181,3DL-9PM,2025-01-30,21:00,845,17,5.667,4,8,4,2,1,1,2,3,1,1
1182,3DL-2PM,2025-01-31,14:00,321,6,2,1,3,2,1,2,3,0,3,2,0
1183,3DL-5PM,2025-01-31,17:00,655,16,5.333,5,6,1,1,2,0,3,2,1,0
1184,3DL-9PM,2025-01-31,21:00,412,7,2.333,1,4,3,2,1,3,0,3,1,0
1185,3DL-2PM,2025-02-01,14:00,766,19,6.333,6,7,1,2,1,0,3,2,1,0
1186,3DL-5PM,2025-02-01,17:00,145,10,3.333,1,5,4,1,2,2,1,3,1,0
1187,3DL-9PM,2025-02-01,21:00,223,7,2.333,2,3,1,2,1,3,0,2,1,0
1188,3DL-2PM,2025-02-02,14:00,484,16,5.333,4,8,4,3,0,2,1,2,0,0
1189,3DL-5PM,2025-02-02,17:00,240,6,2,0,4,4,3,0,3,0,3,0,1
1190,3DL-9PM,2025-02-02,21:00,898,25,8.333,8,9,1,2,1,0,3,2,2,0
1191,3DL-2PM,2025-02-03,14:00,282,12,4,2,8,6,3,0,2,1,2,0,1
1192,3DL-5PM,2025-02-03,17:00,878,23,7.667,7,8,1,2,1,0,3,2,2,1
1193,3DL-9PM,2025-02-03,21:00,175,13,4.333,1,7,6,0,3,1,2,3,0,1
1194,3DL-2PM,2025-02-04,14:00,188,17,5.667,1,8,7,2,1,1,2,2,0,1
1195,3DL-5PM,2025-02-04,17:00,070,7,2.333,0,7,7,2,1,2,1,2,0,0
1196,3DL-9PM,2025-02-04,21:00,841,13,4.333,1,8,7,2,1,2,1,3,0,0
1197,3DL-2PM,2025-02-05,14:00,872,17,5.667,2,8,6,2,1,1,2,3,1,1
1198,3DL-5PM,2025-02-05,17:00,257,14,4.667,2,7,5,1,2,1,2,3,0,2
1199,3DL-9PM,2025-02-05,21:00,779,23,7.667,7,9,2,0,3,0,3,2,0,1
1200,3DL-2PM,2025-02-06,14:00,318,12,4,1,8,7,1,2,2,1,3,0,0
1201,3DL-5PM,2025-02-06,17:00,258,15,5,2,8,6,2,1,1,2,3,0,1
1202,3DL-9PM,2025-02-06,21:00,333,9,3,3,3,0,0,3,3,0,1,0,0
1203,3DL-2PM,2025-02-07,14:00,344,11,3.667,3,4,1,2,1,3,0,2,1,1
1204,3DL-5PM,2025-02-07,17:00,529,16,5.333,2,9,7,1,2,1,2,3,0,0
1205,3DL-9PM,2025-02-07,21:00,770,14,4.667,0,7,7,1,2,1,2,2,0,0
1206,3DL-2PM,2025-02-08,14:00,146,11,3.667,1,6,5,2,1,2,1,3,0,0
1207,3DL-5PM,2025-02-08,17:00,569,20,6.667,5,9,4,1,2,0,3,3,1,1
1208,3DL-9PM,2025-02-08,21:00,625,13,4.333,2,6,4,2,1,1,2,3,0,2
1209,3DL-2PM,2025-02-09,14:00,463,13,4.333,3,6,3,2,1,2,1,3,0,1
1210,3DL-5PM,2025-02-09,17:00,881,17,5.667,1,8,7,2,1,1,2,2,0,0
1211,3DL-9PM,2025-02-09,21:00,616,13,4.333,1,6,5,2,1,1,2,2,0,1
1212,3DL-2PM,2025-02-10,14:00,807,15,5,0,8,8,2,1,1,2,3,0,0
1213,3DL-5PM,2025-02-10,17:00,680,14,4.667,0,8,8,3,0,1,2,3,0,2
1214,3DL-9PM,2025-02-10,21:00,027,9,3,0,7,7,2,1,2,1,3,0,1
1215,3DL-2PM,2025-02-11,14:00,074,11,3.667,0,7,7,2,1,2,1,3,0,2
1216,3DL-5PM,2025-02-11,17:00,260,8,2.667,0,6,6,3,0,2,1,3,0,1
1217,3DL-9PM,2025-02-11,21:00,945,18,6,4,9,5,1,2,1,2,3,1,0
1218,3DL-2PM,2025-02-12,14:00,447,15,5,4,7,3,2,1,2,1,2,0,1
1219,3DL-5PM,2025-02-12,17:00,265,13,4.333,2,6,4,2,1,1,2,3,1,0
1220,3DL-9PM,2025-02-12,21:00,258,15,5,2,8,6,2,1,1,2,3,0,2
1221,3DL-2PM,2025-02-13,14:00,352,10,3.333,2,5,3,1,2,2,1,3,0,2
1222,3DL-5PM,2025-02-13,17:00,679,22,7.333,6,9,3,1,2,0,3,3,1,0
1223,3DL-9PM,2025-02-13,21:00,813,12,4,1,8,7,1,2,2,1,3,0,0
1224,3DL-2PM,2025-02-14,14:00,710,8,2.667,0,7,7,1,2,2,1,3,1,1
1225,3DL-5PM,2025-02-14,17:00,360,9,3,0,6,6,2,1,2,1,3,0,1
1226,3DL-9PM,2025-02-14,21:00,758,20,6.667,5,8,3,1,2,0,3,3,0,0
1227,3DL-2PM,2025-02-15,14:00,286,16,5.333,2,8,6,3,0,1,2,3,0,1
1228,3DL-5PM,2025-02-15,17:00,610,7,2.333,0,6,6,2,1,2,1,3,1,1
1229,3DL-9PM,2025-02-15,21:00,193,13,4.333,1,9,8,0,3,2,1,3,0,1
1230,3DL-2PM,2025-02-16,14:00,893,20,6.667,3,9,6,1,2,1,2,3,1,2
1231,3DL-5PM,2025-02-16,17:00,263,11,3.667,2,6,4,2,1,2,1,3,0,1
1232,3DL-9PM,2025-02-16,21:00,801,9,3,0,8,8,2,1,2,1,3,1,0
1233,3DL-2PM,2025-02-17,14:00,162,9,3,1,6,5,2,1,2,1,3,0,1
1234,3DL-5PM,2025-02-17,17:00,256,13,4.333,2,6,4,2,1,1,2,3,1,2
1235,3DL-9PM,2025-02-17,21:00,555,15,5,5,5,0,0,3,0,3,1,0,1
1236,3DL-2PM,2025-02-18,14:00,759,21,7,5,9,4,0,3,0,3,3,0,1
1237,3DL-5PM,2025-02-18,17:00,899,26,8.667,8,9,1,1,2,0,3,2,1,1
1238,3DL-9PM,2025-02-18,21:00,258,15,5,2,8,6,2,1,1,2,3,0,1
1239,3DL-2PM,2025-02-19,14:00,975,21,7,5,9,4,0,3,0,3,3,0,1
1240,3DL-5PM,2025-02-19,17:00,077,14,4.667,0,7,7,1,2,1,2,2,0,1
1241,3DL-9PM,2025-02-19,21:00,425,11,3.667,2,5,3,2,1,2,1,3,0,0
1242,3DL-2PM,2025-02-20,14:00,570,12,4,0,7,7,1,2,1,2,3,0,1
1243,3DL-5PM,2025-02-20,17:00,247,13,4.333,2,7,5,2,1,2,1,3,0,1
1244,3DL-9PM,2025-02-20,21:00,752,14,4.667,2,7,5,1,2,1,2,3,0,2
1245,3DL-2PM,2025-02-21,14:00,139,13,4.333,1,9,8,0,3,2,1,3,0,0
1246,3DL-5PM,2025-02-21,17:00,400,4,1.333,0,4,4,3,0,3,0,2,0,0
1247,3DL-9PM,2025-02-21,21:00,247,13,4.333,2,7,5,2,1,2,1,3,0,1
1248,3DL-2PM,2025-02-22,14:00,882,18,6,2,8,6,3,0,1,2,2,0,1
1249,3DL-5PM,2025-02-22,17:00,599,23,7.667,5,9,4,0,3,0,3,2,0,0
1250,3DL-9PM,2025-02-22,21:00,998,26,8.667,8,9,1,1,2,0,3,2,1,1
1251,3DL-2PM,2025-02-23,14:00,695,20,6.667,5,9,4,1,2,0,3,3,0,1
1252,3DL-5PM,2025-02-23,17:00,576,18,6,5,7,2,1,2,0,3,3,1,2
1253,3DL-9PM,2025-02-23,21:00,899,26,8.667,8,9,1,1,2,0,3,2,1,0
1254,3DL-2PM,2025-02-24,14:00,633,12,4,3,6,3,1,2,2,1,2,0,0
1255,3DL-5PM,2025-02-24,17:00,481,13,4.333,1,8,7,2,1,2,1,3,0,0
1256,3DL-9PM,2025-02-24,21:00,126,9,3,1,6,5,2,1,2,1,3,1,1
1257,3DL-2PM,2025-02-25,14:00,104,5,1.667,0,4,4,2,1,3,0,3,1,1
1258,3DL-5PM,2025-02-25,17:00,037,10,3.333,0,7,7,1,2,2,1,3,0,1
1259,3DL-9PM,2025-02-25,21:00,575,17,5.667,5,7,2,0,3,0,3,2,0,1
1260,3DL-2PM,2025-02-26,14:00,081,9,3,0,8,8,2,1,2,1,3,0,0
1261,3DL-5PM,2025-02-26,17:00,361,10,3.333,1,6,5,1,2,2,1,3,0,1
1262,3DL-9PM,2025-02-26,21:00,885,21,7,5,8,3,2,1,0,3,2,0,0
1263,3DL-2PM,2025-02-27,14:00,372,12,4,2,7,5,1,2,2,1,3,0,0
1264,3DL-5PM,2025-02-27,17:00,968,23,7.667,6,9,3,2,1,0,3,3,0,0
1265,3DL-9PM,2025-02-27,21:00,828,18,6,2,8,6,3,0,1,2,2,0,1
1266,3DL-2PM,2025-02-28,14:00,390,12,4,0,9,9,1,2,2,1,3,0,0
1267,3DL-5PM,2025-02-28,17:00,353,11,3.667,3,5,2,0,3,2,1,2,0,1
1268,3DL-9PM,2025-02-28,21:00,617,14,4.667,1,7,6,1,2,1,2,3,0,0
1269,3DL-2PM,2025-03-01,14:00,629,17,5.667,2,9,7,2,1,1,2,3,0,1
1270,3DL-5PM,2025-03-01,17:00,810,9,3,0,8,8,2,1,2,1,3,1,0
1271,3DL-9PM,2025-03-01,21:00,275,14,4.667,2,7,5,1,2,1,2,3,0,0
1272,3DL-2PM,2025-03-02,14:00,211,4,1.333,1,2,1,1,2,3,0,2,1,1
1273,3DL-5PM,2025-03-02,17:00,734,14,4.667,3,7,4,1,2,2,1,3,1,0
1274,3DL-9PM,2025-03-02,21:00,692,17,5.667,2,9,7,2,1,1,2,3,0,0
1275,3DL-2PM,2025-03-03,14:00,852,15,5,2,8,6,2,1,1,2,3,0,1
1276,3DL-5PM,2025-03-03,17:00,511,7,2.333,1,5,4,0,3,2,1,2,0,1
1277,3DL-9PM,2025-03-03,21:00,748,19,6.333,4,8,4,2,1,1,2,3,0,0
1278,3DL-2PM,2025-03-04,14:00,636,15,5,3,6,3,2,1,1,2,2,0,0
1279,3DL-5PM,2025-03-04,17:00,773,17,5.667,3,7,4,0,3,1,2,2,0,1
1280,3DL-9PM,2025-03-04,21:00,988,25,8.333,8,9,1,2,1,0,3,2,1,0
1281,3DL-2PM,2025-03-05,14:00,229,13,4.333,2,9,7,2,1,2,1,2,0,1
1282,3DL-5PM,2025-03-05,17:00,853,16,5.333,3,8,5,1,2,1,2,3,0,0
1283,3DL-9PM,2025-03-05,21:00,869,23,7.667,6,9,3,2,1,0,3,3,0,1
1284,3DL-2PM,2025-03-06,14:00,744,15,5,4,7,3,2,1,2,1,2,0,0
1285,3DL-5PM,2025-03-06,17:00,221,5,1.667,1,2,1,2,1,3,0,2,1,0
1286,3DL-9PM,2025-03-06,21:00,916,16,5.333,1,9,8,1,2,1,2,3,0,1
1287,3DL-2PM,2025-03-07,14:00,021,3,1,0,2,2,2,1,3,0,3,1,1
1288,3DL-5PM,2025-03-07,17:00,380,11,3.667,0,8,8,2,1,2,1,3,0,1
1289,3DL-9PM,2025-03-07,21:00,976,22,7.333,6,9,3,1,2,0,3,3,1,0
1290,3DL-2PM,2025-03-08,14:00,988,25,8.333,8,9,1,2,1,0,3,2,1,1
1291,3DL-5PM,2025-03-08,17:00,408,12,4,0,8,8,3,0,2,1,3,0,1
1292,3DL-9PM,2025-03-08,21:00,434,11,3.667,3,4,1,2,1,3,0,2,2,1
1293,3DL-2PM,2025-03-09,14:00,940,13,4.333,0,9,9,2,1,2,1,3,0,1
1294,3DL-5PM,2025-03-09,17:00,334,10,3.333,3,4,1,1,2,3,0,2,1,1
1295,3DL-9PM,2025-03-09,21:00,690,15,5,0,9,9,2,1,1,2,3,0,0
1296,3DL-2PM,2025-03-10,14:00,174,12,4,1,7,6,1,2,2,1,3,0,0
1297,3DL-5PM,2025-03-10,17:00,762,15,5,2,7,5,2,1,1,2,3,1,1
1298,3DL-9PM,2025-03-10,21:00,570,12,4,0,7,7,1,2,1,2,3,0,1
1299,3DL-2PM,2025-03-11,14:00,057,12,4,0,7,7,1,2,1,2,3,0,3
1300,3DL-5PM,2025-03-11,17:00,436,13,4.333,3,6,3,2,1,2,1,3,1,0
1301,3DL-9PM,2025-03-11,21:00,934,16,5.333,3,9,6,1,2,2,1,3,1,2
1302,3DL-2PM,2025-03-12,14:00,853,16,5.333,3,8,5,1,2,1,2,3,0,1
1303,3DL-5PM,2025-03-12,17:00,761,14,4.667,1,7,6,1,2,1,2,3,1,0
1304,3DL-9PM,2025-03-12,21:00,821,11,3.667,1,8,7,2,1,2,1,3,1,1
1305,3DL-2PM,2025-03-13,14:00,416,11,3.667,1,6,5,2,1,2,1,3,0,1
1306,3DL-5PM,2025-03-13,17:00,697,22,7.333,6,9,3,1,2,0,3,3,0,1
1307,3DL-9PM,2025-03-13,21:00,778,22,7.333,7,8,1,1,2,0,3,2,1,1
1308,3DL-2PM,2025-03-14,14:00,856,19,6.333,5,8,3,2,1,0,3,3,1,1
1309,3DL-5PM,2025-03-14,17:00,849,21,7,4,9,5,2,1,1,2,3,0,1
1310,3DL-9PM,2025-03-14,21:00,169,16,5.333,1,9,8,1,2,1,2,3,0,1
1311,3DL-2PM,2025-03-15,14:00,647,17,5.667,4,7,3,2,1,1,2,3,0,1
1312,3DL-5PM,2025-03-15,17:00,391,13,4.333,1,9,8,0,3,2,1,3,0,0
1313,3DL-9PM,2025-03-15,21:00,443,11,3.667,3,4,1,2,1,3,0,2,1,1
1314,3DL-2PM,2025-03-16,14:00,294,15,5,2,9,7,2,1,2,1,3,0,1
1315,3DL-5PM,2025-03-16,17:00,658,19,6.333,5,8,3,2,1,0,3,3,1,0
1316,3DL-9PM,2025-03-16,21:00,516,12,4,1,6,5,1,2,1,2,3,0,2
1317,3DL-2PM,2025-03-17,14:00,394,16,5.333,3,9,6,1,2,2,1,3,0,0
1318,3DL-5PM,2025-03-17,17:00,170,8,2.667,0,7,7,1,2,2,1,3,0,0
1319,3DL-9PM,2025-03-17,21:00,478,19,6.333,4,8,4,2,1,1,2,3,1,1
1320,3DL-2PM,2025-03-18,14:00,666,18,6,6,6,0,3,0,0,3,1,0,0
1321,3DL-5PM,2025-03-18,17:00,358,16,5.333,3,8,5,1,2,1,2,3,0,0
1322,3DL-9PM,2025-03-18,21:00,739,19,6.333,3,9,6,0,3,1,2,3,0,1
1323,3DL-2PM,2025-03-19,14:00,734,14,4.667,3,7,4,1,2,2,1,3,1,2
1324,3DL-5PM,2025-03-19,17:00,108,9,3,0,8,8,2,1,2,1,3,1,0
1325,3DL-9PM,2025-03-19,21:00,237,12,4,2,7,5,1,2,2,1,3,1,0
1326,3DL-2PM,2025-03-20,14:00,262,10,3.333,2,6,4,3,0,2,1,2,0,1
1327,3DL-5PM,2025-03-20,17:00,118,10,3.333,1,8,7,1,2,2,1,2,0,0
1328,3DL-9PM,2025-03-20,21:00,946,19,6.333,4,9,5,2,1,1,2,3,0,0
1329,3DL-2PM,2025-03-21,14:00,392,14,4.667,2,9,7,1,2,2,1,3,0,1
1330,3DL-5PM,2025-03-21,17:00,931,13,4.333,1,9,8,0,3,2,1,3,0,2
1331,3DL-9PM,2025-03-21,21:00,211,4,1.333,1,2,1,1,2,3,0,2,1,1
1332,3DL-2PM,2025-03-22,14:00,011,2,0.667,0,1,1,1,2,3,0,2,1,1
1333,3DL-5PM,2025-03-22,17:00,434,11,3.667,3,4,1,2,1,3,0,2,2,0
1334,3DL-9PM,2025-03-22,21:00,492,15,5,2,9,7,2,1,2,1,3,0,1
1335,3DL-2PM,2025-03-23,14:00,220,4,1.333,0,2,2,3,0,3,0,2,0,1
1336,3DL-5PM,2025-03-23,17:00,175,13,4.333,1,7,6,0,3,1,2,3,0,0
1337,3DL-9PM,2025-03-23,21:00,213,6,2,1,3,2,1,2,3,0,3,1,1
1338,3DL-2PM,2025-03-24,14:00,176,14,4.667,1,7,6,1,2,1,2,3,1,1
1339,3DL-5PM,2025-03-24,17:00,505,10,3.333,0,5,5,1,2,1,2,2,0,0
1340,3DL-9PM,2025-03-24,21:00,561,12,4,1,6,5,1,2,1,2,3,1,1
1341,3DL-2PM,2025-03-25,14:00,533,11,3.667,3,5,2,0,3,2,1,2,0,1
1342,3DL-5PM,2025-03-25,17:00,996,24,8,6,9,3,1,2,0,3,2,0,0
1343,3DL-9PM,2025-03-25,21:00,657,18,6,5,7,2,1,2,0,3,3,1,1
1344,3DL-2PM,2025-03-26,14:00,282,12,4,2,8,6,3,0,2,1,2,0,0
1345,3DL-5PM,2025-03-26,17:00,274,13,4.333,2,7,5,2,1,2,1,3,0,1
1346,3DL-9PM,2025-03-26,21:00,651,12,4,1,6,5,1,2,1,2,3,1,0
1347,3DL-2PM,2025-03-27,14:00,119,11,3.667,1,9,8,0,3,2,1,2,0,1
1348,3DL-5PM,2025-03-27,17:00,104,5,1.667,0,4,4,2,1,3,0,3,1,1
1349,3DL-9PM,2025-03-27,21:00,073,10,3.333,0,7,7,1,2,2,1,3,0,1
1350,3DL-2PM,2025-03-28,14:00,426,12,4,2,6,4,3,0,2,1,3,0,0
1351,3DL-5PM,2025-03-28,17:00,775,19,6.333,5,7,2,0,3,0,3,2,0,0
1352,3DL-9PM,2025-03-28,21:00,234,9,3,2,4,2,2,1,3,0,3,2,0
1353,3DL-2PM,2025-03-29,14:00,283,13,4.333,2,8,6,2,1,2,1,3,0,2
1354,3DL-5PM,2025-03-29,17:00,699,24,8,6,9,3,1,2,0,3,2,0,0
1355,3DL-9PM,2025-03-29,21:00,363,12,4,3,6,3,1,2,2,1,2,0,1
1356,3DL-2PM,2025-03-30,14:00,383,14,4.667,3,8,5,1,2,2,1,2,0,1
1357,3DL-5PM,2025-03-30,17:00,509,14,4.667,0,9,9,1,2,1,2,3,0,0
1358,3DL-9PM,2025-03-30,21:00,501,6,2,0,5,5,1,2,2,1,3,1,2
1359,3DL-2PM,2025-03-31,14:00,399,21,7,3,9,6,0,3,1,2,2,0,0
1360,3DL-5PM,2025-03-31,17:00,978,24,8,7,9,2,1,2,0,3,3,1,1
1361,3DL-9PM,2025-03-31,21:00,324,9,3,2,4,2,2,1,3,0,3,1,0
1362,3DL-2PM,2025-04-01,14:00,160,7,2.333,0,6,6,2,1,2,1,3,0,0
1363,3DL-5PM,2025-04-01,17:00,813,12,4,1,8,7,1,2,2,1,3,0,1
1364,3DL-9PM,2025-04-01,21:00,118,10,3.333,1,8,7,1,2,2,1,2,0,2
1365,3DL-2PM,2025-04-02,14:00,998,26,8.667,8,9,1,1,2,0,3,2,1,1
1366,3DL-5PM,2025-04-02,17:00,129,12,4,1,9,8,1,2,2,1,3,1,1
1367,3DL-9PM,2025-04-02,21:00,073,10,3.333,0,7,7,1,2,2,1,3,0,0
1368,3DL-2PM,2025-04-03,14:00,071,8,2.667,0,7,7,1,2,2,1,3,0,2
1369,3DL-5PM,2025-04-03,17:00,390,12,4,0,9,9,1,2,2,1,3,0,1
1370,3DL-9PM,2025-04-03,21:00,225,9,3,2,5,3,2,1,2,1,2,0,0
1371,3DL-2PM,2025-04-04,14:00,401,5,1.667,0,4,4,2,1,3,0,3,1,0
1372,3DL-5PM,2025-04-04,17:00,115,7,2.333,1,5,4,0,3,2,1,2,0,1
1373,3DL-9PM,2025-04-04,21:00,827,17,5.667,2,8,6,2,1,1,2,3,0,0
1374,3DL-2PM,2025-04-05,14:00,452,11,3.667,2,5,3,2,1,2,1,3,1,1
1375,3DL-5PM,2025-04-05,17:00,682,16,5.333,2,8,6,3,0,1,2,3,0,1
1376,3DL-9PM,2025-04-05,21:00,378,18,6,3,8,5,1,2,1,2,3,1,1
1377,3DL-2PM,2025-04-06,14:00,851,14,4.667,1,8,7,1,2,1,2,3,0,1
1378,3DL-5PM,2025-04-06,17:00,663,15,5,3,6,3,2,1,1,2,2,0,0
1379,3DL-9PM,2025-04-06,21:00,214,7,2.333,1,4,3,2,1,3,0,3,1,0
1380,3DL-2PM,2025-04-07,14:00,385,16,5.333,3,8,5,1,2,1,2,3,0,0
1381,3DL-5PM,2025-04-07,17:00,144,9,3,1,4,3,2,1,3,0,2,0,0
1382,3DL-9PM,2025-04-07,21:00,681,15,5,1,8,7,2,1,1,2,3,0,1
1383,3DL-2PM,2025-04-08,14:00,668,20,6.667,6,8,2,3,0,0,3,2,0,2
1384,3DL-5PM,2025-04-08,17:00,675,18,6,5,7,2,1,2,0,3,3,1,1
1385,3DL-9PM,2025-04-08,21:00,618,15,5,1,8,7,2,1,1,2,3,0,1
1386,3DL-2PM,2025-04-09,14:00,835,16,5.333,3,8,5,1,2,1,2,3,0,1
1387,3DL-5PM,2025-04-09,17:00,180,9,3,0,8,8,2,1,2,1,3,0,1
1388,3DL-9PM,2025-04-09,21:00,957,21,7,5,9,4,0,3,0,3,3,0,0
1389,3DL-2PM,2025-04-10,14:00,865,19,6.333,5,8,3,2,1,0,3,3,1,1
1390,3DL-5PM,2025-04-10,17:00,077,14,4.667,0,7,7,1,2,1,2,2,0,0
1391,3DL-9PM,2025-04-10,21:00,991,19,6.333,1,9,8,0,3,1,2,2,0,0
1392,3DL-2PM,2025-04-11,14:00,429,15,5,2,9,7,2,1,2,1,3,0,1
1393,3DL-5PM,2025-04-11,17:00,790,16,5.333,0,9,9,1,2,1,2,3,0,1
1394,3DL-9PM,2025-04-11,21:00,991,19,6.333,1,9,8,0,3,1,2,2,0,1
1395,3DL-2PM,2025-04-12,14:00,839,20,6.667,3,9,6,1,2,1,2,3,0,1
1396,3DL-5PM,2025-04-12,17:00,293,14,4.667,2,9,7,1,2,2,1,3,0,2
1397,3DL-9PM,2025-04-12,21:00,348,15,5,3,8,5,2,1,2,1,3,1,1
1398,3DL-2PM,2025-04-13,14:00,873,18,6,3,8,5,1,2,1,2,3,1,2
1399,3DL-5PM,2025-04-13,17:00,626,14,4.667,2,6,4,3,0,1,2,2,0,0
1400,3DL-9PM,2025-04-13,21:00,209,11,3.667,0,9,9,2,1,2,1,3,0,1
1401,3DL-2PM,2025-04-14,14:00,864,18,6,4,8,4,3,0,1,2,3,0,0
1402,3DL-5PM,2025-04-14,17:00,616,13,4.333,1,6,5,2,1,1,2,2,0,1
1403,3DL-9PM,2025-04-14,21:00,869,23,7.667,6,9,3,2,1,0,3,3,0,1
1404,3DL-2PM,2025-04-15,14:00,686,20,6.667,6,8,2,3,0,0,3,2,0,2
1405,3DL-5PM,2025-04-15,17:00,270,9,3,0,7,7,2,1,2,1,3,0,0
1406,3DL-9PM,2025-04-15,21:00,072,9,3,0,7,7,2,1,2,1,3,0,3
1407,3DL-2PM,2025-04-16,14:00,014,5,1.667,0,4,4,2,1,3,0,3,1,1
1408,3DL-5PM,2025-04-16,17:00,111,3,1,1,1,0,0,3,3,0,1,0,1
1409,3DL-9PM,2025-04-16,21:00,512,8,2.667,1,5,4,1,2,2,1,3,1,1
1410,3DL-2PM,2025-04-20,14:00,449,17,5.667,4,9,5,2,1,2,1,2,0,0
1411,3DL-5PM,2025-04-20,17:00,220,4,1.333,0,2,2,3,0,3,0,2,0,0
1412,3DL-9PM,2025-04-20,21:00,223,7,2.333,2,3,1,2,1,3,0,2,1,1
1413,3DL-2PM,2025-04-21,14:00,735,15,5,3,7,4,0,3,1,2,3,0,1
1414,3DL-5PM,2025-04-21,17:00,867,21,7,6,8,2,2,1,0,3,3,1,1
1415,3DL-9PM,2025-04-21,21:00,562,13,4.333,2,6,4,2,1,1,2,3,1,1
1416,3DL-2PM,2025-04-22,14:00,754,16,5.333,4,7,3,1,2,1,2,3,1,1
1417,3DL-5PM,2025-04-22,17:00,213,6,2,1,3,2,1,2,3,0,3,1,0
1418,3DL-9PM,2025-04-22,21:00,977,23,7.667,7,9,2,0,3,0,3,2,0,0
1419,3DL-2PM,2025-04-23,14:00,162,9,3,1,6,5,2,1,2,1,3,0,0
1420,3DL-5PM,2025-04-23,17:00,454,13,4.333,4,5,1,2,1,2,1,2,2,0
1421,3DL-9PM,2025-04-23,21:00,404,8,2.667,0,4,4,3,0,3,0,2,0,1
1422,3DL-2PM,2025-04-24,14:00,741,12,4,1,7,6,1,2,2,1,3,0,1
1423,3DL-5PM,2025-04-24,17:00,132,6,2,1,3,2,1,2,3,0,3,1,1
1424,3DL-9PM,2025-04-24,21:00,350,8,2.667,0,5,5,1,2,2,1,3,0,1
1425,3DL-2PM,2025-04-25,14:00,703,10,3.333,0,7,7,1,2,2,1,3,0,2
1426,3DL-5PM,2025-04-25,17:00,692,17,5.667,2,9,7,2,1,1,2,3,0,0
1427,3DL-9PM,2025-04-25,21:00,474,15,5,4,7,3,2,1,2,1,2,0,0
1428,3DL-2PM,2025-04-26,14:00,449,17,5.667,4,9,5,2,1,2,1,2,0,1
1429,3DL-5PM,2025-04-26,17:00,860,14,4.667,0,8,8,3,0,1,2,3,0,0
1430,3DL-9PM,2025-04-26,21:00,198,18,6,1,9,8,1,2,1,2,3,1,1
1431,3DL-2PM,2025-04-27,14:00,398,20,6.667,3,9,6,1,2,1,2,3,1,2
1432,3DL-5PM,2025-04-27,17:00,095,14,4.667,0,9,9,1,2,1,2,3,0,1
1433,3DL-9PM,2025-04-27,21:00,412,7,2.333,1,4,3,2,1,3,0,3,1,0
1434,3DL-2PM,2025-04-28,14:00,244,10,3.333,2,4,2,3,0,3,0,2,0,2
1435,3DL-5PM,2025-04-28,17:00,815,14,4.667,1,8,7,1,2,1,2,3,0,0
1436,3DL-9PM,2025-04-28,21:00,217,10,3.333,1,7,6,1,2,2,1,3,1,1
1437,3DL-2PM,2025-04-29,14:00,737,17,5.667,3,7,4,0,3,1,2,2,0,1
1438,3DL-5PM,2025-04-29,17:00,547,16,5.333,4,7,3,1,2,1,2,3,1,1
1439,3DL-9PM,2025-04-29,21:00,095,14,4.667,0,9,9,1,2,1,2,3,0,1
1440,3DL-2PM,2025-04-30,14:00,060,6,2,0,6,6,3,0,2,1,2,0,1
1441,3DL-5PM,2025-04-30,17:00,121,4,1.333,1,2,1,1,2,3,0,2,2,0
1442,3DL-9PM,2025-04-30,21:00,477,18,6,4,7,3,1,2,1,2,2,0,0
1443,3DL-2PM,2025-05-01,14:00,503,8,2.667,0,5,5,1,2,2,1,3,0,0
1444,3DL-5PM,2025-05-01,17:00,113,5,1.667,1,3,2,0,3,3,0,2,0,1
1445,3DL-9PM,2025-05-01,21:00,180,9,3,0,8,8,2,1,2,1,3,0,1
1446,3DL-2PM,2025-05-02,14:00,360,9,3,0,6,6,2,1,2,1,3,0,1
1447,3DL-5PM,2025-05-02,17:00,025,7,2.333,0,5,5,2,1,2,1,3,0,1
1448,3DL-9PM,2025-05-02,21:00,321,6,2,1,3,2,1,2,3,0,3,2,1
1449,3DL-2PM,2025-05-03,14:00,168,15,5,1,8,7,2,1,1,2,3,0,1
1450,3DL-5PM,2025-05-03,17:00,333,9,3,3,3,0,0,3,3,0,1,0,0
1451,3DL-9PM,2025-05-03,21:00,610,7,2.333,0,6,6,2,1,2,1,3,1,0
1452,3DL-2PM,2025-05-04,14:00,082,10,3.333,0,8,8,3,0,2,1,3,0,1
1453,3DL-5PM,2025-05-04,17:00,545,14,4.667,4,5,1,1,2,1,2,2,2,0
1454,3DL-9PM,2025-05-04,21:00,549,18,6,4,9,5,1,2,1,2,3,1,2
1455,3DL-2PM,2025-05-05,14:00,080,8,2.667,0,8,8,3,0,2,1,2,0,0
1456,3DL-5PM,2025-05-05,17:00,074,11,3.667,0,7,7,2,1,2,1,3,0,1
1457,3DL-9PM,2025-05-05,21:00,777,21,7,7,7,0,0,3,0,3,1,0,1
1458,3DL-2PM,2025-05-06,14:00,074,11,3.667,0,7,7,2,1,2,1,3,0,1
1459,3DL-5PM,2025-05-06,17:00,127,10,3.333,1,7,6,1,2,2,1,3,1,1
1460,3DL-9PM,2025-05-06,21:00,929,20,6.667,2,9,7,1,2,1,2,2,0,1
1461,3DL-2PM,2025-05-07,14:00,223,7,2.333,2,3,1,2,1,3,0,2,1,1
1462,3DL-5PM,2025-05-07,17:00,290,11,3.667,0,9,9,2,1,2,1,3,0,1
1463,3DL-9PM,2025-05-07,21:00,155,11,3.667,1,5,4,0,3,1,2,2,0,0
1464,3DL-2PM,2025-05-08,14:00,353,11,3.667,3,5,2,0,3,2,1,2,0,1
1465,3DL-5PM,2025-05-08,17:00,020,2,0.667,0,2,2,3,0,3,0,2,0,0
1466,3DL-9PM,2025-05-08,21:00,619,16,5.333,1,9,8,1,2,1,2,3,0,0
1467,3DL-2PM,2025-05-09,14:00,960,15,5,0,9,9,2,1,1,2,3,0,2
1468,3DL-5PM,2025-05-09,17:00,131,5,1.667,1,3,2,0,3,3,0,2,0,0
1469,3DL-9PM,2025-05-09,21:00,792,18,6,2,9,7,1,2,1,2,3,0,0
1470,3DL-2PM,2025-05-10,14:00,377,17,5.667,3,7,4,0,3,1,2,2,0,1
1471,3DL-5PM,2025-05-10,17:00,944,17,5.667,4,9,5,2,1,2,1,2,0,0
1472,3DL-9PM,2025-05-10,21:00,509,14,4.667,0,9,9,1,2,1,2,3,0,1
1473,3DL-2PM,2025-05-11,14:00,565,16,5.333,5,6,1,1,2,0,3,2,2,1
1474,3DL-5PM,2025-05-11,17:00,042,6,2,0,4,4,3,0,3,0,3,0,0
1475,3DL-9PM,2025-05-11,21:00,093,12,4,0,9,9,1,2,2,1,3,0,1
1476,3DL-2PM,2025-05-12,14:00,518,14,4.667,1,8,7,1,2,1,2,3,0,0
1477,3DL-5PM,2025-05-12,17:00,856,19,6.333,5,8,3,2,1,0,3,3,1,2
1478,3DL-9PM,2025-05-12,21:00,323,8,2.667,2,3,1,1,2,3,0,2,2,0
1479,3DL-2PM,2025-05-13,14:00,071,8,2.667,0,7,7,1,2,2,1,3,0,0
1480,3DL-5PM,2025-05-13,17:00,337,13,4.333,3,7,4,0,3,2,1,2,0,1
1481,3DL-9PM,2025-05-13,21:00,248,14,4.667,2,8,6,3,0,2,1,3,0,0
1482,3DL-2PM,2025-05-14,14:00,533,11,3.667,3,5,2,0,3,2,1,2,0,0
1483,3DL-5PM,2025-05-14,17:00,407,11,3.667,0,7,7,2,1,2,1,3,0,0
1484,3DL-9PM,2025-05-14,21:00,607,13,4.333,0,7,7,2,1,1,2,3,0,2
1485,3DL-2PM,2025-05-15,14:00,173,11,3.667,1,7,6,0,3,2,1,3,0,1
1486,3DL-5PM,2025-05-15,17:00,979,25,8.333,7,9,2,0,3,0,3,2,0,1
1487,3DL-9PM,2025-05-15,21:00,366,15,5,3,6,3,2,1,1,2,2,0,0
1488,3DL-2PM,2025-05-16,14:00,906,15,5,0,9,9,2,1,1,2,3,0,1
1489,3DL-5PM,2025-05-16,17:00,060,6,2,0,6,6,3,0,2,1,2,0,2
1490,3DL-9PM,2025-05-16,21:00,825,15,5,2,8,6,2,1,1,2,3,0,0
1491,3DL-2PM,2025-05-17,14:00,422,8,2.667,2,4,2,3,0,3,0,2,0,1
1492,3DL-5PM,2025-05-17,17:00,390,12,4,0,9,9,1,2,2,1,3,0,0
1493,3DL-9PM,2025-05-17,21:00,414,9,3,1,4,3,2,1,3,0,2,0,0
1494,3DL-2PM,2025-05-18,14:00,956,20,6.667,5,9,4,1,2,0,3,3,1,0
1495,3DL-5PM,2025-05-18,17:00,424,10,3.333,2,4,2,3,0,3,0,2,0,0
1496,3DL-9PM,2025-05-18,21:00,818,17,5.667,1,8,7,2,1,1,2,2,0,0
1497,3DL-2PM,2025-05-19,14:00,867,21,7,6,8,2,2,1,0,3,3,1,1
1498,3DL-5PM,2025-05-19,17:00,255,12,4,2,5,3,1,2,1,2,2,0,0
1499,3DL-9PM,2025-05-19,21:00,198,18,6,1,9,8,1,2,1,2,3,1,0
1500,3DL-2PM,2025-05-20,14:00,573,15,5,3,7,4,0,3,1,2,3,0,0
1501,3DL-5PM,2025-05-20,17:00,774,18,6,4,7,3,1,2,1,2,2,0,1
1502,3DL-9PM,2025-05-20,21:00,899,26,8.667,8,9,1,1,2,0,3,2,1,0
1503,3DL-2PM,2025-05-21,14:00,363,12,4,3,6,3,1,2,2,1,2,0,0
1504,3DL-5PM,2025-05-21,17:00,820,10,3.333,0,8,8,3,0,2,1,3,0,0
1505,3DL-9PM,2025-05-21,21:00,668,20,6.667,6,8,2,3,0,0,3,2,0,1
1506,3DL-2PM,2025-05-22,14:00,732,12,4,2,7,5,1,2,2,1,3,1,0
1507,3DL-5PM,2025-05-22,17:00,250,7,2.333,0,5,5,2,1,2,1,3,0,1
1508,3DL-9PM,2025-05-22,21:00,350,8,2.667,0,5,5,1,2,2,1,3,0,2
1509,3DL-2PM,2025-05-23,14:00,923,14,4.667,2,9,7,1,2,2,1,3,1,1
1510,3DL-5PM,2025-05-23,17:00,605,11,3.667,0,6,6,2,1,1,2,3,0,0
1511,3DL-9PM,2025-05-23,21:00,410,5,1.667,0,4,4,2,1,3,0,3,1,1
1512,3DL-2PM,2025-05-24,14:00,286,16,5.333,2,8,6,3,0,1,2,3,0,0
1513,3DL-5PM,2025-05-24,17:00,645,15,5,4,6,2,2,1,1,2,3,1,1
1514,3DL-9PM,2025-05-24,21:00,596,20,6.667,5,9,4,1,2,0,3,3,0,2
1515,3DL-2PM,2025-05-25,14:00,094,13,4.333,0,9,9,2,1,2,1,3,0,1
1516,3DL-5PM,2025-05-25,17:00,861,15,5,1,8,7,2,1,1,2,3,0,0
1517,3DL-9PM,2025-05-25,21:00,077,14,4.667,0,7,7,1,2,1,2,2,0,0
1518,3DL-2PM,2025-05-26,14:00,334,10,3.333,3,4,1,1,2,3,0,2,1,0
1519,3DL-5PM,2025-05-26,17:00,447,15,5,4,7,3,2,1,2,1,2,0,1
1520,3DL-9PM,2025-05-26,21:00,261,9,3,1,6,5,2,1,2,1,3,0,0
1521,3DL-2PM,2025-05-27,14:00,224,8,2.667,2,4,2,3,0,3,0,2,0,1
1522,3DL-5PM,2025-05-27,17:00,193,13,4.333,1,9,8,0,3,2,1,3,0,0
1523,3DL-9PM,2025-05-27,21:00,205,7,2.333,0,5,5,2,1,2,1,3,0,0
1524,3DL-2PM,2025-05-28,14:00,866,20,6.667,6,8,2,3,0,0,3,2,0,0
1525,3DL-5PM,2025-05-28,17:00,220,4,1.333,0,2,2,3,0,3,0,2,0,0
1526,3DL-9PM,2025-05-28,21:00,501,6,2,0,5,5,1,2,2,1,3,1,1
1527,3DL-2PM,2025-05-29,14:00,699,24,8,6,9,3,1,2,0,3,2,0,0
1528,3DL-5PM,2025-05-29,17:00,346,13,4.333,3,6,3,2,1,2,1,3,1,1
1529,3DL-9PM,2025-05-29,21:00,015,6,2,0,5,5,1,2,2,1,3,1,0
1530,3DL-2PM,2025-05-30,14:00,181,10,3.333,1,8,7,1,2,2,1,2,0,1
1531,3DL-5PM,2025-05-30,17:00,664,16,5.333,4,6,2,3,0,1,2,2,0,0
1532,3DL-9PM,2025-05-30,21:00,762,15,5,2,7,5,2,1,1,2,3,1,1
1533,3DL-2PM,2025-05-31,14:00,217,10,3.333,1,7,6,1,2,2,1,3,1,2
1534,3DL-5PM,2025-05-31,17:00,697,22,7.333,6,9,3,1,2,0,3,3,0,1
1535,3DL-9PM,2025-05-31,21:00,236,11,3.667,2,6,4,2,1,2,1,3,1,1
1536,3DL-2PM,2025-06-01,14:00,807,15,5,0,8,8,2,1,1,2,3,0,0
1537,3DL-5PM,2025-06-01,17:00,485,17,5.667,4,8,4,2,1,1,2,3,0,1
1538,3DL-9PM,2025-06-01,21:00,757,19,6.333,5,7,2,0,3,0,3,2,0,1
1539,3DL-2PM,2025-06-02,14:00,724,13,4.333,2,7,5,2,1,2,1,3,0,1
1540,3DL-5PM,2025-06-02,17:00,371,11,3.667,1,7,6,0,3,2,1,3,0,1
1541,3DL-9PM,2025-06-02,21:00,738,18,6,3,8,5,1,2,1,2,3,0,2
1542,3DL-2PM,2025-06-03,14:00,469,19,6.333,4,9,5,2,1,1,2,3,0,0
1543,3DL-5PM,2025-06-03,17:00,263,11,3.667,2,6,4,2,1,2,1,3,0,1
1544,3DL-9PM,2025-06-03,21:00,710,8,2.667,0,7,7,1,2,2,1,3,1,0
1545,3DL-2PM,2025-06-04,14:00,262,10,3.333,2,6,4,3,0,2,1,2,0,0
1546,3DL-5PM,2025-06-04,17:00,277,16,5.333,2,7,5,1,2,1,2,2,0,1
1547,3DL-9PM,2025-06-04,21:00,209,11,3.667,0,9,9,2,1,2,1,3,0,1
1548,3DL-2PM,2025-06-05,14:00,247,13,4.333,2,7,5,2,1,2,1,3,0,1
1549,3DL-5PM,2025-06-05,17:00,156,12,4,1,6,5,1,2,1,2,3,1,0
1550,3DL-9PM,2025-06-05,21:00,143,8,2.667,1,4,3,1,2,3,0,3,1,1
1551,3DL-2PM,2025-06-06,14:00,159,15,5,1,9,8,0,3,1,2,3,0,1
1552,3DL-5PM,2025-06-06,17:00,087,15,5,0,8,8,2,1,1,2,3,1,0
1553,3DL-9PM,2025-06-06,21:00,350,8,2.667,0,5,5,1,2,2,1,3,0,1
1554,3DL-2PM,2025-06-07,14:00,122,5,1.667,1,2,1,2,1,3,0,2,1,0
1555,3DL-5PM,2025-06-07,17:00,969,24,8,6,9,3,1,2,0,3,2,0,0
1556,3DL-9PM,2025-06-07,21:00,579,21,7,5,9,4,0,3,0,3,3,0,1
1557,3DL-2PM,2025-06-08,14:00,824,14,4.667,2,8,6,3,0,2,1,3,0,0
1558,3DL-5PM,2025-06-08,17:00,133,7,2.333,1,3,2,0,3,3,0,2,0,0
1559,3DL-9PM,2025-06-08,21:00,039,12,4,0,9,9,1,2,2,1,3,0,1
1560,3DL-2PM,2025-06-09,14:00,120,3,1,0,2,2,2,1,3,0,3,1,1
1561,3DL-5PM,2025-06-09,17:00,592,16,5.333,2,9,7,1,2,1,2,3,0,1
1562,3DL-9PM,2025-06-09,21:00,642,12,4,2,6,4,3,0,2,1,3,0,1
1563,3DL-2PM,2025-06-10,14:00,823,13,4.333,2,8,6,2,1,2,1,3,1,1
1564,3DL-5PM,2025-06-10,17:00,864,18,6,4,8,4,3,0,1,2,3,0,1
1565,3DL-9PM,2025-06-10,21:00,985,22,7.333,5,9,4,1,2,0,3,3,1,1
1566,3DL-2PM,2025-06-11,14:00,780,15,5,0,8,8,2,1,1,2,3,1,1
1567,3DL-5PM,2025-06-11,17:00,705,12,4,0,7,7,1,2,1,2,3,0,2
1568,3DL-9PM,2025-06-11,21:00,338,14,4.667,3,8,5,1,2,2,1,2,0,0
1569,3DL-2PM,2025-06-12,14:00,440,8,2.667,0,4,4,3,0,3,0,2,0,0
1570,3DL-5PM,2025-06-12,17:00,249,15,5,2,9,7,2,1,2,1,3,0,1
1571,3DL-9PM,2025-06-12,21:00,142,7,2.333,1,4,3,2,1,3,0,3,0,2
1572,3DL-2PM,2025-06-13,14:00,792,18,6,2,9,7,1,2,1,2,3,0,1
1573,3DL-5PM,2025-06-13,17:00,632,11,3.667,2,6,4,2,1,2,1,3,1,1
1574,3DL-9PM,2025-06-13,21:00,732,12,4,2,7,5,1,2,2,1,3,1,2
1575,3DL-2PM,2025-06-14,14:00,708,15,5,0,8,8,2,1,1,2,3,0,1
1576,3DL-5PM,2025-06-14,17:00,884,20,6.667,4,8,4,3,0,1,2,2,0,1
1577,3DL-9PM,2025-06-14,21:00,786,21,7,6,8,2,2,1,0,3,3,1,1
1578,3DL-2PM,2025-06-15,14:00,440,8,2.667,0,4,4,3,0,3,0,2,0,0
1579,3DL-5PM,2025-06-15,17:00,478,19,6.333,4,8,4,2,1,1,2,3,1,1
1580,3DL-9PM,2025-06-15,21:00,318,12,4,1,8,7,1,2,2,1,3,0,1
1581,3DL-2PM,2025-06-16,14:00,206,8,2.667,0,6,6,3,0,2,1,3,0,0
1582,3DL-5PM,2025-06-16,17:00,396,18,6,3,9,6,1,2,1,2,3,0,1
1583,3DL-9PM,2025-06-16,21:00,549,18,6,4,9,5,1,2,1,2,3,1,1
1584,3DL-2PM,2025-06-17,14:00,330,6,2,0,3,3,1,2,3,0,2,0,0
1585,3DL-5PM,2025-06-17,17:00,408,12,4,0,8,8,3,0,2,1,3,0,1
1586,3DL-9PM,2025-06-17,21:00,911,11,3.667,1,9,8,0,3,2,1,2,0,0
1587,3DL-2PM,2025-06-18,14:00,791,17,5.667,1,9,8,0,3,1,2,3,0,2
1588,3DL-5PM,2025-06-18,17:00,424,10,3.333,2,4,2,3,0,3,0,2,0,0
1589,3DL-9PM,2025-06-18,21:00,003,3,1,0,3,3,2,1,3,0,2,0,0
1590,3DL-2PM,2025-06-19,14:00,699,24,8,6,9,3,1,2,0,3,2,0,0
1591,3DL-5PM,2025-06-19,17:00,825,15,5,2,8,6,2,1,1,2,3,0,0
1592,3DL-9PM,2025-06-19,21:00,322,7,2.333,2,3,1,2,1,3,0,2,1,1
1593,3DL-2PM,2025-06-20,14:00,133,7,2.333,1,3,2,0,3,3,0,2,0,1
1594,3DL-5PM,2025-06-20,17:00,766,19,6.333,6,7,1,2,1,0,3,2,1,0
1595,3DL-9PM,2025-06-20,21:00,519,15,5,1,9,8,0,3,1,2,3,0,0
1596,3DL-2PM,2025-06-21,14:00,516,12,4,1,6,5,1,2,1,2,3,0,2
1597,3DL-5PM,2025-06-21,17:00,500,5,1.667,0,5,5,2,1,2,1,2,0,1
1598,3DL-9PM,2025-06-21,21:00,131,5,1.667,1,3,2,0,3,3,0,2,0,0
1599,3DL-2PM,2025-06-22,14:00,203,5,1.667,0,3,3,2,1,3,0,3,0,1
1600,3DL-5PM,2025-06-22,17:00,078,15,5,0,8,8,2,1,1,2,3,1,1
1601,3DL-9PM,2025-06-22,21:00,871,16,5.333,1,8,7,1,2,1,2,3,1,2
1602,3DL-2PM,2025-06-23,14:00,355,13,4.333,3,5,2,0,3,1,2,2,0,0
1603,3DL-5PM,2025-06-23,17:00,574,16,5.333,4,7,3,1,2,1,2,3,0,1
1604,3DL-9PM,2025-06-23,21:00,203,5,1.667,0,3,3,2,1,3,0,3,0,0
1605,3DL-2PM,2025-06-24,14:00,422,8,2.667,2,4,2,3,0,3,0,2,0,1
1606,3DL-5PM,2025-06-24,17:00,648,18,6,4,8,4,3,0,1,2,3,0,1
1607,3DL-9PM,2025-06-24,21:00,143,8,2.667,1,4,3,1,2,3,0,3,1,1
1608,3DL-2PM,2025-06-25,14:00,305,8,2.667,0,5,5,1,2,2,1,3,0,1
1609,3DL-5PM,2025-06-25,17:00,614,11,3.667,1,6,5,2,1,2,1,3,0,0
1610,3DL-9PM,2025-06-25,21:00,755,17,5.667,5,7,2,0,3,0,3,2,0,0
1611,3DL-2PM,2025-06-26,14:00,612,9,3,1,6,5,2,1,2,1,3,1,0
1612,3DL-5PM,2025-06-26,17:00,396,18,6,3,9,6,1,2,1,2,3,0,1
1613,3DL-9PM,2025-06-26,21:00,674,17,5.667,4,7,3,2,1,1,2,3,1,1
1614,3DL-2PM,2025-06-27,14:00,256,13,4.333,2,6,4,2,1,1,2,3,1,1
1615,3DL-5PM,2025-06-27,17:00,718,16,5.333,1,8,7,1,2,1,2,3,0,0
1616,3DL-9PM,2025-06-27,21:00,044,8,2.667,0,4,4,3,0,3,0,2,0,0
1617,3DL-2PM,2025-06-28,14:00,759,21,7,5,9,4,0,3,0,3,3,0,0
1618,3DL-5PM,2025-06-28,17:00,114,6,2,1,4,3,1,2,3,0,2,0,0
1619,3DL-9PM,2025-06-28,21:00,625,13,4.333,2,6,4,2,1,1,2,3,0,0
1620,3DL-2PM,2025-06-29,14:00,044,8,2.667,0,4,4,3,0,3,0,2,0,0
1621,3DL-5PM,2025-06-29,17:00,775,19,6.333,5,7,2,0,3,0,3,2,0,0
1622,3DL-9PM,2025-06-29,21:00,972,18,6,2,9,7,1,2,1,2,3,0,1
1623,3DL-2PM,2025-06-30,14:00,887,23,7.667,7,8,1,2,1,0,3,2,1,1
1624,3DL-5PM,2025-06-30,17:00,455,14,4.667,4,5,1,1,2,1,2,2,1,0
1625,3DL-9PM,2025-06-30,21:00,648,18,6,4,8,4,3,0,1,2,3,0,1
1626,3DL-2PM,2025-07-01,14:00,020,2,0.667,0,2,2,3,0,3,0,2,0,0
1627,3DL-5PM,2025-07-01,17:00,847,19,6.333,4,8,4,2,1,1,2,3,0,0
1628,3DL-9PM,2025-07-01,21:00,923,14,4.667,2,9,7,1,2,2,1,3,1,0
1629,3DL-2PM,2025-07-02,14:00,909,18,6,0,9,9,1,2,1,2,2,0,1
1630,3DL-5PM,2025-07-02,17:00,733,13,4.333,3,7,4,0,3,2,1,2,0,0
1631,3DL-9PM,2025-07-02,21:00,767,20,6.667,6,7,1,1,2,0,3,2,2,1
1632,3DL-2PM,2025-07-03,14:00,865,19,6.333,5,8,3,2,1,0,3,3,1,1
1633,3DL-5PM,2025-07-03,17:00,859,22,7.333,5,9,4,1,2,0,3,3,0,2
1634,3DL-9PM,2025-07-03,21:00,999,27,9,9,9,0,0,3,0,3,1,0,1
1635,3DL-2PM,2025-07-04,14:00,564,15,5,4,6,2,2,1,1,2,3,1,0
1636,3DL-5PM,2025-07-04,17:00,490,13,4.333,0,9,9,2,1,2,1,3,0,1
1637,3DL-9PM,2025-07-04,21:00,307,10,3.333,0,7,7,1,2,2,1,3,0,1
1638,3DL-2PM,2025-07-05,14:00,638,17,5.667,3,8,5,2,1,1,2,3,0,1
1639,3DL-5PM,2025-07-05,17:00,467,17,5.667,4,7,3,2,1,1,2,3,1,1
1640,3DL-9PM,2025-07-05,21:00,393,15,5,3,9,6,0,3,2,1,2,0,0
1641,3DL-2PM,2025-07-06,14:00,383,14,4.667,3,8,5,1,2,2,1,2,0,1
1642,3DL-5PM,2025-07-06,17:00,815,14,4.667,1,8,7,1,2,1,2,3,0,1
1643,3DL-9PM,2025-07-06,21:00,969,24,8,6,9,3,1,2,0,3,2,0,0
1644,3DL-2PM,2025-07-07,14:00,050,5,1.667,0,5,5,2,1,2,1,2,0,0
1645,3DL-5PM,2025-07-07,17:00,843,15,5,3,8,5,2,1,2,1,3,1,0
1646,3DL-9PM,2025-07-07,21:00,291,12,4,1,9,8,1,2,2,1,3,0,0
1647,3DL-2PM,2025-07-08,14:00,113,5,1.667,1,3,2,0,3,3,0,2,0,1
1648,3DL-5PM,2025-07-08,17:00,480,12,4,0,8,8,3,0,2,1,3,0,0
1649,3DL-9PM,2025-07-08,21:00,660,12,4,0,6,6,3,0,1,2,2,0,1
1650,3DL-2PM,2025-07-09,14:00,010,1,0.333,0,1,1,2,1,3,0,2,2,1
1651,3DL-5PM,2025-07-09,17:00,459,18,6,4,9,5,1,2,1,2,3,1,0
1652,3DL-9PM,2025-07-09,21:00,663,15,5,3,6,3,2,1,1,2,2,0,0
1653,3DL-2PM,2025-07-10,14:00,533,11,3.667,3,5,2,0,3,2,1,2,0,1
1654,3DL-5PM,2025-07-10,17:00,434,11,3.667,3,4,1,2,1,3,0,2,2,1
1655,3DL-9PM,2025-07-10,21:00,126,9,3,1,6,5,2,1,2,1,3,1,0
1656,3DL-2PM,2025-07-11,14:00,856,19,6.333,5,8,3,2,1,0,3,3,1,1
1657,3DL-5PM,2025-07-11,17:00,378,18,6,3,8,5,1,2,1,2,3,1,1
1658,3DL-9PM,2025-07-11,21:00,866,20,6.667,6,8,2,3,0,0,3,2,0,1
1659,3DL-2PM,2025-07-12,14:00,154,10,3.333,1,5,4,1,2,2,1,3,1,0
1660,3DL-5PM,2025-07-12,17:00,556,16,5.333,5,6,1,1,2,0,3,2,1,1
1661,3DL-9PM,2025-07-12,21:00,277,16,5.333,2,7,5,1,2,1,2,2,0,0
1662,3DL-2PM,2025-07-13,14:00,671,14,4.667,1,7,6,1,2,1,2,3,1,1
1663,3DL-5PM,2025-07-13,17:00,749,20,6.667,4,9,5,1,2,1,2,3,0,1
1664,3DL-9PM,2025-07-13,21:00,461,11,3.667,1,6,5,2,1,2,1,3,0,1
1665,3DL-2PM,2025-07-14,14:00,405,9,3,0,5,5,2,1,2,1,3,0,1
1666,3DL-5PM,2025-07-14,17:00,748,19,6.333,4,8,4,2,1,1,2,3,0,1
1667,3DL-9PM,2025-07-14,21:00,690,15,5,0,9,9,2,1,1,2,3,0,0
1668,3DL-2PM,2025-07-15,14:00,278,17,5.667,2,8,6,2,1,1,2,3,1,0
1669,3DL-5PM,2025-07-15,17:00,482,14,4.667,2,8,6,3,0,2,1,3,0,2
1670,3DL-9PM,2025-07-15,21:00,422,8,2.667,2,4,2,3,0,3,0,2,0,2
1671,3DL-2PM,2025-07-16,14:00,848,20,6.667,4,8,4,3,0,1,2,2,0,1
1672,3DL-5PM,2025-07-16,17:00,547,16,5.333,4,7,3,1,2,1,2,3,1,1
1673,3DL-9PM,2025-07-16,21:00,963,18,6,3,9,6,1,2,1,2,3,0,0
1674,3DL-2PM,2025-07-17,14:00,639,18,6,3,9,6,1,2,1,2,3,0,3
1675,3DL-5PM,2025-07-17,17:00,839,20,6.667,3,9,6,1,2,1,2,3,0,2
1676,3DL-9PM,2025-07-17,21:00,837,18,6,3,8,5,1,2,1,2,3,0,2
1677,3DL-2PM,2025-07-18,14:00,543,12,4,3,5,2,1,2,2,1,3,2,1
1678,3DL-5PM,2025-07-18,17:00,451,10,3.333,1,5,4,1,2,2,1,3,1,2
1679,3DL-9PM,2025-07-18,21:00,102,3,1,0,2,2,2,1,3,0,3,1,1
1680,3DL-2PM,2025-07-19,14:00,670,13,4.333,0,7,7,2,1,1,2,3,1,1
1681,3DL-5PM,2025-07-19,17:00,856,19,6.333,5,8,3,2,1,0,3,3,1,1
1682,3DL-9PM,2025-07-19,21:00,785,20,6.667,5,8,3,1,2,0,3,3,1,2
1683,3DL-2PM,2025-07-20,14:00,883,19,6.333,3,8,5,2,1,1,2,2,0,1
1684,3DL-5PM,2025-07-20,17:00,715,13,4.333,1,7,6,0,3,1,2,3,0,0
1685,3DL-9PM,2025-07-20,21:00,806,14,4.667,0,8,8,3,0,1,2,3,0,0
1686,3DL-2PM,2025-07-21,14:00,930,12,4,0,9,9,1,2,2,1,3,0,1
1687,3DL-5PM,2025-07-21,17:00,470,11,3.667,0,7,7,2,1,2,1,3,0,1
1688,3DL-9PM,2025-07-21,21:00,935,17,5.667,3,9,6,0,3,1,2,3,0,0
1689,3DL-2PM,2025-07-22,14:00,742,13,4.333,2,7,5,2,1,2,1,3,0,0
1690,3DL-5PM,2025-07-22,17:00,357,15,5,3,7,4,0,3,1,2,3,0,1
1691,3DL-9PM,2025-07-22,21:00,272,11,3.667,2,7,5,2,1,2,1,2,0,1
1692,3DL-2PM,2025-07-23,14:00,761,14,4.667,1,7,6,1,2,1,2,3,1,1
1693,3DL-5PM,2025-07-23,17:00,933,15,5,3,9,6,0,3,2,1,2,0,0
1694,3DL-9PM,2025-07-23,21:00,346,13,4.333,3,6,3,2,1,2,1,3,1,1
1695,3DL-2PM,2025-07-24,14:00,873,18,6,3,8,5,1,2,1,2,3,1,1
1696,3DL-5PM,2025-07-24,17:00,492,15,5,2,9,7,2,1,2,1,3,0,0
1697,3DL-9PM,2025-07-24,21:00,376,16,5.333,3,7,4,1,2,1,2,3,1,0
1698,3DL-2PM,2025-07-25,14:00,611,8,2.667,1,6,5,1,2,2,1,2,0,1
1699,3DL-5PM,2025-07-25,17:00,912,12,4,1,9,8,1,2,2,1,3,1,1
1700,3DL-9PM,2025-07-25,21:00,060,6,2,0,6,6,3,0,2,1,2,0,0
1701,3DL-2PM,2025-07-26,14:00,293,14,4.667,2,9,7,1,2,2,1,3,0,0
1702,3DL-5PM,2025-07-26,17:00,443,11,3.667,3,4,1,2,1,3,0,2,1,1
1703,3DL-9PM,2025-07-26,21:00,268,16,5.333,2,8,6,3,0,1,2,3,0,0
1704,3DL-2PM,2025-07-27,14:00,410,5,1.667,0,4,4,2,1,3,0,3,1,0
1705,3DL-5PM,2025-07-27,17:00,751,13,4.333,1,7,6,0,3,1,2,3,0,1
1706,3DL-9PM,2025-07-27,21:00,118,10,3.333,1,8,7,1,2,2,1,2,0,1
1707,3DL-2PM,2025-07-28,14:00,803,11,3.667,0,8,8,2,1,2,1,3,0,1
1708,3DL-5PM,2025-07-28,17:00,553,13,4.333,3,5,2,0,3,1,2,2,0,1
1709,3DL-9PM,2025-07-28,21:00,180,9,3,0,8,8,2,1,2,1,3,0,0
1710,3DL-2PM,2025-07-29,14:00,496,19,6.333,4,9,5,2,1,1,2,3,0,0
1711,3DL-5PM,2025-07-29,17:00,938,20,6.667,3,9,6,1,2,1,2,3,0,1
1712,3DL-9PM,2025-07-29,21:00,584,17,5.667,4,8,4,2,1,1,2,3,0,1
1713,3DL-2PM,2025-07-30,14:00,956,20,6.667,5,9,4,1,2,0,3,3,1,1
1714,3DL-5PM,2025-07-30,17:00,087,15,5,0,8,8,2,1,1,2,3,1,0
1715,3DL-9PM,2025-07-30,21:00,719,17,5.667,1,9,8,0,3,1,2,3,0,1
1716,3DL-2PM,2025-07-31,14:00,361,10,3.333,1,6,5,1,2,2,1,3,0,1
1717,3DL-5PM,2025-07-31,17:00,812,11,3.667,1,8,7,2,1,2,1,3,1,1
1718,3DL-9PM,2025-07-31,21:00,369,18,6,3,9,6,1,2,1,2,3,0,0
1719,3DL-2PM,2025-08-01,14:00,292,13,4.333,2,9,7,2,1,2,1,2,0,1
1720,3DL-5PM,2025-08-01,17:00,313,7,2.333,1,3,2,0,3,3,0,2,0,0
1721,3DL-9PM,2025-08-01,21:00,287,17,5.667,2,8,6,2,1,1,2,3,1,0
1722,3DL-2PM,2025-08-02,14:00,021,3,1,0,2,2,2,1,3,0,3,1,1
1723,3DL-5PM,2025-08-02,17:00,588,21,7,5,8,3,2,1,0,3,2,0,0
1724,3DL-9PM,2025-08-02,21:00,325,10,3.333,2,5,3,1,2,2,1,3,1,1
1725,3DL-2PM,2025-08-03,14:00,151,7,2.333,1,5,4,0,3,2,1,2,0,1
1726,3DL-5PM,2025-08-03,17:00,266,14,4.667,2,6,4,3,0,1,2,2,0,0
1727,3DL-9PM,2025-08-03,21:00,249,15,5,2,9,7,2,1,2,1,3,0,1
1728,3DL-2PM,2025-08-04,14:00,889,25,8.333,8,9,1,2,1,0,3,2,1,1
1729,3DL-5PM,2025-08-04,17:00,193,13,4.333,1,9,8,0,3,2,1,3,0,1
1730,3DL-9PM,2025-08-04,21:00,336,12,4,3,6,3,1,2,2,1,2,0,1
1731,3DL-2PM,2025-08-05,14:00,005,5,1.667,0,5,5,2,1,2,1,2,0,0
1732,3DL-5PM,2025-08-05,17:00,341,8,2.667,1,4,3,1,2,3,0,3,1,0
1733,3DL-9PM,2025-08-05,21:00,342,9,3,2,4,2,2,1,3,0,3,1,2
1734,3DL-2PM,2025-08-06,14:00,326,11,3.667,2,6,4,2,1,2,1,3,1,2
1735,3DL-5PM,2025-08-06,17:00,354,12,4,3,5,2,1,2,2,1,3,1,1
1736,3DL-9PM,2025-08-06,21:00,578,20,6.667,5,8,3,1,2,0,3,3,1,1
1737,3DL-2PM,2025-08-07,14:00,658,19,6.333,5,8,3,2,1,0,3,3,1,2
1738,3DL-5PM,2025-08-07,17:00,524,11,3.667,2,5,3,2,1,2,1,3,0,1
1739,3DL-9PM,2025-08-07,21:00,052,7,2.333,0,5,5,2,1,2,1,3,0,2
1740,3DL-2PM,2025-08-08,14:00,547,16,5.333,4,7,3,1,2,1,2,3,1,1
1741,3DL-5PM,2025-08-08,17:00,850,13,4.333,0,8,8,2,1,1,2,3,0,1
1742,3DL-9PM,2025-08-08,21:00,302,5,1.667,0,3,3,2,1,3,0,3,0,1
1743,3DL-2PM,2025-08-09,14:00,968,23,7.667,6,9,3,2,1,0,3,3,0,0
1744,3DL-5PM,2025-08-09,17:00,741,12,4,1,7,6,1,2,2,1,3,0,0
1745,3DL-9PM,2025-08-09,21:00,046,10,3.333,0,6,6,3,0,2,1,3,0,1
1746,3DL-2PM,2025-08-10,14:00,611,8,2.667,1,6,5,1,2,2,1,2,0,1
1747,3DL-5PM,2025-08-10,17:00,268,16,5.333,2,8,6,3,0,1,2,3,0,1
1748,3DL-9PM,2025-08-10,21:00,887,23,7.667,7,8,1,2,1,0,3,2,1,1
1749,3DL-2PM,2025-08-11,14:00,812,11,3.667,1,8,7,2,1,2,1,3,1,1
1750,3DL-5PM,2025-08-11,17:00,422,8,2.667,2,4,2,3,0,3,0,2,0,1
1751,3DL-9PM,2025-08-11,21:00,889,25,8.333,8,9,1,2,1,0,3,2,1,0
1752,3DL-2PM,2025-08-12,14:00,748,19,6.333,4,8,4,2,1,1,2,3,0,1
1753,3DL-5PM,2025-08-12,17:00,330,6,2,0,3,3,1,2,3,0,2,0,0
1754,3DL-9PM,2025-08-12,21:00,702,9,3,0,7,7,2,1,2,1,3,0,1
1755,3DL-2PM,2025-08-13,14:00,641,11,3.667,1,6,5,2,1,2,1,3,0,0
1756,3DL-5PM,2025-08-13,17:00,663,15,5,3,6,3,2,1,1,2,2,0,1
1757,3DL-9PM,2025-08-13,21:00,139,13,4.333,1,9,8,0,3,2,1,3,0,1
1758,3DL-2PM,2025-08-14,14:00,535,13,4.333,3,5,2,0,3,1,2,2,0,1
1759,3DL-5PM,2025-08-14,17:00,978,24,8,7,9,2,1,2,0,3,3,1,0
1760,3DL-9PM,2025-08-14,21:00,746,17,5.667,4,7,3,2,1,1,2,3,0,1
1761,3DL-2PM,2025-08-15,14:00,232,7,2.333,2,3,1,2,1,3,0,2,2,0
1762,3DL-5PM,2025-08-15,17:00,336,12,4,3,6,3,1,2,2,1,2,0,1
1763,3DL-9PM,2025-08-15,21:00,191,11,3.667,1,9,8,0,3,2,1,2,0,0
1764,3DL-2PM,2025-08-16,14:00,601,7,2.333,0,6,6,2,1,2,1,3,1,1
1765,3DL-5PM,2025-08-16,17:00,957,21,7,5,9,4,0,3,0,3,3,0,0
1766,3DL-9PM,2025-08-16,21:00,039,12,4,0,9,9,1,2,2,1,3,0,1
1767,3DL-2PM,2025-08-17,14:00,499,22,7.333,4,9,5,1,2,1,2,2,0,1
1768,3DL-5PM,2025-08-17,17:00,260,8,2.667,0,6,6,3,0,2,1,3,0,0
1769,3DL-9PM,2025-08-17,21:00,717,15,5,1,7,6,0,3,1,2,2,0,0
1770,3DL-2PM,2025-08-18,14:00,920,11,3.667,0,9,9,2,1,2,1,3,0,0
1771,3DL-5PM,2025-08-18,17:00,796,22,7.333,6,9,3,1,2,0,3,3,0,1
1772,3DL-9PM,2025-08-18,21:00,153,9,3,1,5,4,0,3,2,1,3,0,0
1773,3DL-2PM,2025-08-19,14:00,773,17,5.667,3,7,4,0,3,1,2,2,0,1
1774,3DL-5PM,2025-08-19,17:00,260,8,2.667,0,6,6,3,0,2,1,3,0,0
1775,3DL-9PM,2025-08-19,21:00,459,18,6,4,9,5,1,2,1,2,3,1,0
1776,3DL-2PM,2025-08-20,14:00,130,4,1.333,0,3,3,1,2,3,0,3,0,0
1777,3DL-5PM,2025-08-20,17:00,909,18,6,0,9,9,1,2,1,2,2,0,1
1778,3DL-9PM,2025-08-20,21:00,906,15,5,0,9,9,2,1,1,2,3,0,2
1779,3DL-2PM,2025-08-21,14:00,959,23,7.667,5,9,4,0,3,0,3,2,0,1
1780,3DL-5PM,2025-08-21,17:00,368,17,5.667,3,8,5,2,1,1,2,3,0,0
1781,3DL-9PM,2025-08-21,21:00,114,6,2,1,4,3,1,2,3,0,2,0,0
1782,3DL-2PM,2025-08-22,14:00,872,17,5.667,2,8,6,2,1,1,2,3,1,0
1783,3DL-5PM,2025-08-22,17:00,936,18,6,3,9,6,1,2,1,2,3,0,0
1784,3DL-9PM,2025-08-22,21:00,440,8,2.667,0,4,4,3,0,3,0,2,0,0
1785,3DL-2PM,2025-08-23,14:00,583,16,5.333,3,8,5,1,2,1,2,3,0,0
1786,3DL-5PM,2025-08-23,17:00,272,11,3.667,2,7,5,2,1,2,1,2,0,0
1787,3DL-9PM,2025-08-23,21:00,603,9,3,0,6,6,2,1,2,1,3,0,0
1788,3DL-2PM,2025-08-24,14:00,651,12,4,1,6,5,1,2,1,2,3,1,1
1789,3DL-5PM,2025-08-24,17:00,105,6,2,0,5,5,1,2,2,1,3,1,2
1790,3DL-9PM,2025-08-24,21:00,435,12,4,3,5,2,1,2,2,1,3,1,1
1791,3DL-2PM,2025-08-25,14:00,793,19,6.333,3,9,6,0,3,1,2,3,0,1
1792,3DL-5PM,2025-08-25,17:00,185,14,4.667,1,8,7,1,2,1,2,3,0,0
1793,3DL-9PM,2025-08-25,21:00,417,12,4,1,7,6,1,2,2,1,3,0,1
1794,3DL-2PM,2025-08-26,14:00,773,17,5.667,3,7,4,0,3,1,2,2,0,1
1795,3DL-5PM,2025-08-26,17:00,489,21,7,4,9,5,2,1,1,2,3,1,0
1796,3DL-9PM,2025-08-26,21:00,107,8,2.667,0,7,7,1,2,2,1,3,1,0
1797,3DL-2PM,2025-08-27,14:00,708,15,5,0,8,8,2,1,1,2,3,0,2
1798,3DL-5PM,2025-08-27,17:00,106,7,2.333,0,6,6,2,1,2,1,3,1,1
1799,3DL-9PM,2025-08-27,21:00,959,23,7.667,5,9,4,0,3,0,3,2,0,0
1800,3DL-2PM,2025-08-28,14:00,785,20,6.667,5,8,3,1,2,0,3,3,1,1
1801,3DL-5PM,2025-08-28,17:00,152,8,2.667,1,5,4,1,2,2,1,3,0,1
1802,3DL-9PM,2025-08-28,21:00,103,4,1.333,0,3,3,1,2,3,0,3,1,1
1803,3DL-2PM,2025-08-29,14:00,876,21,7,6,8,2,2,1,0,3,3,2,0
1804,3DL-5PM,2025-08-29,17:00,041,5,1.667,0,4,4,2,1,3,0,3,0,0
1805,3DL-9PM,2025-08-29,21:00,243,9,3,2,4,2,2,1,3,0,3,1,1
1806,3DL-2PM,2025-08-30,14:00,266,14,4.667,2,6,4,3,0,1,2,2,0,1
1807,3DL-5PM,2025-08-30,17:00,861,15,5,1,8,7,2,1,1,2,3,0,1
1808,3DL-9PM,2025-08-30,21:00,227,11,3.667,2,7,5,2,1,2,1,2,0,0
1809,3DL-2PM,2025-08-31,14:00,575,17,5.667,5,7,2,0,3,0,3,2,0,1
1810,3DL-5PM,2025-08-31,17:00,487,19,6.333,4,8,4,2,1,1,2,3,1,1
1811,3DL-9PM,2025-08-31,21:00,768,21,7,6,8,2,2,1,0,3,3,1,2
1812,3DL-2PM,2025-09-01,14:00,256,13,4.333,2,6,4,2,1,1,2,3,1,1
1813,3DL-5PM,2025-09-01,17:00,757,19,6.333,5,7,2,0,3,0,3,2,0,1
1814,3DL-9PM,2025-09-01,21:00,515,11,3.667,1,5,4,0,3,1,2,2,0,1
1815,3DL-2PM,2025-09-02,14:00,765,18,6,5,7,2,1,2,0,3,3,2,1
1816,3DL-5PM,2025-09-02,17:00,381,12,4,1,8,7,1,2,2,1,3,0,0
1817,3DL-9PM,2025-09-02,21:00,106,7,2.333,0,6,6,2,1,2,1,3,1,1
1818,3DL-2PM,2025-09-03,14:00,976,22,7.333,6,9,3,1,2,0,3,3,1,1
1819,3DL-5PM,2025-09-03,17:00,300,3,1,0,3,3,2,1,3,0,2,0,0
1820,3DL-9PM,2025-09-03,21:00,462,12,4,2,6,4,3,0,2,1,3,0,0
1821,3DL-2PM,2025-09-04,14:00,039,12,4,0,9,9,1,2,2,1,3,0,0
1822,3DL-5PM,2025-09-04,17:00,763,16,5.333,3,7,4,1,2,1,2,3,1,1
1823,3DL-9PM,2025-09-04,21:00,821,11,3.667,1,8,7,2,1,2,1,3,1,0
1824,3DL-2PM,2025-09-05,14:00,690,15,5,0,9,9,2,1,1,2,3,0,0
1825,3DL-5PM,2025-09-05,17:00,855,18,6,5,8,3,1,2,0,3,2,0,0
1826,3DL-9PM,2025-09-05,21:00,166,13,4.333,1,6,5,2,1,1,2,2,0,0
1827,3DL-2PM,2025-09-06,14:00,797,23,7.667,7,9,2,0,3,0,3,2,0,0
1828,3DL-5PM,2025-09-06,17:00,242,8,2.667,2,4,2,3,0,3,0,2,0,0
1829,3DL-9PM,2025-09-06,21:00,183,12,4,1,8,7,1,2,2,1,3,0,0
1830,3DL-2PM,2025-09-07,14:00,427,13,4.333,2,7,5,2,1,2,1,3,0,0
1831,3DL-5PM,2025-09-07,17:00,061,7,2.333,0,6,6,2,1,2,1,3,0,0
1832,3DL-9PM,2025-09-07,21:00,227,11,3.667,2,7,5,2,1,2,1,2,0,0
1833,3DL-2PM,2025-09-08,14:00,170,8,2.667,0,7,7,1,2,2,1,3,0,1
1834,3DL-5PM,2025-09-08,17:00,492,15,5,2,9,7,2,1,2,1,3,0,0
1835,3DL-9PM,2025-09-08,21:00,492,15,5,2,9,7,2,1,2,1,3,0,3
1836,3DL-2PM,2025-09-09,14:00,107,8,2.667,0,7,7,1,2,2,1,3,1,0
1837,3DL-5PM,2025-09-09,17:00,511,7,2.333,1,5,4,0,3,2,1,2,0,1
1838,3DL-9PM,2025-09-09,21:00,663,15,5,3,6,3,2,1,1,2,2,0,0
1839,3DL-2PM,2025-09-10,14:00,035,8,2.667,0,5,5,1,2,2,1,3,0,1
1840,3DL-5PM,2025-09-10,17:00,598,22,7.333,5,9,4,1,2,0,3,3,1,1
1841,3DL-9PM,2025-09-10,21:00,338,14,4.667,3,8,5,1,2,2,1,2,0,1
1842,3DL-2PM,2025-09-11,14:00,659,20,6.667,5,9,4,1,2,0,3,3,1,0
1843,3DL-5PM,2025-09-11,17:00,280,10,3.333,0,8,8,3,0,2,1,3,0,0
1844,3DL-9PM,2025-09-11,21:00,607,13,4.333,0,7,7,2,1,1,2,3,0,1
1845,3DL-2PM,2025-09-12,14:00,018,9,3,0,8,8,2,1,2,1,3,1,1
1846,3DL-5PM,2025-09-12,17:00,572,14,4.667,2,7,5,1,2,1,2,3,0,0
1847,3DL-9PM,2025-09-12,21:00,996,24,8,6,9,3,1,2,0,3,2,0,0
1848,3DL-2PM,2025-09-13,14:00,518,14,4.667,1,8,7,1,2,1,2,3,0,0
1849,3DL-5PM,2025-09-13,17:00,014,5,1.667,0,4,4,2,1,3,0,3,1,1
1850,3DL-9PM,2025-09-13,21:00,330,6,2,0,3,3,1,2,3,0,2,0,1
1851,3DL-2PM,2025-09-14,14:00,575,17,5.667,5,7,2,0,3,0,3,2,0,0
1852,3DL-5PM,2025-09-14,17:00,149,14,4.667,1,9,8,1,2,2,1,3,0,0
1853,3DL-9PM,2025-09-14,21:00,449,17,5.667,4,9,5,2,1,2,1,2,0,2
1854,3DL-2PM,2025-09-15,14:00,681,15,5,1,8,7,2,1,1,2,3,0,0
1855,3DL-5PM,2025-09-15,17:00,986,23,7.667,6,9,3,2,1,0,3,3,1,2
1856,3DL-9PM,2025-09-15,21:00,412,7,2.333,1,4,3,2,1,3,0,3,1,0
1857,3DL-2PM,2025-09-16,14:00,239,14,4.667,2,9,7,1,2,2,1,3,1,1
1858,3DL-5PM,2025-09-16,17:00,958,22,7.333,5,9,4,1,2,0,3,3,0,1
1859,3DL-9PM,2025-09-16,21:00,359,17,5.667,3,9,6,0,3,1,2,3,0,2
1860,3DL-2PM,2025-09-17,14:00,809,17,5.667,0,9,9,2,1,1,2,3,0,1
1861,3DL-5PM,2025-09-17,17:00,645,15,5,4,6,2,2,1,1,2,3,1,0
1862,3DL-9PM,2025-09-17,21:00,310,4,1.333,0,3,3,1,2,3,0,3,1,0
1863,3DL-2PM,2025-09-18,14:00,215,8,2.667,1,5,4,1,2,2,1,3,1,1
1864,3DL-5PM,2025-09-18,17:00,820,10,3.333,0,8,8,3,0,2,1,3,0,1
1865,3DL-9PM,2025-09-18,21:00,262,10,3.333,2,6,4,3,0,2,1,2,0,1
1866,3DL-2PM,2025-09-19,14:00,183,12,4,1,8,7,1,2,2,1,3,0,0
1867,3DL-5PM,2025-09-19,17:00,164,11,3.667,1,6,5,2,1,2,1,3,0,1
1868,3DL-9PM,2025-09-19,21:00,155,11,3.667,1,5,4,0,3,1,2,2,0,1
1869,3DL-2PM,2025-09-20,14:00,412,7,2.333,1,4,3,2,1,3,0,3,1,1
1870,3DL-5PM,2025-09-20,17:00,081,9,3,0,8,8,2,1,2,1,3,0,1
1871,3DL-9PM,2025-09-20,21:00,055,10,3.333,0,5,5,1,2,1,2,2,0,1
1872,3DL-2PM,2025-09-21,14:00,436,13,4.333,3,6,3,2,1,2,1,3,1,0
1873,3DL-5PM,2025-09-21,17:00,139,13,4.333,1,9,8,0,3,2,1,3,0,1
1874,3DL-9PM,2025-09-21,21:00,410,5,1.667,0,4,4,2,1,3,0,3,1,1
1875,3DL-2PM,2025-09-22,14:00,392,14,4.667,2,9,7,1,2,2,1,3,0,0
1876,3DL-5PM,2025-09-22,17:00,694,19,6.333,4,9,5,2,1,1,2,3,0,1
1877,3DL-9PM,2025-09-22,21:00,290,11,3.667,0,9,9,2,1,2,1,3,0,1
1878,3DL-2PM,2025-09-23,14:00,735,15,5,3,7,4,0,3,1,2,3,0,0
1879,3DL-5PM,2025-09-23,17:00,523,10,3.333,2,5,3,1,2,2,1,3,1,2
1880,3DL-9PM,2025-09-23,21:00,676,19,6.333,6,7,1,2,1,0,3,2,2,0
1881,3DL-2PM,2025-09-24,14:00,640,10,3.333,0,6,6,3,0,2,1,3,0,1
1882,3DL-5PM,2025-09-24,17:00,138,12,4,1,8,7,1,2,2,1,3,0,0
1883,3DL-9PM,2025-09-24,21:00,241,7,2.333,1,4,3,2,1,3,0,3,0,1
1884,3DL-2PM,2025-09-25,14:00,928,19,6.333,2,9,7,2,1,1,2,3,0,1
1885,3DL-5PM,2025-09-25,17:00,610,7,2.333,0,6,6,2,1,2,1,3,1,0
1886,3DL-9PM,2025-09-25,21:00,109,10,3.333,0,9,9,1,2,2,1,3,1,2
1887,3DL-2PM,2025-09-26,14:00,583,16,5.333,3,8,5,1,2,1,2,3,0,0
1888,3DL-5PM,2025-09-26,17:00,305,8,2.667,0,5,5,1,2,2,1,3,0,2
1889,3DL-9PM,2025-09-26,21:00,396,18,6,3,9,6,1,2,1,2,3,0,1
1890,3DL-2PM,2025-09-27,14:00,398,20,6.667,3,9,6,1,2,1,2,3,1,2
1891,3DL-5PM,2025-09-27,17:00,334,10,3.333,3,4,1,1,2,3,0,2,1,1
1892,3DL-9PM,2025-09-27,21:00,782,17,5.667,2,8,6,2,1,1,2,3,1,0
1893,3DL-2PM,2025-09-28,14:00,114,6,2,1,4,3,1,2,3,0,2,0,0
1894,3DL-5PM,2025-09-28,17:00,967,22,7.333,6,9,3,1,2,0,3,3,1,0
1895,3DL-9PM,2025-09-28,21:00,133,7,2.333,1,3,2,0,3,3,0,2,0,0
1896,3DL-2PM,2025-09-29,14:00,979,25,8.333,7,9,2,0,3,0,3,2,0,0
1897,3DL-5PM,2025-09-29,17:00,209,11,3.667,0,9,9,2,1,2,1,3,0,1
1898,3DL-9PM,2025-09-29,21:00,315,9,3,1,5,4,0,3,2,1,3,0,0
1899,3DL-2PM,2025-09-30,14:00,717,15,5,1,7,6,0,3,1,2,2,0,1
1900,3DL-5PM,2025-09-30,17:00,530,8,2.667,0,5,5,1,2,2,1,3,0,0
1901,3DL-9PM,2025-09-30,21:00,325,10,3.333,2,5,3,1,2,2,1,3,1,2
1902,3DL-2PM,2025-10-01,14:00,832,13,4.333,2,8,6,2,1,2,1,3,1,2
1903,3DL-5PM,2025-10-01,17:00,807,15,5,0,8,8,2,1,1,2,3,0,1
1904,3DL-9PM,2025-10-01,21:00,251,8,2.667,1,5,4,1,2,2,1,3,0,0
1905,3DL-2PM,2025-10-02,14:00,613,10,3.333,1,6,5,1,2,2,1,3,0,1
1906,3DL-5PM,2025-10-02,17:00,091,10,3.333,0,9,9,1,2,2,1,3,0,1
1907,3DL-9PM,2025-10-02,21:00,515,11,3.667,1,5,4,0,3,1,2,2,0,1
1908,3DL-2PM,2025-10-03,14:00,830,11,3.667,0,8,8,2,1,2,1,3,0,0
1909,3DL-5PM,2025-10-03,17:00,775,19,6.333,5,7,2,0,3,0,3,2,0,0
1910,3DL-9PM,2025-10-03,21:00,450,9,3,0,5,5,2,1,2,1,3,1,1
1911,3DL-2PM,2025-10-04,14:00,069,15,5,0,9,9,2,1,1,2,3,0,1
1912,3DL-5PM,2025-10-04,17:00,639,18,6,3,9,6,1,2,1,2,3,0,2
1913,3DL-9PM,2025-10-04,21:00,340,7,2.333,0,4,4,2,1,3,0,3,1,1
1914,3DL-2PM,2025-10-05,14:00,720,9,3,0,7,7,2,1,2,1,3,0,1
1915,3DL-5PM,2025-10-05,17:00,004,4,1.333,0,4,4,3,0,3,0,2,0,1
1916,3DL-9PM,2025-10-05,21:00,316,10,3.333,1,6,5,1,2,2,1,3,0,0
1917,3DL-2PM,2025-10-06,14:00,689,23,7.667,6,9,3,2,1,0,3,3,1,1
1918,3DL-5PM,2025-10-06,17:00,882,18,6,2,8,6,3,0,1,2,2,0,1
1919,3DL-9PM,2025-10-06,21:00,111,3,1,1,1,0,0,3,3,0,1,0,0
1920,3DL-2PM,2025-10-07,14:00,095,14,4.667,0,9,9,1,2,1,2,3,0,0
1921,3DL-5PM,2025-10-07,17:00,369,18,6,3,9,6,1,2,1,2,3,0,1
1922,3DL-9PM,2025-10-07,21:00,034,7,2.333,0,4,4,2,1,3,0,3,1,1
1923,3DL-2PM,2025-10-08,14:00,636,15,5,3,6,3,2,1,1,2,2,0,1
1924,3DL-5PM,2025-10-08,17:00,699,24,8,6,9,3,1,2,0,3,2,0,1
1925,3DL-9PM,2025-10-08,21:00,430,7,2.333,0,4,4,2,1,3,0,3,1,0
1926,3DL-2PM,2025-10-09,14:00,887,23,7.667,7,8,1,2,1,0,3,2,1,0
1927,3DL-5PM,2025-10-09,17:00,420,6,2,0,4,4,3,0,3,0,3,0,0
1928,3DL-9PM,2025-10-09,21:00,280,10,3.333,0,8,8,3,0,2,1,3,0,2
1929,3DL-2PM,2025-10-10,14:00,981,18,6,1,9,8,1,2,1,2,3,1,1
1930,3DL-5PM,2025-10-10,17:00,339,15,5,3,9,6,0,3,2,1,2,0,1
1931,3DL-9PM,2025-10-10,21:00,468,18,6,4,8,4,3,0,1,2,3,0,0
1932,3DL-2PM,2025-10-11,14:00,994,22,7.333,4,9,5,1,2,1,2,2,0,1
1933,3DL-5PM,2025-10-11,17:00,489,21,7,4,9,5,2,1,1,2,3,1,2
1934,3DL-9PM,2025-10-11,21:00,387,18,6,3,8,5,1,2,1,2,3,1,1
1935,3DL-2PM,2025-10-12,14:00,802,10,3.333,0,8,8,3,0,2,1,3,0,1
1936,3DL-5PM,2025-10-12,17:00,191,11,3.667,1,9,8,0,3,2,1,2,0,0
1937,3DL-9PM,2025-10-12,21:00,028,10,3.333,0,8,8,3,0,2,1,3,0,0
1938,3DL-2PM,2025-10-13,14:00,380,11,3.667,0,8,8,2,1,2,1,3,0,2
1939,3DL-5PM,2025-10-13,17:00,976,22,7.333,6,9,3,1,2,0,3,3,1,0
1940,3DL-9PM,2025-10-13,21:00,002,2,0.667,0,2,2,3,0,3,0,2,0,0
1941,3DL-2PM,2025-10-14,14:00,985,22,7.333,5,9,4,1,2,0,3,3,1,0
1942,3DL-5PM,2025-10-14,17:00,216,9,3,1,6,5,2,1,2,1,3,1,0
1943,3DL-9PM,2025-10-14,21:00,830,11,3.667,0,8,8,2,1,2,1,3,0,0
1944,3DL-2PM,2025-10-15,14:00,068,14,4.667,0,8,8,3,0,1,2,3,0,2
1945,3DL-5PM,2025-10-15,17:00,237,12,4,2,7,5,1,2,2,1,3,1,0
1946,3DL-9PM,2025-10-15,21:00,874,19,6.333,4,8,4,2,1,1,2,3,1,1
1947,3DL-2PM,2025-10-16,14:00,468,18,6,4,8,4,3,0,1,2,3,0,2
1948,3DL-5PM,2025-10-16,17:00,604,10,3.333,0,6,6,3,0,2,1,3,0,2
1949,3DL-9PM,2025-10-16,21:00,594,18,6,4,9,5,1,2,1,2,3,0,1
1950,3DL-2PM,2025-10-17,14:00,633,12,4,3,6,3,1,2,2,1,2,0,0
1951,3DL-5PM,2025-10-17,17:00,724,13,4.333,2,7,5,2,1,2,1,3,0,0
1952,3DL-9PM,2025-10-17,21:00,943,16,5.333,3,9,6,1,2,2,1,3,1,1
1953,3DL-2PM,2025-10-18,14:00,252,9,3,2,5,3,2,1,2,1,2,0,0
1954,3DL-5PM,2025-10-18,17:00,780,15,5,0,8,8,2,1,1,2,3,1,0
1955,3DL-9PM,2025-10-18,21:00,529,16,5.333,2,9,7,1,2,1,2,3,0,0
1956,3DL-2PM,2025-10-19,14:00,840,12,4,0,8,8,3,0,2,1,3,0,0
1957,3DL-5PM,2025-10-19,17:00,812,11,3.667,1,8,7,2,1,2,1,3,1,1
1958,3DL-9PM,2025-10-19,21:00,814,13,4.333,1,8,7,2,1,2,1,3,0,2
1959,3DL-2PM,2025-10-20,14:00,266,14,4.667,2,6,4,3,0,1,2,2,0,0
1960,3DL-5PM,2025-10-20,17:00,045,9,3,0,5,5,2,1,2,1,3,1,0
1961,3DL-9PM,2025-10-20,21:00,278,17,5.667,2,8,6,2,1,1,2,3,1,0
1962,3DL-2PM,2025-10-21,14:00,842,14,4.667,2,8,6,3,0,2,1,3,0,2
1963,3DL-5PM,2025-10-21,17:00,883,19,6.333,3,8,5,2,1,1,2,2,0,1
1964,3DL-9PM,2025-10-21,21:00,862,16,5.333,2,8,6,3,0,1,2,3,0,1
1965,3DL-2PM,2025-10-22,14:00,634,13,4.333,3,6,3,2,1,2,1,3,1,1
1966,3DL-5PM,2025-10-22,17:00,003,3,1,0,3,3,2,1,3,0,2,0,1
1967,3DL-9PM,2025-10-22,21:00,237,12,4,2,7,5,1,2,2,1,3,1,1
1968,3DL-2PM,2025-10-23,14:00,391,13,4.333,1,9,8,0,3,2,1,3,0,1
1969,3DL-5PM,2025-10-23,17:00,969,24,8,6,9,3,1,2,0,3,2,0,1
1970,3DL-9PM,2025-10-23,21:00,992,20,6.667,2,9,7,1,2,1,2,2,0,1
1971,3DL-2PM,2025-10-24,14:00,388,19,6.333,3,8,5,2,1,1,2,2,0,0
1972,3DL-5PM,2025-10-24,17:00,316,10,3.333,1,6,5,1,2,2,1,3,0,1
1973,3DL-9PM,2025-10-24,21:00,099,18,6,0,9,9,1,2,1,2,2,0,0
1974,3DL-2PM,2025-10-25,14:00,838,19,6.333,3,8,5,2,1,1,2,2,0,0
1975,3DL-5PM,2025-10-25,17:00,420,6,2,0,4,4,3,0,3,0,3,0,0
1976,3DL-9PM,2025-10-25,21:00,536,14,4.667,3,6,3,1,2,1,2,3,0,0
1977,3DL-2PM,2025-10-26,14:00,351,9,3,1,5,4,0,3,2,1,3,0,2
1978,3DL-5PM,2025-10-26,17:00,435,12,4,3,5,2,1,2,2,1,3,1,2
1979,3DL-9PM,2025-10-26,21:00,814,13,4.333,1,8,7,2,1,2,1,3,0,1
1980,3DL-2PM,2025-10-27,14:00,629,17,5.667,2,9,7,2,1,1,2,3,0,0
1981,3DL-5PM,2025-10-27,17:00,872,17,5.667,2,8,6,2,1,1,2,3,1,1
1982,3DL-9PM,2025-10-27,21:00,285,15,5,2,8,6,2,1,1,2,3,0,2
1983,3DL-2PM,2025-10-28,14:00,006,6,2,0,6,6,3,0,2,1,2,0,0
1984,3DL-5PM,2025-10-28,17:00,816,15,5,1,8,7,2,1,1,2,3,0,1
1985,3DL-9PM,2025-10-28,21:00,721,10,3.333,1,7,6,1,2,2,1,3,1,1
1986,3DL-9PM,2025-10-29,21:00,146,11,3.667,1,6,5,2,1,2,1,3,0,1
1987,3DL-2PM,2025-10-30,14:00,115,7,2.333,1,5,4,0,3,2,1,2,0,1
1988,3DL-9PM,2025-10-30,21:00,913,13,4.333,1,9,8,0,3,2,1,3,0,1
1989,3DL-2PM,2025-10-31,14:00,106,7,2.333,0,6,6,2,1,2,1,3,1,1
1990,3DL-5PM,2025-10-31,17:00,269,17,5.667,2,9,7,2,1,1,2,3,0,1
1991,3DL-9PM,2025-10-31,21:00,933,15,5,3,9,6,0,3,2,1,2,0,1
1992,3DL-2PM,2025-11-01,14:00,139,13,4.333,1,9,8,0,3,2,1,3,0,2
1993,3DL-5PM,2025-11-01,17:00,702,9,3,0,7,7,2,1,2,1,3,0,0
1994,3DL-9PM,2025-11-01,21:00,051,6,2,0,5,5,1,2,2,1,3,0,1
1995,3DL-2PM,2025-11-02,14:00,003,3,1,0,3,3,2,1,3,0,2,0,1
1996,3DL-5PM,2025-11-02,17:00,986,23,7.667,6,9,3,2,1,0,3,3,1,0
1997,3DL-9PM,2025-11-02,21:00,968,23,7.667,6,9,3,2,1,0,3,3,0,3
1998,3DL-2PM,2025-11-03,14:00,723,12,4,2,7,5,1,2,2,1,3,1,0
1999,3DL-5PM,2025-11-03,17:00,283,13,4.333,2,8,6,2,1,2,1,3,0,2
2000,3DL-9PM,2025-11-03,21:00,754,16,5.333,4,7,3,1,2,1,2,3,1,0
2001,3DL-2PM,2025-11-04,14:00,287,17,5.667,2,8,6,2,1,1,2,3,1,1
2002,3DL-5PM,2025-11-04,17:00,238,13,4.333,2,8,6,2,1,2,1,3,1,2
2003,3DL-9PM,2025-11-04,21:00,474,15,5,4,7,3,2,1,2,1,2,0,0
2004,3DL-2PM,2025-11-05,14:00,000,0,0,0,0,0,3,0,3,0,1,0,0
2005,3DL-5PM,2025-11-05,17:00,630,9,3,0,6,6,2,1,2,1,3,0,1
2006,3DL-9PM,2025-11-05,21:00,171,9,3,1,7,6,0,3,2,1,2,0,0
2007,3DL-2PM,2025-11-06,14:00,039,12,4,0,9,9,1,2,2,1,3,0,0
2008,3DL-5PM,2025-11-06,17:00,436,13,4.333,3,6,3,2,1,2,1,3,1,1
2009,3DL-9PM,2025-11-06,21:00,063,9,3,0,6,6,2,1,2,1,3,0,2
2010,3DL-2PM,2025-11-07,14:00,380,11,3.667,0,8,8,2,1,2,1,3,0,2
2011,3DL-5PM,2025-11-07,17:00,653,14,4.667,3,6,3,1,2,1,2,3,1,1
2012,3DL-9PM,2025-11-07,21:00,650,11,3.667,0,6,6,2,1,1,2,3,1,2
2013,3DL-2PM,2025-11-08,14:00,978,24,8,7,9,2,1,2,0,3,3,1,0
2014,3DL-5PM,2025-11-08,17:00,544,13,4.333,4,5,1,2,1,2,1,2,1,0
2015,3DL-9PM,2025-11-08,21:00,145,10,3.333,1,5,4,1,2,2,1,3,1,2
2016,3DL-2PM,2025-11-09,14:00,380,11,3.667,0,8,8,2,1,2,1,3,0,0
2017,3DL-5PM,2025-11-09,17:00,140,5,1.667,0,4,4,2,1,3,0,3,0,1
2018,3DL-9PM,2025-11-09,21:00,500,5,1.667,0,5,5,2,1,2,1,2,0,1
2019,3DL-2PM,2025-11-10,14:00,237,12,4,2,7,5,1,2,2,1,3,1,0
2020,3DL-9PM,2025-11-10,21:00,157,13,4.333,1,7,6,0,3,1,2,3,0,1
2021,3DL-2PM,2025-11-11,14:00,094,13,4.333,0,9,9,2,1,2,1,3,0,0
2022,3DL-5PM,2025-11-11,17:00,046,10,3.333,0,6,6,3,0,2,1,3,0,2
2023,3DL-9PM,2025-11-11,21:00,956,20,6.667,5,9,4,1,2,0,3,3,1,1
2024,3DL-2PM,2025-11-12,14:00,487,19,6.333,4,8,4,2,1,1,2,3,1,0
2025,3DL-5PM,2025-11-12,17:00,981,18,6,1,9,8,1,2,1,2,3,1,1
2026,3DL-9PM,2025-11-12,21:00,123,6,2,1,3,2,1,2,3,0,3,2,1
2027,3DL-2PM,2025-11-13,14:00,443,11,3.667,3,4,1,2,1,3,0,2,1,1
2028,3DL-5PM,2025-11-13,17:00,403,7,2.333,0,4,4,2,1,3,0,3,0,2
2029,3DL-9PM,2025-11-13,21:00,773,17,5.667,3,7,4,0,3,1,2,2,0,1
2030,3DL-2PM,2025-11-14,14:00,387,18,6,3,8,5,1,2,1,2,3,1,2
2031,3DL-5PM,2025-11-14,17:00,702,9,3,0,7,7,2,1,2,1,3,0,1
2032,3DL-9PM,2025-11-14,21:00,777,21,7,7,7,0,0,3,0,3,1,0,1
2033,3DL-2PM,2025-11-15,14:00,636,15,5,3,6,3,2,1,1,2,2,0,0
2034,3DL-5PM,2025-11-15,17:00,766,19,6.333,6,7,1,2,1,0,3,2,1,1
2035,3DL-9PM,2025-11-15,21:00,374,14,4.667,3,7,4,1,2,2,1,3,0,1
2036,3DL-5PM,2025-11-16,17:00,560,11,3.667,0,6,6,2,1,1,2,3,1,0
2037,3DL-9PM,2025-11-16,21:00,709,16,5.333,0,9,9,1,2,1,2,3,0,1
2038,3DL-2PM,2025-11-17,14:00,053,8,2.667,0,5,5,1,2,2,1,3,0,1
2039,3DL-5PM,2025-11-17,17:00,768,21,7,6,8,2,2,1,0,3,3,1,0
2040,3DL-9PM,2025-11-17,21:00,234,9,3,2,4,2,2,1,3,0,3,2,0
2041,3DL-9PM,2025-11-18,21:00,017,8,2.667,0,7,7,1,2,2,1,3,1,0
2042,3DL-2PM,2025-11-19,14:00,516,12,4,1,6,5,1,2,1,2,3,0,1
2043,3DL-5PM,2025-11-19,17:00,202,4,1.333,0,2,2,3,0,3,0,2,0,0
2044,3DL-9PM,2025-11-19,21:00,278,17,5.667,2,8,6,2,1,1,2,3,1,1
2045,3DL-5PM,2025-11-20,17:00,192,12,4,1,9,8,1,2,2,1,3,0,1
2046,3DL-9PM,2025-11-20,21:00,358,16,5.333,3,8,5,1,2,1,2,3,0,0
2047,3DL-5PM,2025-11-21,17:00,393,15,5,3,9,6,0,3,2,1,2,0,1
2048,3DL-9PM,2025-11-21,21:00,194,14,4.667,1,9,8,1,2,2,1,3,0,1
2049,3DL-2PM,2025-11-22,14:00,516,12,4,1,6,5,1,2,1,2,3,0,1
2050,3DL-9PM,2025-11-22,21:00,216,9,3,1,6,5,2,1,2,1,3,1,2
2051,3DL-2PM,2025-11-23,14:00,072,9,3,0,7,7,2,1,2,1,3,0,1
2052,3DL-5PM,2025-11-23,17:00,218,11,3.667,1,8,7,2,1,2,1,3,1,1
2053,3DL-9PM,2025-11-23,21:00,630,9,3,0,6,6,2,1,2,1,3,0,0
2054,3DL-9PM,2025-11-24,21:00,175,13,4.333,1,7,6,0,3,1,2,3,0,0
2055,3DL-5PM,2025-11-25,17:00,908,17,5.667,0,9,9,2,1,1,2,3,0,0
2056,3DL-9PM,2025-11-25,21:00,902,11,3.667,0,9,9,2,1,2,1,3,0,2
2057,3DL-2PM,2025-11-26,14:00,601,7,2.333,0,6,6,2,1,2,1,3,1,1
2058,3DL-5PM,2025-11-26,17:00,844,16,5.333,4,8,4,3,0,2,1,2,0,0
2059,3DL-9PM,2025-11-26,21:00,292,13,4.333,2,9,7,2,1,2,1,2,0,0
2060,3DL-2PM,2025-11-27,14:00,066,12,4,0,6,6,3,0,1,2,2,0,0
2061,3DL-5PM,2025-11-27,17:00,049,13,4.333,0,9,9,2,1,2,1,3,0,1
2062,3DL-9PM,2025-11-27,21:00,245,11,3.667,2,5,3,2,1,2,1,3,1,1
2063,3DL-5PM,2025-11-28,17:00,684,18,6,4,8,4,3,0,1,2,3,0,1
2064,3DL-9PM,2025-11-28,21:00,632,11,3.667,2,6,4,2,1,2,1,3,1,1
2065,3DL-5PM,2025-11-29,17:00,262,10,3.333,2,6,4,3,0,2,1,2,0,2
2066,3DL-9PM,2025-11-29,21:00,590,14,4.667,0,9,9,1,2,1,2,3,0,0
2067,3DL-2PM,2025-11-30,14:00,386,17,5.667,3,8,5,2,1,1,2,3,0,0
2068,3DL-5PM,2025-11-30,17:00,308,11,3.667,0,8,8,2,1,2,1,3,0,2
2069,3DL-9PM,2025-11-30,21:00,354,12,4,3,5,2,1,2,2,1,3,1,1
2070,3DL-2PM,2025-12-01,14:00,666,18,6,6,6,0,3,0,0,3,1,0,0
2071,3DL-5PM,2025-12-01,17:00,063,9,3,0,6,6,2,1,2,1,3,0,1
2072,3DL-9PM,2025-12-01,21:00,471,12,4,1,7,6,1,2,2,1,3,0,0
2073,3DL-2PM,2025-12-02,14:00,244,10,3.333,2,4,2,3,0,3,0,2,0,1
2074,3DL-5PM,2025-12-02,17:00,551,11,3.667,1,5,4,0,3,1,2,2,0,0
2075,3DL-9PM,2025-12-02,21:00,717,15,5,1,7,6,0,3,1,2,2,0,1
2076,3DL-2PM,2025-12-03,14:00,700,7,2.333,0,7,7,2,1,2,1,2,0,1
2077,3DL-5PM,2025-12-03,17:00,096,15,5,0,9,9,2,1,1,2,3,0,1
2078,3DL-9PM,2025-12-03,21:00,642,12,4,2,6,4,3,0,2,1,3,0,1
2079,3DL-2PM,2025-12-04,14:00,482,14,4.667,2,8,6,3,0,2,1,3,0,2
2080,3DL-5PM,2025-12-04,17:00,662,14,4.667,2,6,4,3,0,1,2,2,0,1
2081,3DL-9PM,2025-12-04,21:00,390,12,4,0,9,9,1,2,2,1,3,0,0
2082,3DL-5PM,2025-12-05,17:00,500,5,1.667,0,5,5,2,1,2,1,2,0,1
2083,3DL-9PM,2025-12-05,21:00,996,24,8,6,9,3,1,2,0,3,2,0,0
2084,3DL-2PM,2025-12-06,14:00,730,10,3.333,0,7,7,1,2,2,1,3,0,0
2085,3DL-5PM,2025-12-06,17:00,617,14,4.667,1,7,6,1,2,1,2,3,0,1
2086,3DL-9PM,2025-12-06,21:00,827,17,5.667,2,8,6,2,1,1,2,3,0,1
2087,3DL-2PM,2025-12-07,14:00,255,12,4,2,5,3,1,2,1,2,2,0,1
2088,3DL-9PM,2025-12-07,21:00,126,9,3,1,6,5,2,1,2,1,3,1,1
2089,3DL-2PM,2025-12-08,14:00,639,18,6,3,9,6,1,2,1,2,3,0,1
2090,3DL-5PM,2025-12-08,17:00,020,2,0.667,0,2,2,3,0,3,0,2,0,0
2091,3DL-9PM,2025-12-08,21:00,844,16,5.333,4,8,4,3,0,2,1,2,0,0
2092,3DL-2PM,2025-12-09,14:00,505,10,3.333,0,5,5,1,2,1,2,2,0,0
2093,3DL-5PM,2025-12-09,17:00,170,8,2.667,0,7,7,1,2,2,1,3,0,1
2094,3DL-9PM,2025-12-09,21:00,019,10,3.333,0,9,9,1,2,2,1,3,1,2
2095,3DL-2PM,2025-12-10,14:00,446,14,4.667,4,6,2,3,0,2,1,2,0,0
2096,3DL-5PM,2025-12-10,17:00,055,10,3.333,0,5,5,1,2,1,2,2,0,0
2097,3DL-9PM,2025-12-10,21:00,489,21,7,4,9,5,2,1,1,2,3,1,0
2098,3DL-2PM,2025-12-11,14:00,692,17,5.667,2,9,7,2,1,1,2,3,0,1
2099,3DL-5PM,2025-12-11,17:00,191,11,3.667,1,9,8,0,3,2,1,2,0,1
2100,3DL-9PM,2025-12-11,21:00,919,19,6.333,1,9,8,0,3,1,2,2,0,2
2101,3DL-2PM,2025-12-12,14:00,072,9,3,0,7,7,2,1,2,1,3,0,0
2102,3DL-5PM,2025-12-12,17:00,060,6,2,0,6,6,3,0,2,1,2,0,1
2103,3DL-9PM,2025-12-12,21:00,306,9,3,0,6,6,2,1,2,1,3,0,2
2104,3DL-2PM,2025-12-13,14:00,939,21,7,3,9,6,0,3,1,2,2,0,1
2105,3DL-5PM,2025-12-13,17:00,177,15,5,1,7,6,0,3,1,2,2,0,0
2106,3DL-9PM,2025-12-13,21:00,983,20,6.667,3,9,6,1,2,1,2,3,1,0
2107,3DL-2PM,2025-12-14,14:00,063,9,3,0,6,6,2,1,2,1,3,0,1
2108,3DL-5PM,2025-12-14,17:00,787,22,7.333,7,8,1,1,2,0,3,2,2,0
2109,3DL-9PM,2025-12-14,21:00,504,9,3,0,5,5,2,1,2,1,3,0,0
2110,3DL-5PM,2025-12-15,17:00,337,13,4.333,3,7,4,0,3,2,1,2,0,0
2111,3DL-9PM,2025-12-15,21:00,756,18,6,5,7,2,1,2,0,3,3,1,1
2112,3DL-5PM,2025-12-16,17:00,475,16,5.333,4,7,3,1,2,1,2,3,0,2
2113,3DL-9PM,2025-12-16,21:00,604,10,3.333,0,6,6,3,0,2,1,3,0,1
2114,3DL-2PM,2025-12-17,14:00,944,17,5.667,4,9,5,2,1,2,1,2,0,1
2115,3DL-5PM,2025-12-17,17:00,296,17,5.667,2,9,7,2,1,1,2,3,0,1
2116,3DL-2PM,2025-12-18,14:00,906,15,5,0,9,9,2,1,1,2,3,0,2
2117,3DL-5PM,2025-12-18,17:00,186,15,5,1,8,7,2,1,1,2,3,0,1
2118,3DL-9PM,2025-12-18,21:00,328,13,4.333,2,8,6,2,1,2,1,3,1,1
2119,3DL-9PM,2025-12-19,21:00,039,12,4,0,9,9,1,2,2,1,3,0,1
2120,3DL-2PM,2025-12-20,14:00,305,8,2.667,0,5,5,1,2,2,1,3,0,2
2121,3DL-5PM,2025-12-20,17:00,329,14,4.667,2,9,7,1,2,2,1,3,1,1
2122,3DL-9PM,2025-12-20,21:00,655,16,5.333,5,6,1,1,2,0,3,2,1,0
2123,3DL-5PM,2025-12-21,17:00,630,9,3,0,6,6,2,1,2,1,3,0,1
2124,3DL-9PM,2025-12-21,21:00,041,5,1.667,0,4,4,2,1,3,0,3,0,1
2125,3DL-5PM,2025-12-22,17:00,962,17,5.667,2,9,7,2,1,1,2,3,0,0
2126,3DL-9PM,2025-12-22,21:00,944,17,5.667,4,9,5,2,1,2,1,2,0,1
2127,3DL-5PM,2025-12-23,17:00,629,17,5.667,2,9,7,2,1,1,2,3,0,1
2128,3DL-9PM,2025-12-23,21:00,317,11,3.667,1,7,6,0,3,2,1,3,0,0
2129,3DL-2PM,2025-12-24,14:00,625,13,4.333,2,6,4,2,1,1,2,3,0,0
2130,3DL-9PM,2025-12-24,21:00,946,19,6.333,4,9,5,2,1,1,2,3,0,1
2131,3DL-5PM,2025-12-25,17:00,860,14,4.667,0,8,8,3,0,1,2,3,0,1
2132,3DL-9PM,2025-12-25,21:00,864,18,6,4,8,4,3,0,1,2,3,0,2
2133,3DL-2PM,2025-12-26,14:00,129,12,4,1,9,8,1,2,2,1,3,1,0
2134,3DL-9PM,2025-12-26,21:00,932,14,4.667,2,9,7,1,2,2,1,3,1,2
2135,3DL-2PM,2025-12-27,14:00,283,13,4.333,2,8,6,2,1,2,1,3,0,2
2136,3DL-5PM,2025-12-27,17:00,162,9,3,1,6,5,2,1,2,1,3,0,1
2137,3DL-9PM,2025-12-27,21:00,910,10,3.333,0,9,9,1,2,2,1,3,1,1
2138,3DL-5PM,2025-12-28,17:00,979,25,8.333,7,9,2,0,3,0,3,2,0,1
2139,3DL-9PM,2025-12-28,21:00,444,12,4,4,4,0,3,0,3,0,1,0,0
2140,3DL-9PM,2025-12-29,21:00,532,10,3.333,2,5,3,1,2,2,1,3,1,0
2141,3DL-2PM,2025-12-30,14:00,776,20,6.667,6,7,1,1,2,0,3,2,1,0
2142,3DL-9PM,2025-12-30,21:00,315,9,3,1,5,4,0,3,2,1,3,0,0
2143,3DL-9PM,2025-12-31,21:00,954,18,6,4,9,5,1,2,1,2,3,1,1
2144,3DL-9PM,2026-01-01,21:00,507,12,4,0,7,7,1,2,1,2,3,0,1
2145,3DL-9PM,2026-01-02,21:00,491,14,4.667,1,9,8,1,2,2,1,3,0,0
2146,3DL-9PM,2026-01-03,21:00,204,6,2,0,4,4,3,0,3,0,3,0,1
2147,3DL-9PM,2026-01-04,21:00,049,13,4.333,0,9,9,2,1,2,1,3,0,2
2148,3DL-2PM,2026-01-05,14:00,658,19,6.333,5,8,3,2,1,0,3,3,1,0
2149,3DL-9PM,2026-01-05,21:00,297,18,6,2,9,7,1,2,1,2,3,0,0
2150,3DL-2PM,2026-01-06,14:00,388,19,6.333,3,8,5,2,1,1,2,2,0,0
2151,3DL-5PM,2026-01-06,17:00,318,12,4,1,8,7,1,2,2,1,3,0,2
2152,3DL-9PM,2026-01-06,21:00,041,5,1.667,0,4,4,2,1,3,0,3,0,1
2153,3DL-2PM,2026-01-07,14:00,151,7,2.333,1,5,4,0,3,2,1,2,0,1
2154,3DL-5PM,2026-01-07,17:00,864,18,6,4,8,4,3,0,1,2,3,0,0
2155,3DL-9PM,2026-01-07,21:00,653,14,4.667,3,6,3,1,2,1,2,3,1,1
2156,3DL-2PM,2026-01-08,14:00,352,10,3.333,2,5,3,1,2,2,1,3,0,2
2157,3DL-5PM,2026-01-08,17:00,285,15,5,2,8,6,2,1,1,2,3,0,2
2158,3DL-9PM,2026-01-08,21:00,923,14,4.667,2,9,7,1,2,2,1,3,1,1
2159,3DL-2PM,2026-01-09,14:00,548,17,5.667,4,8,4,2,1,1,2,3,1,0
2160,3DL-5PM,2026-01-09,17:00,346,13,4.333,3,6,3,2,1,2,1,3,1,1
2161,3DL-9PM,2026-01-09,21:00,107,8,2.667,0,7,7,1,2,2,1,3,1,0
2162,3DL-2PM,2026-01-10,14:00,590,14,4.667,0,9,9,1,2,1,2,3,0,1
2163,3DL-5PM,2026-01-10,17:00,988,25,8.333,8,9,1,2,1,0,3,2,1,1
2164,3DL-9PM,2026-01-10,21:00,137,11,3.667,1,7,6,0,3,2,1,3,0,0
2165,3DL-2PM,2026-01-11,14:00,372,12,4,2,7,5,1,2,2,1,3,0,2
2166,3DL-9PM,2026-01-11,21:00,598,22,7.333,5,9,4,1,2,0,3,3,1,0
2167,3DL-2PM,2026-01-12,14:00,761,14,4.667,1,7,6,1,2,1,2,3,1,0
2168,3DL-5PM,2026-01-12,17:00,927,18,6,2,9,7,1,2,1,2,3,0,1
2169,3DL-9PM,2026-01-12,21:00,711,9,3,1,7,6,0,3,2,1,2,0,1
2170,3DL-2PM,2026-01-13,14:00,175,13,4.333,1,7,6,0,3,1,2,3,0,2
2171,3DL-5PM,2026-01-13,17:00,469,19,6.333,4,9,5,2,1,1,2,3,0,0
2172,3DL-9PM,2026-01-13,21:00,486,18,6,4,8,4,3,0,1,2,3,0,2
2173,3DL-2PM,2026-01-14,14:00,151,7,2.333,1,5,4,0,3,2,1,2,0,0
2174,3DL-5PM,2026-01-14,17:00,650,11,3.667,0,6,6,2,1,1,2,3,1,1
2175,3DL-9PM,2026-01-14,21:00,064,10,3.333,0,6,6,3,0,2,1,3,0,2
2176,3DL-2PM,2026-01-15,14:00,615,12,4,1,6,5,1,2,1,2,3,0,1
2177,3DL-5PM,2026-01-15,17:00,685,19,6.333,5,8,3,2,1,0,3,3,0,2
2178,3DL-9PM,2026-01-15,21:00,412,7,2.333,1,4,3,2,1,3,0,3,1,0
2179,3DL-2PM,2026-01-16,14:00,281,11,3.667,1,8,7,2,1,2,1,3,0,2
2180,3DL-5PM,2026-01-16,17:00,220,4,1.333,0,2,2,3,0,3,0,2,0,1
2181,3DL-9PM,2026-01-16,21:00,597,21,7,5,9,4,0,3,0,3,3,0,0
2182,3DL-2PM,2026-01-17,14:00,154,10,3.333,1,5,4,1,2,2,1,3,1,1
2183,3DL-5PM,2026-01-17,17:00,633,12,4,3,6,3,1,2,2,1,2,0,0
2184,3DL-9PM,2026-01-17,21:00,217,10,3.333,1,7,6,1,2,2,1,3,1,0
2185,3DL-2PM,2026-01-18,14:00,816,15,5,1,8,7,2,1,1,2,3,0,1
2186,3DL-5PM,2026-01-18,17:00,880,16,5.333,0,8,8,3,0,1,2,2,0,1
2187,3DL-9PM,2026-01-18,21:00,860,14,4.667,0,8,8,3,0,1,2,3,0,2
2188,3DL-2PM,2026-01-19,14:00,963,18,6,3,9,6,1,2,1,2,3,0,1
2189,3DL-5PM,2026-01-19,17:00,531,9,3,1,5,4,0,3,2,1,3,0,1
2190,3DL-9PM,2026-01-19,21:00,304,7,2.333,0,4,4,2,1,3,0,3,0,1
2191,3DL-2PM,2026-01-20,14:00,286,16,5.333,2,8,6,3,0,1,2,3,0,0
2192,3DL-5PM,2026-01-20,17:00,411,6,2,1,4,3,1,2,3,0,2,0,0
2193,3DL-9PM,2026-01-20,21:00,109,10,3.333,0,9,9,1,2,2,1,3,1,1
2194,3DL-2PM,2026-01-21,14:00,231,6,2,1,3,2,1,2,3,0,3,1,1
2195,3DL-5PM,2026-01-21,17:00,858,21,7,5,8,3,2,1,0,3,2,0,0
2196,3DL-9PM,2026-01-21,21:00,737,17,5.667,3,7,4,0,3,1,2,2,0,0
2197,3DL-2PM,2026-01-22,14:00,666,18,6,6,6,0,3,0,0,3,1,0,0
2198,3DL-5PM,2026-01-22,17:00,175,13,4.333,1,7,6,0,3,1,2,3,0,0
2199,3DL-9PM,2026-01-22,21:00,537,15,5,3,7,4,0,3,1,2,3,0,2
2200,3DL-2PM,2026-01-23,14:00,250,7,2.333,0,5,5,2,1,2,1,3,0,1
2201,3DL-5PM,2026-01-23,17:00,012,3,1,0,2,2,2,1,3,0,3,2,2
2202,3DL-9PM,2026-01-23,21:00,658,19,6.333,5,8,3,2,1,0,3,3,1,0
2203,3DL-2PM,2026-01-24,14:00,142,7,2.333,1,4,3,2,1,3,0,3,0,0
2204,3DL-5PM,2026-01-24,17:00,193,13,4.333,1,9,8,0,3,2,1,3,0,1
2205,3DL-9PM,2026-01-24,21:00,955,19,6.333,5,9,4,0,3,0,3,2,0,1
2206,3DL-9PM,2026-01-25,21:00,908,17,5.667,0,9,9,2,1,1,2,3,0,1
2207,3DL-9PM,2026-01-26,21:00,289,19,6.333,2,9,7,2,1,1,2,3,1,2
2208,3DL-9PM,2026-01-27,21:00,138,12,4,1,8,7,1,2,2,1,3,0,1
2209,3DL-9PM,2026-01-28,21:00,310,4,1.333,0,3,3,1,2,3,0,3,1,2
2210,3DL-9PM,2026-01-29,21:00,233,8,2.667,2,3,1,1,2,3,0,2,1,1
2211,3DL-2PM,2026-01-30,14:00,209,11,3.667,0,9,9,2,1,2,1,3,0,1
2212,3DL-9PM,2026-01-30,21:00,667,19,6.333,6,7,1,2,1,0,3,2,1,0
2213,3DL-9PM,2026-01-31,21:00,016,7,2.333,0,6,6,2,1,2,1,3,1,1
2214,3DL-9PM,2026-02-01,21:00,241,7,2.333,1,4,3,2,1,3,0,3,0,1
2215,3DL-9PM,2026-02-02,21:00,398,20,6.667,3,9,6,1,2,1,2,3,1,0
2216,3DL-9PM,2026-02-03,21:00,643,13,4.333,3,6,3,2,1,2,1,3,1,1
2217,3DL-9PM,2026-02-04,21:00,629,17,5.667,2,9,7,2,1,1,2,3,0,1
2218,3DL-9PM,2026-02-05,21:00,271,10,3.333,1,7,6,1,2,2,1,3,0,1
2219,3DL-9PM,2026-02-06,21:00,700,7,2.333,0,7,7,2,1,2,1,2,0,1
2220,3DL-9PM,2026-02-07,21:00,948,21,7,4,9,5,2,1,1,2,3,0,0
2221,3DL-9PM,2026-02-08,21:00,074,11,3.667,0,7,7,2,1,2,1,3,0,1
2222,3DL-9PM,2026-02-09,21:00,207,9,3,0,7,7,2,1,2,1,3,0,2
2223,3DL-9PM,2026-02-10,21:00,135,9,3,1,5,4,0,3,2,1,3,0,0
2224,3DL-9PM,2026-02-11,21:00,662,14,4.667,2,6,4,3,0,1,2,2,0,0
2225,3DL-9PM,2026-02-12,21:00,501,6,2,0,5,5,1,2,2,1,3,1,0
2226,3DL-9PM,2026-02-13,21:00,995,23,7.667,5,9,4,0,3,0,3,2,0,1
2227,3DL-9PM,2026-02-14,21:00,158,14,4.667,1,8,7,1,2,1,2,3,0,1
2228,3DL-9PM,2026-02-15,21:00,539,17,5.667,3,9,6,0,3,1,2,3,0,1
2229,3DL-9PM,2026-02-16,21:00,532,10,3.333,2,5,3,1,2,2,1,3,1,2
2230,3DL-9PM,2026-02-17,21:00,650,11,3.667,0,6,6,2,1,1,2,3,1,1
2231,3DL-9PM,2026-02-18,21:00,768,21,7,6,8,2,2,1,0,3,3,1,1
2232,3DL-9PM,2026-02-19,21:00,917,17,5.667,1,9,8,0,3,1,2,3,0,1
2233,3DL-9PM,2026-02-20,21:00,309,12,4,0,9,9,1,2,2,1,3,0,1
2234,3DL-9PM,2026-02-21,21:00,925,16,5.333,2,9,7,1,2,1,2,3,0,1
2235,3DL-9PM,2026-02-22,21:00,173,11,3.667,1,7,6,0,3,2,1,3,0,0
2236,3DL-9PM,2026-02-23,21:00,672,15,5,2,7,5,2,1,1,2,3,1,1
2237,3DL-9PM,2026-02-24,21:00,947,20,6.667,4,9,5,1,2,1,2,3,0,1
2238,3DL-9PM,2026-02-25,21:00,404,8,2.667,0,4,4,3,0,3,0,2,0,1
2239,3DL-9PM,2026-02-26,21:00,521,8,2.667,1,5,4,1,2,2,1,3,1,0
2240,3DL-9PM,2026-02-27,21:00,473,14,4.667,3,7,4,1,2,2,1,3,0,0
2241,3DL-9PM,2026-02-28,21:00,906,15,5,0,9,9,2,1,1,2,3,0,0
2242,3DL-9PM,2026-03-01,21:00,944,17,5.667,4,9,5,2,1,2,1,2,0,1
2243,3DL-9PM,2026-03-02,21:00,032,5,1.667,0,3,3,2,1,3,0,3,1,0
2244,3DL-9PM,2026-03-03,21:00,944,17,5.667,4,9,5,2,1,2,1,2,0,0
2245,3DL-9PM,2026-03-04,21:00,654,15,5,4,6,2,2,1,1,2,3,2,1
2246,3DL-9PM,2026-03-05,21:00,769,22,7.333,6,9,3,1,2,0,3,3,1,1
2247,3DL-9PM,2026-03-06,21:00,990,18,6,0,9,9,1,2,1,2,2,0,1
2248,3DL-9PM,2026-03-07,21:00,959,23,7.667,5,9,4,0,3,0,3,2,0,1
2249,3DL-9PM,2026-03-08,21:00,677,20,6.667,6,7,1,1,2,0,3,2,1,0
2250,3DL-9PM,2026-03-09,21:00,755,17,5.667,5,7,2,0,3,0,3,2,0,1
2251,3DL-9PM,2026-03-10,21:00,923,14,4.667,2,9,7,1,2,2,1,3,1,0
2252,3DL-9PM,2026-03-11,21:00,557,17,5.667,5,7,2,0,3,0,3,2,0,0
2253,3DL-9PM,2026-03-12,21:00,732,12,4,2,7,5,1,2,2,1,3,1,1
2254,3DL-2PM,2026-03-14,14:00,606,12,4,0,6,6,3,0,1,2,2,0,0
2255,3DL-5PM,2026-03-14,17:00,627,15,5,2,7,5,2,1,1,2,3,0,1
2256,3DL-9PM,2026-03-14,21:00,118,10,3.333,1,8,7,1,2,2,1,2,0,0
2257,3DL-5PM,2026-03-15,17:00,796,22,7.333,6,9,3,1,2,0,3,3,0,0
2258,3DL-9PM,2026-03-15,21:00,118,10,3.333,1,8,7,1,2,2,1,2,0,0
2259,3DL-9PM,2026-03-16,21:00,478,19,6.333,4,8,4,2,1,1,2,3,1,1
2260,3DL-9PM,2026-03-17,21:00,449,17,5.667,4,9,5,2,1,2,1,2,0,1
2261,3DL-9PM,2026-03-18,21:00,559,19,6.333,5,9,4,0,3,0,3,2,0,1
2262,3DL-9PM,2026-03-19,21:00,623,11,3.667,2,6,4,2,1,2,1,3,1,0
2263,3DL-9PM,2026-03-20,21:00,013,4,1.333,0,3,3,1,2,3,0,3,1,1
2264,3DL-9PM,2026-03-21,21:00,537,15,5,3,7,4,0,3,1,2,3,0,1
2265,3DL-9PM,2026-03-22,21:00,432,9,3,2,4,2,2,1,3,0,3,2,1
2266,3DL-9PM,2026-03-23,21:00,206,8,2.667,0,6,6,3,0,2,1,3,0,1
2267,3DL-9PM,2026-03-24,21:00,255,12,4,2,5,3,1,2,1,2,2,0,1
2268,3DL-9PM,2026-03-25,21:00,443,11,3.667,3,4,1,2,1,3,0,2,1,0
2269,3DL-9PM,2026-03-26,21:00,934,16,5.333,3,9,6,1,2,2,1,3,1,2
2270,3DL-9PM,2026-03-27,21:00,534,12,4,3,5,2,1,2,2,1,3,1,2
2271,3DL-9PM,2026-03-28,21:00,412,7,2.333,1,4,3,2,1,3,0,3,1,1
2272,3DL-9PM,2026-03-29,21:00,681,15,5,1,8,7,2,1,1,2,3,0,1
2273,3DL-9PM,2026-03-30,21:00,959,23,7.667,5,9,4,0,3,0,3,2,0,0
2274,3DL-9PM,2026-03-31,21:00,094,13,4.333,0,9,9,2,1,2,1,3,0,1
2275,3DL-5PM,2026-04-01,17:00,897,24,8,7,9,2,1,2,0,3,3,1,1
2276,3DL-9PM,2026-04-01,21:00,541,10,3.333,1,5,4,1,2,2,1,3,1,0
2277,3DL-9PM,2026-04-05,21:00,278,17,5.667,2,8,6,2,1,1,2,3,1,0
2278,3DL-9PM,2026-04-06,21:00,635,14,4.667,3,6,3,1,2,1,2,3,0,0
2279,3DL-9PM,2026-04-07,21:00,082,10,3.333,0,8,8,3,0,2,1,3,0,0
2280,3DL-9PM,2026-04-08,21:00,730,10,3.333,0,7,7,1,2,2,1,3,0,1
2281,3DL-9PM,2026-04-09,21:00,749,20,6.667,4,9,5,1,2,1,2,3,0,1
2282,3DL-2PM,2026-04-10,14:00,979,25,8.333,7,9,2,0,3,0,3,2,0,2
2283,3DL-5PM,2026-04-10,17:00,476,17,5.667,4,7,3,2,1,1,2,3,1,1
2284,3DL-9PM,2026-04-10,21:00,473,14,4.667,3,7,4,1,2,2,1,3,0,2
2285,3DL-9PM,2026-04-11,21:00,419,14,4.667,1,9,8,1,2,2,1,3,0,1
2286,3DL-9PM,2026-04-12,21:00,211,4,1.333,1,2,1,1,2,3,0,2,1,1
2287,3DL-9PM,2026-04-13,21:00,750,12,4,0,7,7,1,2,1,2,3,0,0
2288,3DL-5PM,2026-04-14,17:00,368,17,5.667,3,8,5,2,1,1,2,3,0,0
2289,3DL-9PM,2026-04-14,21:00,760,13,4.333,0,7,7,2,1,1,2,3,1,1
2290,3DL-9PM,2026-04-15,21:00,250,7,2.333,0,5,5,2,1,2,1,3,0,1
2291,3DL-9PM,2026-04-16,21:00,868,22,7.333,6,8,2,3,0,0,3,2,0,0
2292,3DL-5PM,2026-04-17,17:00,470,11,3.667,0,7,7,2,1,2,1,3,0,0
2293,3DL-9PM,2026-04-17,21:00,672,15,5,2,7,5,2,1,1,2,3,1,1
2294,3DL-9PM,2026-04-18,21:00,650,11,3.667,0,6,6,2,1,1,2,3,1,1
2295,3DL-9PM,2026-04-19,21:00,531,9,3,1,5,4,0,3,2,1,3,0,1
2296,3DL-9PM,2026-04-20,21:00,670,13,4.333,0,7,7,2,1,1,2,3,1,0
2297,3DL-9PM,2026-04-21,21:00,916,16,5.333,1,9,8,1,2,1,2,3,0,1
2298,3DL-9PM,2026-04-22,21:00,508,13,4.333,0,8,8,2,1,1,2,3,0,0
2299,3DL-9PM,2026-04-23,21:00,229,13,4.333,2,9,7,2,1,2,1,2,0,0
2300,3DL-9PM,2026-04-24,21:00,731,11,3.667,1,7,6,0,3,2,1,3,0,0
2301,3DL-9PM,2026-04-25,21:00,905,14,4.667,0,9,9,1,2,1,2,3,0,0
2302,3DL-9PM,2026-04-26,21:00,564,15,5,4,6,2,2,1,1,2,3,1,1
2303,3DL-9PM,2026-04-27,21:00,785,20,6.667,5,8,3,1,2,0,3,3,1,1
2304,3DL-9PM,2026-04-28,21:00,630,9,3,0,6,6,2,1,2,1,3,0,0
2305,3DL-9PM,2026-04-29,21:00,417,12,4,1,7,6,1,2,2,1,3,0,0
2306,3DL-9PM,2026-04-30,21:00,060,6,2,0,6,6,3,0,2,1,2,0,0
2307,3DL-9PM,2026-05-01,21:00,535,13,4.333,3,5,2,0,3,1,2,2,0,0
2308,3DL-9PM,2026-05-02,21:00,275,14,4.667,2,7,5,1,2,1,2,3,0,1
2309,3DL-9PM,2026-05-03,21:00,750,12,4,0,7,7,1,2,1,2,3,0,2
2310,3DL-9PM,2026-05-04,21:00,924,15,5,2,9,7,2,1,2,1,3,0,0
2311,3DL-9PM,2026-05-05,21:00,376,16,5.333,3,7,4,1,2,1,2,3,1,0
2312,3DL-9PM,2026-05-06,21:00,276,15,5,2,7,5,2,1,1,2,3,1,2
2313,3DL-9PM,2026-05-07,21:00,944,17,5.667,4,9,5,2,1,2,1,2,0,0
2314,3DL-9PM,2026-05-08,21:00,215,8,2.667,1,5,4,1,2,2,1,3,1,0
2315,3DL-9PM,2026-05-09,21:00,712,10,3.333,1,7,6,1,2,2,1,3,1,2
2316,3DL-9PM,2026-05-10,21:00,266,14,4.667,2,6,4,3,0,1,2,2,0,1
2317,3DL-9PM,2026-05-11,21:00,308,11,3.667,0,8,8,2,1,2,1,3,0,0
2318,3DL-9PM,2026-05-12,21:00,703,10,3.333,0,7,7,1,2,2,1,3,0,2
2319,3DL-9PM,2026-05-13,21:00,038,11,3.667,0,8,8,2,1,2,1,3,0,2
2320,3DL-9PM,2026-05-14,21:00,202,4,1.333,0,2,2,3,0,3,0,2,0,1
2321,3DL-9PM,2026-05-15,21:00,660,12,4,0,6,6,3,0,1,2,2,0,1
2322,3DL-5PM,2026-05-16,17:00,712,10,3.333,1,7,6,1,2,2,1,3,1,0
2323,3DL-9PM,2026-05-16,21:00,368,17,5.667,3,8,5,2,1,1,2,3,0,0
2324,3DL-9PM,2026-05-17,21:00,431,8,2.667,1,4,3,1,2,3,0,3,1,1
2325,3DL-5PM,2026-05-18,17:00,111,3,1,1,1,0,0,3,3,0,1,0,1
2326,3DL-9PM,2026-05-18,21:00,931,13,4.333,1,9,8,0,3,2,1,3,0,1
2327,3DL-9PM,2026-05-19,21:00,471,12,4,1,7,6,1,2,2,1,3,0,1
2328,3DL-9PM,2026-05-20,21:00,899,26,8.667,8,9,1,1,2,0,3,2,1,0
2329,3DL-9PM,2026-05-21,21:00,080,8,2.667,0,8,8,3,0,2,1,2,0,1
2330,3DL-9PM,2026-05-22,21:00,150,6,2,0,5,5,1,2,2,1,3,0,1
2331,3DL-9PM,2026-05-23,21:00,287,17,5.667,2,8,6,2,1,1,2,3,1,0
2332,3DL-9PM,2026-05-24,21:00,166,13,4.333,1,6,5,2,1,1,2,2,0,0
2333,3DL-9PM,2026-05-25,21:00,285,15,5,2,8,6,2,1,1,2,3,0,0
2334,3DL-2PM,2026-05-26,14:00,605,11,3.667,0,6,6,2,1,1,2,3,0,1
2335,3DL-5PM,2026-05-26,17:00,700,7,2.333,0,7,7,2,1,2,1,2,0,1
2336,3DL-9PM,2026-05-26,21:00,935,17,5.667,3,9,6,0,3,1,2,3,0,0
2337,3DL-2PM,2026-05-27,14:00,152,8,2.667,1,5,4,1,2,2,1,3,0,1
2338,3DL-9PM,2026-05-27,21:00,001,1,0.333,0,1,1,2,1,3,0,2,1,1
2339,3DL-2PM,2026-05-28,14:00,110,2,0.667,0,1,1,1,2,3,0,2,1,2
2340,3DL-5PM,2026-05-28,17:00,421,7,2.333,1,4,3,2,1,3,0,3,1,1
2341,3DL-9PM,2026-05-28,21:00,860,14,4.667,0,8,8,3,0,1,2,3,0,0
2342,3DL-9PM,2026-05-29,21:00,968,23,7.667,6,9,3,2,1,0,3,3,0,2
2343,3DL-5PM,2026-05-30,17:00,042,6,2,0,4,4,3,0,3,0,3,0,0
2344,3DL-9PM,2026-05-30,21:00,365,14,4.667,3,6,3,1,2,1,2,3,1,0
2345,3DL-5PM,2026-05-31,17:00,387,18,6,3,8,5,1,2,1,2,3,1,1
2346,3DL-9PM,2026-05-31,21:00,754,16,5.333,4,7,3,1,2,1,2,3,1,1
2347,3DL-2PM,2026-06-01,14:00,976,22,7.333,6,9,3,1,2,0,3,3,1,1
2348,3DL-9PM,2026-06-01,21:00,172,10,3.333,1,7,6,1,2,2,1,3,0,1
2349,3DL-5PM,2026-06-02,17:00,872,17,5.667,2,8,6,2,1,1,2,3,1,2
2350,3DL-9PM,2026-06-02,21:00,426,12,4,2,6,4,3,0,2,1,3,0,1
2351,3DL-2PM,2026-06-03,14:00,562,13,4.333,2,6,4,2,1,1,2,3,1,2
2352,3DL-5PM,2026-06-03,17:00,768,21,7,6,8,2,2,1,0,3,3,1,1
2353,3DL-9PM,2026-06-03,21:00,647,17,5.667,4,7,3,2,1,1,2,3,0,2
2354,3DL-9PM,2026-06-04,21:00,900,9,3,0,9,9,2,1,2,1,2,0,0
2355,3DL-5PM,2026-06-05,17:00,844,16,5.333,4,8,4,3,0,2,1,2,0,0
2356,3DL-9PM,2026-06-05,21:00,907,16,5.333,0,9,9,1,2,1,2,3,0,0
2357,3DL-5PM,2026-06-06,17:00,960,15,5,0,9,9,2,1,1,2,3,0,2
2358,3DL-9PM,2026-06-06,21:00,865,19,6.333,5,8,3,2,1,0,3,3,1,1
2359,3DL-9PM,2026-06-07,21:00,793,19,6.333,3,9,6,0,3,1,2,3,0,0
2360,3DL-9PM,2026-06-08,21:00,117,9,3,1,7,6,0,3,2,1,2,0,1
2361,3DL-9PM,2026-06-09,21:00,553,13,4.333,3,5,2,0,3,1,2,2,0,0
2362,3DL-2PM,2026-06-10,14:00,157,13,4.333,1,7,6,0,3,1,2,3,0,1
2363,3DL-9PM,2026-06-10,21:00,316,10,3.333,1,6,5,1,2,2,1,3,0,1
2364,3DL-5PM,2026-06-11,17:00,395,17,5.667,3,9,6,0,3,1,2,3,0,1
2365,3DL-9PM,2026-06-11,21:00,251,8,2.667,1,5,4,1,2,2,1,3,0,1
2366,3DL-2PM,2026-06-12,14:00,848,20,6.667,4,8,4,3,0,1,2,2,0,0
2367,3DL-5PM,2026-06-12,17:00,560,11,3.667,0,6,6,2,1,1,2,3,1,0
2368,3DL-9PM,2026-06-12,21:00,584,17,5.667,4,8,4,2,1,1,2,3,0,1
2369,3DL-9PM,2026-06-13,21:00,688,22,7.333,6,8,2,3,0,0,3,2,0,1
2370,3DL-2PM,2026-06-14,14:00,069,15,5,0,9,9,2,1,1,2,3,0,1
2371,3DL-5PM,2026-06-14,17:00,144,9,3,1,4,3,2,1,3,0,2,0,0
2372,3DL-9PM,2026-06-14,21:00,349,16,5.333,3,9,6,1,2,2,1,3,1,1
2373,3DL-9PM,2026-06-15,21:00,599,23,7.667,5,9,4,0,3,0,3,2,0,1
2374,3DL-2PM,2026-06-16,14:00,987,24,8,7,9,2,1,2,0,3,3,2,1
2375,3DL-5PM,2026-06-16,17:00,011,2,0.667,0,1,1,1,2,3,0,2,1,0
2376,3DL-9PM,2026-06-16,21:00,086,14,4.667,0,8,8,3,0,1,2,3,0,1
2377,3DL-2PM,2026-06-17,14:00,198,18,6,1,9,8,1,2,1,2,3,1,1
2378,3DL-5PM,2026-06-17,17:00,007,7,2.333,0,7,7,2,1,2,1,2,0,0
2379,3DL-9PM,2026-06-17,21:00,513,9,3,1,5,4,0,3,2,1,3,0,0
2380,3DL-2PM,2026-06-18,14:00,131,5,1.667,1,3,2,0,3,3,0,2,0,2
2381,3DL-5PM,2026-06-18,17:00,453,12,4,3,5,2,1,2,2,1,3,1,1
2382,3DL-9PM,2026-06-18,21:00,102,3,1,0,2,2,2,1,3,0,3,1,0
2383,3DL-2PM,2026-06-19,14:00,947,20,6.667,4,9,5,1,2,1,2,3,0,0
2384,3DL-5PM,2026-06-19,17:00,436,13,4.333,3,6,3,2,1,2,1,3,1,1
2385,3DL-9PM,2026-06-19,21:00,372,12,4,2,7,5,1,2,2,1,3,0,1
2386,3DL-5PM,2026-06-20,17:00,502,7,2.333,0,5,5,2,1,2,1,3,0,1
2387,3DL-9PM,2026-06-20,21:00,649,19,6.333,4,9,5,2,1,1,2,3,0,0
2388,3DL-9PM,2026-06-21,21:00,134,8,2.667,1,4,3,1,2,3,0,3,1,1
2389,3DL-9PM,2026-06-22,21:00,674,17,5.667,4,7,3,2,1,1,2,3,1,1
2390,3DL-9PM,2026-06-23,21:00,614,11,3.667,1,6,5,2,1,2,1,3,0,2
2391,3DL-9PM,2026-06-24,21:00,050,5,1.667,0,5,5,2,1,2,1,2,0,0
2392,3DL-5PM,2026-06-25,17:00,127,10,3.333,1,7,6,1,2,2,1,3,1,0
2393,3DL-9PM,2026-06-25,21:00,764,17,5.667,4,7,3,2,1,1,2,3,1,1
2394,3DL-9PM,2026-06-26,21:00,659,20,6.667,5,9,4,1,2,0,3,3,1,1
2395,3DL-9PM,2026-06-27,21:00,958,22,7.333,5,9,4,1,2,0,3,3,0,2
2396,3DL-9PM,2026-06-28,21:00,770,14,4.667,0,7,7,1,2,1,2,2,0,0
2397,3DL-9PM,2026-06-29,21:00,926,17,5.667,2,9,7,2,1,1,2,3,0,0
2398,3DL-5PM,2026-06-30,17:00,386,17,5.667,3,8,5,2,1,1,2,3,0,1
2399,3DL-9PM,2026-06-30,21:00,318,12,4,1,8,7,1,2,2,1,3,0,2
2400,3DL-9PM,2026-07-01,21:00,208,10,3.333,0,8,8,3,0,2,1,3,0,1
2401,3DL-9PM,2026-07-02,21:00,693,18,6,3,9,6,1,2,1,2,3,0,0
2402,3DL-5PM,2026-07-03,17:00,184,13,4.333,1,8,7,2,1,2,1,3,0,0
2403,3DL-9PM,2026-07-03,21:00,231,6,2,1,3,2,1,2,3,0,3,1,1
2404,3DL-9PM,2026-07-04,21:00,122,5,1.667,1,2,1,2,1,3,0,2,1,2
2405,3DL-5PM,2026-07-05,17:00,837,18,6,3,8,5,1,2,1,2,3,0,0
2406,3DL-9PM,2026-07-05,21:00,078,15,5,0,8,8,2,1,1,2,3,1,2
2407,3DL-2PM,2026-07-06,14:00,189,18,6,1,9,8,1,2,1,2,3,1,1
2408,3DL-5PM,2026-07-06,17:00,036,9,3,0,6,6,2,1,2,1,3,0,0
2409,3DL-9PM,2026-07-06,21:00,782,17,5.667,2,8,6,2,1,1,2,3,1,0
2410,3DL-9PM,2026-07-07,21:00,093,12,4,0,9,9,1,2,2,1,3,0,0
2411,3DL-2PM,2026-07-08,14:00,678,21,7,6,8,2,2,1,0,3,3,2,0
2412,3DL-5PM,2026-07-08,17:00,197,17,5.667,1,9,8,0,3,1,2,3,0,1
2413,3DL-9PM,2026-07-08,21:00,376,16,5.333,3,7,4,1,2,1,2,3,1,1
2414,3DL-2PM,2026-07-09,14:00,883,19,6.333,3,8,5,2,1,1,2,2,0,1
2415,3DL-5PM,2026-07-09,17:00,244,10,3.333,2,4,2,3,0,3,0,2,0,0
2416,3DL-9PM,2026-07-09,21:00,324,9,3,2,4,2,2,1,3,0,3,1,2
2417,3DL-5PM,2026-07-10,17:00,840,12,4,0,8,8,3,0,2,1,3,0,1
2418,3DL-9PM,2026-07-10,21:00,864,18,6,4,8,4,3,0,1,2,3,0,2
2419,3DL-2PM,2026-07-11,14:00,112,4,1.333,1,2,1,1,2,3,0,2,1,0
2420,3DL-9PM,2026-07-11,21:00,159,15,5,1,9,8,0,3,1,2,3,0,1
2421,3DL-5PM,2026-07-12,17:00,063,9,3,0,6,6,2,1,2,1,3,0,0
2422,3DL-9PM,2026-07-12,21:00,055,10,3.333,0,5,5,1,2,1,2,2,0,1
2423,3DL-2PM,2026-07-13,14:00,395,17,5.667,3,9,6,0,3,1,2,3,0,1
2424,3DL-5PM,2026-07-13,17:00,915,15,5,1,9,8,0,3,1,2,3,0,2
2425,3DL-9PM,2026-07-13,21:00,958,22,7.333,5,9,4,1,2,0,3,3,0,2
2426,3DL-2PM,2026-07-14,14:00,134,8,2.667,1,4,3,1,2,3,0,3,1,0
2427,3DL-5PM,2026-07-14,17:00,598,22,7.333,5,9,4,1,2,0,3,3,1,0
2428,3DL-9PM,2026-07-14,21:00,563,14,4.667,3,6,3,1,2,1,2,3,1,1
2429,3DL-2PM,2026-07-15,14:00,857,20,6.667,5,8,3,1,2,0,3,3,0,1
2430,3DL-5PM,2026-07-15,17:00,604,10,3.333,0,6,6,3,0,2,1,3,0,0
2431,3DL-9PM,2026-07-15,21:00,665,17,5.667,5,6,1,2,1,0,3,2,1,1
2432,3DL-2PM,2026-07-16,14:00,845,17,5.667,4,8,4,2,1,1,2,3,1,1
2433,3DL-5PM,2026-07-16,17:00,766,19,6.333,6,7,1,2,1,0,3,2,1,0
2434,3DL-9PM,2026-07-16,21:00,782,17,5.667,2,8,6,2,1,1,2,3,1,1
2435,3DL-2PM,2026-07-17,14:00,340,7,2.333,0,4,4,2,1,3,0,3,1,0
2436,3DL-5PM,2026-07-17,17:00,724,13,4.333,2,7,5,2,1,2,1,3,0,1
2437,3DL-9PM,2026-07-17,21:00,891,18,6,1,9,8,1,2,1,2,3,1,0
2438,3DL-2PM,2026-07-18,14:00,572,14,4.667,2,7,5,1,2,1,2,3,0,0
2439,3DL-5PM,2026-07-18,17:00,458,17,5.667,4,8,4,2,1,1,2,3,1,1
2440,3DL-9PM,2026-07-18,21:00,808,16,5.333,0,8,8,3,0,1,2,2,0,1
2441,3DL-5PM,2026-07-19,17:00,608,14,4.667,0,8,8,3,0,1,2,3,0,2
2442,3DL-9PM,2026-07-19,21:00,987,24,8,7,9,2,1,2,0,3,3,2,1
2443,3DL-2PM,2026-07-20,14:00,420,6,2,0,4,4,3,0,3,0,3,0,0
2444,3DL-5PM,2026-07-20,17:00,093,12,4,0,9,9,1,2,2,1,3,0,1
2445,3DL-9PM,2026-07-20,21:00,448,16,5.333,4,8,4,3,0,2,1,2,0,0
2446,3DL-2PM,2026-07-21,14:00,759,21,7,5,9,4,0,3,0,3,3,0,0
2447,3DL-5PM,2026-07-21,17:00,042,6,2,0,4,4,3,0,3,0,3,0,0
2448,3DL-9PM,2026-07-21,21:00,667,19,6.333,6,7,1,2,1,0,3,2,1,0
2449,3DL-2PM,2026-07-22,14:00,186,15,5,1,8,7,2,1,1,2,3,0,1
2450,3DL-5PM,2026-07-22,17:00,105,6,2,0,5,5,1,2,2,1,3,1,1
2451,3DL-9PM,2026-07-22,21:00,123,6,2,1,3,2,1,2,3,0,3,2,1
2452,3DL-2PM,2026-07-23,14:00,281,11,3.667,1,8,7,2,1,2,1,3,0,2
2453,3DL-5PM,2026-07-23,17:00,274,13,4.333,2,7,5,2,1,2,1,3,0,1
2454,3DL-9PM,2026-07-23,21:00,109,10,3.333,0,9,9,1,2,2,1,3,1,0
2455,3DL-2PM,2026-07-24,14:00,138,12,4,1,8,7,1,2,2,1,3,0,1
2456,3DL-5PM,2026-07-24,17:00,420,6,2,0,4,4,3,0,3,0,3,0,0
2457,3DL-9PM,2026-07-24,21:00,129,12,4,1,9,8,1,2,2,1,3,1,1
2458,3DL-2PM,2026-07-25,14:00,765,18,6,5,7,2,1,2,0,3,3,2,0
2459,3DL-5PM,2026-07-25,17:00,866,20,6.667,6,8,2,3,0,0,3,2,0,1
2460,3DL-9PM,2026-07-25,21:00,340,7,2.333,0,4,4,2,1,3,0,3,1,0
2461,3DL-5PM,2026-07-26,17:00,656,17,5.667,5,6,1,2,1,0,3,2,2,0
2462,3DL-9PM,2026-07-26,21:00,854,17,5.667,4,8,4,2,1,1,2,3,1,1
2463,3DL-5PM,2026-07-27,17:00,513,9,3,1,5,4,0,3,2,1,3,0,1
2464,3DL-9PM,2026-07-27,21:00,326,11,3.667,2,6,4,2,1,2,1,3,1,1
2465,3DL-2PM,2026-07-28,14:00,216,9,3,1,6,5,2,1,2,1,3,1,2
2466,3DL-5PM,2026-07-28,17:00,324,9,3,2,4,2,2,1,3,0,3,1,1
2467,3DL-9PM,2026-07-28,21:00,251,8,2.667,1,5,4,1,2,2,1,3,0,1
2468,3DL-9PM,2026-07-29,21:00,323,8,2.667,2,3,1,1,2,3,0,2,2,1
2469,3DL-5PM,2026-07-30,17:00,209,11,3.667,0,9,9,2,1,2,1,3,0,1
2470,3DL-9PM,2026-07-30,21:00,260,8,2.667,0,6,6,3,0,2,1,3,0,2
2471,3DL-2PM,2026-07-31,14:00,453,12,4,3,5,2,1,2,2,1,3,1,0
2472,3DL-5PM,2026-07-31,17:00,324,9,3,2,4,2,2,1,3,0,3,1,2
2473,3DL-9PM,2026-07-31,21:00,097,16,5.333,0,9,9,1,2,1,2,3,0,0
2474,3DL-2PM,2026-08-01,14:00,388,19,6.333,3,8,5,2,1,1,2,2,0,0
2475,3DL-5PM,2026-08-01,17:00,483,15,5,3,8,5,2,1,2,1,3,0,2
2476,3DL-9PM,2026-08-01,21:00,453,12,4,3,5,2,1,2,2,1,3,1,2
2477,3DL-2PM,2026-08-02,14:00,881,17,5.667,1,8,7,2,1,1,2,2,0,0
2478,3DL-5PM,2026-08-02,17:00,929,20,6.667,2,9,7,1,2,1,2,2,0,0
2479,3DL-9PM,2026-08-02,21:00,350,8,2.667,0,5,5,1,2,2,1,3,0,0
2480,3DL-2PM,2026-08-03,14:00,782,17,5.667,2,8,6,2,1,1,2,3,1,0
2481,3DL-9PM,2026-08-03,21:00,205,7,2.333,0,5,5,2,1,2,1,3,0,1
2482,3DL-2PM,2026-08-04,14:00,395,17,5.667,3,9,6,0,3,1,2,3,0,1
2483,3DL-5PM,2026-08-04,17:00,246,12,4,2,6,4,3,0,2,1,3,0,0
2484,3DL-9PM,2026-08-04,21:00,382,13,4.333,2,8,6,2,1,2,1,3,0,1
2485,3DL-2PM,2026-08-05,14:00,806,14,4.667,0,8,8,3,0,1,2,3,0,1
2486,3DL-5PM,2026-08-05,17:00,562,13,4.333,2,6,4,2,1,1,2,3,1,1
2487,3DL-9PM,2026-08-05,21:00,728,17,5.667,2,8,6,2,1,1,2,3,0,1
