draw_index,draw_date,draw_time,position,number
1,2023-12-23,14:00,1,0
1,2023-12-23,14:00,2,4
1,2023-12-23,14:00,3,6
2,2023-12-23,17:00,1,5
2,2023-12-23,17:00,2,3
2,2023-12-23,17:00,3,3
3,2023-12-23,21:00,1,9
3,2023-12-23,21:00,2,4
3,2023-12-23,21:00,3,3
4,2023-12-24,14:00,1,0
4,2023-12-24,14:00,2,5
4,2023-12-24,14:00,3,4
5,2023-12-24,17:00,1,7
5,2023-12-24,17:00,2,7
5,2023-12-24,17:00,3,0
6,2023-12-24,21:00,1,9
6,2023-12-24,21:00,2,1
6,2023-12-24,21:00,3,3
7,2023-12-26,14:00,1,3
7,2023-12-26,14:00,2,4
7,2023-12-26,14:00,3,7
8,2023-12-26,17:00,1,8
8,2023-12-26,17:00,2,9
8,2023-12-26,17:00,3,0
9,2023-12-26,21:00,1,7
9,2023-12-26,21:00,2,6
9,2023-12-26,21:00,3,9
10,2023-12-27,14:00,1,9
10,2023-12-27,14:00,2,5
10,2023-12-27,14:00,3,2
11,2023-12-27,17:00,1,3
11,2023-12-27,17:00,2,0
11,2023-12-27,17:00,3,8
12,2023-12-27,21:00,1,0
12,2023-12-27,21:00,2,0
12,2023-12-27,21:00,3,4
13,2023-12-28,14:00,1,2
13,2023-12-28,14:00,2,1
13,2023-12-28,14:00,3,6
14,2023-12-28,17:00,1,5
14,2023-12-28,17:00,2,3
14,2023-12-28,17:00,3,1
15,2023-12-28,21:00,1,4
15,2023-12-28,21:00,2,3
15,2023-12-28,21:00,3,0
16,2023-12-29,14:00,1,5
16,2023-12-29,14:00,2,1
16,2023-12-29,14:00,3,0
17,2023-12-29,17:00,1,3
17,2023-12-29,17:00,2,5
17,2023-12-29,17:00,3,4
18,2023-12-29,21:00,1,9
18,2023-12-29,21:00,2,2
18,2023-12-29,21:00,3,8
19,2023-12-30,14:00,1,5
19,2023-12-30,14:00,2,7
19,2023-12-30,14:00,3,1
20,2023-12-30,17:00,1,5
20,2023-12-30,17:00,2,9
20,2023-12-30,17:00,3,8
21,2023-12-30,21:00,1,4
21,2023-12-30,21:00,2,0
21,2023-12-30,21:00,3,7
22,2023-12-31,14:00,1,6
22,2023-12-31,14:00,2,7
22,2023-12-31,14:00,3,6
23,2023-12-31,17:00,1,3
23,2023-12-31,17:00,2,3
23,2023-12-31,17:00,3,6
24,2023-12-31,21:00,1,1
24,2023-12-31,21:00,2,5
24,2023-12-31,21:00,3,6
25,2024-01-02,14:00,1,5
25,2024-01-02,14:00,2,5
25,2024-01-02,14:00,3,2
26,2024-01-02,17:00,1,4
26,2024-01-02,17:00,2,8
26,2024-01-02,17:00,3,2
27,2024-01-02,21:00,1,5
27,2024-01-02,21:00,2,4
27,2024-01-02,21:00,3,7
28,2024-01-03,14:00,1,2
28,2024-01-03,14:00,2,1
28,2024-01-03,14:00,3,4
29,2024-01-03,17:00,1,5
29,2024-01-03,17:00,2,9
29,2024-01-03,17:00,3,3
30,2024-01-03,21:00,1,0
30,2024-01-03,21:00,2,3
30,2024-01-03,21:00,3,0
31,2024-01-04,14:00,1,8
31,2024-01-04,14:00,2,6
31,2024-01-04,14:00,3,6
32,2024-01-04,17:00,1,8
32,2024-01-04,17:00,2,2
32,2024-01-04,17:00,3,1
33,2024-01-04,21:00,1,1
33,2024-01-04,21:00,2,4
33,2024-01-04,21:00,3,3
34,2024-01-05,14:00,1,6
34,2024-01-05,14:00,2,0
34,2024-01-05,14:00,3,4
35,2024-01-05,17:00,1,5
35,2024-01-05,17:00,2,7
35,2024-01-05,17:00,3,6
36,2024-01-05,21:00,1,1
36,2024-01-05,21:00,2,2
36,2024-01-05,21:00,3,3
37,2024-01-06,14:00,1,4
37,2024-01-06,14:00,2,1
37,2024-01-06,14:00,3,3
38,2024-01-06,17:00,1,9
38,2024-01-06,17:00,2,5
38,2024-01-06,17:00,3,1
39,2024-01-06,21:00,1,9
39,2024-01-06,21:00,2,9
39,2024-01-06,21:00,3,7
40,2024-01-07,14:00,1,5
40,2024-01-07,14:00,2,3
40,2024-01-07,14:00,3,3
41,2024-01-07,17:00,1,7
41,2024-01-07,17:00,2,2
41,2024-01-07,17:00,3,1
42,2024-01-07,21:00,1,9
42,2024-01-07,21:00,2,1
42,2024-01-07,21:00,3,5
43,2024-01-08,14:00,1,0
43,2024-01-08,14:00,2,2
43,2024-01-08,14:00,3,4
44,2024-01-08,17:00,1,7
44,2024-01-08,17:00,2,3
44,2024-01-08,17:00,3,4
45,2024-01-08,21:00,1,5
45,2024-01-08,21:00,2,3
45,2024-01-08,21:00,3,5
46,2024-01-09,14:00,1,9
46,2024-01-09,14:00,2,5
46,2024-01-09,14:00,3,7
47,2024-01-09,17:00,1,3
47,2024-01-09,17:00,2,0
47,2024-01-09,17:00,3,5
48,2024-01-09,21:00,1,4
48,2024-01-09,21:00,2,1
48,2024-01-09,21:00,3,5
49,2024-01-10,14:00,1,1
49,2024-01-10,14:00,2,9
49,2024-01-10,14:00,3,8
50,2024-01-10,17:00,1,0
50,2024-01-10,17:00,2,4
50,2024-01-10,17:00,3,0
51,2024-01-10,21:00,1,8
51,2024-01-10,21:00,2,1
51,2024-01-10,21:00,3,0
52,2024-01-11,14:00,1,0
52,2024-01-11,14:00,2,7
52,2024-01-11,14:00,3,3
53,2024-01-11,17:00,1,5
53,2024-01-11,17:00,2,2
53,2024-01-11,17:00,3,1
54,2024-01-11,21:00,1,9
54,2024-01-11,21:00,2,9
54,2024-01-11,21:00,3,1
55,2024-01-12,14:00,1,4
55,2024-01-12,14:00,2,4
55,2024-01-12,14:00,3,7
56,2024-01-12,17:00,1,4
56,2024-01-12,17:00,2,3
56,2024-01-12,17:00,3,7
57,2024-01-12,21:00,1,2
57,2024-01-12,21:00,2,4
57,2024-01-12,21:00,3,1
58,2024-01-13,14:00,1,9
58,2024-01-13,14:00,2,4
58,2024-01-13,14:00,3,7
59,2024-01-13,17:00,1,1
59,2024-01-13,17:00,2,3
59,2024-01-13,17:00,3,2
60,2024-01-13,21:00,1,0
60,2024-01-13,21:00,2,2
60,2024-01-13,21:00,3,4
61,2024-01-14,14:00,1,5
61,2024-01-14,14:00,2,5
61,2024-01-14,14:00,3,0
62,2024-01-14,17:00,1,8
62,2024-01-14,17:00,2,6
62,2024-01-14,17:00,3,9
63,2024-01-14,21:00,1,3
63,2024-01-14,21:00,2,1
63,2024-01-14,21:00,3,0
64,2024-01-15,14:00,1,8
64,2024-01-15,14:00,2,4
64,2024-01-15,14:00,3,9
65,2024-01-15,17:00,1,9
65,2024-01-15,17:00,2,7
65,2024-01-15,17:00,3,7
66,2024-01-15,21:00,1,1
66,2024-01-15,21:00,2,3
66,2024-01-15,21:00,3,8
67,2024-01-16,14:00,1,3
67,2024-01-16,14:00,2,1
67,2024-01-16,14:00,3,7
68,2024-01-16,17:00,1,4
68,2024-01-16,17:00,2,0
68,2024-01-16,17:00,3,8
69,2024-01-16,21:00,1,5
69,2024-01-16,21:00,2,8
69,2024-01-16,21:00,3,4
70,2024-01-17,14:00,1,5
70,2024-01-17,14:00,2,7
70,2024-01-17,14:00,3,1
71,2024-01-17,17:00,1,7
71,2024-01-17,17:00,2,7
71,2024-01-17,17:00,3,0
72,2024-01-17,21:00,1,1
72,2024-01-17,21:00,2,2
72,2024-01-17,21:00,3,9
73,2024-01-18,14:00,1,8
73,2024-01-18,14:00,2,4
73,2024-01-18,14:00,3,0
74,2024-01-18,17:00,1,5
74,2024-01-18,17:00,2,1
74,2024-01-18,17:00,3,7
75,2024-01-18,21:00,1,9
75,2024-01-18,21:00,2,1
75,2024-01-18,21:00,3,5
76,2024-01-19,14:00,1,5
76,2024-01-19,14:00,2,4
76,2024-01-19,14:00,3,5
77,2024-01-19,17:00,1,5
77,2024-01-19,17:00,2,0
77,2024-01-19,17:00,3,5
78,2024-01-19,21:00,1,4
78,2024-01-19,21:00,2,7
78,2024-01-19,21:00,3,4
79,2024-01-20,14:00,1,8
79,2024-01-20,14:00,2,2
79,2024-01-20,14:00,3,6
80,2024-01-20,17:00,1,5
80,2024-01-20,17:00,2,0
80,2024-01-20,17:00,3,6
81,2024-01-20,21:00,1,3
81,2024-01-20,21:00,2,7
81,2024-01-20,21:00,3,4
82,2024-01-21,14:00,1,2
82,2024-01-21,14:00,2,2
82,2024-01-21,14:00,3,7
83,2024-01-21,17:00,1,7
83,2024-01-21,17:00,2,2
83,2024-01-21,17:00,3,3
84,2024-01-21,21:00,1,1
84,2024-01-21,21:00,2,7
84,2024-01-21,21:00,3,3
85,2024-01-22,14:00,1,6
85,2024-01-22,14:00,2,1
85,2024-01-22,14:00,3,5
86,2024-01-22,17:00,1,4
86,2024-01-22,17:00,2,2
86,2024-01-22,17:00,3,3
87,2024-01-22,21:00,1,5
87,2024-01-22,21:00,2,5
87,2024-01-22,21:00,3,6
88,2024-01-23,14:00,1,6
88,2024-01-23,14:00,2,1
88,2024-01-23,14:00,3,3
89,2024-01-23,17:00,1,6
89,2024-01-23,17:00,2,6
89,2024-01-23,17:00,3,0
90,2024-01-23,21:00,1,4
90,2024-01-23,21:00,2,4
90,2024-01-23,21:00,3,1
91,2024-01-24,14:00,1,4
91,2024-01-24,14:00,2,5
91,2024-01-24,14:00,3,7
92,2024-01-24,17:00,1,2
92,2024-01-24,17:00,2,2
92,2024-01-24,17:00,3,6
93,2024-01-24,21:00,1,0
93,2024-01-24,21:00,2,2
93,2024-01-24,21:00,3,5
94,2024-01-25,14:00,1,8
94,2024-01-25,14:00,2,5
94,2024-01-25,14:00,3,2
95,2024-01-25,17:00,1,5
95,2024-01-25,17:00,2,0
95,2024-01-25,17:00,3,0
96,2024-01-25,21:00,1,0
96,2024-01-25,21:00,2,6
96,2024-01-25,21:00,3,7
97,2024-01-26,14:00,1,3
97,2024-01-26,14:00,2,3
97,2024-01-26,14:00,3,2
98,2024-01-26,17:00,1,9
98,2024-01-26,17:00,2,6
98,2024-01-26,17:00,3,0
99,2024-01-26,21:00,1,4
99,2024-01-26,21:00,2,0
99,2024-01-26,21:00,3,2
100,2024-01-27,14:00,1,3
100,2024-01-27,14:00,2,2
100,2024-01-27,14:00,3,6
101,2024-01-27,17:00,1,7
101,2024-01-27,17:00,2,6
101,2024-01-27,17:00,3,6
102,2024-01-27,21:00,1,2
102,2024-01-27,21:00,2,5
102,2024-01-27,21:00,3,7
103,2024-01-28,14:00,1,9
103,2024-01-28,14:00,2,5
103,2024-01-28,14:00,3,4
104,2024-01-28,17:00,1,6
104,2024-01-28,17:00,2,9
104,2024-01-28,17:00,3,8
105,2024-01-28,21:00,1,4
105,2024-01-28,21:00,2,5
105,2024-01-28,21:00,3,8
106,2024-01-29,14:00,1,8
106,2024-01-29,14:00,2,1
106,2024-01-29,14:00,3,0
107,2024-01-29,17:00,1,4
107,2024-01-29,17:00,2,0
107,2024-01-29,17:00,3,6
108,2024-01-29,21:00,1,2
108,2024-01-29,21:00,2,2
108,2024-01-29,21:00,3,4
109,2024-01-30,14:00,1,9
109,2024-01-30,14:00,2,5
109,2024-01-30,14:00,3,2
110,2024-01-30,17:00,1,8
110,2024-01-30,17:00,2,5
110,2024-01-30,17:00,3,7
111,2024-01-30,21:00,1,6
111,2024-01-30,21:00,2,7
111,2024-01-30,21:00,3,1
112,2024-01-31,14:00,1,0
112,2024-01-31,14:00,2,3
112,2024-01-31,14:00,3,2
113,2024-01-31,17:00,1,6
113,2024-01-31,17:00,2,4
113,2024-01-31,17:00,3,0
114,2024-01-31,21:00,1,0
114,2024-01-31,21:00,2,8
114,2024-01-31,21:00,3,2
115,2024-02-01,14:00,1,9
115,2024-02-01,14:00,2,0
115,2024-02-01,14:00,3,4
116,2024-02-01,17:00,1,2
116,2024-02-01,17:00,2,9
116,2024-02-01,17:00,3,7
117,2024-02-01,21:00,1,4
117,2024-02-01,21:00,2,8
117,2024-02-01,21:00,3,7
118,2024-02-02,14:00,1,5
118,2024-02-02,14:00,2,1
118,2024-02-02,14:00,3,9
119,2024-02-02,17:00,1,4
119,2024-02-02,17:00,2,3
119,2024-02-02,17:00,3,6
120,2024-02-02,21:00,1,9
120,2024-02-02,21:00,2,8
120,2024-02-02,21:00,3,4
121,2024-02-03,14:00,1,8
121,2024-02-03,14:00,2,5
121,2024-02-03,14:00,3,1
122,2024-02-03,17:00,1,3
122,2024-02-03,17:00,2,7
122,2024-02-03,17:00,3,2
123,2024-02-03,21:00,1,0
123,2024-02-03,21:00,2,1
123,2024-02-03,21:00,3,3
124,2024-02-04,14:00,1,0
124,2024-02-04,14:00,2,7
124,2024-02-04,14:00,3,0
125,2024-02-04,17:00,1,2
125,2024-02-04,17:00,2,3
125,2024-02-04,17:00,3,0
126,2024-02-04,21:00,1,0
126,2024-02-04,21:00,2,4
126,2024-02-04,21:00,3,8
127,2024-02-05,14:00,1,1
127,2024-02-05,14:00,2,9
127,2024-02-05,14:00,3,6
128,2024-02-05,17:00,1,2
128,2024-02-05,17:00,2,8
128,2024-02-05,17:00,3,5
129,2024-02-05,21:00,1,2
129,2024-02-05,21:00,2,7
129,2024-02-05,21:00,3,5
130,2024-02-06,14:00,1,3
130,2024-02-06,14:00,2,5
130,2024-02-06,14:00,3,6
131,2024-02-06,17:00,1,4
131,2024-02-06,17:00,2,8
131,2024-02-06,17:00,3,8
132,2024-02-06,21:00,1,6
132,2024-02-06,21:00,2,7
132,2024-02-06,21:00,3,5
133,2024-02-07,14:00,1,0
133,2024-02-07,14:00,2,2
133,2024-02-07,14:00,3,0
134,2024-02-07,17:00,1,1
134,2024-02-07,17:00,2,0
134,2024-02-07,17:00,3,3
135,2024-02-07,21:00,1,7
135,2024-02-07,21:00,2,5
135,2024-02-07,21:00,3,3
136,2024-02-08,14:00,1,3
136,2024-02-08,14:00,2,0
136,2024-02-08,14:00,3,1
137,2024-02-08,17:00,1,3
137,2024-02-08,17:00,2,8
137,2024-02-08,17:00,3,9
138,2024-02-08,21:00,1,6
138,2024-02-08,21:00,2,0
138,2024-02-08,21:00,3,2
139,2024-02-09,14:00,1,4
139,2024-02-09,14:00,2,9
139,2024-02-09,14:00,3,9
140,2024-02-09,17:00,1,2
140,2024-02-09,17:00,2,0
140,2024-02-09,17:00,3,4
141,2024-02-09,21:00,1,8
141,2024-02-09,21:00,2,0
141,2024-02-09,21:00,3,5
142,2024-02-10,14:00,1,5
142,2024-02-10,14:00,2,7
142,2024-02-10,14:00,3,2
143,2024-02-10,17:00,1,4
143,2024-02-10,17:00,2,5
143,2024-02-10,17:00,3,1
144,2024-02-10,21:00,1,4
144,2024-02-10,21:00,2,3
144,2024-02-10,21:00,3,9
145,2024-02-11,14:00,1,3
145,2024-02-11,14:00,2,7
145,2024-02-11,14:00,3,7
146,2024-02-11,17:00,1,5
146,2024-02-11,17:00,2,7
146,2024-02-11,17:00,3,8
147,2024-02-11,21:00,1,9
147,2024-02-11,21:00,2,7
147,2024-02-11,21:00,3,3
148,2024-02-12,14:00,1,3
148,2024-02-12,14:00,2,7
148,2024-02-12,14:00,3,1
149,2024-02-12,17:00,1,6
149,2024-02-12,17:00,2,1
149,2024-02-12,17:00,3,9
150,2024-02-12,21:00,1,4
150,2024-02-12,21:00,2,5
150,2024-02-12,21:00,3,1
151,2024-02-13,14:00,1,4
151,2024-02-13,14:00,2,1
151,2024-02-13,14:00,3,4
152,2024-02-13,17:00,1,5
152,2024-02-13,17:00,2,9
152,2024-02-13,17:00,3,5
153,2024-02-13,21:00,1,2
153,2024-02-13,21:00,2,9
153,2024-02-13,21:00,3,1
154,2024-02-14,14:00,1,3
154,2024-02-14,14:00,2,6
154,2024-02-14,14:00,3,1
155,2024-02-14,17:00,1,0
155,2024-02-14,17:00,2,7
155,2024-02-14,17:00,3,7
156,2024-02-14,21:00,1,2
156,2024-02-14,21:00,2,3
156,2024-02-14,21:00,3,0
157,2024-02-15,14:00,1,7
157,2024-02-15,14:00,2,1
157,2024-02-15,14:00,3,7
158,2024-02-15,17:00,1,2
158,2024-02-15,17:00,2,9
158,2024-02-15,17:00,3,9
159,2024-02-15,21:00,1,1
159,2024-02-15,21:00,2,9
159,2024-02-15,21:00,3,2
160,2024-02-16,14:00,1,5
160,2024-02-16,14:00,2,5
160,2024-02-16,14:00,3,5
161,2024-02-16,17:00,1,4
161,2024-02-16,17:00,2,6
161,2024-02-16,17:00,3,8
162,2024-02-16,21:00,1,8
162,2024-02-16,21:00,2,7
162,2024-02-16,21:00,3,0
163,2024-02-17,14:00,1,4
163,2024-02-17,14:00,2,9
163,2024-02-17,14:00,3,6
164,2024-02-17,17:00,1,6
164,2024-02-17,17:00,2,1
164,2024-02-17,17:00,3,8
165,2024-02-17,21:00,1,1
165,2024-02-17,21:00,2,7
165,2024-02-17,21:00,3,8
166,2024-02-18,14:00,1,5
166,2024-02-18,14:00,2,8
166,2024-02-18,14:00,3,2
167,2024-02-18,17:00,1,1
167,2024-02-18,17:00,2,0
167,2024-02-18,17:00,3,3
168,2024-02-19,14:00,1,3
168,2024-02-19,14:00,2,8
168,2024-02-19,14:00,3,9
169,2024-02-19,17:00,1,4
169,2024-02-19,17:00,2,9
169,2024-02-19,17:00,3,4
170,2024-02-19,21:00,1,2
170,2024-02-19,21:00,2,5
170,2024-02-19,21:00,3,6
171,2024-02-20,14:00,1,7
171,2024-02-20,14:00,2,2
171,2024-02-20,14:00,3,9
172,2024-02-20,17:00,1,8
172,2024-02-20,17:00,2,2
172,2024-02-20,17:00,3,9
173,2024-02-20,21:00,1,5
173,2024-02-20,21:00,2,1
173,2024-02-20,21:00,3,5
174,2024-02-21,14:00,1,3
174,2024-02-21,14:00,2,2
174,2024-02-21,14:00,3,2
175,2024-02-21,17:00,1,7
175,2024-02-21,17:00,2,1
175,2024-02-21,17:00,3,3
176,2024-02-21,21:00,1,9
176,2024-02-21,21:00,2,4
176,2024-02-21,21:00,3,9
177,2024-02-22,14:00,1,3
177,2024-02-22,14:00,2,2
177,2024-02-22,14:00,3,2
178,2024-02-22,17:00,1,6
178,2024-02-22,17:00,2,2
178,2024-02-22,17:00,3,7
179,2024-02-22,21:00,1,9
179,2024-02-22,21:00,2,7
179,2024-02-22,21:00,3,3
180,2024-02-23,14:00,1,9
180,2024-02-23,14:00,2,1
180,2024-02-23,14:00,3,2
181,2024-02-23,17:00,1,1
181,2024-02-23,17:00,2,1
181,2024-02-23,17:00,3,9
182,2024-02-23,21:00,1,3
182,2024-02-23,21:00,2,5
182,2024-02-23,21:00,3,7
183,2024-02-24,14:00,1,2
183,2024-02-24,14:00,2,6
183,2024-02-24,14:00,3,7
184,2024-02-24,17:00,1,0
184,2024-02-24,17:00,2,4
184,2024-02-24,17:00,3,5
185,2024-02-24,21:00,1,3
185,2024-02-24,21:00,2,4
185,2024-02-24,21:00,3,3
186,2024-02-25,14:00,1,7
186,2024-02-25,14:00,2,7
186,2024-02-25,14:00,3,7
187,2024-02-25,17:00,1,6
187,2024-02-25,17:00,2,8
187,2024-02-25,17:00,3,3
188,2024-02-25,21:00,1,6
188,2024-02-25,21:00,2,0
188,2024-02-25,21:00,3,9
189,2024-02-26,14:00,1,0
189,2024-02-26,14:00,2,1
189,2024-02-26,14:00,3,9
190,2024-02-26,17:00,1,6
190,2024-02-26,17:00,2,2
190,2024-02-26,17:00,3,5
191,2024-02-26,21:00,1,8
191,2024-02-26,21:00,2,9
191,2024-02-26,21:00,3,4
192,2024-02-27,14:00,1,0
192,2024-02-27,14:00,2,9
192,2024-02-27,14:00,3,7
193,2024-02-27,17:00,1,2
193,2024-02-27,17:00,2,9
193,2024-02-27,17:00,3,1
194,2024-02-27,21:00,1,3
194,2024-02-27,21:00,2,6
194,2024-02-27,21:00,3,0
195,2024-02-28,14:00,1,7
195,2024-02-28,14:00,2,3
195,2024-02-28,14:00,3,5
196,2024-02-28,17:00,1,2
196,2024-02-28,17:00,2,2
196,2024-02-28,17:00,3,7
197,2024-02-28,21:00,1,8
197,2024-02-28,21:00,2,6
197,2024-02-28,21:00,3,5
198,2024-02-29,14:00,1,3
198,2024-02-29,14:00,2,8
198,2024-02-29,14:00,3,2
199,2024-02-29,17:00,1,8
199,2024-02-29,17:00,2,8
199,2024-02-29,17:00,3,4
200,2024-02-29,21:00,1,4
200,2024-02-29,21:00,2,8
200,2024-02-29,21:00,3,7
201,2024-03-01,14:00,1,2
201,2024-03-01,14:00,2,8
201,2024-03-01,14:00,3,3
202,2024-03-01,17:00,1,4
202,2024-03-01,17:00,2,4
202,2024-03-01,17:00,3,5
203,2024-03-01,21:00,1,8
203,2024-03-01,21:00,2,7
203,2024-03-01,21:00,3,0
204,2024-03-02,14:00,1,2
204,2024-03-02,14:00,2,3
204,2024-03-02,14:00,3,3
205,2024-03-02,17:00,1,2
205,2024-03-02,17:00,2,1
205,2024-03-02,17:00,3,4
206,2024-03-02,21:00,1,5
206,2024-03-02,21:00,2,8
206,2024-03-02,21:00,3,8
207,2024-03-03,14:00,1,0
207,2024-03-03,14:00,2,8
207,2024-03-03,14:00,3,2
208,2024-03-03,17:00,1,5
208,2024-03-03,17:00,2,9
208,2024-03-03,17:00,3,3
209,2024-03-03,21:00,1,9
209,2024-03-03,21:00,2,6
209,2024-03-03,21:00,3,8
210,2024-03-04,14:00,1,8
210,2024-03-04,14:00,2,3
210,2024-03-04,14:00,3,4
211,2024-03-04,17:00,1,8
211,2024-03-04,17:00,2,3
211,2024-03-04,17:00,3,9
212,2024-03-04,21:00,1,4
212,2024-03-04,21:00,2,0
212,2024-03-04,21:00,3,5
213,2024-03-05,14:00,1,9
213,2024-03-05,14:00,2,0
213,2024-03-05,14:00,3,2
214,2024-03-05,17:00,1,8
214,2024-03-05,17:00,2,6
214,2024-03-05,17:00,3,6
215,2024-03-05,21:00,1,6
215,2024-03-05,21:00,2,7
215,2024-03-05,21:00,3,1
216,2024-03-06,14:00,1,8
216,2024-03-06,14:00,2,3
216,2024-03-06,14:00,3,2
217,2024-03-06,17:00,1,8
217,2024-03-06,17:00,2,2
217,2024-03-06,17:00,3,1
218,2024-03-06,21:00,1,4
218,2024-03-06,21:00,2,1
218,2024-03-06,21:00,3,1
219,2024-03-07,14:00,1,4
219,2024-03-07,14:00,2,8
219,2024-03-07,14:00,3,9
220,2024-03-07,17:00,1,7
220,2024-03-07,17:00,2,3
220,2024-03-07,17:00,3,7
221,2024-03-07,21:00,1,3
221,2024-03-07,21:00,2,6
221,2024-03-07,21:00,3,5
222,2024-03-08,14:00,1,0
222,2024-03-08,14:00,2,9
222,2024-03-08,14:00,3,2
223,2024-03-08,17:00,1,7
223,2024-03-08,17:00,2,7
223,2024-03-08,17:00,3,6
224,2024-03-08,21:00,1,0
224,2024-03-08,21:00,2,0
224,2024-03-08,21:00,3,3
225,2024-03-09,14:00,1,9
225,2024-03-09,14:00,2,1
225,2024-03-09,14:00,3,4
226,2024-03-09,17:00,1,1
226,2024-03-09,17:00,2,2
226,2024-03-09,17:00,3,8
227,2024-03-09,21:00,1,5
227,2024-03-09,21:00,2,6
227,2024-03-09,21:00,3,4
228,2024-03-10,14:00,1,8
228,2024-03-10,14:00,2,8
228,2024-03-10,14:00,3,8
229,2024-03-10,17:00,1,4
229,2024-03-10,17:00,2,6
229,2024-03-10,17:00,3,7
230,2024-03-10,21:00,1,2
230,2024-03-10,21:00,2,2
230,2024-03-10,21:00,3,1
231,2024-03-11,14:00,1,1
231,2024-03-11,14:00,2,2
231,2024-03-11,14:00,3,6
232,2024-03-11,17:00,1,9
232,2024-03-11,17:00,2,6
232,2024-03-11,17:00,3,3
233,2024-03-11,21:00,1,8
233,2024-03-11,21:00,2,8
233,2024-03-11,21:00,3,2
234,2024-03-12,14:00,1,6
234,2024-03-12,14:00,2,6
234,2024-03-12,14:00,3,6
235,2024-03-12,17:00,1,4
235,2024-03-12,17:00,2,3
235,2024-03-12,17:00,3,8
236,2024-03-12,21:00,1,2
236,2024-03-12,21:00,2,8
236,2024-03-12,21:00,3,9
237,2024-03-13,14:00,1,2
237,2024-03-13,14:00,2,5
237,2024-03-13,14:00,3,1
238,2024-03-13,17:00,1,4
238,2024-03-13,17:00,2,9
238,2024-03-13,17:00,3,6
239,2024-03-13,21:00,1,9
239,2024-03-13,21:00,2,0
239,2024-03-13,21:00,3,9
240,2024-03-14,14:00,1,7
240,2024-03-14,14:00,2,3
240,2024-03-14,14:00,3,4
241,2024-03-14,17:00,1,0
241,2024-03-14,17:00,2,6
241,2024-03-14,17:00,3,4
242,2024-03-14,21:00,1,4
242,2024-03-14,21:00,2,2
242,2024-03-14,21:00,3,2
243,2024-03-15,14:00,1,1
243,2024-03-15,14:00,2,1
243,2024-03-15,14:00,3,6
244,2024-03-15,17:00,1,4
244,2024-03-15,17:00,2,9
244,2024-03-15,17:00,3,2
245,2024-03-15,21:00,1,2
245,2024-03-15,21:00,2,9
245,2024-03-15,21:00,3,5
246,2024-03-16,14:00,1,5
246,2024-03-16,14:00,2,9
246,2024-03-16,14:00,3,8
247,2024-03-16,17:00,1,9
247,2024-03-16,17:00,2,1
247,2024-03-16,17:00,3,5
248,2024-03-16,21:00,1,4
248,2024-03-16,21:00,2,3
248,2024-03-16,21:00,3,9
249,2024-03-17,14:00,1,3
249,2024-03-17,14:00,2,3
249,2024-03-17,14:00,3,2
250,2024-03-17,17:00,1,0
250,2024-03-17,17:00,2,4
250,2024-03-17,17:00,3,4
251,2024-03-17,21:00,1,0
251,2024-03-17,21:00,2,4
251,2024-03-17,21:00,3,2
252,2024-03-18,14:00,1,3
252,2024-03-18,14:00,2,9
252,2024-03-18,14:00,3,7
253,2024-03-18,17:00,1,4
253,2024-03-18,17:00,2,1
253,2024-03-18,17:00,3,1
254,2024-03-18,21:00,1,3
254,2024-03-18,21:00,2,7
254,2024-03-18,21:00,3,9
255,2024-03-19,14:00,1,6
255,2024-03-19,14:00,2,8
255,2024-03-19,14:00,3,5
256,2024-03-19,17:00,1,0
256,2024-03-19,17:00,2,5
256,2024-03-19,17:00,3,1
257,2024-03-19,21:00,1,2
257,2024-03-19,21:00,2,7
257,2024-03-19,21:00,3,1
258,2024-03-20,14:00,1,6
258,2024-03-20,14:00,2,9
258,2024-03-20,14:00,3,8
259,2024-03-20,17:00,1,8
259,2024-03-20,17:00,2,0
259,2024-03-20,17:00,3,7
260,2024-03-20,21:00,1,4
260,2024-03-20,21:00,2,2
260,2024-03-20,21:00,3,7
261,2024-03-21,14:00,1,3
261,2024-03-21,14:00,2,8
261,2024-03-21,14:00,3,5
262,2024-03-21,17:00,1,9
262,2024-03-21,17:00,2,1
262,2024-03-21,17:00,3,9
263,2024-03-21,21:00,1,0
263,2024-03-21,21:00,2,5
263,2024-03-21,21:00,3,7
264,2024-03-22,14:00,1,4
264,2024-03-22,14:00,2,3
264,2024-03-22,14:00,3,8
265,2024-03-22,17:00,1,3
265,2024-03-22,17:00,2,0
265,2024-03-22,17:00,3,8
266,2024-03-22,21:00,1,7
266,2024-03-22,21:00,2,9
266,2024-03-22,21:00,3,6
267,2024-03-23,14:00,1,4
267,2024-03-23,14:00,2,5
267,2024-03-23,14:00,3,1
268,2024-03-23,17:00,1,0
268,2024-03-23,17:00,2,1
268,2024-03-23,17:00,3,3
269,2024-03-23,21:00,1,6
269,2024-03-23,21:00,2,8
269,2024-03-23,21:00,3,1
270,2024-03-24,14:00,1,5
270,2024-03-24,14:00,2,2
270,2024-03-24,14:00,3,6
271,2024-03-24,17:00,1,0
271,2024-03-24,17:00,2,9
271,2024-03-24,17:00,3,2
272,2024-03-24,21:00,1,7
272,2024-03-24,21:00,2,4
272,2024-03-24,21:00,3,0
273,2024-03-25,14:00,1,8
273,2024-03-25,14:00,2,4
273,2024-03-25,14:00,3,7
274,2024-03-25,17:00,1,1
274,2024-03-25,17:00,2,2
274,2024-03-25,17:00,3,6
275,2024-03-25,21:00,1,8
275,2024-03-25,21:00,2,7
275,2024-03-25,21:00,3,2
276,2024-03-26,14:00,1,6
276,2024-03-26,14:00,2,0
276,2024-03-26,14:00,3,2
277,2024-03-26,17:00,1,1
277,2024-03-26,17:00,2,5
277,2024-03-26,17:00,3,7
278,2024-03-26,21:00,1,5
278,2024-03-26,21:00,2,0
278,2024-03-26,21:00,3,5
279,2024-03-27,14:00,1,3
279,2024-03-27,14:00,2,0
279,2024-03-27,14:00,3,7
280,2024-03-27,17:00,1,5
280,2024-03-27,17:00,2,8
280,2024-03-27,17:00,3,6
281,2024-03-27,21:00,1,3
281,2024-03-27,21:00,2,0
281,2024-03-27,21:00,3,2
282,2024-04-01,14:00,1,8
282,2024-04-01,14:00,2,0
282,2024-04-01,14:00,3,3
283,2024-04-01,17:00,1,5
283,2024-04-01,17:00,2,5
283,2024-04-01,17:00,3,5
284,2024-04-01,21:00,1,1
284,2024-04-01,21:00,2,3
284,2024-04-01,21:00,3,8
285,2024-04-02,14:00,1,3
285,2024-04-02,14:00,2,4
285,2024-04-02,14:00,3,3
286,2024-04-02,17:00,1,2
286,2024-04-02,17:00,2,1
286,2024-04-02,17:00,3,3
287,2024-04-02,21:00,1,4
287,2024-04-02,21:00,2,2
287,2024-04-02,21:00,3,5
288,2024-04-03,14:00,1,1
288,2024-04-03,14:00,2,8
288,2024-04-03,14:00,3,6
289,2024-04-03,17:00,1,4
289,2024-04-03,17:00,2,8
289,2024-04-03,17:00,3,5
290,2024-04-03,21:00,1,4
290,2024-04-03,21:00,2,5
290,2024-04-03,21:00,3,4
291,2024-04-04,14:00,1,3
291,2024-04-04,14:00,2,8
291,2024-04-04,14:00,3,6
292,2024-04-04,17:00,1,5
292,2024-04-04,17:00,2,5
292,2024-04-04,17:00,3,8
293,2024-04-04,21:00,1,1
293,2024-04-04,21:00,2,8
293,2024-04-04,21:00,3,0
294,2024-04-05,14:00,1,0
294,2024-04-05,14:00,2,9
294,2024-04-05,14:00,3,8
295,2024-04-05,17:00,1,9
295,2024-04-05,17:00,2,3
295,2024-04-05,17:00,3,1
296,2024-04-05,21:00,1,6
296,2024-04-05,21:00,2,0
296,2024-04-05,21:00,3,4
297,2024-04-06,14:00,1,4
297,2024-04-06,14:00,2,9
297,2024-04-06,14:00,3,6
298,2024-04-06,17:00,1,4
298,2024-04-06,17:00,2,8
298,2024-04-06,17:00,3,0
299,2024-04-06,21:00,1,3
299,2024-04-06,21:00,2,4
299,2024-04-06,21:00,3,1
300,2024-04-07,14:00,1,7
300,2024-04-07,14:00,2,2
300,2024-04-07,14:00,3,4
301,2024-04-07,17:00,1,0
301,2024-04-07,17:00,2,4
301,2024-04-07,17:00,3,5
302,2024-04-07,21:00,1,1
302,2024-04-07,21:00,2,4
302,2024-04-07,21:00,3,3
303,2024-04-08,14:00,1,5
303,2024-04-08,14:00,2,5
303,2024-04-08,14:00,3,8
304,2024-04-08,17:00,1,1
304,2024-04-08,17:00,2,7
304,2024-04-08,17:00,3,3
305,2024-04-08,21:00,1,7
305,2024-04-08,21:00,2,5
305,2024-04-08,21:00,3,6
306,2024-04-09,14:00,1,8
306,2024-04-09,14:00,2,0
306,2024-04-09,14:00,3,6
307,2024-04-09,17:00,1,5
307,2024-04-09,17:00,2,0
307,2024-04-09,17:00,3,2
308,2024-04-09,21:00,1,2
308,2024-04-09,21:00,2,9
308,2024-04-09,21:00,3,6
309,2024-04-10,14:00,1,6
309,2024-04-10,14:00,2,9
309,2024-04-10,14:00,3,9
310,2024-04-10,17:00,1,6
310,2024-04-10,17:00,2,0
310,2024-04-10,17:00,3,7
311,2024-04-10,21:00,1,5
311,2024-04-10,21:00,2,9
311,2024-04-10,21:00,3,2
312,2024-04-11,14:00,1,6
312,2024-04-11,14:00,2,5
312,2024-04-11,14:00,3,9
313,2024-04-11,17:00,1,0
313,2024-04-11,17:00,2,1
313,2024-04-11,17:00,3,6
314,2024-04-11,21:00,1,4
314,2024-04-11,21:00,2,2
314,2024-04-11,21:00,3,1
315,2024-04-12,14:00,1,6
315,2024-04-12,14:00,2,9
315,2024-04-12,14:00,3,0
316,2024-04-12,17:00,1,9
316,2024-04-12,17:00,2,4
316,2024-04-12,17:00,3,8
317,2024-04-12,21:00,1,7
317,2024-04-12,21:00,2,5
317,2024-04-12,21:00,3,6
318,2024-04-13,14:00,1,6
318,2024-04-13,14:00,2,3
318,2024-04-13,14:00,3,3
319,2024-04-13,17:00,1,8
319,2024-04-13,17:00,2,6
319,2024-04-13,17:00,3,5
320,2024-04-13,21:00,1,4
320,2024-04-13,21:00,2,8
320,2024-04-13,21:00,3,1
321,2024-04-14,14:00,1,4
321,2024-04-14,14:00,2,1
321,2024-04-14,14:00,3,2
322,2024-04-14,17:00,1,6
322,2024-04-14,17:00,2,6
322,2024-04-14,17:00,3,0
323,2024-04-14,21:00,1,9
323,2024-04-14,21:00,2,4
323,2024-04-14,21:00,3,0
324,2024-04-15,14:00,1,3
324,2024-04-15,14:00,2,2
324,2024-04-15,14:00,3,4
325,2024-04-15,17:00,1,9
325,2024-04-15,17:00,2,3
325,2024-04-15,17:00,3,7
326,2024-04-15,21:00,1,4
326,2024-04-15,21:00,2,0
326,2024-04-15,21:00,3,3
327,2024-04-16,14:00,1,3
327,2024-04-16,14:00,2,8
327,2024-04-16,14:00,3,1
328,2024-04-16,17:00,1,1
328,2024-04-16,17:00,2,2
328,2024-04-16,17:00,3,7
329,2024-04-16,21:00,1,4
329,2024-04-16,21:00,2,4
329,2024-04-16,21:00,3,0
330,2024-04-17,14:00,1,0
330,2024-04-17,14:00,2,8
330,2024-04-17,14:00,3,2
331,2024-04-17,17:00,1,5
331,2024-04-17,17:00,2,7
331,2024-04-17,17:00,3,4
332,2024-04-17,21:00,1,2
332,2024-04-17,21:00,2,5
332,2024-04-17,21:00,3,0
333,2024-04-18,14:00,1,5
333,2024-04-18,14:00,2,9
333,2024-04-18,14:00,3,8
334,2024-04-18,17:00,1,7
334,2024-04-18,17:00,2,7
334,2024-04-18,17:00,3,7
335,2024-04-18,21:00,1,5
335,2024-04-18,21:00,2,2
335,2024-04-18,21:00,3,8
336,2024-04-19,14:00,1,8
336,2024-04-19,14:00,2,8
336,2024-04-19,14:00,3,2
337,2024-04-19,17:00,1,7
337,2024-04-19,17:00,2,4
337,2024-04-19,17:00,3,1
338,2024-04-19,21:00,1,1
338,2024-04-19,21:00,2,1
338,2024-04-19,21:00,3,5
339,2024-04-20,14:00,1,5
339,2024-04-20,14:00,2,9
339,2024-04-20,14:00,3,7
340,2024-04-20,17:00,1,1
340,2024-04-20,17:00,2,4
340,2024-04-20,17:00,3,2
341,2024-04-20,21:00,1,0
341,2024-04-20,21:00,2,2
341,2024-04-20,21:00,3,7
342,2024-04-21,14:00,1,1
342,2024-04-21,14:00,2,2
342,2024-04-21,14:00,3,2
343,2024-04-21,17:00,1,8
343,2024-04-21,17:00,2,7
343,2024-04-21,17:00,3,3
344,2024-04-21,21:00,1,6
344,2024-04-21,21:00,2,1
344,2024-04-21,21:00,3,6
345,2024-04-22,14:00,1,6
345,2024-04-22,14:00,2,3
345,2024-04-22,14:00,3,3
346,2024-04-22,17:00,1,0
346,2024-04-22,17:00,2,8
346,2024-04-22,17:00,3,5
347,2024-04-22,21:00,1,2
347,2024-04-22,21:00,2,2
347,2024-04-22,21:00,3,4
348,2024-04-23,14:00,1,4
348,2024-04-23,14:00,2,0
348,2024-04-23,14:00,3,4
349,2024-04-23,17:00,1,2
349,2024-04-23,17:00,2,0
349,2024-04-23,17:00,3,8
350,2024-04-23,21:00,1,8
350,2024-04-23,21:00,2,4
350,2024-04-23,21:00,3,4
351,2024-04-24,14:00,1,9
351,2024-04-24,14:00,2,8
351,2024-04-24,14:00,3,3
352,2024-04-24,17:00,1,9
352,2024-04-24,17:00,2,3
352,2024-04-24,17:00,3,2
353,2024-04-24,21:00,1,7
353,2024-04-24,21:00,2,4
353,2024-04-24,21:00,3,9
354,2024-04-25,14:00,1,0
354,2024-04-25,14:00,2,6
354,2024-04-25,14:00,3,8
355,2024-04-25,17:00,1,2
355,2024-04-25,17:00,2,8
355,2024-04-25,17:00,3,1
356,2024-04-25,21:00,1,8
356,2024-04-25,21:00,2,5
356,2024-04-25,21:00,3,1
357,2024-04-26,14:00,1,3
357,2024-04-26,14:00,2,2
357,2024-04-26,14:00,3,0
358,2024-04-26,17:00,1,2
358,2024-04-26,17:00,2,3
358,2024-04-26,17:00,3,6
359,2024-04-26,21:00,1,9
359,2024-04-26,21:00,2,3
359,2024-04-26,21:00,3,9
360,2024-04-27,14:00,1,2
360,2024-04-27,14:00,2,3
360,2024-04-27,14:00,3,6
361,2024-04-27,17:00,1,6
361,2024-04-27,17:00,2,3
361,2024-04-27,17:00,3,8
362,2024-04-27,21:00,1,6
362,2024-04-27,21:00,2,0
362,2024-04-27,21:00,3,7
363,2024-04-28,14:00,1,4
363,2024-04-28,14:00,2,6
363,2024-04-28,14:00,3,3
364,2024-04-28,17:00,1,2
364,2024-04-28,17:00,2,3
364,2024-04-28,17:00,3,6
365,2024-04-28,21:00,1,8
365,2024-04-28,21:00,2,5
365,2024-04-28,21:00,3,7
366,2024-04-29,14:00,1,8
366,2024-04-29,14:00,2,5
366,2024-04-29,14:00,3,4
367,2024-04-29,17:00,1,7
367,2024-04-29,17:00,2,5
367,2024-04-29,17:00,3,4
368,2024-04-29,21:00,1,7
368,2024-04-29,21:00,2,1
368,2024-04-29,21:00,3,1
369,2024-04-30,14:00,1,4
369,2024-04-30,14:00,2,1
369,2024-04-30,14:00,3,8
370,2024-04-30,17:00,1,7
370,2024-04-30,17:00,2,6
370,2024-04-30,17:00,3,4
371,2024-04-30,21:00,1,3
371,2024-04-30,21:00,2,2
371,2024-04-30,21:00,3,3
372,2024-05-01,14:00,1,9
372,2024-05-01,14:00,2,8
372,2024-05-01,14:00,3,4
373,2024-05-01,17:00,1,2
373,2024-05-01,17:00,2,6
373,2024-05-01,17:00,3,5
374,2024-05-01,21:00,1,0
374,2024-05-01,21:00,2,7
374,2024-05-01,21:00,3,5
375,2024-05-02,14:00,1,6
375,2024-05-02,14:00,2,0
375,2024-05-02,14:00,3,1
376,2024-05-02,17:00,1,6
376,2024-05-02,17:00,2,6
376,2024-05-02,17:00,3,0
377,2024-05-02,21:00,1,4
377,2024-05-02,21:00,2,8
377,2024-05-02,21:00,3,2
378,2024-05-03,14:00,1,0
378,2024-05-03,14:00,2,2
378,2024-05-03,14:00,3,1
379,2024-05-03,17:00,1,3
379,2024-05-03,17:00,2,3
379,2024-05-03,17:00,3,1
380,2024-05-03,21:00,1,6
380,2024-05-03,21:00,2,0
380,2024-05-03,21:00,3,6
381,2024-05-04,14:00,1,6
381,2024-05-04,14:00,2,9
381,2024-05-04,14:00,3,0
382,2024-05-04,17:00,1,1
382,2024-05-04,17:00,2,5
382,2024-05-04,17:00,3,2
383,2024-05-04,21:00,1,6
383,2024-05-04,21:00,2,1
383,2024-05-04,21:00,3,7
384,2024-05-05,14:00,1,9
384,2024-05-05,14:00,2,6
384,2024-05-05,14:00,3,7
385,2024-05-05,17:00,1,2
385,2024-05-05,17:00,2,1
385,2024-05-05,17:00,3,6
386,2024-05-05,21:00,1,0
386,2024-05-05,21:00,2,5
386,2024-05-05,21:00,3,4
387,2024-05-06,14:00,1,1
387,2024-05-06,14:00,2,5
387,2024-05-06,14:00,3,6
388,2024-05-06,17:00,1,3
388,2024-05-06,17:00,2,6
388,2024-05-06,17:00,3,0
389,2024-05-06,21:00,1,0
389,2024-05-06,21:00,2,1
389,2024-05-06,21:00,3,3
390,2024-05-07,14:00,1,8
390,2024-05-07,14:00,2,4
390,2024-05-07,14:00,3,6
391,2024-05-07,17:00,1,0
391,2024-05-07,17:00,2,3
391,2024-05-07,17:00,3,4
392,2024-05-07,21:00,1,4
392,2024-05-07,21:00,2,2
392,2024-05-07,21:00,3,5
393,2024-05-08,14:00,1,3
393,2024-05-08,14:00,2,2
393,2024-05-08,14:00,3,0
394,2024-05-08,17:00,1,2
394,2024-05-08,17:00,2,2
394,2024-05-08,17:00,3,9
395,2024-05-08,21:00,1,8
395,2024-05-08,21:00,2,7
395,2024-05-08,21:00,3,3
396,2024-05-09,14:00,1,2
396,2024-05-09,14:00,2,3
396,2024-05-09,14:00,3,7
397,2024-05-09,17:00,1,0
397,2024-05-09,17:00,2,8
397,2024-05-09,17:00,3,6
398,2024-05-09,21:00,1,7
398,2024-05-09,21:00,2,4
398,2024-05-09,21:00,3,1
399,2024-05-10,14:00,1,2
399,2024-05-10,14:00,2,8
399,2024-05-10,14:00,3,9
400,2024-05-10,17:00,1,7
400,2024-05-10,17:00,2,7
400,2024-05-10,17:00,3,3
401,2024-05-10,21:00,1,0
401,2024-05-10,21:00,2,8
401,2024-05-10,21:00,3,3
402,2024-05-11,14:00,1,1
402,2024-05-11,14:00,2,6
402,2024-05-11,14:00,3,9
403,2024-05-11,17:00,1,7
403,2024-05-11,17:00,2,9
403,2024-05-11,17:00,3,7
404,2024-05-11,21:00,1,7
404,2024-05-11,21:00,2,2
404,2024-05-11,21:00,3,9
405,2024-05-12,14:00,1,8
405,2024-05-12,14:00,2,9
405,2024-05-12,14:00,3,5
406,2024-05-12,17:00,1,6
406,2024-05-12,17:00,2,8
406,2024-05-12,17:00,3,5
407,2024-05-12,21:00,1,0
407,2024-05-12,21:00,2,3
407,2024-05-12,21:00,3,7
408,2024-05-13,14:00,1,3
408,2024-05-13,14:00,2,5
408,2024-05-13,14:00,3,4
409,2024-05-13,17:00,1,0
409,2024-05-13,17:00,2,3
409,2024-05-13,17:00,3,6
410,2024-05-13,21:00,1,6
410,2024-05-13,21:00,2,4
410,2024-05-13,21:00,3,5
411,2024-05-14,14:00,1,9
411,2024-05-14,14:00,2,8
411,2024-05-14,14:00,3,7
412,2024-05-14,17:00,1,9
412,2024-05-14,17:00,2,8
412,2024-05-14,17:00,3,8
413,2024-05-14,21:00,1,1
413,2024-05-14,21:00,2,9
413,2024-05-14,21:00,3,2
414,2024-05-15,14:00,1,1
414,2024-05-15,14:00,2,4
414,2024-05-15,14:00,3,7
415,2024-05-15,17:00,1,4
415,2024-05-15,17:00,2,7
415,2024-05-15,17:00,3,0
416,2024-05-15,21:00,1,1
416,2024-05-15,21:00,2,1
416,2024-05-15,21:00,3,1
417,2024-05-16,14:00,1,1
417,2024-05-16,14:00,2,5
417,2024-05-16,14:00,3,9
418,2024-05-16,17:00,1,1
418,2024-05-16,17:00,2,9
418,2024-05-16,17:00,3,4
419,2024-05-16,21:00,1,9
419,2024-05-16,21:00,2,6
419,2024-05-16,21:00,3,3
420,2024-05-17,14:00,1,1
420,2024-05-17,14:00,2,3
420,2024-05-17,14:00,3,0
421,2024-05-17,17:00,1,3
421,2024-05-17,17:00,2,1
421,2024-05-17,17:00,3,9
422,2024-05-17,21:00,1,5
422,2024-05-17,21:00,2,6
422,2024-05-17,21:00,3,4
423,2024-05-18,14:00,1,5
423,2024-05-18,14:00,2,1
423,2024-05-18,14:00,3,5
424,2024-05-18,17:00,1,0
424,2024-05-18,17:00,2,3
424,2024-05-18,17:00,3,9
425,2024-05-18,21:00,1,0
425,2024-05-18,21:00,2,5
425,2024-05-18,21:00,3,2
426,2024-05-19,14:00,1,6
426,2024-05-19,14:00,2,6
426,2024-05-19,14:00,3,6
427,2024-05-19,17:00,1,0
427,2024-05-19,17:00,2,8
427,2024-05-19,17:00,3,3
428,2024-05-19,21:00,1,3
428,2024-05-19,21:00,2,2
428,2024-05-19,21:00,3,7
429,2024-05-20,14:00,1,2
429,2024-05-20,14:00,2,9
429,2024-05-20,14:00,3,1
430,2024-05-20,17:00,1,3
430,2024-05-20,17:00,2,0
430,2024-05-20,17:00,3,2
431,2024-05-20,21:00,1,4
431,2024-05-20,21:00,2,2
431,2024-05-20,21:00,3,1
432,2024-05-21,14:00,1,6
432,2024-05-21,14:00,2,4
432,2024-05-21,14:00,3,9
433,2024-05-21,17:00,1,6
433,2024-05-21,17:00,2,3
433,2024-05-21,17:00,3,8
434,2024-05-21,21:00,1,8
434,2024-05-21,21:00,2,1
434,2024-05-21,21:00,3,9
435,2024-05-22,14:00,1,9
435,2024-05-22,14:00,2,0
435,2024-05-22,14:00,3,1
436,2024-05-22,17:00,1,2
436,2024-05-22,17:00,2,0
436,2024-05-22,17:00,3,0
437,2024-05-22,21:00,1,7
437,2024-05-22,21:00,2,1
437,2024-05-22,21:00,3,1
438,2024-05-23,14:00,1,2
438,2024-05-23,14:00,2,6
438,2024-05-23,14:00,3,5
439,2024-05-23,17:00,1,4
439,2024-05-23,17:00,2,2
439,2024-05-23,17:00,3,1
440,2024-05-23,21:00,1,2
440,2024-05-23,21:00,2,0
440,2024-05-23,21:00,3,9
441,2024-05-24,14:00,1,4
441,2024-05-24,14:00,2,0
441,2024-05-24,14:00,3,4
442,2024-05-24,17:00,1,2
442,2024-05-24,17:00,2,1
442,2024-05-24,17:00,3,4
443,2024-05-24,21:00,1,1
443,2024-05-24,21:00,2,6
443,2024-05-24,21:00,3,4
444,2024-05-25,14:00,1,3
444,2024-05-25,14:00,2,3
444,2024-05-25,14:00,3,0
445,2024-05-25,17:00,1,5
445,2024-05-25,17:00,2,2
445,2024-05-25,17:00,3,4
446,2024-05-25,21:00,1,1
446,2024-05-25,21:00,2,2
446,2024-05-25,21:00,3,7
447,2024-05-26,14:00,1,4
447,2024-05-26,14:00,2,1
447,2024-05-26,14:00,3,9
448,2024-05-26,17:00,1,9
448,2024-05-26,17:00,2,9
448,2024-05-26,17:00,3,9
449,2024-05-26,21:00,1,7
449,2024-05-26,21:00,2,3
449,2024-05-26,21:00,3,5
450,2024-05-27,14:00,1,3
450,2024-05-27,14:00,2,7
450,2024-05-27,14:00,3,9
451,2024-05-27,17:00,1,9
451,2024-05-27,17:00,2,6
451,2024-05-27,17:00,3,8
452,2024-05-27,21:00,1,3
452,2024-05-27,21:00,2,5
452,2024-05-27,21:00,3,5
453,2024-05-28,14:00,1,9
453,2024-05-28,14:00,2,7
453,2024-05-28,14:00,3,3
454,2024-05-28,17:00,1,9
454,2024-05-28,17:00,2,4
454,2024-05-28,17:00,3,4
455,2024-05-28,21:00,1,5
455,2024-05-28,21:00,2,9
455,2024-05-28,21:00,3,5
456,2024-05-29,14:00,1,9
456,2024-05-29,14:00,2,0
456,2024-05-29,14:00,3,8
457,2024-05-29,17:00,1,2
457,2024-05-29,17:00,2,1
457,2024-05-29,17:00,3,1
458,2024-05-29,21:00,1,7
458,2024-05-29,21:00,2,9
458,2024-05-29,21:00,3,3
459,2024-05-30,14:00,1,4
459,2024-05-30,14:00,2,7
459,2024-05-30,14:00,3,5
460,2024-05-30,17:00,1,9
460,2024-05-30,17:00,2,7
460,2024-05-30,17:00,3,8
461,2024-05-30,21:00,1,4
461,2024-05-30,21:00,2,2
461,2024-05-30,21:00,3,4
462,2024-05-31,14:00,1,1
462,2024-05-31,14:00,2,3
462,2024-05-31,14:00,3,7
463,2024-05-31,17:00,1,2
463,2024-05-31,17:00,2,5
463,2024-05-31,17:00,3,4
464,2024-05-31,21:00,1,6
464,2024-05-31,21:00,2,6
464,2024-05-31,21:00,3,6
465,2024-06-01,14:00,1,7
465,2024-06-01,14:00,2,1
465,2024-06-01,14:00,3,1
466,2024-06-01,17:00,1,0
466,2024-06-01,17:00,2,3
466,2024-06-01,17:00,3,5
467,2024-06-01,21:00,1,2
467,2024-06-01,21:00,2,8
467,2024-06-01,21:00,3,4
468,2024-06-02,14:00,1,2
468,2024-06-02,14:00,2,3
468,2024-06-02,14:00,3,0
469,2024-06-02,17:00,1,5
469,2024-06-02,17:00,2,8
469,2024-06-02,17:00,3,5
470,2024-06-02,21:00,1,8
470,2024-06-02,21:00,2,5
470,2024-06-02,21:00,3,7
471,2024-06-03,14:00,1,5
471,2024-06-03,14:00,2,8
471,2024-06-03,14:00,3,5
472,2024-06-03,17:00,1,5
472,2024-06-03,17:00,2,2
472,2024-06-03,17:00,3,0
473,2024-06-03,21:00,1,7
473,2024-06-03,21:00,2,2
473,2024-06-03,21:00,3,5
474,2024-06-04,14:00,1,4
474,2024-06-04,14:00,2,7
474,2024-06-04,14:00,3,2
475,2024-06-04,17:00,1,0
475,2024-06-04,17:00,2,3
475,2024-06-04,17:00,3,0
476,2024-06-04,21:00,1,8
476,2024-06-04,21:00,2,8
476,2024-06-04,21:00,3,3
477,2024-06-05,14:00,1,9
477,2024-06-05,14:00,2,6
477,2024-06-05,14:00,3,5
478,2024-06-05,17:00,1,8
478,2024-06-05,17:00,2,0
478,2024-06-05,17:00,3,0
479,2024-06-05,21:00,1,7
479,2024-06-05,21:00,2,8
479,2024-06-05,21:00,3,7
480,2024-06-06,14:00,1,5
480,2024-06-06,14:00,2,1
480,2024-06-06,14:00,3,4
481,2024-06-06,17:00,1,0
481,2024-06-06,17:00,2,1
481,2024-06-06,17:00,3,0
482,2024-06-06,21:00,1,0
482,2024-06-06,21:00,2,7
482,2024-06-06,21:00,3,6
483,2024-06-07,14:00,1,3
483,2024-06-07,14:00,2,2
483,2024-06-07,14:00,3,0
484,2024-06-07,17:00,1,8
484,2024-06-07,17:00,2,6
484,2024-06-07,17:00,3,0
485,2024-06-07,21:00,1,2
485,2024-06-07,21:00,2,7
485,2024-06-07,21:00,3,4
486,2024-06-08,14:00,1,5
486,2024-06-08,14:00,2,1
486,2024-06-08,14:00,3,0
487,2024-06-08,17:00,1,8
487,2024-06-08,17:00,2,5
487,2024-06-08,17:00,3,6
488,2024-06-08,21:00,1,7
488,2024-06-08,21:00,2,0
488,2024-06-08,21:00,3,9
489,2024-06-09,14:00,1,5
489,2024-06-09,14:00,2,7
489,2024-06-09,14:00,3,4
490,2024-06-09,17:00,1,9
490,2024-06-09,17:00,2,1
490,2024-06-09,17:00,3,7
491,2024-06-09,21:00,1,1
491,2024-06-09,21:00,2,0
491,2024-06-09,21:00,3,8
492,2024-06-10,14:00,1,4
492,2024-06-10,14:00,2,2
492,2024-06-10,14:00,3,6
493,2024-06-10,17:00,1,6
493,2024-06-10,17:00,2,9
493,2024-06-10,17:00,3,1
494,2024-06-10,21:00,1,9
494,2024-06-10,21:00,2,3
494,2024-06-10,21:00,3,1
495,2024-06-11,14:00,1,4
495,2024-06-11,14:00,2,6
495,2024-06-11,14:00,3,2
496,2024-06-11,17:00,1,7
496,2024-06-11,17:00,2,8
496,2024-06-11,17:00,3,6
497,2024-06-11,21:00,1,4
497,2024-06-11,21:00,2,5
497,2024-06-11,21:00,3,0
498,2024-06-12,14:00,1,8
498,2024-06-12,14:00,2,3
498,2024-06-12,14:00,3,7
499,2024-06-12,17:00,1,7
499,2024-06-12,17:00,2,6
499,2024-06-12,17:00,3,0
500,2024-06-12,21:00,1,3
500,2024-06-12,21:00,2,3
500,2024-06-12,21:00,3,2
501,2024-06-13,14:00,1,9
501,2024-06-13,14:00,2,2
501,2024-06-13,14:00,3,1
502,2024-06-13,17:00,1,6
502,2024-06-13,17:00,2,5
502,2024-06-13,17:00,3,7
503,2024-06-13,21:00,1,0
503,2024-06-13,21:00,2,7
503,2024-06-13,21:00,3,1
504,2024-06-14,14:00,1,2
504,2024-06-14,14:00,2,1
504,2024-06-14,14:00,3,8
505,2024-06-14,17:00,1,1
505,2024-06-14,17:00,2,7
505,2024-06-14,17:00,3,6
506,2024-06-14,21:00,1,4
506,2024-06-14,21:00,2,4
506,2024-06-14,21:00,3,9
507,2024-06-15,14:00,1,4
507,2024-06-15,14:00,2,2
507,2024-06-15,14:00,3,4
508,2024-06-15,17:00,1,0
508,2024-06-15,17:00,2,3
508,2024-06-15,17:00,3,6
509,2024-06-15,21:00,1,9
509,2024-06-15,21:00,2,3
509,2024-06-15,21:00,3,2
510,2024-06-16,14:00,1,8
510,2024-06-16,14:00,2,0
510,2024-06-16,14:00,3,8
511,2024-06-16,17:00,1,5
511,2024-06-16,17:00,2,8
511,2024-06-16,17:00,3,9
512,2024-06-16,21:00,1,2
512,2024-06-16,21:00,2,0
512,2024-06-16,21:00,3,5
513,2024-06-17,14:00,1,0
513,2024-06-17,14:00,2,1
513,2024-06-17,14:00,3,7
514,2024-06-17,17:00,1,7
514,2024-06-17,17:00,2,3
514,2024-06-17,17:00,3,7
515,2024-06-17,21:00,1,0
515,2024-06-17,21:00,2,4
515,2024-06-17,21:00,3,7
516,2024-06-18,14:00,1,1
516,2024-06-18,14:00,2,9
516,2024-06-18,14:00,3,3
517,2024-06-18,17:00,1,6
517,2024-06-18,17:00,2,8
517,2024-06-18,17:00,3,8
518,2024-06-18,21:00,1,1
518,2024-06-18,21:00,2,9
518,2024-06-18,21:00,3,8
519,2024-06-19,14:00,1,9
519,2024-06-19,14:00,2,3
519,2024-06-19,14:00,3,1
520,2024-06-19,17:00,1,8
520,2024-06-19,17:00,2,0
520,2024-06-19,17:00,3,2
521,2024-06-19,21:00,1,8
521,2024-06-19,21:00,2,7
521,2024-06-19,21:00,3,6
522,2024-06-20,14:00,1,7
522,2024-06-20,14:00,2,0
522,2024-06-20,14:00,3,3
523,2024-06-20,17:00,1,1
523,2024-06-20,17:00,2,3
523,2024-06-20,17:00,3,4
524,2024-06-20,21:00,1,7
524,2024-06-20,21:00,2,4
524,2024-06-20,21:00,3,1
525,2024-06-21,14:00,1,4
525,2024-06-21,14:00,2,6
525,2024-06-21,14:00,3,1
526,2024-06-21,17:00,1,5
526,2024-06-21,17:00,2,8
526,2024-06-21,17:00,3,1
527,2024-06-21,21:00,1,2
527,2024-06-21,21:00,2,0
527,2024-06-21,21:00,3,7
528,2024-06-22,14:00,1,1
528,2024-06-22,14:00,2,8
528,2024-06-22,14:00,3,3
529,2024-06-22,17:00,1,7
529,2024-06-22,17:00,2,9
529,2024-06-22,17:00,3,6
530,2024-06-22,21:00,1,4
530,2024-06-22,21:00,2,6
530,2024-06-22,21:00,3,7
531,2024-06-23,14:00,1,3
531,2024-06-23,14:00,2,1
531,2024-06-23,14:00,3,3
532,2024-06-23,17:00,1,9
532,2024-06-23,17:00,2,2
532,2024-06-23,17:00,3,5
533,2024-06-23,21:00,1,2
533,2024-06-23,21:00,2,0
533,2024-06-23,21:00,3,7
534,2024-06-24,14:00,1,7
534,2024-06-24,14:00,2,4
534,2024-06-24,14:00,3,6
535,2024-06-24,17:00,1,3
535,2024-06-24,17:00,2,2
535,2024-06-24,17:00,3,1
536,2024-06-24,21:00,1,3
536,2024-06-24,21:00,2,7
536,2024-06-24,21:00,3,9
537,2024-06-25,14:00,1,2
537,2024-06-25,14:00,2,2
537,2024-06-25,14:00,3,5
538,2024-06-25,17:00,1,8
538,2024-06-25,17:00,2,5
538,2024-06-25,17:00,3,9
539,2024-06-25,21:00,1,5
539,2024-06-25,21:00,2,9
539,2024-06-25,21:00,3,8
540,2024-06-26,14:00,1,6
540,2024-06-26,14:00,2,8
540,2024-06-26,14:00,3,6
541,2024-06-26,17:00,1,3
541,2024-06-26,17:00,2,2
541,2024-06-26,17:00,3,4
542,2024-06-26,21:00,1,6
542,2024-06-26,21:00,2,6
542,2024-06-26,21:00,3,2
543,2024-06-27,14:00,1,7
543,2024-06-27,14:00,2,2
543,2024-06-27,14:00,3,8
544,2024-06-27,17:00,1,1
544,2024-06-27,17:00,2,0
544,2024-06-27,17:00,3,8
545,2024-06-27,21:00,1,7
545,2024-06-27,21:00,2,4
545,2024-06-27,21:00,3,0
546,2024-06-28,14:00,1,8
546,2024-06-28,14:00,2,0
546,2024-06-28,14:00,3,4
547,2024-06-28,17:00,1,5
547,2024-06-28,17:00,2,9
547,2024-06-28,17:00,3,6
548,2024-06-28,21:00,1,2
548,2024-06-28,21:00,2,2
548,2024-06-28,21:00,3,0
549,2024-06-29,14:00,1,1
549,2024-06-29,14:00,2,8
549,2024-06-29,14:00,3,9
550,2024-06-29,17:00,1,2
550,2024-06-29,17:00,2,0
550,2024-06-29,17:00,3,1
551,2024-06-29,21:00,1,2
551,2024-06-29,21:00,2,8
551,2024-06-29,21:00,3,7
552,2024-06-30,14:00,1,1
552,2024-06-30,14:00,2,1
552,2024-06-30,14:00,3,0
553,2024-06-30,17:00,1,0
553,2024-06-30,17:00,2,6
553,2024-06-30,17:00,3,0
554,2024-06-30,21:00,1,3
554,2024-06-30,21:00,2,6
554,2024-06-30,21:00,3,1
555,2024-07-01,14:00,1,5
555,2024-07-01,14:00,2,0
555,2024-07-01,14:00,3,8
556,2024-07-01,17:00,1,2
556,2024-07-01,17:00,2,5
556,2024-07-01,17:00,3,5
557,2024-07-01,21:00,1,9
557,2024-07-01,21:00,2,6
557,2024-07-01,21:00,3,4
558,2024-07-02,14:00,1,3
558,2024-07-02,14:00,2,5
558,2024-07-02,14:00,3,1
559,2024-07-02,17:00,1,5
559,2024-07-02,17:00,2,6
559,2024-07-02,17:00,3,7
560,2024-07-02,21:00,1,1
560,2024-07-02,21:00,2,7
560,2024-07-02,21:00,3,7
561,2024-07-03,14:00,1,3
561,2024-07-03,14:00,2,9
561,2024-07-03,14:00,3,9
562,2024-07-03,17:00,1,4
562,2024-07-03,17:00,2,2
562,2024-07-03,17:00,3,4
563,2024-07-03,21:00,1,3
563,2024-07-03,21:00,2,5
563,2024-07-03,21:00,3,3
564,2024-07-04,14:00,1,7
564,2024-07-04,14:00,2,5
564,2024-07-04,14:00,3,0
565,2024-07-04,17:00,1,2
565,2024-07-04,17:00,2,3
565,2024-07-04,17:00,3,8
566,2024-07-04,21:00,1,8
566,2024-07-04,21:00,2,0
566,2024-07-04,21:00,3,8
567,2024-07-05,14:00,1,9
567,2024-07-05,14:00,2,0
567,2024-07-05,14:00,3,9
568,2024-07-05,17:00,1,2
568,2024-07-05,17:00,2,9
568,2024-07-05,17:00,3,5
569,2024-07-05,21:00,1,2
569,2024-07-05,21:00,2,5
569,2024-07-05,21:00,3,9
570,2024-07-06,14:00,1,7
570,2024-07-06,14:00,2,5
570,2024-07-06,14:00,3,5
571,2024-07-06,17:00,1,3
571,2024-07-06,17:00,2,0
571,2024-07-06,17:00,3,1
572,2024-07-06,21:00,1,7
572,2024-07-06,21:00,2,3
572,2024-07-06,21:00,3,4
573,2024-07-07,14:00,1,0
573,2024-07-07,14:00,2,2
573,2024-07-07,14:00,3,8
574,2024-07-07,17:00,1,8
574,2024-07-07,17:00,2,6
574,2024-07-07,17:00,3,0
575,2024-07-07,21:00,1,3
575,2024-07-07,21:00,2,2
575,2024-07-07,21:00,3,6
576,2024-07-08,14:00,1,5
576,2024-07-08,14:00,2,2
576,2024-07-08,14:00,3,7
577,2024-07-08,17:00,1,7
577,2024-07-08,17:00,2,3
577,2024-07-08,17:00,3,4
578,2024-07-08,21:00,1,8
578,2024-07-08,21:00,2,0
578,2024-07-08,21:00,3,3
579,2024-07-09,14:00,1,6
579,2024-07-09,14:00,2,0
579,2024-07-09,14:00,3,4
580,2024-07-09,17:00,1,6
580,2024-07-09,17:00,2,4
580,2024-07-09,17:00,3,8
581,2024-07-09,21:00,1,3
581,2024-07-09,21:00,2,8
581,2024-07-09,21:00,3,9
582,2024-07-10,14:00,1,8
582,2024-07-10,14:00,2,4
582,2024-07-10,14:00,3,7
583,2024-07-10,17:00,1,7
583,2024-07-10,17:00,2,7
583,2024-07-10,17:00,3,0
584,2024-07-10,21:00,1,6
584,2024-07-10,21:00,2,1
584,2024-07-10,21:00,3,6
585,2024-07-11,14:00,1,8
585,2024-07-11,14:00,2,9
585,2024-07-11,14:00,3,9
586,2024-07-11,17:00,1,5
586,2024-07-11,17:00,2,4
586,2024-07-11,17:00,3,3
587,2024-07-11,21:00,1,9
587,2024-07-11,21:00,2,4
587,2024-07-11,21:00,3,2
588,2024-07-12,14:00,1,8
588,2024-07-12,14:00,2,8
588,2024-07-12,14:00,3,0
589,2024-07-12,17:00,1,6
589,2024-07-12,17:00,2,9
589,2024-07-12,17:00,3,2
590,2024-07-12,21:00,1,7
590,2024-07-12,21:00,2,5
590,2024-07-12,21:00,3,8
591,2024-07-13,14:00,1,1
591,2024-07-13,14:00,2,9
591,2024-07-13,14:00,3,4
592,2024-07-13,17:00,1,0
592,2024-07-13,17:00,2,8
592,2024-07-13,17:00,3,6
593,2024-07-13,21:00,1,4
593,2024-07-13,21:00,2,0
593,2024-07-13,21:00,3,9
594,2024-07-14,14:00,1,8
594,2024-07-14,14:00,2,9
594,2024-07-14,14:00,3,7
595,2024-07-14,17:00,1,8
595,2024-07-14,17:00,2,7
595,2024-07-14,17:00,3,2
596,2024-07-14,21:00,1,7
596,2024-07-14,21:00,2,3
596,2024-07-14,21:00,3,6
597,2024-07-15,14:00,1,2
597,2024-07-15,14:00,2,6
597,2024-07-15,14:00,3,2
598,2024-07-15,17:00,1,3
598,2024-07-15,17:00,2,2
598,2024-07-15,17:00,3,6
599,2024-07-15,21:00,1,4
599,2024-07-15,21:00,2,7
599,2024-07-15,21:00,3,4
600,2024-07-16,14:00,1,7
600,2024-07-16,14:00,2,8
600,2024-07-16,14:00,3,1
601,2024-07-16,17:00,1,8
601,2024-07-16,17:00,2,5
601,2024-07-16,17:00,3,6
602,2024-07-16,21:00,1,8
602,2024-07-16,21:00,2,5
602,2024-07-16,21:00,3,0
603,2024-07-17,14:00,1,4
603,2024-07-17,14:00,2,1
603,2024-07-17,14:00,3,5
604,2024-07-17,17:00,1,7
604,2024-07-17,17:00,2,7
604,2024-07-17,17:00,3,3
605,2024-07-17,21:00,1,4
605,2024-07-17,21:00,2,0
605,2024-07-17,21:00,3,4
606,2024-07-18,14:00,1,0
606,2024-07-18,14:00,2,8
606,2024-07-18,14:00,3,2
607,2024-07-18,17:00,1,0
607,2024-07-18,17:00,2,2
607,2024-07-18,17:00,3,9
608,2024-07-18,21:00,1,6
608,2024-07-18,21:00,2,5
608,2024-07-18,21:00,3,0
609,2024-07-19,14:00,1,4
609,2024-07-19,14:00,2,4
609,2024-07-19,14:00,3,8
610,2024-07-19,17:00,1,0
610,2024-07-19,17:00,2,2
610,2024-07-19,17:00,3,9
611,2024-07-19,21:00,1,0
611,2024-07-19,21:00,2,7
611,2024-07-19,21:00,3,9
612,2024-07-20,14:00,1,2
612,2024-07-20,14:00,2,0
612,2024-07-20,14:00,3,7
613,2024-07-20,17:00,1,4
613,2024-07-20,17:00,2,0
613,2024-07-20,17:00,3,2
614,2024-07-20,21:00,1,9
614,2024-07-20,21:00,2,4
614,2024-07-20,21:00,3,6
615,2024-07-21,14:00,1,6
615,2024-07-21,14:00,2,2
615,2024-07-21,14:00,3,8
616,2024-07-21,17:00,1,4
616,2024-07-21,17:00,2,9
616,2024-07-21,17:00,3,9
617,2024-07-21,21:00,1,3
617,2024-07-21,21:00,2,2
617,2024-07-21,21:00,3,7
618,2024-07-22,14:00,1,5
618,2024-07-22,14:00,2,5
618,2024-07-22,14:00,3,5
619,2024-07-22,17:00,1,8
619,2024-07-22,17:00,2,6
619,2024-07-22,17:00,3,3
620,2024-07-22,21:00,1,3
620,2024-07-22,21:00,2,1
620,2024-07-22,21:00,3,5
621,2024-07-23,14:00,1,9
621,2024-07-23,14:00,2,4
621,2024-07-23,14:00,3,0
622,2024-07-23,17:00,1,6
622,2024-07-23,17:00,2,4
622,2024-07-23,17:00,3,6
623,2024-07-23,21:00,1,9
623,2024-07-23,21:00,2,0
623,2024-07-23,21:00,3,6
624,2024-07-24,14:00,1,1
624,2024-07-24,14:00,2,4
624,2024-07-24,14:00,3,2
625,2024-07-24,17:00,1,4
625,2024-07-24,17:00,2,5
625,2024-07-24,17:00,3,7
626,2024-07-24,21:00,1,6
626,2024-07-24,21:00,2,7
626,2024-07-24,21:00,3,9
627,2024-07-25,14:00,1,1
627,2024-07-25,14:00,2,6
627,2024-07-25,14:00,3,0
628,2024-07-25,17:00,1,0
628,2024-07-25,17:00,2,6
628,2024-07-25,17:00,3,7
629,2024-07-25,21:00,1,0
629,2024-07-25,21:00,2,0
629,2024-07-25,21:00,3,4
630,2024-07-26,14:00,1,8
630,2024-07-26,14:00,2,5
630,2024-07-26,14:00,3,1
631,2024-07-26,17:00,1,5
631,2024-07-26,17:00,2,6
631,2024-07-26,17:00,3,9
632,2024-07-26,21:00,1,8
632,2024-07-26,21:00,2,9
632,2024-07-26,21:00,3,6
633,2024-07-27,14:00,1,4
633,2024-07-27,14:00,2,9
633,2024-07-27,14:00,3,7
634,2024-07-27,17:00,1,5
634,2024-07-27,17:00,2,7
634,2024-07-27,17:00,3,1
635,2024-07-27,21:00,1,8
635,2024-07-27,21:00,2,5
635,2024-07-27,21:00,3,9
636,2024-07-28,14:00,1,7
636,2024-07-28,14:00,2,9
636,2024-07-28,14:00,3,6
637,2024-07-28,17:00,1,6
637,2024-07-28,17:00,2,0
637,2024-07-28,17:00,3,3
638,2024-07-28,21:00,1,1
638,2024-07-28,21:00,2,2
638,2024-07-28,21:00,3,0
639,2024-07-29,14:00,1,0
639,2024-07-29,14:00,2,4
639,2024-07-29,14:00,3,4
640,2024-07-29,17:00,1,9
640,2024-07-29,17:00,2,8
640,2024-07-29,17:00,3,6
641,2024-07-29,21:00,1,5
641,2024-07-29,21:00,2,7
641,2024-07-29,21:00,3,1
642,2024-07-30,14:00,1,5
642,2024-07-30,14:00,2,6
642,2024-07-30,14:00,3,4
643,2024-07-30,17:00,1,6
643,2024-07-30,17:00,2,8
643,2024-07-30,17:00,3,1
644,2024-07-30,21:00,1,4
644,2024-07-30,21:00,2,3
644,2024-07-30,21:00,3,1
645,2024-07-31,14:00,1,6
645,2024-07-31,14:00,2,3
645,2024-07-31,14:00,3,1
646,2024-07-31,17:00,1,4
646,2024-07-31,17:00,2,2
646,2024-07-31,17:00,3,2
647,2024-07-31,21:00,1,4
647,2024-07-31,21:00,2,2
647,2024-07-31,21:00,3,2
648,2024-08-01,14:00,1,3
648,2024-08-01,14:00,2,0
648,2024-08-01,14:00,3,7
649,2024-08-01,17:00,1,8
649,2024-08-01,17:00,2,9
649,2024-08-01,17:00,3,4
650,2024-08-01,21:00,1,3
650,2024-08-01,21:00,2,9
650,2024-08-01,21:00,3,0
651,2024-08-02,14:00,1,7
651,2024-08-02,14:00,2,7
651,2024-08-02,14:00,3,7
652,2024-08-02,17:00,1,3
652,2024-08-02,17:00,2,8
652,2024-08-02,17:00,3,7
653,2024-08-02,21:00,1,9
653,2024-08-02,21:00,2,7
653,2024-08-02,21:00,3,2
654,2024-08-03,14:00,1,2
654,2024-08-03,14:00,2,7
654,2024-08-03,14:00,3,3
655,2024-08-03,17:00,1,0
655,2024-08-03,17:00,2,8
655,2024-08-03,17:00,3,8
656,2024-08-03,21:00,1,9
656,2024-08-03,21:00,2,2
656,2024-08-03,21:00,3,4
657,2024-08-04,14:00,1,3
657,2024-08-04,14:00,2,3
657,2024-08-04,14:00,3,4
658,2024-08-04,17:00,1,5
658,2024-08-04,17:00,2,6
658,2024-08-04,17:00,3,1
659,2024-08-04,21:00,1,8
659,2024-08-04,21:00,2,8
659,2024-08-04,21:00,3,1
660,2024-08-05,14:00,1,0
660,2024-08-05,14:00,2,7
660,2024-08-05,14:00,3,5
661,2024-08-05,17:00,1,7
661,2024-08-05,17:00,2,4
661,2024-08-05,17:00,3,0
662,2024-08-05,21:00,1,8
662,2024-08-05,21:00,2,2
662,2024-08-05,21:00,3,7
663,2024-08-06,14:00,1,9
663,2024-08-06,14:00,2,7
663,2024-08-06,14:00,3,7
664,2024-08-06,17:00,1,4
664,2024-08-06,17:00,2,8
664,2024-08-06,17:00,3,3
665,2024-08-06,21:00,1,7
665,2024-08-06,21:00,2,3
665,2024-08-06,21:00,3,5
666,2024-08-07,14:00,1,7
666,2024-08-07,14:00,2,3
666,2024-08-07,14:00,3,8
667,2024-08-07,17:00,1,8
667,2024-08-07,17:00,2,6
667,2024-08-07,17:00,3,5
668,2024-08-07,21:00,1,4
668,2024-08-07,21:00,2,3
668,2024-08-07,21:00,3,5
669,2024-08-08,14:00,1,2
669,2024-08-08,14:00,2,4
669,2024-08-08,14:00,3,8
670,2024-08-08,17:00,1,9
670,2024-08-08,17:00,2,5
670,2024-08-08,17:00,3,8
671,2024-08-08,21:00,1,5
671,2024-08-08,21:00,2,5
671,2024-08-08,21:00,3,6
672,2024-08-09,14:00,1,2
672,2024-08-09,14:00,2,7
672,2024-08-09,14:00,3,6
673,2024-08-09,17:00,1,1
673,2024-08-09,17:00,2,6
673,2024-08-09,17:00,3,6
674,2024-08-09,21:00,1,0
674,2024-08-09,21:00,2,9
674,2024-08-09,21:00,3,5
675,2024-08-10,14:00,1,0
675,2024-08-10,14:00,2,8
675,2024-08-10,14:00,3,7
676,2024-08-10,17:00,1,4
676,2024-08-10,17:00,2,0
676,2024-08-10,17:00,3,7
677,2024-08-10,21:00,1,9
677,2024-08-10,21:00,2,3
677,2024-08-10,21:00,3,0
678,2024-08-11,14:00,1,1
678,2024-08-11,14:00,2,5
678,2024-08-11,14:00,3,9
679,2024-08-11,17:00,1,5
679,2024-08-11,17:00,2,7
679,2024-08-11,17:00,3,4
680,2024-08-11,21:00,1,8
680,2024-08-11,21:00,2,3
680,2024-08-11,21:00,3,1
681,2024-08-12,14:00,1,8
681,2024-08-12,14:00,2,0
681,2024-08-12,14:00,3,3
682,2024-08-12,17:00,1,3
682,2024-08-12,17:00,2,6
682,2024-08-12,17:00,3,7
683,2024-08-12,21:00,1,8
683,2024-08-12,21:00,2,4
683,2024-08-12,21:00,3,8
684,2024-08-13,14:00,1,6
684,2024-08-13,14:00,2,1
684,2024-08-13,14:00,3,2
685,2024-08-13,17:00,1,9
685,2024-08-13,17:00,2,0
685,2024-08-13,17:00,3,9
686,2024-08-13,21:00,1,2
686,2024-08-13,21:00,2,3
686,2024-08-13,21:00,3,5
687,2024-08-14,14:00,1,3
687,2024-08-14,14:00,2,5
687,2024-08-14,14:00,3,6
688,2024-08-14,17:00,1,3
688,2024-08-14,17:00,2,5
688,2024-08-14,17:00,3,5
689,2024-08-14,21:00,1,9
689,2024-08-14,21:00,2,2
689,2024-08-14,21:00,3,2
690,2024-08-15,14:00,1,5
690,2024-08-15,14:00,2,2
690,2024-08-15,14:00,3,5
691,2024-08-15,17:00,1,1
691,2024-08-15,17:00,2,3
691,2024-08-15,17:00,3,3
692,2024-08-15,21:00,1,3
692,2024-08-15,21:00,2,8
692,2024-08-15,21:00,3,8
693,2024-08-16,14:00,1,8
693,2024-08-16,14:00,2,9
693,2024-08-16,14:00,3,6
694,2024-08-16,17:00,1,7
694,2024-08-16,17:00,2,7
694,2024-08-16,17:00,3,3
695,2024-08-16,21:00,1,3
695,2024-08-16,21:00,2,3
695,2024-08-16,21:00,3,1
696,2024-08-17,14:00,1,3
696,2024-08-17,14:00,2,1
696,2024-08-17,14:00,3,4
697,2024-08-17,17:00,1,9
697,2024-08-17,17:00,2,9
697,2024-08-17,17:00,3,0
698,2024-08-17,21:00,1,2
698,2024-08-17,21:00,2,0
698,2024-08-17,21:00,3,1
699,2024-08-18,14:00,1,6
699,2024-08-18,14:00,2,1
699,2024-08-18,14:00,3,5
700,2024-08-18,17:00,1,7
700,2024-08-18,17:00,2,1
700,2024-08-18,17:00,3,6
701,2024-08-18,21:00,1,0
701,2024-08-18,21:00,2,2
701,2024-08-18,21:00,3,8
702,2024-08-19,14:00,1,4
702,2024-08-19,14:00,2,7
702,2024-08-19,14:00,3,1
703,2024-08-19,17:00,1,6
703,2024-08-19,17:00,2,9
703,2024-08-19,17:00,3,6
704,2024-08-19,21:00,1,4
704,2024-08-19,21:00,2,0
704,2024-08-19,21:00,3,8
705,2024-08-20,14:00,1,9
705,2024-08-20,14:00,2,6
705,2024-08-20,14:00,3,9
706,2024-08-20,17:00,1,4
706,2024-08-20,17:00,2,4
706,2024-08-20,17:00,3,4
707,2024-08-20,21:00,1,8
707,2024-08-20,21:00,2,9
707,2024-08-20,21:00,3,9
708,2024-08-21,14:00,1,8
708,2024-08-21,14:00,2,0
708,2024-08-21,14:00,3,9
709,2024-08-21,17:00,1,2
709,2024-08-21,17:00,2,9
709,2024-08-21,17:00,3,2
710,2024-08-21,21:00,1,7
710,2024-08-21,21:00,2,3
710,2024-08-21,21:00,3,9
711,2024-08-22,14:00,1,1
711,2024-08-22,14:00,2,7
711,2024-08-22,14:00,3,7
712,2024-08-22,17:00,1,7
712,2024-08-22,17:00,2,4
712,2024-08-22,17:00,3,6
713,2024-08-22,21:00,1,7
713,2024-08-22,21:00,2,0
713,2024-08-22,21:00,3,2
714,2024-08-23,14:00,1,0
714,2024-08-23,14:00,2,1
714,2024-08-23,14:00,3,3
715,2024-08-23,17:00,1,7
715,2024-08-23,17:00,2,7
715,2024-08-23,17:00,3,3
716,2024-08-23,21:00,1,2
716,2024-08-23,21:00,2,3
716,2024-08-23,21:00,3,1
717,2024-08-24,14:00,1,2
717,2024-08-24,14:00,2,8
717,2024-08-24,14:00,3,1
718,2024-08-24,17:00,1,5
718,2024-08-24,17:00,2,0
718,2024-08-24,17:00,3,7
719,2024-08-24,21:00,1,5
719,2024-08-24,21:00,2,7
719,2024-08-24,21:00,3,9
720,2024-08-25,14:00,1,3
720,2024-08-25,14:00,2,0
720,2024-08-25,14:00,3,1
721,2024-08-25,17:00,1,1
721,2024-08-25,17:00,2,4
721,2024-08-25,17:00,3,0
722,2024-08-25,21:00,1,9
722,2024-08-25,21:00,2,7
722,2024-08-25,21:00,3,4
723,2024-08-26,14:00,1,1
723,2024-08-26,14:00,2,8
723,2024-08-26,14:00,3,8
724,2024-08-26,17:00,1,2
724,2024-08-26,17:00,2,4
724,2024-08-26,17:00,3,0
725,2024-08-26,21:00,1,7
725,2024-08-26,21:00,2,4
725,2024-08-26,21:00,3,2
726,2024-08-27,14:00,1,1
726,2024-08-27,14:00,2,1
726,2024-08-27,14:00,3,0
727,2024-08-27,17:00,1,5
727,2024-08-27,17:00,2,4
727,2024-08-27,17:00,3,3
728,2024-08-27,21:00,1,3
728,2024-08-27,21:00,2,7
728,2024-08-27,21:00,3,5
729,2024-08-28,14:00,1,5
729,2024-08-28,14:00,2,6
729,2024-08-28,14:00,3,0
730,2024-08-28,17:00,1,9
730,2024-08-28,17:00,2,6
730,2024-08-28,17:00,3,3
731,2024-08-28,21:00,1,9
731,2024-08-28,21:00,2,0
731,2024-08-28,21:00,3,1
732,2024-08-29,14:00,1,2
732,2024-08-29,14:00,2,4
732,2024-08-29,14:00,3,2
733,2024-08-29,17:00,1,4
733,2024-08-29,17:00,2,4
733,2024-08-29,17:00,3,4
734,2024-08-29,21:00,1,7
734,2024-08-29,21:00,2,5
734,2024-08-29,21:00,3,7
735,2024-08-30,14:00,1,0
735,2024-08-30,14:00,2,1
735,2024-08-30,14:00,3,4
736,2024-08-30,17:00,1,7
736,2024-08-30,17:00,2,3
736,2024-08-30,17:00,3,7
737,2024-08-30,21:00,1,1
737,2024-08-30,21:00,2,2
737,2024-08-30,21:00,3,6
738,2024-08-31,14:00,1,8
738,2024-08-31,14:00,2,6
738,2024-08-31,14:00,3,2
739,2024-08-31,17:00,1,1
739,2024-08-31,17:00,2,6
739,2024-08-31,17:00,3,0
740,2024-08-31,21:00,1,9
740,2024-08-31,21:00,2,6
740,2024-08-31,21:00,3,8
741,2024-09-01,14:00,1,8
741,2024-09-01,14:00,2,4
741,2024-09-01,14:00,3,1
742,2024-09-01,17:00,1,0
742,2024-09-01,17:00,2,6
742,2024-09-01,17:00,3,6
743,2024-09-01,21:00,1,7
743,2024-09-01,21:00,2,5
743,2024-09-01,21:00,3,8
744,2024-09-02,14:00,1,3
744,2024-09-02,14:00,2,0
744,2024-09-02,14:00,3,4
745,2024-09-02,17:00,1,7
745,2024-09-02,17:00,2,4
745,2024-09-02,17:00,3,9
746,2024-09-02,21:00,1,6
746,2024-09-02,21:00,2,7
746,2024-09-02,21:00,3,1
747,2024-09-03,14:00,1,3
747,2024-09-03,14:00,2,8
747,2024-09-03,14:00,3,9
748,2024-09-03,17:00,1,0
748,2024-09-03,17:00,2,1
748,2024-09-03,17:00,3,9
749,2024-09-03,21:00,1,1
749,2024-09-03,21:00,2,9
749,2024-09-03,21:00,3,1
750,2024-09-04,14:00,1,2
750,2024-09-04,14:00,2,4
750,2024-09-04,14:00,3,2
751,2024-09-04,17:00,1,0
751,2024-09-04,17:00,2,8
751,2024-09-04,17:00,3,5
752,2024-09-04,21:00,1,0
752,2024-09-04,21:00,2,1
752,2024-09-04,21:00,3,7
753,2024-09-05,14:00,1,4
753,2024-09-05,14:00,2,9
753,2024-09-05,14:00,3,4
754,2024-09-05,17:00,1,9
754,2024-09-05,17:00,2,3
754,2024-09-05,17:00,3,6
755,2024-09-05,21:00,1,7
755,2024-09-05,21:00,2,5
755,2024-09-05,21:00,3,1
756,2024-09-06,14:00,1,4
756,2024-09-06,14:00,2,9
756,2024-09-06,14:00,3,2
757,2024-09-06,17:00,1,5
757,2024-09-06,17:00,2,3
757,2024-09-06,17:00,3,4
758,2024-09-06,21:00,1,9
758,2024-09-06,21:00,2,1
758,2024-09-06,21:00,3,1
759,2024-09-07,14:00,1,7
759,2024-09-07,14:00,2,8
759,2024-09-07,14:00,3,4
760,2024-09-07,17:00,1,5
760,2024-09-07,17:00,2,3
760,2024-09-07,17:00,3,7
761,2024-09-07,21:00,1,6
761,2024-09-07,21:00,2,5
761,2024-09-07,21:00,3,5
762,2024-09-08,14:00,1,6
762,2024-09-08,14:00,2,4
762,2024-09-08,14:00,3,1
763,2024-09-08,17:00,1,5
763,2024-09-08,17:00,2,1
763,2024-09-08,17:00,3,0
764,2024-09-08,21:00,1,5
764,2024-09-08,21:00,2,4
764,2024-09-08,21:00,3,5
765,2024-09-09,14:00,1,1
765,2024-09-09,14:00,2,8
765,2024-09-09,14:00,3,5
766,2024-09-09,17:00,1,5
766,2024-09-09,17:00,2,6
766,2024-09-09,17:00,3,6
767,2024-09-09,21:00,1,9
767,2024-09-09,21:00,2,3
767,2024-09-09,21:00,3,3
768,2024-09-10,14:00,1,5
768,2024-09-10,14:00,2,1
768,2024-09-10,14:00,3,6
769,2024-09-10,17:00,1,4
769,2024-09-10,17:00,2,9
769,2024-09-10,17:00,3,0
770,2024-09-10,21:00,1,9
770,2024-09-10,21:00,2,4
770,2024-09-10,21:00,3,9
771,2024-09-11,14:00,1,4
771,2024-09-11,14:00,2,4
771,2024-09-11,14:00,3,6
772,2024-09-11,17:00,1,6
772,2024-09-11,17:00,2,1
772,2024-09-11,17:00,3,3
773,2024-09-11,21:00,1,6
773,2024-09-11,21:00,2,2
773,2024-09-11,21:00,3,9
774,2024-09-12,14:00,1,5
774,2024-09-12,14:00,2,1
774,2024-09-12,14:00,3,3
775,2024-09-12,17:00,1,3
775,2024-09-12,17:00,2,5
775,2024-09-12,17:00,3,2
776,2024-09-12,21:00,1,0
776,2024-09-12,21:00,2,1
776,2024-09-12,21:00,3,4
777,2024-09-13,14:00,1,6
777,2024-09-13,14:00,2,6
777,2024-09-13,14:00,3,1
778,2024-09-13,17:00,1,8
778,2024-09-13,17:00,2,3
778,2024-09-13,17:00,3,2
779,2024-09-13,21:00,1,2
779,2024-09-13,21:00,2,6
779,2024-09-13,21:00,3,3
780,2024-09-14,14:00,1,1
780,2024-09-14,14:00,2,2
780,2024-09-14,14:00,3,9
781,2024-09-14,17:00,1,9
781,2024-09-14,17:00,2,9
781,2024-09-14,17:00,3,8
782,2024-09-14,21:00,1,7
782,2024-09-14,21:00,2,3
782,2024-09-14,21:00,3,2
783,2024-09-15,14:00,1,9
783,2024-09-15,14:00,2,3
783,2024-09-15,14:00,3,2
784,2024-09-15,17:00,1,7
784,2024-09-15,17:00,2,6
784,2024-09-15,17:00,3,7
785,2024-09-15,21:00,1,1
785,2024-09-15,21:00,2,1
785,2024-09-15,21:00,3,8
786,2024-09-16,14:00,1,2
786,2024-09-16,14:00,2,2
786,2024-09-16,14:00,3,5
787,2024-09-16,17:00,1,3
787,2024-09-16,17:00,2,0
787,2024-09-16,17:00,3,8
788,2024-09-16,21:00,1,4
788,2024-09-16,21:00,2,4
788,2024-09-16,21:00,3,2
789,2024-09-17,14:00,1,3
789,2024-09-17,14:00,2,1
789,2024-09-17,14:00,3,6
790,2024-09-17,17:00,1,1
790,2024-09-17,17:00,2,4
790,2024-09-17,17:00,3,8
791,2024-09-17,21:00,1,4
791,2024-09-17,21:00,2,0
791,2024-09-17,21:00,3,0
792,2024-09-18,14:00,1,4
792,2024-09-18,14:00,2,9
792,2024-09-18,14:00,3,5
793,2024-09-18,17:00,1,2
793,2024-09-18,17:00,2,9
793,2024-09-18,17:00,3,3
794,2024-09-18,21:00,1,0
794,2024-09-18,21:00,2,6
794,2024-09-18,21:00,3,4
795,2024-09-19,14:00,1,1
795,2024-09-19,14:00,2,6
795,2024-09-19,14:00,3,2
796,2024-09-19,17:00,1,8
796,2024-09-19,17:00,2,2
796,2024-09-19,17:00,3,0
797,2024-09-19,21:00,1,2
797,2024-09-19,21:00,2,1
797,2024-09-19,21:00,3,3
798,2024-09-20,14:00,1,9
798,2024-09-20,14:00,2,2
798,2024-09-20,14:00,3,9
799,2024-09-20,17:00,1,1
799,2024-09-20,17:00,2,9
799,2024-09-20,17:00,3,8
800,2024-09-20,21:00,1,2
800,2024-09-20,21:00,2,7
800,2024-09-20,21:00,3,5
801,2024-09-21,14:00,1,6
801,2024-09-21,14:00,2,8
801,2024-09-21,14:00,3,4
802,2024-09-21,17:00,1,9
802,2024-09-21,17:00,2,0
802,2024-09-21,17:00,3,5
803,2024-09-21,21:00,1,9
803,2024-09-21,21:00,2,2
803,2024-09-21,21:00,3,4
804,2024-09-22,14:00,1,5
804,2024-09-22,14:00,2,0
804,2024-09-22,14:00,3,2
805,2024-09-22,17:00,1,4
805,2024-09-22,17:00,2,0
805,2024-09-22,17:00,3,2
806,2024-09-22,21:00,1,7
806,2024-09-22,21:00,2,5
806,2024-09-22,21:00,3,3
807,2024-09-23,14:00,1,8
807,2024-09-23,14:00,2,7
807,2024-09-23,14:00,3,7
808,2024-09-23,17:00,1,3
808,2024-09-23,17:00,2,4
808,2024-09-23,17:00,3,2
809,2024-09-23,21:00,1,6
809,2024-09-23,21:00,2,1
809,2024-09-23,21:00,3,5
810,2024-09-24,14:00,1,7
810,2024-09-24,14:00,2,6
810,2024-09-24,14:00,3,9
811,2024-09-24,17:00,1,3
811,2024-09-24,17:00,2,2
811,2024-09-24,17:00,3,8
812,2024-09-24,21:00,1,3
812,2024-09-24,21:00,2,4
812,2024-09-24,21:00,3,7
813,2024-09-25,14:00,1,1
813,2024-09-25,14:00,2,2
813,2024-09-25,14:00,3,2
814,2024-09-25,17:00,1,4
814,2024-09-25,17:00,2,1
814,2024-09-25,17:00,3,5
815,2024-09-25,21:00,1,2
815,2024-09-25,21:00,2,2
815,2024-09-25,21:00,3,3
816,2024-09-26,14:00,1,1
816,2024-09-26,14:00,2,3
816,2024-09-26,14:00,3,9
817,2024-09-26,17:00,1,1
817,2024-09-26,17:00,2,3
817,2024-09-26,17:00,3,0
818,2024-09-26,21:00,1,2
818,2024-09-26,21:00,2,2
818,2024-09-26,21:00,3,9
819,2024-09-27,14:00,1,4
819,2024-09-27,14:00,2,5
819,2024-09-27,14:00,3,7
820,2024-09-27,17:00,1,7
820,2024-09-27,17:00,2,0
820,2024-09-27,17:00,3,3
821,2024-09-27,21:00,1,7
821,2024-09-27,21:00,2,0
821,2024-09-27,21:00,3,3
822,2024-09-28,14:00,1,3
822,2024-09-28,14:00,2,2
822,2024-09-28,14:00,3,2
823,2024-09-28,17:00,1,5
823,2024-09-28,17:00,2,5
823,2024-09-28,17:00,3,6
824,2024-09-28,21:00,1,2
824,2024-09-28,21:00,2,4
824,2024-09-28,21:00,3,0
825,2024-09-29,14:00,1,3
825,2024-09-29,14:00,2,1
825,2024-09-29,14:00,3,1
826,2024-09-29,17:00,1,0
826,2024-09-29,17:00,2,8
826,2024-09-29,17:00,3,6
827,2024-09-29,21:00,1,7
827,2024-09-29,21:00,2,5
827,2024-09-29,21:00,3,1
828,2024-09-30,14:00,1,3
828,2024-09-30,14:00,2,7
828,2024-09-30,14:00,3,1
829,2024-09-30,17:00,1,7
829,2024-09-30,17:00,2,7
829,2024-09-30,17:00,3,2
830,2024-09-30,21:00,1,3
830,2024-09-30,21:00,2,0
830,2024-09-30,21:00,3,1
831,2024-10-01,14:00,1,9
831,2024-10-01,14:00,2,3
831,2024-10-01,14:00,3,4
832,2024-10-01,17:00,1,8
832,2024-10-01,17:00,2,3
832,2024-10-01,17:00,3,1
833,2024-10-01,21:00,1,8
833,2024-10-01,21:00,2,2
833,2024-10-01,21:00,3,0
834,2024-10-02,14:00,1,8
834,2024-10-02,14:00,2,1
834,2024-10-02,14:00,3,2
835,2024-10-02,17:00,1,7
835,2024-10-02,17:00,2,7
835,2024-10-02,17:00,3,8
836,2024-10-02,21:00,1,2
836,2024-10-02,21:00,2,6
836,2024-10-02,21:00,3,6
837,2024-10-03,14:00,1,5
837,2024-10-03,14:00,2,2
837,2024-10-03,14:00,3,7
838,2024-10-03,17:00,1,0
838,2024-10-03,17:00,2,5
838,2024-10-03,17:00,3,6
839,2024-10-03,21:00,1,3
839,2024-10-03,21:00,2,0
839,2024-10-03,21:00,3,8
840,2024-10-04,14:00,1,6
840,2024-10-04,14:00,2,0
840,2024-10-04,14:00,3,8
841,2024-10-04,17:00,1,6
841,2024-10-04,17:00,2,6
841,2024-10-04,17:00,3,9
842,2024-10-04,21:00,1,8
842,2024-10-04,21:00,2,3
842,2024-10-04,21:00,3,2
843,2024-10-05,14:00,1,7
843,2024-10-05,14:00,2,0
843,2024-10-05,14:00,3,0
844,2024-10-05,17:00,1,7
844,2024-10-05,17:00,2,2
844,2024-10-05,17:00,3,8
845,2024-10-05,21:00,1,2
845,2024-10-05,21:00,2,8
845,2024-10-05,21:00,3,3
846,2024-10-06,14:00,1,5
846,2024-10-06,14:00,2,0
846,2024-10-06,14:00,3,2
847,2024-10-06,17:00,1,1
847,2024-10-06,17:00,2,8
847,2024-10-06,17:00,3,0
848,2024-10-06,21:00,1,2
848,2024-10-06,21:00,2,5
848,2024-10-06,21:00,3,1
849,2024-10-07,14:00,1,1
849,2024-10-07,14:00,2,4
849,2024-10-07,14:00,3,6
850,2024-10-07,17:00,1,3
850,2024-10-07,17:00,2,8
850,2024-10-07,17:00,3,8
851,2024-10-07,21:00,1,2
851,2024-10-07,21:00,2,6
851,2024-10-07,21:00,3,7
852,2024-10-08,14:00,1,6
852,2024-10-08,14:00,2,2
852,2024-10-08,14:00,3,7
853,2024-10-08,17:00,1,7
853,2024-10-08,17:00,2,1
853,2024-10-08,17:00,3,1
854,2024-10-08,21:00,1,6
854,2024-10-08,21:00,2,6
854,2024-10-08,21:00,3,6
855,2024-10-09,14:00,1,3
855,2024-10-09,14:00,2,4
855,2024-10-09,14:00,3,8
856,2024-10-09,17:00,1,2
856,2024-10-09,17:00,2,0
856,2024-10-09,17:00,3,9
857,2024-10-09,21:00,1,7
857,2024-10-09,21:00,2,3
857,2024-10-09,21:00,3,4
858,2024-10-10,14:00,1,9
858,2024-10-10,14:00,2,7
858,2024-10-10,14:00,3,2
859,2024-10-10,17:00,1,8
859,2024-10-10,17:00,2,3
859,2024-10-10,17:00,3,4
860,2024-10-10,21:00,1,3
860,2024-10-10,21:00,2,1
860,2024-10-10,21:00,3,0
861,2024-10-11,14:00,1,9
861,2024-10-11,14:00,2,7
861,2024-10-11,14:00,3,5
862,2024-10-11,17:00,1,0
862,2024-10-11,17:00,2,0
862,2024-10-11,17:00,3,6
863,2024-10-11,21:00,1,5
863,2024-10-11,21:00,2,3
863,2024-10-11,21:00,3,3
864,2024-10-12,14:00,1,4
864,2024-10-12,14:00,2,1
864,2024-10-12,14:00,3,7
865,2024-10-12,17:00,1,7
865,2024-10-12,17:00,2,7
865,2024-10-12,17:00,3,4
866,2024-10-12,21:00,1,6
866,2024-10-12,21:00,2,7
866,2024-10-12,21:00,3,1
867,2024-10-13,14:00,1,7
867,2024-10-13,14:00,2,3
867,2024-10-13,14:00,3,8
868,2024-10-13,17:00,1,4
868,2024-10-13,17:00,2,5
868,2024-10-13,17:00,3,0
869,2024-10-13,21:00,1,4
869,2024-10-13,21:00,2,4
869,2024-10-13,21:00,3,3
870,2024-10-14,14:00,1,2
870,2024-10-14,14:00,2,7
870,2024-10-14,14:00,3,8
871,2024-10-14,17:00,1,2
871,2024-10-14,17:00,2,7
871,2024-10-14,17:00,3,1
872,2024-10-14,21:00,1,1
872,2024-10-14,21:00,2,5
872,2024-10-14,21:00,3,9
873,2024-10-15,14:00,1,0
873,2024-10-15,14:00,2,0
873,2024-10-15,14:00,3,4
874,2024-10-15,17:00,1,8
874,2024-10-15,17:00,2,3
874,2024-10-15,17:00,3,8
875,2024-10-15,21:00,1,7
875,2024-10-15,21:00,2,0
875,2024-10-15,21:00,3,1
876,2024-10-16,14:00,1,9
876,2024-10-16,14:00,2,7
876,2024-10-16,14:00,3,3
877,2024-10-16,17:00,1,8
877,2024-10-16,17:00,2,2
877,2024-10-16,17:00,3,1
878,2024-10-16,21:00,1,7
878,2024-10-16,21:00,2,3
878,2024-10-16,21:00,3,9
879,2024-10-17,14:00,1,0
879,2024-10-17,14:00,2,7
879,2024-10-17,14:00,3,7
880,2024-10-17,17:00,1,4
880,2024-10-17,17:00,2,4
880,2024-10-17,17:00,3,6
881,2024-10-17,21:00,1,0
881,2024-10-17,21:00,2,3
881,2024-10-17,21:00,3,2
882,2024-10-18,14:00,1,5
882,2024-10-18,14:00,2,9
882,2024-10-18,14:00,3,8
883,2024-10-18,17:00,1,1
883,2024-10-18,17:00,2,0
883,2024-10-18,17:00,3,9
884,2024-10-18,21:00,1,8
884,2024-10-18,21:00,2,1
884,2024-10-18,21:00,3,2
885,2024-10-19,14:00,1,9
885,2024-10-19,14:00,2,9
885,2024-10-19,14:00,3,8
886,2024-10-19,17:00,1,2
886,2024-10-19,17:00,2,9
886,2024-10-19,17:00,3,0
887,2024-10-19,21:00,1,0
887,2024-10-19,21:00,2,9
887,2024-10-19,21:00,3,3
888,2024-10-20,14:00,1,6
888,2024-10-20,14:00,2,6
888,2024-10-20,14:00,3,4
889,2024-10-20,17:00,1,5
889,2024-10-20,17:00,2,7
889,2024-10-20,17:00,3,9
890,2024-10-20,21:00,1,3
890,2024-10-20,21:00,2,4
890,2024-10-20,21:00,3,9
891,2024-10-21,14:00,1,9
891,2024-10-21,14:00,2,9
891,2024-10-21,14:00,3,6
892,2024-10-21,17:00,1,6
892,2024-10-21,17:00,2,8
892,2024-10-21,17:00,3,7
893,2024-10-21,21:00,1,6
893,2024-10-21,21:00,2,5
893,2024-10-21,21:00,3,3
894,2024-10-22,14:00,1,8
894,2024-10-22,14:00,2,7
894,2024-10-22,14:00,3,4
895,2024-10-22,17:00,1,6
895,2024-10-22,17:00,2,7
895,2024-10-22,17:00,3,0
896,2024-10-22,21:00,1,2
896,2024-10-22,21:00,2,2
896,2024-10-22,21:00,3,9
897,2024-10-23,14:00,1,8
897,2024-10-23,14:00,2,2
897,2024-10-23,14:00,3,6
898,2024-10-23,17:00,1,3
898,2024-10-23,17:00,2,4
898,2024-10-23,17:00,3,2
899,2024-10-23,21:00,1,8
899,2024-10-23,21:00,2,0
899,2024-10-23,21:00,3,4
900,2024-10-24,14:00,1,9
900,2024-10-24,14:00,2,5
900,2024-10-24,14:00,3,4
901,2024-10-24,17:00,1,0
901,2024-10-24,17:00,2,3
901,2024-10-24,17:00,3,6
902,2024-10-24,21:00,1,8
902,2024-10-24,21:00,2,7
902,2024-10-24,21:00,3,4
903,2024-10-25,14:00,1,7
903,2024-10-25,14:00,2,6
903,2024-10-25,14:00,3,9
904,2024-10-25,17:00,1,0
904,2024-10-25,17:00,2,4
904,2024-10-25,17:00,3,2
905,2024-10-25,21:00,1,6
905,2024-10-25,21:00,2,3
905,2024-10-25,21:00,3,2
906,2024-10-26,14:00,1,6
906,2024-10-26,14:00,2,6
906,2024-10-26,14:00,3,5
907,2024-10-26,17:00,1,4
907,2024-10-26,17:00,2,9
907,2024-10-26,17:00,3,2
908,2024-10-26,21:00,1,4
908,2024-10-26,21:00,2,4
908,2024-10-26,21:00,3,7
909,2024-10-27,14:00,1,3
909,2024-10-27,14:00,2,1
909,2024-10-27,14:00,3,2
910,2024-10-27,17:00,1,8
910,2024-10-27,17:00,2,7
910,2024-10-27,17:00,3,6
911,2024-10-27,21:00,1,4
911,2024-10-27,21:00,2,7
911,2024-10-27,21:00,3,0
912,2024-10-28,14:00,1,0
912,2024-10-28,14:00,2,3
912,2024-10-28,14:00,3,0
913,2024-10-28,17:00,1,1
913,2024-10-28,17:00,2,4
913,2024-10-28,17:00,3,1
914,2024-10-28,21:00,1,4
914,2024-10-28,21:00,2,9
914,2024-10-28,21:00,3,5
915,2024-10-29,14:00,1,8
915,2024-10-29,14:00,2,5
915,2024-10-29,14:00,3,5
916,2024-10-29,17:00,1,5
916,2024-10-29,17:00,2,0
916,2024-10-29,17:00,3,6
917,2024-10-29,21:00,1,6
917,2024-10-29,21:00,2,6
917,2024-10-29,21:00,3,8
918,2024-10-30,14:00,1,2
918,2024-10-30,14:00,2,8
918,2024-10-30,14:00,3,2
919,2024-10-30,17:00,1,1
919,2024-10-30,17:00,2,8
919,2024-10-30,17:00,3,6
920,2024-10-30,21:00,1,3
920,2024-10-30,21:00,2,0
920,2024-10-30,21:00,3,8
921,2024-10-31,14:00,1,1
921,2024-10-31,14:00,2,2
921,2024-10-31,14:00,3,4
922,2024-10-31,17:00,1,3
922,2024-10-31,17:00,2,6
922,2024-10-31,17:00,3,6
923,2024-10-31,21:00,1,9
923,2024-10-31,21:00,2,7
923,2024-10-31,21:00,3,4
924,2024-11-01,14:00,1,2
924,2024-11-01,14:00,2,6
924,2024-11-01,14:00,3,3
925,2024-11-01,17:00,1,6
925,2024-11-01,17:00,2,8
925,2024-11-01,17:00,3,8
926,2024-11-01,21:00,1,7
926,2024-11-01,21:00,2,8
926,2024-11-01,21:00,3,6
927,2024-11-02,14:00,1,0
927,2024-11-02,14:00,2,7
927,2024-11-02,14:00,3,7
928,2024-11-02,17:00,1,5
928,2024-11-02,17:00,2,5
928,2024-11-02,17:00,3,6
929,2024-11-02,21:00,1,2
929,2024-11-02,21:00,2,1
929,2024-11-02,21:00,3,9
930,2024-11-03,14:00,1,5
930,2024-11-03,14:00,2,2
930,2024-11-03,14:00,3,7
931,2024-11-03,17:00,1,5
931,2024-11-03,17:00,2,4
931,2024-11-03,17:00,3,2
932,2024-11-03,21:00,1,9
932,2024-11-03,21:00,2,3
932,2024-11-03,21:00,3,0
933,2024-11-04,14:00,1,6
933,2024-11-04,14:00,2,5
933,2024-11-04,14:00,3,3
934,2024-11-04,17:00,1,5
934,2024-11-04,17:00,2,2
934,2024-11-04,17:00,3,4
935,2024-11-04,21:00,1,1
935,2024-11-04,21:00,2,6
935,2024-11-04,21:00,3,5
936,2024-11-05,14:00,1,1
936,2024-11-05,14:00,2,4
936,2024-11-05,14:00,3,6
937,2024-11-05,17:00,1,5
937,2024-11-05,17:00,2,1
937,2024-11-05,17:00,3,8
938,2024-11-05,21:00,1,7
938,2024-11-05,21:00,2,2
938,2024-11-05,21:00,3,1
939,2024-11-06,14:00,1,9
939,2024-11-06,14:00,2,6
939,2024-11-06,14:00,3,8
940,2024-11-06,17:00,1,2
940,2024-11-06,17:00,2,7
940,2024-11-06,17:00,3,5
941,2024-11-06,21:00,1,2
941,2024-11-06,21:00,2,6
941,2024-11-06,21:00,3,6
942,2024-11-07,14:00,1,7
942,2024-11-07,14:00,2,4
942,2024-11-07,14:00,3,2
943,2024-11-07,17:00,1,7
943,2024-11-07,17:00,2,6
943,2024-11-07,17:00,3,1
944,2024-11-07,21:00,1,9
944,2024-11-07,21:00,2,0
944,2024-11-07,21:00,3,4
945,2024-11-08,14:00,1,4
945,2024-11-08,14:00,2,6
945,2024-11-08,14:00,3,5
946,2024-11-08,17:00,1,9
946,2024-11-08,17:00,2,5
946,2024-11-08,17:00,3,4
947,2024-11-08,21:00,1,8
947,2024-11-08,21:00,2,9
947,2024-11-08,21:00,3,4
948,2024-11-09,14:00,1,7
948,2024-11-09,14:00,2,7
948,2024-11-09,14:00,3,1
949,2024-11-09,17:00,1,0
949,2024-11-09,17:00,2,2
949,2024-11-09,17:00,3,6
950,2024-11-09,21:00,1,6
950,2024-11-09,21:00,2,5
950,2024-11-09,21:00,3,2
951,2024-11-10,14:00,1,5
951,2024-11-10,14:00,2,5
951,2024-11-10,14:00,3,7
952,2024-11-10,17:00,1,4
952,2024-11-10,17:00,2,6
952,2024-11-10,17:00,3,4
953,2024-11-11,14:00,1,2
953,2024-11-11,14:00,2,6
953,2024-11-11,14:00,3,0
954,2024-11-11,17:00,1,1
954,2024-11-11,17:00,2,9
954,2024-11-11,17:00,3,7
955,2024-11-12,14:00,1,7
955,2024-11-12,14:00,2,8
955,2024-11-12,14:00,3,9
956,2024-11-12,17:00,1,0
956,2024-11-12,17:00,2,9
956,2024-11-12,17:00,3,9
957,2024-11-13,14:00,1,2
957,2024-11-13,14:00,2,2
957,2024-11-13,14:00,3,6
958,2024-11-13,17:00,1,9
958,2024-11-13,17:00,2,5
958,2024-11-13,17:00,3,0
959,2024-11-14,14:00,1,8
959,2024-11-14,14:00,2,1
959,2024-11-14,14:00,3,7
960,2024-11-14,17:00,1,1
960,2024-11-14,17:00,2,0
960,2024-11-14,17:00,3,4
961,2024-11-15,14:00,1,9
961,2024-11-15,14:00,2,2
961,2024-11-15,14:00,3,1
962,2024-11-15,17:00,1,1
962,2024-11-15,17:00,2,8
962,2024-11-15,17:00,3,3
963,2024-11-16,14:00,1,2
963,2024-11-16,14:00,2,7
963,2024-11-16,14:00,3,8
964,2024-11-16,17:00,1,5
964,2024-11-16,17:00,2,6
964,2024-11-16,17:00,3,2
965,2024-11-17,14:00,1,7
965,2024-11-17,14:00,2,0
965,2024-11-17,14:00,3,1
966,2024-11-17,17:00,1,3
966,2024-11-17,17:00,2,3
966,2024-11-17,17:00,3,5
967,2024-11-18,14:00,1,0
967,2024-11-18,14:00,2,5
967,2024-11-18,14:00,3,2
968,2024-11-18,17:00,1,8
968,2024-11-18,17:00,2,9
968,2024-11-18,17:00,3,6
969,2024-11-19,14:00,1,0
969,2024-11-19,14:00,2,6
969,2024-11-19,14:00,3,8
970,2024-11-19,17:00,1,7
970,2024-11-19,17:00,2,8
970,2024-11-19,17:00,3,5
971,2024-11-20,14:00,1,7
971,2024-11-20,14:00,2,9
971,2024-11-20,14:00,3,2
972,2024-11-20,17:00,1,0
972,2024-11-20,17:00,2,7
972,2024-11-20,17:00,3,7
973,2024-11-21,14:00,1,3
973,2024-11-21,14:00,2,6
973,2024-11-21,14:00,3,6
974,2024-11-21,17:00,1,3
974,2024-11-21,17:00,2,9
974,2024-11-21,17:00,3,5
975,2024-11-22,14:00,1,6
975,2024-11-22,14:00,2,9
975,2024-11-22,14:00,3,6
976,2024-11-22,17:00,1,6
976,2024-11-22,17:00,2,1
976,2024-11-22,17:00,3,4
977,2024-11-23,14:00,1,8
977,2024-11-23,14:00,2,7
977,2024-11-23,14:00,3,5
978,2024-11-23,17:00,1,4
978,2024-11-23,17:00,2,6
978,2024-11-23,17:00,3,0
979,2024-11-24,14:00,1,8
979,2024-11-24,14:00,2,4
979,2024-11-24,14:00,3,0
980,2024-11-24,17:00,1,9
980,2024-11-24,17:00,2,1
980,2024-11-24,17:00,3,6
981,2024-11-25,14:00,1,4
981,2024-11-25,14:00,2,2
981,2024-11-25,14:00,3,7
982,2024-11-25,17:00,1,7
982,2024-11-25,17:00,2,9
982,2024-11-25,17:00,3,0
983,2024-11-25,21:00,1,3
983,2024-11-25,21:00,2,4
983,2024-11-25,21:00,3,4
984,2024-11-26,14:00,1,3
984,2024-11-26,14:00,2,0
984,2024-11-26,14:00,3,5
985,2024-11-26,17:00,1,9
985,2024-11-26,17:00,2,1
985,2024-11-26,17:00,3,0
986,2024-11-26,21:00,1,9
986,2024-11-26,21:00,2,1
986,2024-11-26,21:00,3,7
987,2024-11-27,14:00,1,6
987,2024-11-27,14:00,2,4
987,2024-11-27,14:00,3,9
988,2024-11-27,17:00,1,0
988,2024-11-27,17:00,2,5
988,2024-11-27,17:00,3,1
989,2024-11-27,21:00,1,4
989,2024-11-27,21:00,2,7
989,2024-11-27,21:00,3,8
990,2024-11-28,14:00,1,4
990,2024-11-28,14:00,2,5
990,2024-11-28,14:00,3,0
991,2024-11-28,17:00,1,6
991,2024-11-28,17:00,2,0
991,2024-11-28,17:00,3,6
992,2024-11-28,21:00,1,5
992,2024-11-28,21:00,2,8
992,2024-11-28,21:00,3,3
993,2024-11-29,14:00,1,6
993,2024-11-29,14:00,2,9
993,2024-11-29,14:00,3,3
994,2024-11-29,17:00,1,2
994,2024-11-29,17:00,2,0
994,2024-11-29,17:00,3,9
995,2024-11-29,21:00,1,6
995,2024-11-29,21:00,2,7
995,2024-11-29,21:00,3,4
996,2024-11-30,14:00,1,3
996,2024-11-30,14:00,2,8
996,2024-11-30,14:00,3,3
997,2024-11-30,17:00,1,3
997,2024-11-30,17:00,2,8
997,2024-11-30,17:00,3,9
998,2024-11-30,21:00,1,4
998,2024-11-30,21:00,2,8
998,2024-11-30,21:00,3,6
999,2024-12-01,14:00,1,2
999,2024-12-01,14:00,2,9
999,2024-12-01,14:00,3,7
1000,2024-12-01,17:00,1,5
1000,2024-12-01,17:00,2,4
1000,2024-12-01,17:00,3,4
1001,2024-12-01,21:00,1,6
1001,2024-12-01,21:00,2,1
1001,2024-12-01,21:00,3,6
1002,2024-12-02,14:00,1,9
1002,2024-12-02,14:00,2,0
1002,2024-12-02,14:00,3,7
1003,2024-12-02,17:00,1,3
1003,2024-12-02,17:00,2,1
1003,2024-12-02,17:00,3,9
1004,2024-12-02,21:00,1,1
1004,2024-12-02,21:00,2,7
1004,2024-12-02,21:00,3,2
1005,2024-12-03,14:00,1,1
1005,2024-12-03,14:00,2,7
1005,2024-12-03,14:00,3,9
1006,2024-12-03,17:00,1,0
1006,2024-12-03,17:00,2,6
1006,2024-12-03,17:00,3,9
1007,2024-12-03,21:00,1,0
1007,2024-12-03,21:00,2,4
1007,2024-12-03,21:00,3,7
1008,2024-12-04,14:00,1,4
1008,2024-12-04,14:00,2,3
1008,2024-12-04,14:00,3,9
1009,2024-12-04,17:00,1,4
1009,2024-12-04,17:00,2,1
1009,2024-12-04,17:00,3,2
1010,2024-12-04,21:00,1,9
1010,2024-12-04,21:00,2,6
1010,2024-12-04,21:00,3,5
1011,2024-12-05,14:00,1,4
1011,2024-12-05,14:00,2,3
1011,2024-12-05,14:00,3,1
1012,2024-12-05,17:00,1,0
1012,2024-12-05,17:00,2,8
1012,2024-12-05,17:00,3,8
1013,2024-12-05,21:00,1,5
1013,2024-12-05,21:00,2,7
1013,2024-12-05,21:00,3,4
1014,2024-12-06,14:00,1,5
1014,2024-12-06,14:00,2,1
1014,2024-12-06,14:00,3,4
1015,2024-12-06,17:00,1,6
1015,2024-12-06,17:00,2,2
1015,2024-12-06,17:00,3,3
1016,2024-12-06,21:00,1,0
1016,2024-12-06,21:00,2,5
1016,2024-12-06,21:00,3,0
1017,2024-12-07,14:00,1,6
1017,2024-12-07,14:00,2,1
1017,2024-12-07,14:00,3,9
1018,2024-12-07,17:00,1,7
1018,2024-12-07,17:00,2,3
1018,2024-12-07,17:00,3,6
1019,2024-12-07,21:00,1,1
1019,2024-12-07,21:00,2,9
1019,2024-12-07,21:00,3,7
1020,2024-12-08,14:00,1,0
1020,2024-12-08,14:00,2,4
1020,2024-12-08,14:00,3,0
1021,2024-12-08,17:00,1,7
1021,2024-12-08,17:00,2,3
1021,2024-12-08,17:00,3,1
1022,2024-12-08,21:00,1,3
1022,2024-12-08,21:00,2,6
1022,2024-12-08,21:00,3,4
1023,2024-12-09,14:00,1,7
1023,2024-12-09,14:00,2,5
1023,2024-12-09,14:00,3,2
1024,2024-12-09,17:00,1,9
1024,2024-12-09,17:00,2,8
1024,2024-12-09,17:00,3,7
1025,2024-12-09,21:00,1,3
1025,2024-12-09,21:00,2,9
1025,2024-12-09,21:00,3,1
1026,2024-12-10,14:00,1,2
1026,2024-12-10,14:00,2,2
1026,2024-12-10,14:00,3,9
1027,2024-12-10,17:00,1,0
1027,2024-12-10,17:00,2,2
1027,2024-12-10,17:00,3,3
1028,2024-12-10,21:00,1,9
1028,2024-12-10,21:00,2,9
1028,2024-12-10,21:00,3,8
1029,2024-12-11,14:00,1,4
1029,2024-12-11,14:00,2,6
1029,2024-12-11,14:00,3,7
1030,2024-12-11,17:00,1,5
1030,2024-12-11,17:00,2,1
1030,2024-12-11,17:00,3,7
1031,2024-12-11,21:00,1,4
1031,2024-12-11,21:00,2,2
1031,2024-12-11,21:00,3,5
1032,2024-12-12,14:00,1,0
1032,2024-12-12,14:00,2,6
1032,2024-12-12,14:00,3,4
1033,2024-12-12,17:00,1,4
1033,2024-12-12,17:00,2,0
1033,2024-12-12,17:00,3,3
1034,2024-12-12,21:00,1,0
1034,2024-12-12,21:00,2,5
1034,2024-12-12,21:00,3,3
1035,2024-12-13,14:00,1,0
1035,2024-12-13,14:00,2,0
1035,2024-12-13,14:00,3,1
1036,2024-12-13,17:00,1,7
1036,2024-12-13,17:00,2,3
1036,2024-12-13,17:00,3,7
1037,2024-12-13,21:00,1,2
1037,2024-12-13,21:00,2,3
1037,2024-12-13,21:00,3,0
1038,2024-12-14,14:00,1,4
1038,2024-12-14,14:00,2,4
1038,2024-12-14,14:00,3,0
1039,2024-12-14,17:00,1,3
1039,2024-12-14,17:00,2,3
1039,2024-12-14,17:00,3,9
1040,2024-12-14,21:00,1,9
1040,2024-12-14,21:00,2,8
1040,2024-12-14,21:00,3,0
1041,2024-12-15,14:00,1,7
1041,2024-12-15,14:00,2,3
1041,2024-12-15,14:00,3,0
1042,2024-12-15,17:00,1,9
1042,2024-12-15,17:00,2,1
1042,2024-12-15,17:00,3,1
1043,2024-12-15,21:00,1,4
1043,2024-12-15,21:00,2,8
1043,2024-12-15,21:00,3,8
1044,2024-12-16,14:00,1,5
1044,2024-12-16,14:00,2,9
1044,2024-12-16,14:00,3,9
1045,2024-12-16,17:00,1,1
1045,2024-12-16,17:00,2,9
1045,2024-12-16,17:00,3,8
1046,2024-12-16,21:00,1,8
1046,2024-12-16,21:00,2,3
1046,2024-12-16,21:00,3,9
1047,2024-12-17,14:00,1,0
1047,2024-12-17,14:00,2,0
1047,2024-12-17,14:00,3,8
1048,2024-12-17,17:00,1,9
1048,2024-12-17,17:00,2,3
1048,2024-12-17,17:00,3,3
1049,2024-12-17,21:00,1,7
1049,2024-12-17,21:00,2,3
1049,2024-12-17,21:00,3,7
1050,2024-12-18,14:00,1,7
1050,2024-12-18,14:00,2,7
1050,2024-12-18,14:00,3,6
1051,2024-12-18,17:00,1,4
1051,2024-12-18,17:00,2,0
1051,2024-12-18,17:00,3,5
1052,2024-12-18,21:00,1,2
1052,2024-12-18,21:00,2,1
1052,2024-12-18,21:00,3,4
1053,2024-12-19,14:00,1,0
1053,2024-12-19,14:00,2,8
1053,2024-12-19,14:00,3,5
1054,2024-12-19,17:00,1,8
1054,2024-12-19,17:00,2,8
1054,2024-12-19,17:00,3,0
1055,2024-12-19,21:00,1,3
1055,2024-12-19,21:00,2,2
1055,2024-12-19,21:00,3,3
1056,2024-12-20,14:00,1,7
1056,2024-12-20,14:00,2,4
1056,2024-12-20,14:00,3,8
1057,2024-12-20,17:00,1,7
1057,2024-12-20,17:00,2,3
1057,2024-12-20,17:00,3,0
1058,2024-12-20,21:00,1,1
1058,2024-12-20,21:00,2,6
1058,2024-12-20,21:00,3,5
1059,2024-12-21,14:00,1,3
1059,2024-12-21,14:00,2,6
1059,2024-12-21,14:00,3,7
1060,2024-12-21,17:00,1,6
1060,2024-12-21,17:00,2,4
1060,2024-12-21,17:00,3,0
1061,2024-12-21,21:00,1,6
1061,2024-12-21,21:00,2,4
1061,2024-12-21,21:00,3,6
1062,2024-12-22,14:00,1,9
1062,2024-12-22,14:00,2,6
1062,2024-12-22,14:00,3,4
1063,2024-12-22,17:00,1,3
1063,2024-12-22,17:00,2,0
1063,2024-12-22,17:00,3,9
1064,2024-12-22,21:00,1,7
1064,2024-12-22,21:00,2,2
1064,2024-12-22,21:00,3,0
1065,2024-12-23,14:00,1,3
1065,2024-12-23,14:00,2,1
1065,2024-12-23,14:00,3,0
1066,2024-12-23,17:00,1,3
1066,2024-12-23,17:00,2,0
1066,2024-12-23,17:00,3,1
1067,2024-12-23,21:00,1,3
1067,2024-12-23,21:00,2,3
1067,2024-12-23,21:00,3,4
1068,2024-12-24,14:00,1,6
1068,2024-12-24,14:00,2,0
1068,2024-12-24,14:00,3,9
1069,2024-12-24,17:00,1,4
1069,2024-12-24,17:00,2,3
1069,2024-12-24,17:00,3,1
1070,2024-12-24,21:00,1,8
1070,2024-12-24,21:00,2,5
1070,2024-12-24,21:00,3,0
1071,2024-12-25,14:00,1,8
1071,2024-12-25,14:00,2,9
1071,2024-12-25,14:00,3,3
1072,2024-12-25,17:00,1,6
1072,2024-12-25,17:00,2,2
1072,2024-12-25,17:00,3,2
1073,2024-12-25,21:00,1,6
1073,2024-12-25,21:00,2,5
1073,2024-12-25,21:00,3,6
1074,2024-12-26,14:00,1,7
1074,2024-12-26,14:00,2,2
1074,2024-12-26,14:00,3,6
1075,2024-12-26,17:00,1,0
1075,2024-12-26,17:00,2,0
1075,2024-12-26,17:00,3,5
1076,2024-12-26,21:00,1,2
1076,2024-12-26,21:00,2,4
1076,2024-12-26,21:00,3,8
1077,2024-12-27,14:00,1,2
1077,2024-12-27,14:00,2,9
1077,2024-12-27,14:00,3,2
1078,2024-12-27,17:00,1,8
1078,2024-12-27,17:00,2,5
1078,2024-12-27,17:00,3,9
1079,2024-12-27,21:00,1,4
1079,2024-12-27,21:00,2,6
1079,2024-12-27,21:00,3,3
1080,2024-12-28,14:00,1,6
1080,2024-12-28,14:00,2,8
1080,2024-12-28,14:00,3,7
1081,2024-12-28,17:00,1,7
1081,2024-12-28,17:00,2,0
1081,2024-12-28,17:00,3,7
1082,2024-12-28,21:00,1,0
1082,2024-12-28,21:00,2,2
1082,2024-12-28,21:00,3,4
1083,2024-12-29,14:00,1,8
1083,2024-12-29,14:00,2,8
1083,2024-12-29,14:00,3,7
1084,2024-12-29,17:00,1,9
1084,2024-12-29,17:00,2,5
1084,2024-12-29,17:00,3,6
1085,2024-12-29,21:00,1,7
1085,2024-12-29,21:00,2,4
1085,2024-12-29,21:00,3,8
1086,2024-12-30,14:00,1,0
1086,2024-12-30,14:00,2,8
1086,2024-12-30,14:00,3,6
1087,2024-12-30,17:00,1,5
1087,2024-12-30,17:00,2,2
1087,2024-12-30,17:00,3,8
1088,2024-12-30,21:00,1,0
1088,2024-12-30,21:00,2,4
1088,2024-12-30,21:00,3,0
1089,2024-12-31,14:00,1,0
1089,2024-12-31,14:00,2,5
1089,2024-12-31,14:00,3,8
1090,2024-12-31,17:00,1,9
1090,2024-12-31,17:00,2,2
1090,2024-12-31,17:00,3,2
1091,2024-12-31,21:00,1,5
1091,2024-12-31,21:00,2,8
1091,2024-12-31,21:00,3,7
1092,2025-01-01,14:00,1,5
1092,2025-01-01,14:00,2,7
1092,2025-01-01,14:00,3,8
1093,2025-01-01,17:00,1,3
1093,2025-01-01,17:00,2,4
1093,2025-01-01,17:00,3,2
1094,2025-01-01,21:00,1,6
1094,2025-01-01,21:00,2,4
1094,2025-01-01,21:00,3,5
1095,2025-01-02,14:00,1,2
1095,2025-01-02,14:00,2,6
1095,2025-01-02,14:00,3,7
1096,2025-01-02,17:00,1,6
1096,2025-01-02,17:00,2,3
1096,2025-01-02,17:00,3,9
1097,2025-01-02,21:00,1,2
1097,2025-01-02,21:00,2,9
1097,2025-01-02,21:00,3,2
1098,2025-01-03,14:00,1,8
1098,2025-01-03,14:00,2,3
1098,2025-01-03,14:00,3,5
1099,2025-01-03,17:00,1,3
1099,2025-01-03,17:00,2,5
1099,2025-01-03,17:00,3,9
1100,2025-01-03,21:00,1,5
1100,2025-01-03,21:00,2,9
1100,2025-01-03,21:00,3,3
1101,2025-01-04,14:00,1,7
1101,2025-01-04,14:00,2,5
1101,2025-01-04,14:00,3,9
1102,2025-01-04,17:00,1,9
1102,2025-01-04,17:00,2,1
1102,2025-01-04,17:00,3,1
1103,2025-01-04,21:00,1,5
1103,2025-01-04,21:00,2,5
1103,2025-01-04,21:00,3,1
1104,2025-01-05,14:00,1,0
1104,2025-01-05,14:00,2,1
1104,2025-01-05,14:00,3,2
1105,2025-01-05,17:00,1,4
1105,2025-01-05,17:00,2,1
1105,2025-01-05,17:00,3,3
1106,2025-01-05,21:00,1,2
1106,2025-01-05,21:00,2,0
1106,2025-01-05,21:00,3,8
1107,2025-01-06,14:00,1,9
1107,2025-01-06,14:00,2,5
1107,2025-01-06,14:00,3,0
1108,2025-01-06,17:00,1,9
1108,2025-01-06,17:00,2,3
1108,2025-01-06,17:00,3,0
1109,2025-01-06,21:00,1,6
1109,2025-01-06,21:00,2,8
1109,2025-01-06,21:00,3,1
1110,2025-01-07,14:00,1,0
1110,2025-01-07,14:00,2,4
1110,2025-01-07,14:00,3,7
1111,2025-01-07,17:00,1,6
1111,2025-01-07,17:00,2,6
1111,2025-01-07,17:00,3,5
1112,2025-01-07,21:00,1,5
1112,2025-01-07,21:00,2,1
1112,2025-01-07,21:00,3,9
1113,2025-01-08,14:00,1,0
1113,2025-01-08,14:00,2,2
1113,2025-01-08,14:00,3,2
1114,2025-01-08,17:00,1,0
1114,2025-01-08,17:00,2,6
1114,2025-01-08,17:00,3,1
1115,2025-01-08,21:00,1,0
1115,2025-01-08,21:00,2,1
1115,2025-01-08,21:00,3,4
1116,2025-01-09,14:00,1,8
1116,2025-01-09,14:00,2,4
1116,2025-01-09,14:00,3,1
1117,2025-01-09,17:00,1,3
1117,2025-01-09,17:00,2,9
1117,2025-01-09,17:00,3,5
1118,2025-01-09,21:00,1,9
1118,2025-01-09,21:00,2,7
1118,2025-01-09,21:00,3,1
1119,2025-01-10,14:00,1,7
1119,2025-01-10,14:00,2,4
1119,2025-01-10,14:00,3,9
1120,2025-01-10,17:00,1,3
1120,2025-01-10,17:00,2,5
1120,2025-01-10,17:00,3,6
1121,2025-01-10,21:00,1,2
1121,2025-01-10,21:00,2,0
1121,2025-01-10,21:00,3,6
1122,2025-01-11,14:00,1,4
1122,2025-01-11,14:00,2,6
1122,2025-01-11,14:00,3,9
1123,2025-01-11,17:00,1,3
1123,2025-01-11,17:00,2,9
1123,2025-01-11,17:00,3,1
1124,2025-01-11,21:00,1,4
1124,2025-01-11,21:00,2,7
1124,2025-01-11,21:00,3,9
1125,2025-01-12,14:00,1,4
1125,2025-01-12,14:00,2,5
1125,2025-01-12,14:00,3,5
1126,2025-01-12,17:00,1,2
1126,2025-01-12,17:00,2,5
1126,2025-01-12,17:00,3,2
1127,2025-01-12,21:00,1,4
1127,2025-01-12,21:00,2,5
1127,2025-01-12,21:00,3,2
1128,2025-01-13,14:00,1,7
1128,2025-01-13,14:00,2,7
1128,2025-01-13,14:00,3,6
1129,2025-01-13,17:00,1,0
1129,2025-01-13,17:00,2,8
1129,2025-01-13,17:00,3,6
1130,2025-01-13,21:00,1,4
1130,2025-01-13,21:00,2,1
1130,2025-01-13,21:00,3,8
1131,2025-01-14,14:00,1,8
1131,2025-01-14,14:00,2,5
1131,2025-01-14,14:00,3,5
1132,2025-01-14,17:00,1,3
1132,2025-01-14,17:00,2,0
1132,2025-01-14,17:00,3,0
1133,2025-01-14,21:00,1,6
1133,2025-01-14,21:00,2,3
1133,2025-01-14,21:00,3,6
1134,2025-01-15,14:00,1,2
1134,2025-01-15,14:00,2,3
1134,2025-01-15,14:00,3,5
1135,2025-01-15,17:00,1,9
1135,2025-01-15,17:00,2,8
1135,2025-01-15,17:00,3,9
1136,2025-01-15,21:00,1,9
1136,2025-01-15,21:00,2,5
1136,2025-01-15,21:00,3,9
1137,2025-01-16,14:00,1,4
1137,2025-01-16,14:00,2,8
1137,2025-01-16,14:00,3,6
1138,2025-01-16,17:00,1,5
1138,2025-01-16,17:00,2,3
1138,2025-01-16,17:00,3,1
1139,2025-01-16,21:00,1,7
1139,2025-01-16,21:00,2,0
1139,2025-01-16,21:00,3,1
1140,2025-01-17,14:00,1,4
1140,2025-01-17,14:00,2,4
1140,2025-01-17,14:00,3,3
1141,2025-01-17,17:00,1,2
1141,2025-01-17,17:00,2,4
1141,2025-01-17,17:00,3,2
1142,2025-01-17,21:00,1,6
1142,2025-01-17,21:00,2,2
1142,2025-01-17,21:00,3,7
1143,2025-01-18,14:00,1,3
1143,2025-01-18,14:00,2,2
1143,2025-01-18,14:00,3,3
1144,2025-01-18,17:00,1,7
1144,2025-01-18,17:00,2,8
1144,2025-01-18,17:00,3,1
1145,2025-01-18,21:00,1,7
1145,2025-01-18,21:00,2,9
1145,2025-01-18,21:00,3,3
1146,2025-01-19,14:00,1,5
1146,2025-01-19,14:00,2,2
1146,2025-01-19,14:00,3,6
1147,2025-01-19,17:00,1,4
1147,2025-01-19,17:00,2,2
1147,2025-01-19,17:00,3,2
1148,2025-01-19,21:00,1,0
1148,2025-01-19,21:00,2,5
1148,2025-01-19,21:00,3,9
1149,2025-01-20,14:00,1,8
1149,2025-01-20,14:00,2,9
1149,2025-01-20,14:00,3,0
1150,2025-01-20,17:00,1,1
1150,2025-01-20,17:00,2,5
1150,2025-01-20,17:00,3,4
1151,2025-01-20,21:00,1,2
1151,2025-01-20,21:00,2,2
1151,2025-01-20,21:00,3,1
1152,2025-01-21,14:00,1,8
1152,2025-01-21,14:00,2,7
1152,2025-01-21,14:00,3,3
1153,2025-01-21,17:00,1,4
1153,2025-01-21,17:00,2,0
1153,2025-01-21,17:00,3,3
1154,2025-01-21,21:00,1,7
1154,2025-01-21,21:00,2,1
1154,2025-01-21,21:00,3,4
1155,2025-01-22,14:00,1,3
1155,2025-01-22,14:00,2,2
1155,2025-01-22,14:00,3,2
1156,2025-01-22,17:00,1,7
1156,2025-01-22,17:00,2,0
1156,2025-01-22,17:00,3,5
1157,2025-01-22,21:00,1,6
1157,2025-01-22,21:00,2,5
1157,2025-01-22,21:00,3,4
1158,2025-01-23,14:00,1,4
1158,2025-01-23,14:00,2,2
1158,2025-01-23,14:00,3,7
1159,2025-01-23,17:00,1,2
1159,2025-01-23,17:00,2,0
1159,2025-01-23,17:00,3,1
1160,2025-01-23,21:00,1,3
1160,2025-01-23,21:00,2,0
1160,2025-01-23,21:00,3,7
1161,2025-01-24,14:00,1,0
1161,2025-01-24,14:00,2,0
1161,2025-01-24,14:00,3,7
1162,2025-01-24,17:00,1,4
1162,2025-01-24,17:00,2,9
1162,2025-01-24,17:00,3,5
1163,2025-01-24,21:00,1,8
1163,2025-01-24,21:00,2,4
1163,2025-01-24,21:00,3,2
1164,2025-01-25,14:00,1,6
1164,2025-01-25,14:00,2,7
1164,2025-01-25,14:00,3,3
1165,2025-01-25,17:00,1,1
1165,2025-01-25,17:00,2,6
1165,2025-01-25,17:00,3,3
1166,2025-01-25,21:00,1,3
1166,2025-01-25,21:00,2,2
1166,2025-01-25,21:00,3,0
1167,2025-01-26,14:00,1,9
1167,2025-01-26,14:00,2,6
1167,2025-01-26,14:00,3,4
1168,2025-01-26,17:00,1,2
1168,2025-01-26,17:00,2,8
1168,2025-01-26,17:00,3,1
1169,2025-01-26,21:00,1,5
1169,2025-01-26,21:00,2,4
1169,2025-01-26,21:00,3,6
1170,2025-01-27,14:00,1,0
1170,2025-01-27,14:00,2,6
1170,2025-01-27,14:00,3,4
1171,2025-01-27,17:00,1,0
1171,2025-01-27,17:00,2,8
1171,2025-01-27,17:00,3,7
1172,2025-01-27,21:00,1,9
1172,2025-01-27,21:00,2,8
1172,2025-01-27,21:00,3,6
1173,2025-01-28,14:00,1,4
1173,2025-01-28,14:00,2,9
1173,2025-01-28,14:00,3,4
1174,2025-01-28,17:00,1,1
1174,2025-01-28,17:00,2,9
1174,2025-01-28,17:00,3,4
1175,2025-01-28,21:00,1,4
1175,2025-01-28,21:00,2,2
1175,2025-01-28,21:00,3,6
1176,2025-01-29,14:00,1,4
1176,2025-01-29,14:00,2,0
1176,2025-01-29,14:00,3,1
1177,2025-01-29,17:00,1,1
1177,2025-01-29,17:00,2,4
1177,2025-01-29,17:00,3,9
1178,2025-01-29,21:00,1,9
1178,2025-01-29,21:00,2,8
1178,2025-01-29,21:00,3,5
1179,2025-01-30,14:00,1,3
1179,2025-01-30,14:00,2,4
1179,2025-01-30,14:00,3,1
1180,2025-01-30,17:00,1,9
1180,2025-01-30,17:00,2,0
1180,2025-01-30,17:00,3,4
1181,2025-01-30,21:00,1,8
1181,2025-01-30,21:00,2,4
1181,2025-01-30,21:00,3,5
1182,2025-01-31,14:00,1,3
1182,2025-01-31,14:00,2,2
1182,2025-01-31,14:00,3,1
1183,2025-01-31,17:00,1,6
1183,2025-01-31,17:00,2,5
1183,2025-01-31,17:00,3,5
1184,2025-01-31,21:00,1,4
1184,2025-01-31,21:00,2,1
1184,2025-01-31,21:00,3,2
1185,2025-02-01,14:00,1,7
1185,2025-02-01,14:00,2,6
1185,2025-02-01,14:00,3,6
1186,2025-02-01,17:00,1,1
1186,2025-02-01,17:00,2,4
1186,2025-02-01,17:00,3,5
1187,2025-02-01,21:00,1,2
1187,2025-02-01,21:00,2,2
1187,2025-02-01,21:00,3,3
1188,2025-02-02,14:00,1,4
1188,2025-02-02,14:00,2,8
1188,2025-02-02,14:00,3,4
1189,2025-02-02,17:00,1,2
1189,2025-02-02,17:00,2,4
1189,2025-02-02,17:00,3,0
1190,2025-02-02,21:00,1,8
1190,2025-02-02,21:00,2,9
1190,2025-02-02,21:00,3,8
1191,2025-02-03,14:00,1,2
1191,2025-02-03,14:00,2,8
1191,2025-02-03,14:00,3,2
1192,2025-02-03,17:00,1,8
1192,2025-02-03,17:00,2,7
1192,2025-02-03,17:00,3,8
1193,2025-02-03,21:00,1,1
1193,2025-02-03,21:00,2,7
1193,2025-02-03,21:00,3,5
1194,2025-02-04,14:00,1,1
1194,2025-02-04,14:00,2,8
1194,2025-02-04,14:00,3,8
1195,2025-02-04,17:00,1,0
1195,2025-02-04,17:00,2,7
1195,2025-02-04,17:00,3,0
1196,2025-02-04,21:00,1,8
1196,2025-02-04,21:00,2,4
1196,2025-02-04,21:00,3,1
1197,2025-02-05,14:00,1,8
1197,2025-02-05,14:00,2,7
1197,2025-02-05,14:00,3,2
1198,2025-02-05,17:00,1,2
1198,2025-02-05,17:00,2,5
1198,2025-02-05,17:00,3,7
1199,2025-02-05,21:00,1,7
1199,2025-02-05,21:00,2,7
1199,2025-02-05,21:00,3,9
1200,2025-02-06,14:00,1,3
1200,2025-02-06,14:00,2,1
1200,2025-02-06,14:00,3,8
1201,2025-02-06,17:00,1,2
1201,2025-02-06,17:00,2,5
1201,2025-02-06,17:00,3,8
1202,2025-02-06,21:00,1,3
1202,2025-02-06,21:00,2,3
1202,2025-02-06,21:00,3,3
1203,2025-02-07,14:00,1,3
1203,2025-02-07,14:00,2,4
1203,2025-02-07,14:00,3,4
1204,2025-02-07,17:00,1,5
1204,2025-02-07,17:00,2,2
1204,2025-02-07,17:00,3,9
1205,2025-02-07,21:00,1,7
1205,2025-02-07,21:00,2,7
1205,2025-02-07,21:00,3,0
1206,2025-02-08,14:00,1,1
1206,2025-02-08,14:00,2,4
1206,2025-02-08,14:00,3,6
1207,2025-02-08,17:00,1,5
1207,2025-02-08,17:00,2,6
1207,2025-02-08,17:00,3,9
1208,2025-02-08,21:00,1,6
1208,2025-02-08,21:00,2,2
1208,2025-02-08,21:00,3,5
1209,2025-02-09,14:00,1,4
1209,2025-02-09,14:00,2,6
1209,2025-02-09,14:00,3,3
1210,2025-02-09,17:00,1,8
1210,2025-02-09,17:00,2,8
1210,2025-02-09,17:00,3,1
1211,2025-02-09,21:00,1,6
1211,2025-02-09,21:00,2,1
1211,2025-02-09,21:00,3,6
1212,2025-02-10,14:00,1,8
1212,2025-02-10,14:00,2,0
1212,2025-02-10,14:00,3,7
1213,2025-02-10,17:00,1,6
1213,2025-02-10,17:00,2,8
1213,2025-02-10,17:00,3,0
1214,2025-02-10,21:00,1,0
1214,2025-02-10,21:00,2,2
1214,2025-02-10,21:00,3,7
1215,2025-02-11,14:00,1,0
1215,2025-02-11,14:00,2,7
1215,2025-02-11,14:00,3,4
1216,2025-02-11,17:00,1,2
1216,2025-02-11,17:00,2,6
1216,2025-02-11,17:00,3,0
1217,2025-02-11,21:00,1,9
1217,2025-02-11,21:00,2,4
1217,2025-02-11,21:00,3,5
1218,2025-02-12,14:00,1,4
1218,2025-02-12,14:00,2,4
1218,2025-02-12,14:00,3,7
1219,2025-02-12,17:00,1,2
1219,2025-02-12,17:00,2,6
1219,2025-02-12,17:00,3,5
1220,2025-02-12,21:00,1,2
1220,2025-02-12,21:00,2,5
1220,2025-02-12,21:00,3,8
1221,2025-02-13,14:00,1,3
1221,2025-02-13,14:00,2,5
1221,2025-02-13,14:00,3,2
1222,2025-02-13,17:00,1,6
1222,2025-02-13,17:00,2,7
1222,2025-02-13,17:00,3,9
1223,2025-02-13,21:00,1,8
1223,2025-02-13,21:00,2,1
1223,2025-02-13,21:00,3,3
1224,2025-02-14,14:00,1,7
1224,2025-02-14,14:00,2,1
1224,2025-02-14,14:00,3,0
1225,2025-02-14,17:00,1,3
1225,2025-02-14,17:00,2,6
1225,2025-02-14,17:00,3,0
1226,2025-02-14,21:00,1,7
1226,2025-02-14,21:00,2,5
1226,2025-02-14,21:00,3,8
1227,2025-02-15,14:00,1,2
1227,2025-02-15,14:00,2,8
1227,2025-02-15,14:00,3,6
1228,2025-02-15,17:00,1,6
1228,2025-02-15,17:00,2,1
1228,2025-02-15,17:00,3,0
1229,2025-02-15,21:00,1,1
1229,2025-02-15,21:00,2,9
1229,2025-02-15,21:00,3,3
1230,2025-02-16,14:00,1,8
1230,2025-02-16,14:00,2,9
1230,2025-02-16,14:00,3,3
1231,2025-02-16,17:00,1,2
1231,2025-02-16,17:00,2,6
1231,2025-02-16,17:00,3,3
1232,2025-02-16,21:00,1,8
1232,2025-02-16,21:00,2,0
1232,2025-02-16,21:00,3,1
1233,2025-02-17,14:00,1,1
1233,2025-02-17,14:00,2,6
1233,2025-02-17,14:00,3,2
1234,2025-02-17,17:00,1,2
1234,2025-02-17,17:00,2,5
1234,2025-02-17,17:00,3,6
1235,2025-02-17,21:00,1,5
1235,2025-02-17,21:00,2,5
1235,2025-02-17,21:00,3,5
1236,2025-02-18,14:00,1,7
1236,2025-02-18,14:00,2,5
1236,2025-02-18,14:00,3,9
1237,2025-02-18,17:00,1,8
1237,2025-02-18,17:00,2,9
1237,2025-02-18,17:00,3,9
1238,2025-02-18,21:00,1,2
1238,2025-02-18,21:00,2,5
1238,2025-02-18,21:00,3,8
1239,2025-02-19,14:00,1,9
1239,2025-02-19,14:00,2,7
1239,2025-02-19,14:00,3,5
1240,2025-02-19,17:00,1,0
1240,2025-02-19,17:00,2,7
1240,2025-02-19,17:00,3,7
1241,2025-02-19,21:00,1,4
1241,2025-02-19,21:00,2,2
1241,2025-02-19,21:00,3,5
1242,2025-02-20,14:00,1,5
1242,2025-02-20,14:00,2,7
1242,2025-02-20,14:00,3,0
1243,2025-02-20,17:00,1,2
1243,2025-02-20,17:00,2,4
1243,2025-02-20,17:00,3,7
1244,2025-02-20,21:00,1,7
1244,2025-02-20,21:00,2,5
1244,2025-02-20,21:00,3,2
1245,2025-02-21,14:00,1,1
1245,2025-02-21,14:00,2,3
1245,2025-02-21,14:00,3,9
1246,2025-02-21,17:00,1,4
1246,2025-02-21,17:00,2,0
1246,2025-02-21,17:00,3,0
1247,2025-02-21,21:00,1,2
1247,2025-02-21,21:00,2,4
1247,2025-02-21,21:00,3,7
1248,2025-02-22,14:00,1,8
1248,2025-02-22,14:00,2,8
1248,2025-02-22,14:00,3,2
1249,2025-02-22,17:00,1,5
1249,2025-02-22,17:00,2,9
1249,2025-02-22,17:00,3,9
1250,2025-02-22,21:00,1,9
1250,2025-02-22,21:00,2,9
1250,2025-02-22,21:00,3,8
1251,2025-02-23,14:00,1,6
1251,2025-02-23,14:00,2,9
1251,2025-02-23,14:00,3,5
1252,2025-02-23,17:00,1,5
1252,2025-02-23,17:00,2,7
1252,2025-02-23,17:00,3,6
1253,2025-02-23,21:00,1,8
1253,2025-02-23,21:00,2,9
1253,2025-02-23,21:00,3,9
1254,2025-02-24,14:00,1,6
1254,2025-02-24,14:00,2,3
1254,2025-02-24,14:00,3,3
1255,2025-02-24,17:00,1,4
1255,2025-02-24,17:00,2,8
1255,2025-02-24,17:00,3,1
1256,2025-02-24,21:00,1,1
1256,2025-02-24,21:00,2,2
1256,2025-02-24,21:00,3,6
1257,2025-02-25,14:00,1,1
1257,2025-02-25,14:00,2,0
1257,2025-02-25,14:00,3,4
1258,2025-02-25,17:00,1,0
1258,2025-02-25,17:00,2,3
1258,2025-02-25,17:00,3,7
1259,2025-02-25,21:00,1,5
1259,2025-02-25,21:00,2,7
1259,2025-02-25,21:00,3,5
1260,2025-02-26,14:00,1,0
1260,2025-02-26,14:00,2,8
1260,2025-02-26,14:00,3,1
1261,2025-02-26,17:00,1,3
1261,2025-02-26,17:00,2,6
1261,2025-02-26,17:00,3,1
1262,2025-02-26,21:00,1,8
1262,2025-02-26,21:00,2,8
1262,2025-02-26,21:00,3,5
1263,2025-02-27,14:00,1,3
1263,2025-02-27,14:00,2,7
1263,2025-02-27,14:00,3,2
1264,2025-02-27,17:00,1,9
1264,2025-02-27,17:00,2,6
1264,2025-02-27,17:00,3,8
1265,2025-02-27,21:00,1,8
1265,2025-02-27,21:00,2,2
1265,2025-02-27,21:00,3,8
1266,2025-02-28,14:00,1,3
1266,2025-02-28,14:00,2,9
1266,2025-02-28,14:00,3,0
1267,2025-02-28,17:00,1,3
1267,2025-02-28,17:00,2,5
1267,2025-02-28,17:00,3,3
1268,2025-02-28,21:00,1,6
1268,2025-02-28,21:00,2,1
1268,2025-02-28,21:00,3,7
1269,2025-03-01,14:00,1,6
1269,2025-03-01,14:00,2,2
1269,2025-03-01,14:00,3,9
1270,2025-03-01,17:00,1,8
1270,2025-03-01,17:00,2,1
1270,2025-03-01,17:00,3,0
1271,2025-03-01,21:00,1,2
1271,2025-03-01,21:00,2,7
1271,2025-03-01,21:00,3,5
1272,2025-03-02,14:00,1,2
1272,2025-03-02,14:00,2,1
1272,2025-03-02,14:00,3,1
1273,2025-03-02,17:00,1,7
1273,2025-03-02,17:00,2,3
1273,2025-03-02,17:00,3,4
1274,2025-03-02,21:00,1,6
1274,2025-03-02,21:00,2,9
1274,2025-03-02,21:00,3,2
1275,2025-03-03,14:00,1,8
1275,2025-03-03,14:00,2,5
1275,2025-03-03,14:00,3,2
1276,2025-03-03,17:00,1,5
1276,2025-03-03,17:00,2,1
1276,2025-03-03,17:00,3,1
1277,2025-03-03,21:00,1,7
1277,2025-03-03,21:00,2,4
1277,2025-03-03,21:00,3,8
1278,2025-03-04,14:00,1,6
1278,2025-03-04,14:00,2,3
1278,2025-03-04,14:00,3,6
1279,2025-03-04,17:00,1,7
1279,2025-03-04,17:00,2,7
1279,2025-03-04,17:00,3,3
1280,2025-03-04,21:00,1,9
1280,2025-03-04,21:00,2,8
1280,2025-03-04,21:00,3,8
1281,2025-03-05,14:00,1,2
1281,2025-03-05,14:00,2,2
1281,2025-03-05,14:00,3,9
1282,2025-03-05,17:00,1,8
1282,2025-03-05,17:00,2,5
1282,2025-03-05,17:00,3,3
1283,2025-03-05,21:00,1,8
1283,2025-03-05,21:00,2,6
1283,2025-03-05,21:00,3,9
1284,2025-03-06,14:00,1,7
1284,2025-03-06,14:00,2,4
1284,2025-03-06,14:00,3,4
1285,2025-03-06,17:00,1,2
1285,2025-03-06,17:00,2,2
1285,2025-03-06,17:00,3,1
1286,2025-03-06,21:00,1,9
1286,2025-03-06,21:00,2,1
1286,2025-03-06,21:00,3,6
1287,2025-03-07,14:00,1,0
1287,2025-03-07,14:00,2,2
1287,2025-03-07,14:00,3,1
1288,2025-03-07,17:00,1,3
1288,2025-03-07,17:00,2,8
1288,2025-03-07,17:00,3,0
1289,2025-03-07,21:00,1,9
1289,2025-03-07,21:00,2,7
1289,2025-03-07,21:00,3,6
1290,2025-03-08,14:00,1,9
1290,2025-03-08,14:00,2,8
1290,2025-03-08,14:00,3,8
1291,2025-03-08,17:00,1,4
1291,2025-03-08,17:00,2,0
1291,2025-03-08,17:00,3,8
1292,2025-03-08,21:00,1,4
1292,2025-03-08,21:00,2,3
1292,2025-03-08,21:00,3,4
1293,2025-03-09,14:00,1,9
1293,2025-03-09,14:00,2,4
1293,2025-03-09,14:00,3,0
1294,2025-03-09,17:00,1,3
1294,2025-03-09,17:00,2,3
1294,2025-03-09,17:00,3,4
1295,2025-03-09,21:00,1,6
1295,2025-03-09,21:00,2,9
1295,2025-03-09,21:00,3,0
1296,2025-03-10,14:00,1,1
1296,2025-03-10,14:00,2,7
1296,2025-03-10,14:00,3,4
1297,2025-03-10,17:00,1,7
1297,2025-03-10,17:00,2,6
1297,2025-03-10,17:00,3,2
1298,2025-03-10,21:00,1,5
1298,2025-03-10,21:00,2,7
1298,2025-03-10,21:00,3,0
1299,2025-03-11,14:00,1,0
1299,2025-03-11,14:00,2,5
1299,2025-03-11,14:00,3,7
1300,2025-03-11,17:00,1,4
1300,2025-03-11,17:00,2,3
1300,2025-03-11,17:00,3,6
1301,2025-03-11,21:00,1,9
1301,2025-03-11,21:00,2,3
1301,2025-03-11,21:00,3,4
1302,2025-03-12,14:00,1,8
1302,2025-03-12,14:00,2,5
1302,2025-03-12,14:00,3,3
1303,2025-03-12,17:00,1,7
1303,2025-03-12,17:00,2,6
1303,2025-03-12,17:00,3,1
1304,2025-03-12,21:00,1,8
1304,2025-03-12,21:00,2,2
1304,2025-03-12,21:00,3,1
1305,2025-03-13,14:00,1,4
1305,2025-03-13,14:00,2,1
1305,2025-03-13,14:00,3,6
1306,2025-03-13,17:00,1,6
1306,2025-03-13,17:00,2,9
1306,2025-03-13,17:00,3,7
1307,2025-03-13,21:00,1,7
1307,2025-03-13,21:00,2,7
1307,2025-03-13,21:00,3,8
1308,2025-03-14,14:00,1,8
1308,2025-03-14,14:00,2,5
1308,2025-03-14,14:00,3,6
1309,2025-03-14,17:00,1,8
1309,2025-03-14,17:00,2,4
1309,2025-03-14,17:00,3,9
1310,2025-03-14,21:00,1,1
1310,2025-03-14,21:00,2,6
1310,2025-03-14,21:00,3,9
1311,2025-03-15,14:00,1,6
1311,2025-03-15,14:00,2,4
1311,2025-03-15,14:00,3,7
1312,2025-03-15,17:00,1,3
1312,2025-03-15,17:00,2,9
1312,2025-03-15,17:00,3,1
1313,2025-03-15,21:00,1,4
1313,2025-03-15,21:00,2,4
1313,2025-03-15,21:00,3,3
1314,2025-03-16,14:00,1,2
1314,2025-03-16,14:00,2,9
1314,2025-03-16,14:00,3,4
1315,2025-03-16,17:00,1,6
1315,2025-03-16,17:00,2,5
1315,2025-03-16,17:00,3,8
1316,2025-03-16,21:00,1,5
1316,2025-03-16,21:00,2,1
1316,2025-03-16,21:00,3,6
1317,2025-03-17,14:00,1,3
1317,2025-03-17,14:00,2,9
1317,2025-03-17,14:00,3,4
1318,2025-03-17,17:00,1,1
1318,2025-03-17,17:00,2,7
1318,2025-03-17,17:00,3,0
1319,2025-03-17,21:00,1,4
1319,2025-03-17,21:00,2,7
1319,2025-03-17,21:00,3,8
1320,2025-03-18,14:00,1,6
1320,2025-03-18,14:00,2,6
1320,2025-03-18,14:00,3,6
1321,2025-03-18,17:00,1,3
1321,2025-03-18,17:00,2,5
1321,2025-03-18,17:00,3,8
1322,2025-03-18,21:00,1,7
1322,2025-03-18,21:00,2,3
1322,2025-03-18,21:00,3,9
1323,2025-03-19,14:00,1,7
1323,2025-03-19,14:00,2,3
1323,2025-03-19,14:00,3,4
1324,2025-03-19,17:00,1,1
1324,2025-03-19,17:00,2,0
1324,2025-03-19,17:00,3,8
1325,2025-03-19,21:00,1,2
1325,2025-03-19,21:00,2,3
1325,2025-03-19,21:00,3,7
1326,2025-03-20,14:00,1,2
1326,2025-03-20,14:00,2,6
1326,2025-03-20,14:00,3,2
1327,2025-03-20,17:00,1,1
1327,2025-03-20,17:00,2,1
1327,2025-03-20,17:00,3,8
1328,2025-03-20,21:00,1,9
1328,2025-03-20,21:00,2,4
1328,2025-03-20,21:00,3,6
1329,2025-03-21,14:00,1,3
1329,2025-03-21,14:00,2,9
1329,2025-03-21,14:00,3,2
1330,2025-03-21,17:00,1,9
1330,2025-03-21,17:00,2,3
1330,2025-03-21,17:00,3,1
1331,2025-03-21,21:00,1,2
1331,2025-03-21,21:00,2,1
1331,2025-03-21,21:00,3,1
1332,2025-03-22,14:00,1,0
1332,2025-03-22,14:00,2,1
1332,2025-03-22,14:00,3,1
1333,2025-03-22,17:00,1,4
1333,2025-03-22,17:00,2,3
1333,2025-03-22,17:00,3,4
1334,2025-03-22,21:00,1,4
1334,2025-03-22,21:00,2,9
1334,2025-03-22,21:00,3,2
1335,2025-03-23,14:00,1,2
1335,2025-03-23,14:00,2,2
1335,2025-03-23,14:00,3,0
1336,2025-03-23,17:00,1,1
1336,2025-03-23,17:00,2,7
1336,2025-03-23,17:00,3,5
1337,2025-03-23,21:00,1,2
1337,2025-03-23,21:00,2,1
1337,2025-03-23,21:00,3,3
1338,2025-03-24,14:00,1,1
1338,2025-03-24,14:00,2,7
1338,2025-03-24,14:00,3,6
1339,2025-03-24,17:00,1,5
1339,2025-03-24,17:00,2,0
1339,2025-03-24,17:00,3,5
1340,2025-03-24,21:00,1,5
1340,2025-03-24,21:00,2,6
1340,2025-03-24,21:00,3,1
1341,2025-03-25,14:00,1,5
1341,2025-03-25,14:00,2,3
1341,2025-03-25,14:00,3,3
1342,2025-03-25,17:00,1,9
1342,2025-03-25,17:00,2,9
1342,2025-03-25,17:00,3,6
1343,2025-03-25,21:00,1,6
1343,2025-03-25,21:00,2,5
1343,2025-03-25,21:00,3,7
1344,2025-03-26,14:00,1,2
1344,2025-03-26,14:00,2,8
1344,2025-03-26,14:00,3,2
1345,2025-03-26,17:00,1,2
1345,2025-03-26,17:00,2,7
1345,2025-03-26,17:00,3,4
1346,2025-03-26,21:00,1,6
1346,2025-03-26,21:00,2,5
1346,2025-03-26,21:00,3,1
1347,2025-03-27,14:00,1,1
1347,2025-03-27,14:00,2,1
1347,2025-03-27,14:00,3,9
1348,2025-03-27,17:00,1,1
1348,2025-03-27,17:00,2,0
1348,2025-03-27,17:00,3,4
1349,2025-03-27,21:00,1,0
1349,2025-03-27,21:00,2,7
1349,2025-03-27,21:00,3,3
1350,2025-03-28,14:00,1,4
1350,2025-03-28,14:00,2,2
1350,2025-03-28,14:00,3,6
1351,2025-03-28,17:00,1,7
1351,2025-03-28,17:00,2,7
1351,2025-03-28,17:00,3,5
1352,2025-03-28,21:00,1,2
1352,2025-03-28,21:00,2,3
1352,2025-03-28,21:00,3,4
1353,2025-03-29,14:00,1,2
1353,2025-03-29,14:00,2,8
1353,2025-03-29,14:00,3,3
1354,2025-03-29,17:00,1,6
1354,2025-03-29,17:00,2,9
1354,2025-03-29,17:00,3,9
1355,2025-03-29,21:00,1,3
1355,2025-03-29,21:00,2,6
1355,2025-03-29,21:00,3,3
1356,2025-03-30,14:00,1,3
1356,2025-03-30,14:00,2,8
1356,2025-03-30,14:00,3,3
1357,2025-03-30,17:00,1,5
1357,2025-03-30,17:00,2,0
1357,2025-03-30,17:00,3,9
1358,2025-03-30,21:00,1,5
1358,2025-03-30,21:00,2,0
1358,2025-03-30,21:00,3,1
1359,2025-03-31,14:00,1,3
1359,2025-03-31,14:00,2,9
1359,2025-03-31,14:00,3,9
1360,2025-03-31,17:00,1,9
1360,2025-03-31,17:00,2,7
1360,2025-03-31,17:00,3,8
1361,2025-03-31,21:00,1,3
1361,2025-03-31,21:00,2,2
1361,2025-03-31,21:00,3,4
1362,2025-04-01,14:00,1,1
1362,2025-04-01,14:00,2,6
1362,2025-04-01,14:00,3,0
1363,2025-04-01,17:00,1,8
1363,2025-04-01,17:00,2,1
1363,2025-04-01,17:00,3,3
1364,2025-04-01,21:00,1,1
1364,2025-04-01,21:00,2,1
1364,2025-04-01,21:00,3,8
1365,2025-04-02,14:00,1,9
1365,2025-04-02,14:00,2,9
1365,2025-04-02,14:00,3,8
1366,2025-04-02,17:00,1,1
1366,2025-04-02,17:00,2,2
1366,2025-04-02,17:00,3,9
1367,2025-04-02,21:00,1,0
1367,2025-04-02,21:00,2,7
1367,2025-04-02,21:00,3,3
1368,2025-04-03,14:00,1,0
1368,2025-04-03,14:00,2,7
1368,2025-04-03,14:00,3,1
1369,2025-04-03,17:00,1,3
1369,2025-04-03,17:00,2,9
1369,2025-04-03,17:00,3,0
1370,2025-04-03,21:00,1,2
1370,2025-04-03,21:00,2,2
1370,2025-04-03,21:00,3,5
1371,2025-04-04,14:00,1,4
1371,2025-04-04,14:00,2,0
1371,2025-04-04,14:00,3,1
1372,2025-04-04,17:00,1,1
1372,2025-04-04,17:00,2,1
1372,2025-04-04,17:00,3,5
1373,2025-04-04,21:00,1,8
1373,2025-04-04,21:00,2,2
1373,2025-04-04,21:00,3,7
1374,2025-04-05,14:00,1,4
1374,2025-04-05,14:00,2,5
1374,2025-04-05,14:00,3,2
1375,2025-04-05,17:00,1,6
1375,2025-04-05,17:00,2,8
1375,2025-04-05,17:00,3,2
1376,2025-04-05,21:00,1,3
1376,2025-04-05,21:00,2,7
1376,2025-04-05,21:00,3,8
1377,2025-04-06,14:00,1,8
1377,2025-04-06,14:00,2,5
1377,2025-04-06,14:00,3,1
1378,2025-04-06,17:00,1,6
1378,2025-04-06,17:00,2,6
1378,2025-04-06,17:00,3,3
1379,2025-04-06,21:00,1,2
1379,2025-04-06,21:00,2,1
1379,2025-04-06,21:00,3,4
1380,2025-04-07,14:00,1,3
1380,2025-04-07,14:00,2,8
1380,2025-04-07,14:00,3,5
1381,2025-04-07,17:00,1,1
1381,2025-04-07,17:00,2,4
1381,2025-04-07,17:00,3,4
1382,2025-04-07,21:00,1,6
1382,2025-04-07,21:00,2,8
1382,2025-04-07,21:00,3,1
1383,2025-04-08,14:00,1,6
1383,2025-04-08,14:00,2,6
1383,2025-04-08,14:00,3,8
1384,2025-04-08,17:00,1,6
1384,2025-04-08,17:00,2,7
1384,2025-04-08,17:00,3,5
1385,2025-04-08,21:00,1,6
1385,2025-04-08,21:00,2,1
1385,2025-04-08,21:00,3,8
1386,2025-04-09,14:00,1,8
1386,2025-04-09,14:00,2,3
1386,2025-04-09,14:00,3,5
1387,2025-04-09,17:00,1,1
1387,2025-04-09,17:00,2,8
1387,2025-04-09,17:00,3,0
1388,2025-04-09,21:00,1,9
1388,2025-04-09,21:00,2,5
1388,2025-04-09,21:00,3,7
1389,2025-04-10,14:00,1,8
1389,2025-04-10,14:00,2,6
1389,2025-04-10,14:00,3,5
1390,2025-04-10,17:00,1,0
1390,2025-04-10,17:00,2,7
1390,2025-04-10,17:00,3,7
1391,2025-04-10,21:00,1,9
1391,2025-04-10,21:00,2,9
1391,2025-04-10,21:00,3,1
1392,2025-04-11,14:00,1,4
1392,2025-04-11,14:00,2,2
1392,2025-04-11,14:00,3,9
1393,2025-04-11,17:00,1,7
1393,2025-04-11,17:00,2,9
1393,2025-04-11,17:00,3,0
1394,2025-04-11,21:00,1,9
1394,2025-04-11,21:00,2,9
1394,2025-04-11,21:00,3,1
1395,2025-04-12,14:00,1,8
1395,2025-04-12,14:00,2,3
1395,2025-04-12,14:00,3,9
1396,2025-04-12,17:00,1,2
1396,2025-04-12,17:00,2,9
1396,2025-04-12,17:00,3,3
1397,2025-04-12,21:00,1,3
1397,2025-04-12,21:00,2,4
1397,2025-04-12,21:00,3,8
1398,2025-04-13,14:00,1,8
1398,2025-04-13,14:00,2,7
1398,2025-04-13,14:00,3,3
1399,2025-04-13,17:00,1,6
1399,2025-04-13,17:00,2,2
1399,2025-04-13,17:00,3,6
1400,2025-04-13,21:00,1,2
1400,2025-04-13,21:00,2,0
1400,2025-04-13,21:00,3,9
1401,2025-04-14,14:00,1,8
1401,2025-04-14,14:00,2,6
1401,2025-04-14,14:00,3,4
1402,2025-04-14,17:00,1,6
1402,2025-04-14,17:00,2,1
1402,2025-04-14,17:00,3,6
1403,2025-04-14,21:00,1,8
1403,2025-04-14,21:00,2,6
1403,2025-04-14,21:00,3,9
1404,2025-04-15,14:00,1,6
1404,2025-04-15,14:00,2,8
1404,2025-04-15,14:00,3,6
1405,2025-04-15,17:00,1,2
1405,2025-04-15,17:00,2,7
1405,2025-04-15,17:00,3,0
1406,2025-04-15,21:00,1,0
1406,2025-04-15,21:00,2,7
1406,2025-04-15,21:00,3,2
1407,2025-04-16,14:00,1,0
1407,2025-04-16,14:00,2,1
1407,2025-04-16,14:00,3,4
1408,2025-04-16,17:00,1,1
1408,2025-04-16,17:00,2,1
1408,2025-04-16,17:00,3,1
1409,2025-04-16,21:00,1,5
1409,2025-04-16,21:00,2,1
1409,2025-04-16,21:00,3,2
1410,2025-04-20,14:00,1,4
1410,2025-04-20,14:00,2,4
1410,2025-04-20,14:00,3,9
1411,2025-04-20,17:00,1,2
1411,2025-04-20,17:00,2,2
1411,2025-04-20,17:00,3,0
1412,2025-04-20,21:00,1,2
1412,2025-04-20,21:00,2,2
1412,2025-04-20,21:00,3,3
1413,2025-04-21,14:00,1,7
1413,2025-04-21,14:00,2,3
1413,2025-04-21,14:00,3,5
1414,2025-04-21,17:00,1,8
1414,2025-04-21,17:00,2,6
1414,2025-04-21,17:00,3,7
1415,2025-04-21,21:00,1,5
1415,2025-04-21,21:00,2,6
1415,2025-04-21,21:00,3,2
1416,2025-04-22,14:00,1,7
1416,2025-04-22,14:00,2,5
1416,2025-04-22,14:00,3,4
1417,2025-04-22,17:00,1,2
1417,2025-04-22,17:00,2,1
1417,2025-04-22,17:00,3,3
1418,2025-04-22,21:00,1,9
1418,2025-04-22,21:00,2,7
1418,2025-04-22,21:00,3,7
1419,2025-04-23,14:00,1,1
1419,2025-04-23,14:00,2,6
1419,2025-04-23,14:00,3,2
1420,2025-04-23,17:00,1,4
1420,2025-04-23,17:00,2,5
1420,2025-04-23,17:00,3,4
1421,2025-04-23,21:00,1,4
1421,2025-04-23,21:00,2,0
1421,2025-04-23,21:00,3,4
1422,2025-04-24,14:00,1,7
1422,2025-04-24,14:00,2,4
1422,2025-04-24,14:00,3,1
1423,2025-04-24,17:00,1,1
1423,2025-04-24,17:00,2,3
1423,2025-04-24,17:00,3,2
1424,2025-04-24,21:00,1,3
1424,2025-04-24,21:00,2,5
1424,2025-04-24,21:00,3,0
1425,2025-04-25,14:00,1,7
1425,2025-04-25,14:00,2,0
1425,2025-04-25,14:00,3,3
1426,2025-04-25,17:00,1,6
1426,2025-04-25,17:00,2,9
1426,2025-04-25,17:00,3,2
1427,2025-04-25,21:00,1,4
1427,2025-04-25,21:00,2,7
1427,2025-04-25,21:00,3,4
1428,2025-04-26,14:00,1,4
1428,2025-04-26,14:00,2,4
1428,2025-04-26,14:00,3,9
1429,2025-04-26,17:00,1,8
1429,2025-04-26,17:00,2,6
1429,2025-04-26,17:00,3,0
1430,2025-04-26,21:00,1,1
1430,2025-04-26,21:00,2,9
1430,2025-04-26,21:00,3,8
1431,2025-04-27,14:00,1,3
1431,2025-04-27,14:00,2,9
1431,2025-04-27,14:00,3,8
1432,2025-04-27,17:00,1,0
1432,2025-04-27,17:00,2,9
1432,2025-04-27,17:00,3,5
1433,2025-04-27,21:00,1,4
1433,2025-04-27,21:00,2,1
1433,2025-04-27,21:00,3,2
1434,2025-04-28,14:00,1,2
1434,2025-04-28,14:00,2,4
1434,2025-04-28,14:00,3,4
1435,2025-04-28,17:00,1,8
1435,2025-04-28,17:00,2,1
1435,2025-04-28,17:00,3,5
1436,2025-04-28,21:00,1,2
1436,2025-04-28,21:00,2,1
1436,2025-04-28,21:00,3,7
1437,2025-04-29,14:00,1,7
1437,2025-04-29,14:00,2,3
1437,2025-04-29,14:00,3,7
1438,2025-04-29,17:00,1,5
1438,2025-04-29,17:00,2,4
1438,2025-04-29,17:00,3,7
1439,2025-04-29,21:00,1,0
1439,2025-04-29,21:00,2,9
1439,2025-04-29,21:00,3,5
1440,2025-04-30,14:00,1,0
1440,2025-04-30,14:00,2,6
1440,2025-04-30,14:00,3,0
1441,2025-04-30,17:00,1,1
1441,2025-04-30,17:00,2,2
1441,2025-04-30,17:00,3,1
1442,2025-04-30,21:00,1,4
1442,2025-04-30,21:00,2,7
1442,2025-04-30,21:00,3,7
1443,2025-05-01,14:00,1,5
1443,2025-05-01,14:00,2,0
1443,2025-05-01,14:00,3,3
1444,2025-05-01,17:00,1,1
1444,2025-05-01,17:00,2,1
1444,2025-05-01,17:00,3,3
1445,2025-05-01,21:00,1,1
1445,2025-05-01,21:00,2,8
1445,2025-05-01,21:00,3,0
1446,2025-05-02,14:00,1,3
1446,2025-05-02,14:00,2,6
1446,2025-05-02,14:00,3,0
1447,2025-05-02,17:00,1,0
1447,2025-05-02,17:00,2,2
1447,2025-05-02,17:00,3,5
1448,2025-05-02,21:00,1,3
1448,2025-05-02,21:00,2,2
1448,2025-05-02,21:00,3,1
1449,2025-05-03,14:00,1,1
1449,2025-05-03,14:00,2,6
1449,2025-05-03,14:00,3,8
1450,2025-05-03,17:00,1,3
1450,2025-05-03,17:00,2,3
1450,2025-05-03,17:00,3,3
1451,2025-05-03,21:00,1,6
1451,2025-05-03,21:00,2,1
1451,2025-05-03,21:00,3,0
1452,2025-05-04,14:00,1,0
1452,2025-05-04,14:00,2,8
1452,2025-05-04,14:00,3,2
1453,2025-05-04,17:00,1,5
1453,2025-05-04,17:00,2,4
1453,2025-05-04,17:00,3,5
1454,2025-05-04,21:00,1,5
1454,2025-05-04,21:00,2,4
1454,2025-05-04,21:00,3,9
1455,2025-05-05,14:00,1,0
1455,2025-05-05,14:00,2,8
1455,2025-05-05,14:00,3,0
1456,2025-05-05,17:00,1,0
1456,2025-05-05,17:00,2,7
1456,2025-05-05,17:00,3,4
1457,2025-05-05,21:00,1,7
1457,2025-05-05,21:00,2,7
1457,2025-05-05,21:00,3,7
1458,2025-05-06,14:00,1,0
1458,2025-05-06,14:00,2,7
1458,2025-05-06,14:00,3,4
1459,2025-05-06,17:00,1,1
1459,2025-05-06,17:00,2,2
1459,2025-05-06,17:00,3,7
1460,2025-05-06,21:00,1,9
1460,2025-05-06,21:00,2,2
1460,2025-05-06,21:00,3,9
1461,2025-05-07,14:00,1,2
1461,2025-05-07,14:00,2,2
1461,2025-05-07,14:00,3,3
1462,2025-05-07,17:00,1,2
1462,2025-05-07,17:00,2,9
1462,2025-05-07,17:00,3,0
1463,2025-05-07,21:00,1,1
1463,2025-05-07,21:00,2,5
1463,2025-05-07,21:00,3,5
1464,2025-05-08,14:00,1,3
1464,2025-05-08,14:00,2,5
1464,2025-05-08,14:00,3,3
1465,2025-05-08,17:00,1,0
1465,2025-05-08,17:00,2,2
1465,2025-05-08,17:00,3,0
1466,2025-05-08,21:00,1,6
1466,2025-05-08,21:00,2,1
1466,2025-05-08,21:00,3,9
1467,2025-05-09,14:00,1,9
1467,2025-05-09,14:00,2,6
1467,2025-05-09,14:00,3,0
1468,2025-05-09,17:00,1,1
1468,2025-05-09,17:00,2,3
1468,2025-05-09,17:00,3,1
1469,2025-05-09,21:00,1,7
1469,2025-05-09,21:00,2,9
1469,2025-05-09,21:00,3,2
1470,2025-05-10,14:00,1,3
1470,2025-05-10,14:00,2,7
1470,2025-05-10,14:00,3,7
1471,2025-05-10,17:00,1,9
1471,2025-05-10,17:00,2,4
1471,2025-05-10,17:00,3,4
1472,2025-05-10,21:00,1,5
1472,2025-05-10,21:00,2,0
1472,2025-05-10,21:00,3,9
1473,2025-05-11,14:00,1,5
1473,2025-05-11,14:00,2,6
1473,2025-05-11,14:00,3,5
1474,2025-05-11,17:00,1,0
1474,2025-05-11,17:00,2,4
1474,2025-05-11,17:00,3,2
1475,2025-05-11,21:00,1,0
1475,2025-05-11,21:00,2,9
1475,2025-05-11,21:00,3,3
1476,2025-05-12,14:00,1,5
1476,2025-05-12,14:00,2,1
1476,2025-05-12,14:00,3,8
1477,2025-05-12,17:00,1,8
1477,2025-05-12,17:00,2,5
1477,2025-05-12,17:00,3,6
1478,2025-05-12,21:00,1,3
1478,2025-05-12,21:00,2,2
1478,2025-05-12,21:00,3,3
1479,2025-05-13,14:00,1,0
1479,2025-05-13,14:00,2,7
1479,2025-05-13,14:00,3,1
1480,2025-05-13,17:00,1,3
1480,2025-05-13,17:00,2,3
1480,2025-05-13,17:00,3,7
1481,2025-05-13,21:00,1,2
1481,2025-05-13,21:00,2,4
1481,2025-05-13,21:00,3,8
1482,2025-05-14,14:00,1,5
1482,2025-05-14,14:00,2,3
1482,2025-05-14,14:00,3,3
1483,2025-05-14,17:00,1,4
1483,2025-05-14,17:00,2,0
1483,2025-05-14,17:00,3,7
1484,2025-05-14,21:00,1,6
1484,2025-05-14,21:00,2,0
1484,2025-05-14,21:00,3,7
1485,2025-05-15,14:00,1,1
1485,2025-05-15,14:00,2,7
1485,2025-05-15,14:00,3,3
1486,2025-05-15,17:00,1,9
1486,2025-05-15,17:00,2,7
1486,2025-05-15,17:00,3,9
1487,2025-05-15,21:00,1,3
1487,2025-05-15,21:00,2,6
1487,2025-05-15,21:00,3,6
1488,2025-05-16,14:00,1,9
1488,2025-05-16,14:00,2,0
1488,2025-05-16,14:00,3,6
1489,2025-05-16,17:00,1,0
1489,2025-05-16,17:00,2,6
1489,2025-05-16,17:00,3,0
1490,2025-05-16,21:00,1,8
1490,2025-05-16,21:00,2,2
1490,2025-05-16,21:00,3,5
1491,2025-05-17,14:00,1,4
1491,2025-05-17,14:00,2,2
1491,2025-05-17,14:00,3,2
1492,2025-05-17,17:00,1,3
1492,2025-05-17,17:00,2,9
1492,2025-05-17,17:00,3,0
1493,2025-05-17,21:00,1,4
1493,2025-05-17,21:00,2,1
1493,2025-05-17,21:00,3,4
1494,2025-05-18,14:00,1,9
1494,2025-05-18,14:00,2,5
1494,2025-05-18,14:00,3,6
1495,2025-05-18,17:00,1,4
1495,2025-05-18,17:00,2,2
1495,2025-05-18,17:00,3,4
1496,2025-05-18,21:00,1,8
1496,2025-05-18,21:00,2,1
1496,2025-05-18,21:00,3,8
1497,2025-05-19,14:00,1,8
1497,2025-05-19,14:00,2,6
1497,2025-05-19,14:00,3,7
1498,2025-05-19,17:00,1,2
1498,2025-05-19,17:00,2,5
1498,2025-05-19,17:00,3,5
1499,2025-05-19,21:00,1,1
1499,2025-05-19,21:00,2,9
1499,2025-05-19,21:00,3,8
1500,2025-05-20,14:00,1,5
1500,2025-05-20,14:00,2,7
1500,2025-05-20,14:00,3,3
1501,2025-05-20,17:00,1,7
1501,2025-05-20,17:00,2,7
1501,2025-05-20,17:00,3,4
1502,2025-05-20,21:00,1,8
1502,2025-05-20,21:00,2,9
1502,2025-05-20,21:00,3,9
1503,2025-05-21,14:00,1,3
1503,2025-05-21,14:00,2,6
1503,2025-05-21,14:00,3,3
1504,2025-05-21,17:00,1,8
1504,2025-05-21,17:00,2,2
1504,2025-05-21,17:00,3,0
1505,2025-05-21,21:00,1,6
1505,2025-05-21,21:00,2,6
1505,2025-05-21,21:00,3,8
1506,2025-05-22,14:00,1,7
1506,2025-05-22,14:00,2,3
1506,2025-05-22,14:00,3,2
1507,2025-05-22,17:00,1,2
1507,2025-05-22,17:00,2,5
1507,2025-05-22,17:00,3,0
1508,2025-05-22,21:00,1,3
1508,2025-05-22,21:00,2,5
1508,2025-05-22,21:00,3,0
1509,2025-05-23,14:00,1,9
1509,2025-05-23,14:00,2,2
1509,2025-05-23,14:00,3,3
1510,2025-05-23,17:00,1,6
1510,2025-05-23,17:00,2,0
1510,2025-05-23,17:00,3,5
1511,2025-05-23,21:00,1,4
1511,2025-05-23,21:00,2,1
1511,2025-05-23,21:00,3,0
1512,2025-05-24,14:00,1,2
1512,2025-05-24,14:00,2,8
1512,2025-05-24,14:00,3,6
1513,2025-05-24,17:00,1,6
1513,2025-05-24,17:00,2,4
1513,2025-05-24,17:00,3,5
1514,2025-05-24,21:00,1,5
1514,2025-05-24,21:00,2,9
1514,2025-05-24,21:00,3,6
1515,2025-05-25,14:00,1,0
1515,2025-05-25,14:00,2,9
1515,2025-05-25,14:00,3,4
1516,2025-05-25,17:00,1,8
1516,2025-05-25,17:00,2,6
1516,2025-05-25,17:00,3,1
1517,2025-05-25,21:00,1,0
1517,2025-05-25,21:00,2,7
1517,2025-05-25,21:00,3,7
1518,2025-05-26,14:00,1,3
1518,2025-05-26,14:00,2,3
1518,2025-05-26,14:00,3,4
1519,2025-05-26,17:00,1,4
1519,2025-05-26,17:00,2,4
1519,2025-05-26,17:00,3,7
1520,2025-05-26,21:00,1,2
1520,2025-05-26,21:00,2,6
1520,2025-05-26,21:00,3,1
1521,2025-05-27,14:00,1,2
1521,2025-05-27,14:00,2,2
1521,2025-05-27,14:00,3,4
1522,2025-05-27,17:00,1,1
1522,2025-05-27,17:00,2,9
1522,2025-05-27,17:00,3,3
1523,2025-05-27,21:00,1,2
1523,2025-05-27,21:00,2,0
1523,2025-05-27,21:00,3,5
1524,2025-05-28,14:00,1,8
1524,2025-05-28,14:00,2,6
1524,2025-05-28,14:00,3,6
1525,2025-05-28,17:00,1,2
1525,2025-05-28,17:00,2,2
1525,2025-05-28,17:00,3,0
1526,2025-05-28,21:00,1,5
1526,2025-05-28,21:00,2,0
1526,2025-05-28,21:00,3,1
1527,2025-05-29,14:00,1,6
1527,2025-05-29,14:00,2,9
1527,2025-05-29,14:00,3,9
1528,2025-05-29,17:00,1,3
1528,2025-05-29,17:00,2,4
1528,2025-05-29,17:00,3,6
1529,2025-05-29,21:00,1,0
1529,2025-05-29,21:00,2,1
1529,2025-05-29,21:00,3,5
1530,2025-05-30,14:00,1,1
1530,2025-05-30,14:00,2,8
1530,2025-05-30,14:00,3,1
1531,2025-05-30,17:00,1,6
1531,2025-05-30,17:00,2,6
1531,2025-05-30,17:00,3,4
1532,2025-05-30,21:00,1,7
1532,2025-05-30,21:00,2,6
1532,2025-05-30,21:00,3,2
1533,2025-05-31,14:00,1,2
1533,2025-05-31,14:00,2,1
1533,2025-05-31,14:00,3,7
1534,2025-05-31,17:00,1,6
1534,2025-05-31,17:00,2,9
1534,2025-05-31,17:00,3,7
1535,2025-05-31,21:00,1,2
1535,2025-05-31,21:00,2,3
1535,2025-05-31,21:00,3,6
1536,2025-06-01,14:00,1,8
1536,2025-06-01,14:00,2,0
1536,2025-06-01,14:00,3,7
1537,2025-06-01,17:00,1,4
1537,2025-06-01,17:00,2,8
1537,2025-06-01,17:00,3,5
1538,2025-06-01,21:00,1,7
1538,2025-06-01,21:00,2,5
1538,2025-06-01,21:00,3,7
1539,2025-06-02,14:00,1,7
1539,2025-06-02,14:00,2,2
1539,2025-06-02,14:00,3,4
1540,2025-06-02,17:00,1,3
1540,2025-06-02,17:00,2,7
1540,2025-06-02,17:00,3,1
1541,2025-06-02,21:00,1,7
1541,2025-06-02,21:00,2,3
1541,2025-06-02,21:00,3,8
1542,2025-06-03,14:00,1,4
1542,2025-06-03,14:00,2,6
1542,2025-06-03,14:00,3,9
1543,2025-06-03,17:00,1,2
1543,2025-06-03,17:00,2,6
1543,2025-06-03,17:00,3,3
1544,2025-06-03,21:00,1,7
1544,2025-06-03,21:00,2,1
1544,2025-06-03,21:00,3,0
1545,2025-06-04,14:00,1,2
1545,2025-06-04,14:00,2,6
1545,2025-06-04,14:00,3,2
1546,2025-06-04,17:00,1,2
1546,2025-06-04,17:00,2,7
1546,2025-06-04,17:00,3,7
1547,2025-06-04,21:00,1,2
1547,2025-06-04,21:00,2,0
1547,2025-06-04,21:00,3,9
1548,2025-06-05,14:00,1,2
1548,2025-06-05,14:00,2,4
1548,2025-06-05,14:00,3,7
1549,2025-06-05,17:00,1,1
1549,2025-06-05,17:00,2,5
1549,2025-06-05,17:00,3,6
1550,2025-06-05,21:00,1,1
1550,2025-06-05,21:00,2,4
1550,2025-06-05,21:00,3,3
1551,2025-06-06,14:00,1,1
1551,2025-06-06,14:00,2,5
1551,2025-06-06,14:00,3,9
1552,2025-06-06,17:00,1,0
1552,2025-06-06,17:00,2,8
1552,2025-06-06,17:00,3,7
1553,2025-06-06,21:00,1,3
1553,2025-06-06,21:00,2,5
1553,2025-06-06,21:00,3,0
1554,2025-06-07,14:00,1,1
1554,2025-06-07,14:00,2,2
1554,2025-06-07,14:00,3,2
1555,2025-06-07,17:00,1,9
1555,2025-06-07,17:00,2,6
1555,2025-06-07,17:00,3,9
1556,2025-06-07,21:00,1,5
1556,2025-06-07,21:00,2,7
1556,2025-06-07,21:00,3,9
1557,2025-06-08,14:00,1,8
1557,2025-06-08,14:00,2,2
1557,2025-06-08,14:00,3,4
1558,2025-06-08,17:00,1,1
1558,2025-06-08,17:00,2,3
1558,2025-06-08,17:00,3,3
1559,2025-06-08,21:00,1,0
1559,2025-06-08,21:00,2,3
1559,2025-06-08,21:00,3,9
1560,2025-06-09,14:00,1,1
1560,2025-06-09,14:00,2,2
1560,2025-06-09,14:00,3,0
1561,2025-06-09,17:00,1,5
1561,2025-06-09,17:00,2,9
1561,2025-06-09,17:00,3,2
1562,2025-06-09,21:00,1,6
1562,2025-06-09,21:00,2,4
1562,2025-06-09,21:00,3,2
1563,2025-06-10,14:00,1,8
1563,2025-06-10,14:00,2,2
1563,2025-06-10,14:00,3,3
1564,2025-06-10,17:00,1,8
1564,2025-06-10,17:00,2,6
1564,2025-06-10,17:00,3,4
1565,2025-06-10,21:00,1,9
1565,2025-06-10,21:00,2,8
1565,2025-06-10,21:00,3,5
1566,2025-06-11,14:00,1,7
1566,2025-06-11,14:00,2,8
1566,2025-06-11,14:00,3,0
1567,2025-06-11,17:00,1,7
1567,2025-06-11,17:00,2,0
1567,2025-06-11,17:00,3,5
1568,2025-06-11,21:00,1,3
1568,2025-06-11,21:00,2,3
1568,2025-06-11,21:00,3,8
1569,2025-06-12,14:00,1,4
1569,2025-06-12,14:00,2,4
1569,2025-06-12,14:00,3,0
1570,2025-06-12,17:00,1,2
1570,2025-06-12,17:00,2,4
1570,2025-06-12,17:00,3,9
1571,2025-06-12,21:00,1,1
1571,2025-06-12,21:00,2,4
1571,2025-06-12,21:00,3,2
1572,2025-06-13,14:00,1,7
1572,2025-06-13,14:00,2,9
1572,2025-06-13,14:00,3,2
1573,2025-06-13,17:00,1,6
1573,2025-06-13,17:00,2,3
1573,2025-06-13,17:00,3,2
1574,2025-06-13,21:00,1,7
1574,2025-06-13,21:00,2,3
1574,2025-06-13,21:00,3,2
1575,2025-06-14,14:00,1,7
1575,2025-06-14,14:00,2,0
1575,2025-06-14,14:00,3,8
1576,2025-06-14,17:00,1,8
1576,2025-06-14,17:00,2,8
1576,2025-06-14,17:00,3,4
1577,2025-06-14,21:00,1,7
1577,2025-06-14,21:00,2,8
1577,2025-06-14,21:00,3,6
1578,2025-06-15,14:00,1,4
1578,2025-06-15,14:00,2,4
1578,2025-06-15,14:00,3,0
1579,2025-06-15,17:00,1,4
1579,2025-06-15,17:00,2,7
1579,2025-06-15,17:00,3,8
1580,2025-06-15,21:00,1,3
1580,2025-06-15,21:00,2,1
1580,2025-06-15,21:00,3,8
1581,2025-06-16,14:00,1,2
1581,2025-06-16,14:00,2,0
1581,2025-06-16,14:00,3,6
1582,2025-06-16,17:00,1,3
1582,2025-06-16,17:00,2,9
1582,2025-06-16,17:00,3,6
1583,2025-06-16,21:00,1,5
1583,2025-06-16,21:00,2,4
1583,2025-06-16,21:00,3,9
1584,2025-06-17,14:00,1,3
1584,2025-06-17,14:00,2,3
1584,2025-06-17,14:00,3,0
1585,2025-06-17,17:00,1,4
1585,2025-06-17,17:00,2,0
1585,2025-06-17,17:00,3,8
1586,2025-06-17,21:00,1,9
1586,2025-06-17,21:00,2,1
1586,2025-06-17,21:00,3,1
1587,2025-06-18,14:00,1,7
1587,2025-06-18,14:00,2,9
1587,2025-06-18,14:00,3,1
1588,2025-06-18,17:00,1,4
1588,2025-06-18,17:00,2,2
1588,2025-06-18,17:00,3,4
1589,2025-06-18,21:00,1,0
1589,2025-06-18,21:00,2,0
1589,2025-06-18,21:00,3,3
1590,2025-06-19,14:00,1,6
1590,2025-06-19,14:00,2,9
1590,2025-06-19,14:00,3,9
1591,2025-06-19,17:00,1,8
1591,2025-06-19,17:00,2,2
1591,2025-06-19,17:00,3,5
1592,2025-06-19,21:00,1,3
1592,2025-06-19,21:00,2,2
1592,2025-06-19,21:00,3,2
1593,2025-06-20,14:00,1,1
1593,2025-06-20,14:00,2,3
1593,2025-06-20,14:00,3,3
1594,2025-06-20,17:00,1,7
1594,2025-06-20,17:00,2,6
1594,2025-06-20,17:00,3,6
1595,2025-06-20,21:00,1,5
1595,2025-06-20,21:00,2,1
1595,2025-06-20,21:00,3,9
1596,2025-06-21,14:00,1,5
1596,2025-06-21,14:00,2,1
1596,2025-06-21,14:00,3,6
1597,2025-06-21,17:00,1,5
1597,2025-06-21,17:00,2,0
1597,2025-06-21,17:00,3,0
1598,2025-06-21,21:00,1,1
1598,2025-06-21,21:00,2,3
1598,2025-06-21,21:00,3,1
1599,2025-06-22,14:00,1,2
1599,2025-06-22,14:00,2,0
1599,2025-06-22,14:00,3,3
1600,2025-06-22,17:00,1,0
1600,2025-06-22,17:00,2,7
1600,2025-06-22,17:00,3,8
1601,2025-06-22,21:00,1,8
1601,2025-06-22,21:00,2,7
1601,2025-06-22,21:00,3,1
1602,2025-06-23,14:00,1,3
1602,2025-06-23,14:00,2,5
1602,2025-06-23,14:00,3,5
1603,2025-06-23,17:00,1,5
1603,2025-06-23,17:00,2,7
1603,2025-06-23,17:00,3,4
1604,2025-06-23,21:00,1,2
1604,2025-06-23,21:00,2,0
1604,2025-06-23,21:00,3,3
1605,2025-06-24,14:00,1,4
1605,2025-06-24,14:00,2,2
1605,2025-06-24,14:00,3,2
1606,2025-06-24,17:00,1,6
1606,2025-06-24,17:00,2,4
1606,2025-06-24,17:00,3,8
1607,2025-06-24,21:00,1,1
1607,2025-06-24,21:00,2,4
1607,2025-06-24,21:00,3,3
1608,2025-06-25,14:00,1,3
1608,2025-06-25,14:00,2,0
1608,2025-06-25,14:00,3,5
1609,2025-06-25,17:00,1,6
1609,2025-06-25,17:00,2,1
1609,2025-06-25,17:00,3,4
1610,2025-06-25,21:00,1,7
1610,2025-06-25,21:00,2,5
1610,2025-06-25,21:00,3,5
1611,2025-06-26,14:00,1,6
1611,2025-06-26,14:00,2,1
1611,2025-06-26,14:00,3,2
1612,2025-06-26,17:00,1,3
1612,2025-06-26,17:00,2,9
1612,2025-06-26,17:00,3,6
1613,2025-06-26,21:00,1,6
1613,2025-06-26,21:00,2,7
1613,2025-06-26,21:00,3,4
1614,2025-06-27,14:00,1,2
1614,2025-06-27,14:00,2,5
1614,2025-06-27,14:00,3,6
1615,2025-06-27,17:00,1,7
1615,2025-06-27,17:00,2,1
1615,2025-06-27,17:00,3,8
1616,2025-06-27,21:00,1,0
1616,2025-06-27,21:00,2,4
1616,2025-06-27,21:00,3,4
1617,2025-06-28,14:00,1,7
1617,2025-06-28,14:00,2,5
1617,2025-06-28,14:00,3,9
1618,2025-06-28,17:00,1,1
1618,2025-06-28,17:00,2,1
1618,2025-06-28,17:00,3,4
1619,2025-06-28,21:00,1,6
1619,2025-06-28,21:00,2,2
1619,2025-06-28,21:00,3,5
1620,2025-06-29,14:00,1,0
1620,2025-06-29,14:00,2,4
1620,2025-06-29,14:00,3,4
1621,2025-06-29,17:00,1,7
1621,2025-06-29,17:00,2,7
1621,2025-06-29,17:00,3,5
1622,2025-06-29,21:00,1,9
1622,2025-06-29,21:00,2,7
1622,2025-06-29,21:00,3,2
1623,2025-06-30,14:00,1,8
1623,2025-06-30,14:00,2,8
1623,2025-06-30,14:00,3,7
1624,2025-06-30,17:00,1,4
1624,2025-06-30,17:00,2,5
1624,2025-06-30,17:00,3,5
1625,2025-06-30,21:00,1,6
1625,2025-06-30,21:00,2,4
1625,2025-06-30,21:00,3,8
1626,2025-07-01,14:00,1,0
1626,2025-07-01,14:00,2,2
1626,2025-07-01,14:00,3,0
1627,2025-07-01,17:00,1,8
1627,2025-07-01,17:00,2,4
1627,2025-07-01,17:00,3,7
1628,2025-07-01,21:00,1,9
1628,2025-07-01,21:00,2,2
1628,2025-07-01,21:00,3,3
1629,2025-07-02,14:00,1,9
1629,2025-07-02,14:00,2,0
1629,2025-07-02,14:00,3,9
1630,2025-07-02,17:00,1,7
1630,2025-07-02,17:00,2,3
1630,2025-07-02,17:00,3,3
1631,2025-07-02,21:00,1,7
1631,2025-07-02,21:00,2,6
1631,2025-07-02,21:00,3,7
1632,2025-07-03,14:00,1,8
1632,2025-07-03,14:00,2,6
1632,2025-07-03,14:00,3,5
1633,2025-07-03,17:00,1,8
1633,2025-07-03,17:00,2,5
1633,2025-07-03,17:00,3,9
1634,2025-07-03,21:00,1,9
1634,2025-07-03,21:00,2,9
1634,2025-07-03,21:00,3,9
1635,2025-07-04,14:00,1,5
1635,2025-07-04,14:00,2,6
1635,2025-07-04,14:00,3,4
1636,2025-07-04,17:00,1,4
1636,2025-07-04,17:00,2,9
1636,2025-07-04,17:00,3,0
1637,2025-07-04,21:00,1,3
1637,2025-07-04,21:00,2,0
1637,2025-07-04,21:00,3,7
1638,2025-07-05,14:00,1,6
1638,2025-07-05,14:00,2,3
1638,2025-07-05,14:00,3,8
1639,2025-07-05,17:00,1,4
1639,2025-07-05,17:00,2,6
1639,2025-07-05,17:00,3,7
1640,2025-07-05,21:00,1,3
1640,2025-07-05,21:00,2,9
1640,2025-07-05,21:00,3,3
1641,2025-07-06,14:00,1,3
1641,2025-07-06,14:00,2,8
1641,2025-07-06,14:00,3,3
1642,2025-07-06,17:00,1,8
1642,2025-07-06,17:00,2,1
1642,2025-07-06,17:00,3,5
1643,2025-07-06,21:00,1,9
1643,2025-07-06,21:00,2,6
1643,2025-07-06,21:00,3,9
1644,2025-07-07,14:00,1,0
1644,2025-07-07,14:00,2,5
1644,2025-07-07,14:00,3,0
1645,2025-07-07,17:00,1,8
1645,2025-07-07,17:00,2,4
1645,2025-07-07,17:00,3,3
1646,2025-07-07,21:00,1,2
1646,2025-07-07,21:00,2,9
1646,2025-07-07,21:00,3,1
1647,2025-07-08,14:00,1,1
1647,2025-07-08,14:00,2,1
1647,2025-07-08,14:00,3,3
1648,2025-07-08,17:00,1,4
1648,2025-07-08,17:00,2,8
1648,2025-07-08,17:00,3,0
1649,2025-07-08,21:00,1,6
1649,2025-07-08,21:00,2,6
1649,2025-07-08,21:00,3,0
1650,2025-07-09,14:00,1,0
1650,2025-07-09,14:00,2,1
1650,2025-07-09,14:00,3,0
1651,2025-07-09,17:00,1,4
1651,2025-07-09,17:00,2,5
1651,2025-07-09,17:00,3,9
1652,2025-07-09,21:00,1,6
1652,2025-07-09,21:00,2,6
1652,2025-07-09,21:00,3,3
1653,2025-07-10,14:00,1,5
1653,2025-07-10,14:00,2,3
1653,2025-07-10,14:00,3,3
1654,2025-07-10,17:00,1,4
1654,2025-07-10,17:00,2,3
1654,2025-07-10,17:00,3,4
1655,2025-07-10,21:00,1,1
1655,2025-07-10,21:00,2,2
1655,2025-07-10,21:00,3,6
1656,2025-07-11,14:00,1,8
1656,2025-07-11,14:00,2,5
1656,2025-07-11,14:00,3,6
1657,2025-07-11,17:00,1,3
1657,2025-07-11,17:00,2,7
1657,2025-07-11,17:00,3,8
1658,2025-07-11,21:00,1,8
1658,2025-07-11,21:00,2,6
1658,2025-07-11,21:00,3,6
1659,2025-07-12,14:00,1,1
1659,2025-07-12,14:00,2,5
1659,2025-07-12,14:00,3,4
1660,2025-07-12,17:00,1,5
1660,2025-07-12,17:00,2,5
1660,2025-07-12,17:00,3,6
1661,2025-07-12,21:00,1,2
1661,2025-07-12,21:00,2,7
1661,2025-07-12,21:00,3,7
1662,2025-07-13,14:00,1,6
1662,2025-07-13,14:00,2,7
1662,2025-07-13,14:00,3,1
1663,2025-07-13,17:00,1,7
1663,2025-07-13,17:00,2,4
1663,2025-07-13,17:00,3,9
1664,2025-07-13,21:00,1,4
1664,2025-07-13,21:00,2,6
1664,2025-07-13,21:00,3,1
1665,2025-07-14,14:00,1,4
1665,2025-07-14,14:00,2,0
1665,2025-07-14,14:00,3,5
1666,2025-07-14,17:00,1,7
1666,2025-07-14,17:00,2,4
1666,2025-07-14,17:00,3,8
1667,2025-07-14,21:00,1,6
1667,2025-07-14,21:00,2,9
1667,2025-07-14,21:00,3,0
1668,2025-07-15,14:00,1,2
1668,2025-07-15,14:00,2,7
1668,2025-07-15,14:00,3,8
1669,2025-07-15,17:00,1,4
1669,2025-07-15,17:00,2,8
1669,2025-07-15,17:00,3,2
1670,2025-07-15,21:00,1,4
1670,2025-07-15,21:00,2,2
1670,2025-07-15,21:00,3,2
1671,2025-07-16,14:00,1,8
1671,2025-07-16,14:00,2,4
1671,2025-07-16,14:00,3,8
1672,2025-07-16,17:00,1,5
1672,2025-07-16,17:00,2,4
1672,2025-07-16,17:00,3,7
1673,2025-07-16,21:00,1,9
1673,2025-07-16,21:00,2,6
1673,2025-07-16,21:00,3,3
1674,2025-07-17,14:00,1,6
1674,2025-07-17,14:00,2,3
1674,2025-07-17,14:00,3,9
1675,2025-07-17,17:00,1,8
1675,2025-07-17,17:00,2,3
1675,2025-07-17,17:00,3,9
1676,2025-07-17,21:00,1,8
1676,2025-07-17,21:00,2,3
1676,2025-07-17,21:00,3,7
1677,2025-07-18,14:00,1,5
1677,2025-07-18,14:00,2,4
1677,2025-07-18,14:00,3,3
1678,2025-07-18,17:00,1,4
1678,2025-07-18,17:00,2,5
1678,2025-07-18,17:00,3,1
1679,2025-07-18,21:00,1,1
1679,2025-07-18,21:00,2,0
1679,2025-07-18,21:00,3,2
1680,2025-07-19,14:00,1,6
1680,2025-07-19,14:00,2,7
1680,2025-07-19,14:00,3,0
1681,2025-07-19,17:00,1,8
1681,2025-07-19,17:00,2,5
1681,2025-07-19,17:00,3,6
1682,2025-07-19,21:00,1,7
1682,2025-07-19,21:00,2,8
1682,2025-07-19,21:00,3,5
1683,2025-07-20,14:00,1,8
1683,2025-07-20,14:00,2,8
1683,2025-07-20,14:00,3,3
1684,2025-07-20,17:00,1,7
1684,2025-07-20,17:00,2,1
1684,2025-07-20,17:00,3,5
1685,2025-07-20,21:00,1,8
1685,2025-07-20,21:00,2,0
1685,2025-07-20,21:00,3,6
1686,2025-07-21,14:00,1,9
1686,2025-07-21,14:00,2,3
1686,2025-07-21,14:00,3,0
1687,2025-07-21,17:00,1,4
1687,2025-07-21,17:00,2,7
1687,2025-07-21,17:00,3,0
1688,2025-07-21,21:00,1,9
1688,2025-07-21,21:00,2,3
1688,2025-07-21,21:00,3,5
1689,2025-07-22,14:00,1,7
1689,2025-07-22,14:00,2,4
1689,2025-07-22,14:00,3,2
1690,2025-07-22,17:00,1,3
1690,2025-07-22,17:00,2,5
1690,2025-07-22,17:00,3,7
1691,2025-07-22,21:00,1,2
1691,2025-07-22,21:00,2,7
1691,2025-07-22,21:00,3,2
1692,2025-07-23,14:00,1,7
1692,2025-07-23,14:00,2,6
1692,2025-07-23,14:00,3,1
1693,2025-07-23,17:00,1,9
1693,2025-07-23,17:00,2,3
1693,2025-07-23,17:00,3,3
1694,2025-07-23,21:00,1,3
1694,2025-07-23,21:00,2,4
1694,2025-07-23,21:00,3,6
1695,2025-07-24,14:00,1,8
1695,2025-07-24,14:00,2,7
1695,2025-07-24,14:00,3,3
1696,2025-07-24,17:00,1,4
1696,2025-07-24,17:00,2,9
1696,2025-07-24,17:00,3,2
1697,2025-07-24,21:00,1,3
1697,2025-07-24,21:00,2,7
1697,2025-07-24,21:00,3,6
1698,2025-07-25,14:00,1,6
1698,2025-07-25,14:00,2,1
1698,2025-07-25,14:00,3,1
1699,2025-07-25,17:00,1,9
1699,2025-07-25,17:00,2,1
1699,2025-07-25,17:00,3,2
1700,2025-07-25,21:00,1,0
1700,2025-07-25,21:00,2,6
1700,2025-07-25,21:00,3,0
1701,2025-07-26,14:00,1,2
1701,2025-07-26,14:00,2,9
1701,2025-07-26,14:00,3,3
1702,2025-07-26,17:00,1,4
1702,2025-07-26,17:00,2,4
1702,2025-07-26,17:00,3,3
1703,2025-07-26,21:00,1,2
1703,2025-07-26,21:00,2,6
1703,2025-07-26,21:00,3,8
1704,2025-07-27,14:00,1,4
1704,2025-07-27,14:00,2,1
1704,2025-07-27,14:00,3,0
1705,2025-07-27,17:00,1,7
1705,2025-07-27,17:00,2,5
1705,2025-07-27,17:00,3,1
1706,2025-07-27,21:00,1,1
1706,2025-07-27,21:00,2,1
1706,2025-07-27,21:00,3,8
1707,2025-07-28,14:00,1,8
1707,2025-07-28,14:00,2,0
1707,2025-07-28,14:00,3,3
1708,2025-07-28,17:00,1,5
1708,2025-07-28,17:00,2,5
1708,2025-07-28,17:00,3,3
1709,2025-07-28,21:00,1,1
1709,2025-07-28,21:00,2,8
1709,2025-07-28,21:00,3,0
1710,2025-07-29,14:00,1,4
1710,2025-07-29,14:00,2,9
1710,2025-07-29,14:00,3,6
1711,2025-07-29,17:00,1,9
1711,2025-07-29,17:00,2,3
1711,2025-07-29,17:00,3,8
1712,2025-07-29,21:00,1,5
1712,2025-07-29,21:00,2,8
1712,2025-07-29,21:00,3,4
1713,2025-07-30,14:00,1,9
1713,2025-07-30,14:00,2,5
1713,2025-07-30,14:00,3,6
1714,2025-07-30,17:00,1,0
1714,2025-07-30,17:00,2,8
1714,2025-07-30,17:00,3,7
1715,2025-07-30,21:00,1,7
1715,2025-07-30,21:00,2,1
1715,2025-07-30,21:00,3,9
1716,2025-07-31,14:00,1,3
1716,2025-07-31,14:00,2,6
1716,2025-07-31,14:00,3,1
1717,2025-07-31,17:00,1,8
1717,2025-07-31,17:00,2,1
1717,2025-07-31,17:00,3,2
1718,2025-07-31,21:00,1,3
1718,2025-07-31,21:00,2,6
1718,2025-07-31,21:00,3,9
1719,2025-08-01,14:00,1,2
1719,2025-08-01,14:00,2,9
1719,2025-08-01,14:00,3,2
1720,2025-08-01,17:00,1,3
1720,2025-08-01,17:00,2,1
1720,2025-08-01,17:00,3,3
1721,2025-08-01,21:00,1,2
1721,2025-08-01,21:00,2,8
1721,2025-08-01,21:00,3,7
1722,2025-08-02,14:00,1,0
1722,2025-08-02,14:00,2,2
1722,2025-08-02,14:00,3,1
1723,2025-08-02,17:00,1,5
1723,2025-08-02,17:00,2,8
1723,2025-08-02,17:00,3,8
1724,2025-08-02,21:00,1,3
1724,2025-08-02,21:00,2,2
1724,2025-08-02,21:00,3,5
1725,2025-08-03,14:00,1,1
1725,2025-08-03,14:00,2,5
1725,2025-08-03,14:00,3,1
1726,2025-08-03,17:00,1,2
1726,2025-08-03,17:00,2,6
1726,2025-08-03,17:00,3,6
1727,2025-08-03,21:00,1,2
1727,2025-08-03,21:00,2,4
1727,2025-08-03,21:00,3,9
1728,2025-08-04,14:00,1,8
1728,2025-08-04,14:00,2,8
1728,2025-08-04,14:00,3,9
1729,2025-08-04,17:00,1,1
1729,2025-08-04,17:00,2,9
1729,2025-08-04,17:00,3,3
1730,2025-08-04,21:00,1,3
1730,2025-08-04,21:00,2,3
1730,2025-08-04,21:00,3,6
1731,2025-08-05,14:00,1,0
1731,2025-08-05,14:00,2,0
1731,2025-08-05,14:00,3,5
1732,2025-08-05,17:00,1,3
1732,2025-08-05,17:00,2,4
1732,2025-08-05,17:00,3,1
1733,2025-08-05,21:00,1,3
1733,2025-08-05,21:00,2,4
1733,2025-08-05,21:00,3,2
1734,2025-08-06,14:00,1,3
1734,2025-08-06,14:00,2,2
1734,2025-08-06,14:00,3,6
1735,2025-08-06,17:00,1,3
1735,2025-08-06,17:00,2,5
1735,2025-08-06,17:00,3,4
1736,2025-08-06,21:00,1,5
1736,2025-08-06,21:00,2,7
1736,2025-08-06,21:00,3,8
1737,2025-08-07,14:00,1,6
1737,2025-08-07,14:00,2,5
1737,2025-08-07,14:00,3,8
1738,2025-08-07,17:00,1,5
1738,2025-08-07,17:00,2,2
1738,2025-08-07,17:00,3,4
1739,2025-08-07,21:00,1,0
1739,2025-08-07,21:00,2,5
1739,2025-08-07,21:00,3,2
1740,2025-08-08,14:00,1,5
1740,2025-08-08,14:00,2,4
1740,2025-08-08,14:00,3,7
1741,2025-08-08,17:00,1,8
1741,2025-08-08,17:00,2,5
1741,2025-08-08,17:00,3,0
1742,2025-08-08,21:00,1,3
1742,2025-08-08,21:00,2,0
1742,2025-08-08,21:00,3,2
1743,2025-08-09,14:00,1,9
1743,2025-08-09,14:00,2,6
1743,2025-08-09,14:00,3,8
1744,2025-08-09,17:00,1,7
1744,2025-08-09,17:00,2,4
1744,2025-08-09,17:00,3,1
1745,2025-08-09,21:00,1,0
1745,2025-08-09,21:00,2,4
1745,2025-08-09,21:00,3,6
1746,2025-08-10,14:00,1,6
1746,2025-08-10,14:00,2,1
1746,2025-08-10,14:00,3,1
1747,2025-08-10,17:00,1,2
1747,2025-08-10,17:00,2,6
1747,2025-08-10,17:00,3,8
1748,2025-08-10,21:00,1,8
1748,2025-08-10,21:00,2,8
1748,2025-08-10,21:00,3,7
1749,2025-08-11,14:00,1,8
1749,2025-08-11,14:00,2,1
1749,2025-08-11,14:00,3,2
1750,2025-08-11,17:00,1,4
1750,2025-08-11,17:00,2,2
1750,2025-08-11,17:00,3,2
1751,2025-08-11,21:00,1,8
1751,2025-08-11,21:00,2,8
1751,2025-08-11,21:00,3,9
1752,2025-08-12,14:00,1,7
1752,2025-08-12,14:00,2,4
1752,2025-08-12,14:00,3,8
1753,2025-08-12,17:00,1,3
1753,2025-08-12,17:00,2,3
1753,2025-08-12,17:00,3,0
1754,2025-08-12,21:00,1,7
1754,2025-08-12,21:00,2,0
1754,2025-08-12,21:00,3,2
1755,2025-08-13,14:00,1,6
1755,2025-08-13,14:00,2,4
1755,2025-08-13,14:00,3,1
1756,2025-08-13,17:00,1,6
1756,2025-08-13,17:00,2,6
1756,2025-08-13,17:00,3,3
1757,2025-08-13,21:00,1,1
1757,2025-08-13,21:00,2,3
1757,2025-08-13,21:00,3,9
1758,2025-08-14,14:00,1,5
1758,2025-08-14,14:00,2,3
1758,2025-08-14,14:00,3,5
1759,2025-08-14,17:00,1,9
1759,2025-08-14,17:00,2,7
1759,2025-08-14,17:00,3,8
1760,2025-08-14,21:00,1,7
1760,2025-08-14,21:00,2,4
1760,2025-08-14,21:00,3,6
1761,2025-08-15,14:00,1,2
1761,2025-08-15,14:00,2,3
1761,2025-08-15,14:00,3,2
1762,2025-08-15,17:00,1,3
1762,2025-08-15,17:00,2,3
1762,2025-08-15,17:00,3,6
1763,2025-08-15,21:00,1,1
1763,2025-08-15,21:00,2,9
1763,2025-08-15,21:00,3,1
1764,2025-08-16,14:00,1,6
1764,2025-08-16,14:00,2,0
1764,2025-08-16,14:00,3,1
1765,2025-08-16,17:00,1,9
1765,2025-08-16,17:00,2,5
1765,2025-08-16,17:00,3,7
1766,2025-08-16,21:00,1,0
1766,2025-08-16,21:00,2,3
1766,2025-08-16,21:00,3,9
1767,2025-08-17,14:00,1,4
1767,2025-08-17,14:00,2,9
1767,2025-08-17,14:00,3,9
1768,2025-08-17,17:00,1,2
1768,2025-08-17,17:00,2,6
1768,2025-08-17,17:00,3,0
1769,2025-08-17,21:00,1,7
1769,2025-08-17,21:00,2,1
1769,2025-08-17,21:00,3,7
1770,2025-08-18,14:00,1,9
1770,2025-08-18,14:00,2,2
1770,2025-08-18,14:00,3,0
1771,2025-08-18,17:00,1,7
1771,2025-08-18,17:00,2,9
1771,2025-08-18,17:00,3,6
1772,2025-08-18,21:00,1,1
1772,2025-08-18,21:00,2,5
1772,2025-08-18,21:00,3,3
1773,2025-08-19,14:00,1,7
1773,2025-08-19,14:00,2,7
1773,2025-08-19,14:00,3,3
1774,2025-08-19,17:00,1,2
1774,2025-08-19,17:00,2,6
1774,2025-08-19,17:00,3,0
1775,2025-08-19,21:00,1,4
1775,2025-08-19,21:00,2,5
1775,2025-08-19,21:00,3,9
1776,2025-08-20,14:00,1,1
1776,2025-08-20,14:00,2,3
1776,2025-08-20,14:00,3,0
1777,2025-08-20,17:00,1,9
1777,2025-08-20,17:00,2,0
1777,2025-08-20,17:00,3,9
1778,2025-08-20,21:00,1,9
1778,2025-08-20,21:00,2,0
1778,2025-08-20,21:00,3,6
1779,2025-08-21,14:00,1,9
1779,2025-08-21,14:00,2,5
1779,2025-08-21,14:00,3,9
1780,2025-08-21,17:00,1,3
1780,2025-08-21,17:00,2,6
1780,2025-08-21,17:00,3,8
1781,2025-08-21,21:00,1,1
1781,2025-08-21,21:00,2,1
1781,2025-08-21,21:00,3,4
1782,2025-08-22,14:00,1,8
1782,2025-08-22,14:00,2,7
1782,2025-08-22,14:00,3,2
1783,2025-08-22,17:00,1,9
1783,2025-08-22,17:00,2,3
1783,2025-08-22,17:00,3,6
1784,2025-08-22,21:00,1,4
1784,2025-08-22,21:00,2,4
1784,2025-08-22,21:00,3,0
1785,2025-08-23,14:00,1,5
1785,2025-08-23,14:00,2,8
1785,2025-08-23,14:00,3,3
1786,2025-08-23,17:00,1,2
1786,2025-08-23,17:00,2,7
1786,2025-08-23,17:00,3,2
1787,2025-08-23,21:00,1,6
1787,2025-08-23,21:00,2,0
1787,2025-08-23,21:00,3,3
1788,2025-08-24,14:00,1,6
1788,2025-08-24,14:00,2,5
1788,2025-08-24,14:00,3,1
1789,2025-08-24,17:00,1,1
1789,2025-08-24,17:00,2,0
1789,2025-08-24,17:00,3,5
1790,2025-08-24,21:00,1,4
1790,2025-08-24,21:00,2,3
1790,2025-08-24,21:00,3,5
1791,2025-08-25,14:00,1,7
1791,2025-08-25,14:00,2,9
1791,2025-08-25,14:00,3,3
1792,2025-08-25,17:00,1,1
1792,2025-08-25,17:00,2,8
1792,2025-08-25,17:00,3,5
1793,2025-08-25,21:00,1,4
1793,2025-08-25,21:00,2,1
1793,2025-08-25,21:00,3,7
1794,2025-08-26,14:00,1,7
1794,2025-08-26,14:00,2,7
1794,2025-08-26,14:00,3,3
1795,2025-08-26,17:00,1,4
1795,2025-08-26,17:00,2,8
1795,2025-08-26,17:00,3,9
1796,2025-08-26,21:00,1,1
1796,2025-08-26,21:00,2,0
1796,2025-08-26,21:00,3,7
1797,2025-08-27,14:00,1,7
1797,2025-08-27,14:00,2,0
1797,2025-08-27,14:00,3,8
1798,2025-08-27,17:00,1,1
1798,2025-08-27,17:00,2,0
1798,2025-08-27,17:00,3,6
1799,2025-08-27,21:00,1,9
1799,2025-08-27,21:00,2,5
1799,2025-08-27,21:00,3,9
1800,2025-08-28,14:00,1,7
1800,2025-08-28,14:00,2,8
1800,2025-08-28,14:00,3,5
1801,2025-08-28,17:00,1,1
1801,2025-08-28,17:00,2,5
1801,2025-08-28,17:00,3,2
1802,2025-08-28,21:00,1,1
1802,2025-08-28,21:00,2,0
1802,2025-08-28,21:00,3,3
1803,2025-08-29,14:00,1,8
1803,2025-08-29,14:00,2,7
1803,2025-08-29,14:00,3,6
1804,2025-08-29,17:00,1,0
1804,2025-08-29,17:00,2,4
1804,2025-08-29,17:00,3,1
1805,2025-08-29,21:00,1,2
1805,2025-08-29,21:00,2,4
1805,2025-08-29,21:00,3,3
1806,2025-08-30,14:00,1,2
1806,2025-08-30,14:00,2,6
1806,2025-08-30,14:00,3,6
1807,2025-08-30,17:00,1,8
1807,2025-08-30,17:00,2,6
1807,2025-08-30,17:00,3,1
1808,2025-08-30,21:00,1,2
1808,2025-08-30,21:00,2,2
1808,2025-08-30,21:00,3,7
1809,2025-08-31,14:00,1,5
1809,2025-08-31,14:00,2,7
1809,2025-08-31,14:00,3,5
1810,2025-08-31,17:00,1,4
1810,2025-08-31,17:00,2,8
1810,2025-08-31,17:00,3,7
1811,2025-08-31,21:00,1,7
1811,2025-08-31,21:00,2,6
1811,2025-08-31,21:00,3,8
1812,2025-09-01,14:00,1,2
1812,2025-09-01,14:00,2,5
1812,2025-09-01,14:00,3,6
1813,2025-09-01,17:00,1,7
1813,2025-09-01,17:00,2,5
1813,2025-09-01,17:00,3,7
1814,2025-09-01,21:00,1,5
1814,2025-09-01,21:00,2,1
1814,2025-09-01,21:00,3,5
1815,2025-09-02,14:00,1,7
1815,2025-09-02,14:00,2,6
1815,2025-09-02,14:00,3,5
1816,2025-09-02,17:00,1,3
1816,2025-09-02,17:00,2,8
1816,2025-09-02,17:00,3,1
1817,2025-09-02,21:00,1,1
1817,2025-09-02,21:00,2,0
1817,2025-09-02,21:00,3,6
1818,2025-09-03,14:00,1,9
1818,2025-09-03,14:00,2,7
1818,2025-09-03,14:00,3,6
1819,2025-09-03,17:00,1,3
1819,2025-09-03,17:00,2,0
1819,2025-09-03,17:00,3,0
1820,2025-09-03,21:00,1,4
1820,2025-09-03,21:00,2,6
1820,2025-09-03,21:00,3,2
1821,2025-09-04,14:00,1,0
1821,2025-09-04,14:00,2,3
1821,2025-09-04,14:00,3,9
1822,2025-09-04,17:00,1,7
1822,2025-09-04,17:00,2,6
1822,2025-09-04,17:00,3,3
1823,2025-09-04,21:00,1,8
1823,2025-09-04,21:00,2,2
1823,2025-09-04,21:00,3,1
1824,2025-09-05,14:00,1,6
1824,2025-09-05,14:00,2,9
1824,2025-09-05,14:00,3,0
1825,2025-09-05,17:00,1,8
1825,2025-09-05,17:00,2,5
1825,2025-09-05,17:00,3,5
1826,2025-09-05,21:00,1,1
1826,2025-09-05,21:00,2,6
1826,2025-09-05,21:00,3,6
1827,2025-09-06,14:00,1,7
1827,2025-09-06,14:00,2,9
1827,2025-09-06,14:00,3,7
1828,2025-09-06,17:00,1,2
1828,2025-09-06,17:00,2,4
1828,2025-09-06,17:00,3,2
1829,2025-09-06,21:00,1,1
1829,2025-09-06,21:00,2,8
1829,2025-09-06,21:00,3,3
1830,2025-09-07,14:00,1,4
1830,2025-09-07,14:00,2,2
1830,2025-09-07,14:00,3,7
1831,2025-09-07,17:00,1,0
1831,2025-09-07,17:00,2,6
1831,2025-09-07,17:00,3,1
1832,2025-09-07,21:00,1,2
1832,2025-09-07,21:00,2,2
1832,2025-09-07,21:00,3,7
1833,2025-09-08,14:00,1,1
1833,2025-09-08,14:00,2,7
1833,2025-09-08,14:00,3,0
1834,2025-09-08,17:00,1,4
1834,2025-09-08,17:00,2,9
1834,2025-09-08,17:00,3,2
1835,2025-09-08,21:00,1,4
1835,2025-09-08,21:00,2,9
1835,2025-09-08,21:00,3,2
1836,2025-09-09,14:00,1,1
1836,2025-09-09,14:00,2,0
1836,2025-09-09,14:00,3,7
1837,2025-09-09,17:00,1,5
1837,2025-09-09,17:00,2,1
1837,2025-09-09,17:00,3,1
1838,2025-09-09,21:00,1,6
1838,2025-09-09,21:00,2,6
1838,2025-09-09,21:00,3,3
1839,2025-09-10,14:00,1,0
1839,2025-09-10,14:00,2,3
1839,2025-09-10,14:00,3,5
1840,2025-09-10,17:00,1,5
1840,2025-09-10,17:00,2,9
1840,2025-09-10,17:00,3,8
1841,2025-09-10,21:00,1,3
1841,2025-09-10,21:00,2,3
1841,2025-09-10,21:00,3,8
1842,2025-09-11,14:00,1,6
1842,2025-09-11,14:00,2,5
1842,2025-09-11,14:00,3,9
1843,2025-09-11,17:00,1,2
1843,2025-09-11,17:00,2,8
1843,2025-09-11,17:00,3,0
1844,2025-09-11,21:00,1,6
1844,2025-09-11,21:00,2,0
1844,2025-09-11,21:00,3,7
1845,2025-09-12,14:00,1,0
1845,2025-09-12,14:00,2,1
1845,2025-09-12,14:00,3,8
1846,2025-09-12,17:00,1,5
1846,2025-09-12,17:00,2,7
1846,2025-09-12,17:00,3,2
1847,2025-09-12,21:00,1,9
1847,2025-09-12,21:00,2,9
1847,2025-09-12,21:00,3,6
1848,2025-09-13,14:00,1,5
1848,2025-09-13,14:00,2,1
1848,2025-09-13,14:00,3,8
1849,2025-09-13,17:00,1,0
1849,2025-09-13,17:00,2,1
1849,2025-09-13,17:00,3,4
1850,2025-09-13,21:00,1,3
1850,2025-09-13,21:00,2,3
1850,2025-09-13,21:00,3,0
1851,2025-09-14,14:00,1,5
1851,2025-09-14,14:00,2,7
1851,2025-09-14,14:00,3,5
1852,2025-09-14,17:00,1,1
1852,2025-09-14,17:00,2,4
1852,2025-09-14,17:00,3,9
1853,2025-09-14,21:00,1,4
1853,2025-09-14,21:00,2,4
1853,2025-09-14,21:00,3,9
1854,2025-09-15,14:00,1,6
1854,2025-09-15,14:00,2,8
1854,2025-09-15,14:00,3,1
1855,2025-09-15,17:00,1,9
1855,2025-09-15,17:00,2,8
1855,2025-09-15,17:00,3,6
1856,2025-09-15,21:00,1,4
1856,2025-09-15,21:00,2,1
1856,2025-09-15,21:00,3,2
1857,2025-09-16,14:00,1,2
1857,2025-09-16,14:00,2,3
1857,2025-09-16,14:00,3,9
1858,2025-09-16,17:00,1,9
1858,2025-09-16,17:00,2,5
1858,2025-09-16,17:00,3,8
1859,2025-09-16,21:00,1,3
1859,2025-09-16,21:00,2,5
1859,2025-09-16,21:00,3,9
1860,2025-09-17,14:00,1,8
1860,2025-09-17,14:00,2,0
1860,2025-09-17,14:00,3,9
1861,2025-09-17,17:00,1,6
1861,2025-09-17,17:00,2,4
1861,2025-09-17,17:00,3,5
1862,2025-09-17,21:00,1,3
1862,2025-09-17,21:00,2,1
1862,2025-09-17,21:00,3,0
1863,2025-09-18,14:00,1,2
1863,2025-09-18,14:00,2,1
1863,2025-09-18,14:00,3,5
1864,2025-09-18,17:00,1,8
1864,2025-09-18,17:00,2,2
1864,2025-09-18,17:00,3,0
1865,2025-09-18,21:00,1,2
1865,2025-09-18,21:00,2,6
1865,2025-09-18,21:00,3,2
1866,2025-09-19,14:00,1,1
1866,2025-09-19,14:00,2,8
1866,2025-09-19,14:00,3,3
1867,2025-09-19,17:00,1,1
1867,2025-09-19,17:00,2,6
1867,2025-09-19,17:00,3,4
1868,2025-09-19,21:00,1,1
1868,2025-09-19,21:00,2,5
1868,2025-09-19,21:00,3,5
1869,2025-09-20,14:00,1,4
1869,2025-09-20,14:00,2,1
1869,2025-09-20,14:00,3,2
1870,2025-09-20,17:00,1,0
1870,2025-09-20,17:00,2,8
1870,2025-09-20,17:00,3,1
1871,2025-09-20,21:00,1,0
1871,2025-09-20,21:00,2,5
1871,2025-09-20,21:00,3,5
1872,2025-09-21,14:00,1,4
1872,2025-09-21,14:00,2,3
1872,2025-09-21,14:00,3,6
1873,2025-09-21,17:00,1,1
1873,2025-09-21,17:00,2,3
1873,2025-09-21,17:00,3,9
1874,2025-09-21,21:00,1,4
1874,2025-09-21,21:00,2,1
1874,2025-09-21,21:00,3,0
1875,2025-09-22,14:00,1,3
1875,2025-09-22,14:00,2,9
1875,2025-09-22,14:00,3,2
1876,2025-09-22,17:00,1,6
1876,2025-09-22,17:00,2,9
1876,2025-09-22,17:00,3,4
1877,2025-09-22,21:00,1,2
1877,2025-09-22,21:00,2,9
1877,2025-09-22,21:00,3,0
1878,2025-09-23,14:00,1,7
1878,2025-09-23,14:00,2,3
1878,2025-09-23,14:00,3,5
1879,2025-09-23,17:00,1,5
1879,2025-09-23,17:00,2,2
1879,2025-09-23,17:00,3,3
1880,2025-09-23,21:00,1,6
1880,2025-09-23,21:00,2,7
1880,2025-09-23,21:00,3,6
1881,2025-09-24,14:00,1,6
1881,2025-09-24,14:00,2,4
1881,2025-09-24,14:00,3,0
1882,2025-09-24,17:00,1,1
1882,2025-09-24,17:00,2,3
1882,2025-09-24,17:00,3,8
1883,2025-09-24,21:00,1,2
1883,2025-09-24,21:00,2,4
1883,2025-09-24,21:00,3,1
1884,2025-09-25,14:00,1,9
1884,2025-09-25,14:00,2,2
1884,2025-09-25,14:00,3,8
1885,2025-09-25,17:00,1,6
1885,2025-09-25,17:00,2,1
1885,2025-09-25,17:00,3,0
1886,2025-09-25,21:00,1,1
1886,2025-09-25,21:00,2,0
1886,2025-09-25,21:00,3,9
1887,2025-09-26,14:00,1,5
1887,2025-09-26,14:00,2,8
1887,2025-09-26,14:00,3,3
1888,2025-09-26,17:00,1,3
1888,2025-09-26,17:00,2,0
1888,2025-09-26,17:00,3,5
1889,2025-09-26,21:00,1,3
1889,2025-09-26,21:00,2,9
1889,2025-09-26,21:00,3,6
1890,2025-09-27,14:00,1,3
1890,2025-09-27,14:00,2,9
1890,2025-09-27,14:00,3,8
1891,2025-09-27,17:00,1,3
1891,2025-09-27,17:00,2,3
1891,2025-09-27,17:00,3,4
1892,2025-09-27,21:00,1,7
1892,2025-09-27,21:00,2,8
1892,2025-09-27,21:00,3,2
1893,2025-09-28,14:00,1,1
1893,2025-09-28,14:00,2,1
1893,2025-09-28,14:00,3,4
1894,2025-09-28,17:00,1,9
1894,2025-09-28,17:00,2,6
1894,2025-09-28,17:00,3,7
1895,2025-09-28,21:00,1,1
1895,2025-09-28,21:00,2,3
1895,2025-09-28,21:00,3,3
1896,2025-09-29,14:00,1,9
1896,2025-09-29,14:00,2,7
1896,2025-09-29,14:00,3,9
1897,2025-09-29,17:00,1,2
1897,2025-09-29,17:00,2,0
1897,2025-09-29,17:00,3,9
1898,2025-09-29,21:00,1,3
1898,2025-09-29,21:00,2,1
1898,2025-09-29,21:00,3,5
1899,2025-09-30,14:00,1,7
1899,2025-09-30,14:00,2,1
1899,2025-09-30,14:00,3,7
1900,2025-09-30,17:00,1,5
1900,2025-09-30,17:00,2,3
1900,2025-09-30,17:00,3,0
1901,2025-09-30,21:00,1,3
1901,2025-09-30,21:00,2,2
1901,2025-09-30,21:00,3,5
1902,2025-10-01,14:00,1,8
1902,2025-10-01,14:00,2,3
1902,2025-10-01,14:00,3,2
1903,2025-10-01,17:00,1,8
1903,2025-10-01,17:00,2,0
1903,2025-10-01,17:00,3,7
1904,2025-10-01,21:00,1,2
1904,2025-10-01,21:00,2,5
1904,2025-10-01,21:00,3,1
1905,2025-10-02,14:00,1,6
1905,2025-10-02,14:00,2,1
1905,2025-10-02,14:00,3,3
1906,2025-10-02,17:00,1,0
1906,2025-10-02,17:00,2,9
1906,2025-10-02,17:00,3,1
1907,2025-10-02,21:00,1,5
1907,2025-10-02,21:00,2,1
1907,2025-10-02,21:00,3,5
1908,2025-10-03,14:00,1,8
1908,2025-10-03,14:00,2,3
1908,2025-10-03,14:00,3,0
1909,2025-10-03,17:00,1,7
1909,2025-10-03,17:00,2,7
1909,2025-10-03,17:00,3,5
1910,2025-10-03,21:00,1,4
1910,2025-10-03,21:00,2,5
1910,2025-10-03,21:00,3,0
1911,2025-10-04,14:00,1,0
1911,2025-10-04,14:00,2,6
1911,2025-10-04,14:00,3,9
1912,2025-10-04,17:00,1,6
1912,2025-10-04,17:00,2,3
1912,2025-10-04,17:00,3,9
1913,2025-10-04,21:00,1,3
1913,2025-10-04,21:00,2,4
1913,2025-10-04,21:00,3,0
1914,2025-10-05,14:00,1,7
1914,2025-10-05,14:00,2,2
1914,2025-10-05,14:00,3,0
1915,2025-10-05,17:00,1,0
1915,2025-10-05,17:00,2,0
1915,2025-10-05,17:00,3,4
1916,2025-10-05,21:00,1,3
1916,2025-10-05,21:00,2,1
1916,2025-10-05,21:00,3,6
1917,2025-10-06,14:00,1,6
1917,2025-10-06,14:00,2,8
1917,2025-10-06,14:00,3,9
1918,2025-10-06,17:00,1,8
1918,2025-10-06,17:00,2,8
1918,2025-10-06,17:00,3,2
1919,2025-10-06,21:00,1,1
1919,2025-10-06,21:00,2,1
1919,2025-10-06,21:00,3,1
1920,2025-10-07,14:00,1,0
1920,2025-10-07,14:00,2,9
1920,2025-10-07,14:00,3,5
1921,2025-10-07,17:00,1,3
1921,2025-10-07,17:00,2,6
1921,2025-10-07,17:00,3,9
1922,2025-10-07,21:00,1,0
1922,2025-10-07,21:00,2,3
1922,2025-10-07,21:00,3,4
1923,2025-10-08,14:00,1,6
1923,2025-10-08,14:00,2,3
1923,2025-10-08,14:00,3,6
1924,2025-10-08,17:00,1,6
1924,2025-10-08,17:00,2,9
1924,2025-10-08,17:00,3,9
1925,2025-10-08,21:00,1,4
1925,2025-10-08,21:00,2,3
1925,2025-10-08,21:00,3,0
1926,2025-10-09,14:00,1,8
1926,2025-10-09,14:00,2,8
1926,2025-10-09,14:00,3,7
1927,2025-10-09,17:00,1,4
1927,2025-10-09,17:00,2,2
1927,2025-10-09,17:00,3,0
1928,2025-10-09,21:00,1,2
1928,2025-10-09,21:00,2,8
1928,2025-10-09,21:00,3,0
1929,2025-10-10,14:00,1,9
1929,2025-10-10,14:00,2,8
1929,2025-10-10,14:00,3,1
1930,2025-10-10,17:00,1,3
1930,2025-10-10,17:00,2,3
1930,2025-10-10,17:00,3,9
1931,2025-10-10,21:00,1,4
1931,2025-10-10,21:00,2,6
1931,2025-10-10,21:00,3,8
1932,2025-10-11,14:00,1,9
1932,2025-10-11,14:00,2,9
1932,2025-10-11,14:00,3,4
1933,2025-10-11,17:00,1,4
1933,2025-10-11,17:00,2,8
1933,2025-10-11,17:00,3,9
1934,2025-10-11,21:00,1,3
1934,2025-10-11,21:00,2,8
1934,2025-10-11,21:00,3,7
1935,2025-10-12,14:00,1,8
1935,2025-10-12,14:00,2,0
1935,2025-10-12,14:00,3,2
1936,2025-10-12,17:00,1,1
1936,2025-10-12,17:00,2,9
1936,2025-10-12,17:00,3,1
1937,2025-10-12,21:00,1,0
1937,2025-10-12,21:00,2,2
1937,2025-10-12,21:00,3,8
1938,2025-10-13,14:00,1,3
1938,2025-10-13,14:00,2,8
1938,2025-10-13,14:00,3,0
1939,2025-10-13,17:00,1,9
1939,2025-10-13,17:00,2,7
1939,2025-10-13,17:00,3,6
1940,2025-10-13,21:00,1,0
1940,2025-10-13,21:00,2,0
1940,2025-10-13,21:00,3,2
1941,2025-10-14,14:00,1,9
1941,2025-10-14,14:00,2,8
1941,2025-10-14,14:00,3,5
1942,2025-10-14,17:00,1,2
1942,2025-10-14,17:00,2,1
1942,2025-10-14,17:00,3,6
1943,2025-10-14,21:00,1,8
1943,2025-10-14,21:00,2,3
1943,2025-10-14,21:00,3,0
1944,2025-10-15,14:00,1,0
1944,2025-10-15,14:00,2,6
1944,2025-10-15,14:00,3,8
1945,2025-10-15,17:00,1,2
1945,2025-10-15,17:00,2,3
1945,2025-10-15,17:00,3,7
1946,2025-10-15,21:00,1,8
1946,2025-10-15,21:00,2,7
1946,2025-10-15,21:00,3,4
1947,2025-10-16,14:00,1,4
1947,2025-10-16,14:00,2,6
1947,2025-10-16,14:00,3,8
1948,2025-10-16,17:00,1,6
1948,2025-10-16,17:00,2,0
1948,2025-10-16,17:00,3,4
1949,2025-10-16,21:00,1,5
1949,2025-10-16,21:00,2,9
1949,2025-10-16,21:00,3,4
1950,2025-10-17,14:00,1,6
1950,2025-10-17,14:00,2,3
1950,2025-10-17,14:00,3,3
1951,2025-10-17,17:00,1,7
1951,2025-10-17,17:00,2,2
1951,2025-10-17,17:00,3,4
1952,2025-10-17,21:00,1,9
1952,2025-10-17,21:00,2,4
1952,2025-10-17,21:00,3,3
1953,2025-10-18,14:00,1,2
1953,2025-10-18,14:00,2,5
1953,2025-10-18,14:00,3,2
1954,2025-10-18,17:00,1,7
1954,2025-10-18,17:00,2,8
1954,2025-10-18,17:00,3,0
1955,2025-10-18,21:00,1,5
1955,2025-10-18,21:00,2,2
1955,2025-10-18,21:00,3,9
1956,2025-10-19,14:00,1,8
1956,2025-10-19,14:00,2,4
1956,2025-10-19,14:00,3,0
1957,2025-10-19,17:00,1,8
1957,2025-10-19,17:00,2,1
1957,2025-10-19,17:00,3,2
1958,2025-10-19,21:00,1,8
1958,2025-10-19,21:00,2,1
1958,2025-10-19,21:00,3,4
1959,2025-10-20,14:00,1,2
1959,2025-10-20,14:00,2,6
1959,2025-10-20,14:00,3,6
1960,2025-10-20,17:00,1,0
1960,2025-10-20,17:00,2,4
1960,2025-10-20,17:00,3,5
1961,2025-10-20,21:00,1,2
1961,2025-10-20,21:00,2,7
1961,2025-10-20,21:00,3,8
1962,2025-10-21,14:00,1,8
1962,2025-10-21,14:00,2,4
1962,2025-10-21,14:00,3,2
1963,2025-10-21,17:00,1,8
1963,2025-10-21,17:00,2,8
1963,2025-10-21,17:00,3,3
1964,2025-10-21,21:00,1,8
1964,2025-10-21,21:00,2,6
1964,2025-10-21,21:00,3,2
1965,2025-10-22,14:00,1,6
1965,2025-10-22,14:00,2,3
1965,2025-10-22,14:00,3,4
1966,2025-10-22,17:00,1,0
1966,2025-10-22,17:00,2,0
1966,2025-10-22,17:00,3,3
1967,2025-10-22,21:00,1,2
1967,2025-10-22,21:00,2,3
1967,2025-10-22,21:00,3,7
1968,2025-10-23,14:00,1,3
1968,2025-10-23,14:00,2,9
1968,2025-10-23,14:00,3,1
1969,2025-10-23,17:00,1,9
1969,2025-10-23,17:00,2,6
1969,2025-10-23,17:00,3,9
1970,2025-10-23,21:00,1,9
1970,2025-10-23,21:00,2,9
1970,2025-10-23,21:00,3,2
1971,2025-10-24,14:00,1,3
1971,2025-10-24,14:00,2,8
1971,2025-10-24,14:00,3,8
1972,2025-10-24,17:00,1,3
1972,2025-10-24,17:00,2,1
1972,2025-10-24,17:00,3,6
1973,2025-10-24,21:00,1,0
1973,2025-10-24,21:00,2,9
1973,2025-10-24,21:00,3,9
1974,2025-10-25,14:00,1,8
1974,2025-10-25,14:00,2,3
1974,2025-10-25,14:00,3,8
1975,2025-10-25,17:00,1,4
1975,2025-10-25,17:00,2,2
1975,2025-10-25,17:00,3,0
1976,2025-10-25,21:00,1,5
1976,2025-10-25,21:00,2,3
1976,2025-10-25,21:00,3,6
1977,2025-10-26,14:00,1,3
1977,2025-10-26,14:00,2,5
1977,2025-10-26,14:00,3,1
1978,2025-10-26,17:00,1,4
1978,2025-10-26,17:00,2,3
1978,2025-10-26,17:00,3,5
1979,2025-10-26,21:00,1,8
1979,2025-10-26,21:00,2,1
1979,2025-10-26,21:00,3,4
1980,2025-10-27,14:00,1,6
1980,2025-10-27,14:00,2,2
1980,2025-10-27,14:00,3,9
1981,2025-10-27,17:00,1,8
1981,2025-10-27,17:00,2,7
1981,2025-10-27,17:00,3,2
1982,2025-10-27,21:00,1,2
1982,2025-10-27,21:00,2,8
1982,2025-10-27,21:00,3,5
1983,2025-10-28,14:00,1,0
1983,2025-10-28,14:00,2,0
1983,2025-10-28,14:00,3,6
1984,2025-10-28,17:00,1,8
1984,2025-10-28,17:00,2,1
1984,2025-10-28,17:00,3,6
1985,2025-10-28,21:00,1,7
1985,2025-10-28,21:00,2,2
1985,2025-10-28,21:00,3,1
1986,2025-10-29,21:00,1,1
1986,2025-10-29,21:00,2,4
1986,2025-10-29,21:00,3,6
1987,2025-10-30,14:00,1,1
1987,2025-10-30,14:00,2,1
1987,2025-10-30,14:00,3,5
1988,2025-10-30,21:00,1,9
1988,2025-10-30,21:00,2,1
1988,2025-10-30,21:00,3,3
1989,2025-10-31,14:00,1,1
1989,2025-10-31,14:00,2,0
1989,2025-10-31,14:00,3,6
1990,2025-10-31,17:00,1,2
1990,2025-10-31,17:00,2,6
1990,2025-10-31,17:00,3,9
1991,2025-10-31,21:00,1,9
1991,2025-10-31,21:00,2,3
1991,2025-10-31,21:00,3,3
1992,2025-11-01,14:00,1,1
1992,2025-11-01,14:00,2,3
1992,2025-11-01,14:00,3,9
1993,2025-11-01,17:00,1,7
1993,2025-11-01,17:00,2,0
1993,2025-11-01,17:00,3,2
1994,2025-11-01,21:00,1,0
1994,2025-11-01,21:00,2,5
1994,2025-11-01,21:00,3,1
1995,2025-11-02,14:00,1,0
1995,2025-11-02,14:00,2,0
1995,2025-11-02,14:00,3,3
1996,2025-11-02,17:00,1,9
1996,2025-11-02,17:00,2,8
1996,2025-11-02,17:00,3,6
1997,2025-11-02,21:00,1,9
1997,2025-11-02,21:00,2,6
1997,2025-11-02,21:00,3,8
1998,2025-11-03,14:00,1,7
1998,2025-11-03,14:00,2,2
1998,2025-11-03,14:00,3,3
1999,2025-11-03,17:00,1,2
1999,2025-11-03,17:00,2,8
1999,2025-11-03,17:00,3,3
2000,2025-11-03,21:00,1,7
2000,2025-11-03,21:00,2,5
2000,2025-11-03,21:00,3,4
2001,2025-11-04,14:00,1,2
2001,2025-11-04,14:00,2,8
2001,2025-11-04,14:00,3,7
2002,2025-11-04,17:00,1,2
2002,2025-11-04,17:00,2,3
2002,2025-11-04,17:00,3,8
2003,2025-11-04,21:00,1,4
2003,2025-11-04,21:00,2,7
2003,2025-11-04,21:00,3,4
2004,2025-11-05,14:00,1,0
2004,2025-11-05,14:00,2,0
2004,2025-11-05,14:00,3,0
2005,2025-11-05,17:00,1,6
2005,2025-11-05,17:00,2,3
2005,2025-11-05,17:00,3,0
2006,2025-11-05,21:00,1,1
2006,2025-11-05,21:00,2,7
2006,2025-11-05,21:00,3,1
2007,2025-11-06,14:00,1,0
2007,2025-11-06,14:00,2,3
2007,2025-11-06,14:00,3,9
2008,2025-11-06,17:00,1,4
2008,2025-11-06,17:00,2,3
2008,2025-11-06,17:00,3,6
2009,2025-11-06,21:00,1,0
2009,2025-11-06,21:00,2,6
2009,2025-11-06,21:00,3,3
2010,2025-11-07,14:00,1,3
2010,2025-11-07,14:00,2,8
2010,2025-11-07,14:00,3,0
2011,2025-11-07,17:00,1,6
2011,2025-11-07,17:00,2,5
2011,2025-11-07,17:00,3,3
2012,2025-11-07,21:00,1,6
2012,2025-11-07,21:00,2,5
2012,2025-11-07,21:00,3,0
2013,2025-11-08,14:00,1,9
2013,2025-11-08,14:00,2,7
2013,2025-11-08,14:00,3,8
2014,2025-11-08,17:00,1,5
2014,2025-11-08,17:00,2,4
2014,2025-11-08,17:00,3,4
2015,2025-11-08,21:00,1,1
2015,2025-11-08,21:00,2,4
2015,2025-11-08,21:00,3,5
2016,2025-11-09,14:00,1,3
2016,2025-11-09,14:00,2,8
2016,2025-11-09,14:00,3,0
2017,2025-11-09,17:00,1,1
2017,2025-11-09,17:00,2,4
2017,2025-11-09,17:00,3,0
2018,2025-11-09,21:00,1,5
2018,2025-11-09,21:00,2,0
2018,2025-11-09,21:00,3,0
2019,2025-11-10,14:00,1,2
2019,2025-11-10,14:00,2,3
2019,2025-11-10,14:00,3,7
2020,2025-11-10,21:00,1,1
2020,2025-11-10,21:00,2,5
2020,2025-11-10,21:00,3,7
2021,2025-11-11,14:00,1,0
2021,2025-11-11,14:00,2,9
2021,2025-11-11,14:00,3,4
2022,2025-11-11,17:00,1,0
2022,2025-11-11,17:00,2,4
2022,2025-11-11,17:00,3,6
2023,2025-11-11,21:00,1,9
2023,2025-11-11,21:00,2,5
2023,2025-11-11,21:00,3,6
2024,2025-11-12,14:00,1,4
2024,2025-11-12,14:00,2,8
2024,2025-11-12,14:00,3,7
2025,2025-11-12,17:00,1,9
2025,2025-11-12,17:00,2,8
2025,2025-11-12,17:00,3,1
2026,2025-11-12,21:00,1,1
2026,2025-11-12,21:00,2,2
2026,2025-11-12,21:00,3,3
2027,2025-11-13,14:00,1,4
2027,2025-11-13,14:00,2,4
2027,2025-11-13,14:00,3,3
2028,2025-11-13,17:00,1,4
2028,2025-11-13,17:00,2,0
2028,2025-11-13,17:00,3,3
2029,2025-11-13,21:00,1,7
2029,2025-11-13,21:00,2,7
2029,2025-11-13,21:00,3,3
2030,2025-11-14,14:00,1,3
2030,2025-11-14,14:00,2,8
2030,2025-11-14,14:00,3,7
2031,2025-11-14,17:00,1,7
2031,2025-11-14,17:00,2,0
2031,2025-11-14,17:00,3,2
2032,2025-11-14,21:00,1,7
2032,2025-11-14,21:00,2,7
2032,2025-11-14,21:00,3,7
2033,2025-11-15,14:00,1,6
2033,2025-11-15,14:00,2,3
2033,2025-11-15,14:00,3,6
2034,2025-11-15,17:00,1,7
2034,2025-11-15,17:00,2,6
2034,2025-11-15,17:00,3,6
2035,2025-11-15,21:00,1,3
2035,2025-11-15,21:00,2,7
2035,2025-11-15,21:00,3,4
2036,2025-11-16,17:00,1,5
2036,2025-11-16,17:00,2,6
2036,2025-11-16,17:00,3,0
2037,2025-11-16,21:00,1,7
2037,2025-11-16,21:00,2,0
2037,2025-11-16,21:00,3,9
2038,2025-11-17,14:00,1,0
2038,2025-11-17,14:00,2,5
2038,2025-11-17,14:00,3,3
2039,2025-11-17,17:00,1,7
2039,2025-11-17,17:00,2,6
2039,2025-11-17,17:00,3,8
2040,2025-11-17,21:00,1,2
2040,2025-11-17,21:00,2,3
2040,2025-11-17,21:00,3,4
2041,2025-11-18,21:00,1,0
2041,2025-11-18,21:00,2,1
2041,2025-11-18,21:00,3,7
2042,2025-11-19,14:00,1,5
2042,2025-11-19,14:00,2,1
2042,2025-11-19,14:00,3,6
2043,2025-11-19,17:00,1,2
2043,2025-11-19,17:00,2,0
2043,2025-11-19,17:00,3,2
2044,2025-11-19,21:00,1,2
2044,2025-11-19,21:00,2,7
2044,2025-11-19,21:00,3,8
2045,2025-11-20,17:00,1,1
2045,2025-11-20,17:00,2,9
2045,2025-11-20,17:00,3,2
2046,2025-11-20,21:00,1,3
2046,2025-11-20,21:00,2,5
2046,2025-11-20,21:00,3,8
2047,2025-11-21,17:00,1,3
2047,2025-11-21,17:00,2,9
2047,2025-11-21,17:00,3,3
2048,2025-11-21,21:00,1,1
2048,2025-11-21,21:00,2,9
2048,2025-11-21,21:00,3,4
2049,2025-11-22,14:00,1,5
2049,2025-11-22,14:00,2,1
2049,2025-11-22,14:00,3,6
2050,2025-11-22,21:00,1,2
2050,2025-11-22,21:00,2,1
2050,2025-11-22,21:00,3,6
2051,2025-11-23,14:00,1,0
2051,2025-11-23,14:00,2,7
2051,2025-11-23,14:00,3,2
2052,2025-11-23,17:00,1,2
2052,2025-11-23,17:00,2,1
2052,2025-11-23,17:00,3,8
2053,2025-11-23,21:00,1,6
2053,2025-11-23,21:00,2,3
2053,2025-11-23,21:00,3,0
2054,2025-11-24,21:00,1,1
2054,2025-11-24,21:00,2,7
2054,2025-11-24,21:00,3,5
2055,2025-11-25,17:00,1,9
2055,2025-11-25,17:00,2,0
2055,2025-11-25,17:00,3,8
2056,2025-11-25,21:00,1,9
2056,2025-11-25,21:00,2,0
2056,2025-11-25,21:00,3,2
2057,2025-11-26,14:00,1,6
2057,2025-11-26,14:00,2,0
2057,2025-11-26,14:00,3,1
2058,2025-11-26,17:00,1,8
2058,2025-11-26,17:00,2,4
2058,2025-11-26,17:00,3,4
2059,2025-11-26,21:00,1,2
2059,2025-11-26,21:00,2,9
2059,2025-11-26,21:00,3,2
2060,2025-11-27,14:00,1,0
2060,2025-11-27,14:00,2,6
2060,2025-11-27,14:00,3,6
2061,2025-11-27,17:00,1,0
2061,2025-11-27,17:00,2,4
2061,2025-11-27,17:00,3,9
2062,2025-11-27,21:00,1,2
2062,2025-11-27,21:00,2,4
2062,2025-11-27,21:00,3,5
2063,2025-11-28,17:00,1,6
2063,2025-11-28,17:00,2,8
2063,2025-11-28,17:00,3,4
2064,2025-11-28,21:00,1,6
2064,2025-11-28,21:00,2,3
2064,2025-11-28,21:00,3,2
2065,2025-11-29,17:00,1,2
2065,2025-11-29,17:00,2,6
2065,2025-11-29,17:00,3,2
2066,2025-11-29,21:00,1,5
2066,2025-11-29,21:00,2,9
2066,2025-11-29,21:00,3,0
2067,2025-11-30,14:00,1,3
2067,2025-11-30,14:00,2,8
2067,2025-11-30,14:00,3,6
2068,2025-11-30,17:00,1,3
2068,2025-11-30,17:00,2,0
2068,2025-11-30,17:00,3,8
2069,2025-11-30,21:00,1,3
2069,2025-11-30,21:00,2,5
2069,2025-11-30,21:00,3,4
2070,2025-12-01,14:00,1,6
2070,2025-12-01,14:00,2,6
2070,2025-12-01,14:00,3,6
2071,2025-12-01,17:00,1,0
2071,2025-12-01,17:00,2,6
2071,2025-12-01,17:00,3,3
2072,2025-12-01,21:00,1,4
2072,2025-12-01,21:00,2,7
2072,2025-12-01,21:00,3,1
2073,2025-12-02,14:00,1,2
2073,2025-12-02,14:00,2,4
2073,2025-12-02,14:00,3,4
2074,2025-12-02,17:00,1,5
2074,2025-12-02,17:00,2,5
2074,2025-12-02,17:00,3,1
2075,2025-12-02,21:00,1,7
2075,2025-12-02,21:00,2,1
2075,2025-12-02,21:00,3,7
2076,2025-12-03,14:00,1,7
2076,2025-12-03,14:00,2,0
2076,2025-12-03,14:00,3,0
2077,2025-12-03,17:00,1,0
2077,2025-12-03,17:00,2,9
2077,2025-12-03,17:00,3,6
2078,2025-12-03,21:00,1,6
2078,2025-12-03,21:00,2,4
2078,2025-12-03,21:00,3,2
2079,2025-12-04,14:00,1,4
2079,2025-12-04,14:00,2,8
2079,2025-12-04,14:00,3,2
2080,2025-12-04,17:00,1,6
2080,2025-12-04,17:00,2,6
2080,2025-12-04,17:00,3,2
2081,2025-12-04,21:00,1,3
2081,2025-12-04,21:00,2,9
2081,2025-12-04,21:00,3,0
2082,2025-12-05,17:00,1,5
2082,2025-12-05,17:00,2,0
2082,2025-12-05,17:00,3,0
2083,2025-12-05,21:00,1,9
2083,2025-12-05,21:00,2,9
2083,2025-12-05,21:00,3,6
2084,2025-12-06,14:00,1,7
2084,2025-12-06,14:00,2,3
2084,2025-12-06,14:00,3,0
2085,2025-12-06,17:00,1,6
2085,2025-12-06,17:00,2,1
2085,2025-12-06,17:00,3,7
2086,2025-12-06,21:00,1,8
2086,2025-12-06,21:00,2,2
2086,2025-12-06,21:00,3,7
2087,2025-12-07,14:00,1,2
2087,2025-12-07,14:00,2,5
2087,2025-12-07,14:00,3,5
2088,2025-12-07,21:00,1,1
2088,2025-12-07,21:00,2,2
2088,2025-12-07,21:00,3,6
2089,2025-12-08,14:00,1,6
2089,2025-12-08,14:00,2,3
2089,2025-12-08,14:00,3,9
2090,2025-12-08,17:00,1,0
2090,2025-12-08,17:00,2,2
2090,2025-12-08,17:00,3,0
2091,2025-12-08,21:00,1,8
2091,2025-12-08,21:00,2,4
2091,2025-12-08,21:00,3,4
2092,2025-12-09,14:00,1,5
2092,2025-12-09,14:00,2,0
2092,2025-12-09,14:00,3,5
2093,2025-12-09,17:00,1,1
2093,2025-12-09,17:00,2,7
2093,2025-12-09,17:00,3,0
2094,2025-12-09,21:00,1,0
2094,2025-12-09,21:00,2,1
2094,2025-12-09,21:00,3,9
2095,2025-12-10,14:00,1,4
2095,2025-12-10,14:00,2,4
2095,2025-12-10,14:00,3,6
2096,2025-12-10,17:00,1,0
2096,2025-12-10,17:00,2,5
2096,2025-12-10,17:00,3,5
2097,2025-12-10,21:00,1,4
2097,2025-12-10,21:00,2,8
2097,2025-12-10,21:00,3,9
2098,2025-12-11,14:00,1,6
2098,2025-12-11,14:00,2,9
2098,2025-12-11,14:00,3,2
2099,2025-12-11,17:00,1,1
2099,2025-12-11,17:00,2,9
2099,2025-12-11,17:00,3,1
2100,2025-12-11,21:00,1,9
2100,2025-12-11,21:00,2,1
2100,2025-12-11,21:00,3,9
2101,2025-12-12,14:00,1,0
2101,2025-12-12,14:00,2,7
2101,2025-12-12,14:00,3,2
2102,2025-12-12,17:00,1,0
2102,2025-12-12,17:00,2,6
2102,2025-12-12,17:00,3,0
2103,2025-12-12,21:00,1,3
2103,2025-12-12,21:00,2,0
2103,2025-12-12,21:00,3,6
2104,2025-12-13,14:00,1,9
2104,2025-12-13,14:00,2,3
2104,2025-12-13,14:00,3,9
2105,2025-12-13,17:00,1,1
2105,2025-12-13,17:00,2,7
2105,2025-12-13,17:00,3,7
2106,2025-12-13,21:00,1,9
2106,2025-12-13,21:00,2,8
2106,2025-12-13,21:00,3,3
2107,2025-12-14,14:00,1,0
2107,2025-12-14,14:00,2,6
2107,2025-12-14,14:00,3,3
2108,2025-12-14,17:00,1,7
2108,2025-12-14,17:00,2,8
2108,2025-12-14,17:00,3,7
2109,2025-12-14,21:00,1,5
2109,2025-12-14,21:00,2,0
2109,2025-12-14,21:00,3,4
2110,2025-12-15,17:00,1,3
2110,2025-12-15,17:00,2,3
2110,2025-12-15,17:00,3,7
2111,2025-12-15,21:00,1,7
2111,2025-12-15,21:00,2,5
2111,2025-12-15,21:00,3,6
2112,2025-12-16,17:00,1,4
2112,2025-12-16,17:00,2,7
2112,2025-12-16,17:00,3,5
2113,2025-12-16,21:00,1,6
2113,2025-12-16,21:00,2,0
2113,2025-12-16,21:00,3,4
2114,2025-12-17,14:00,1,9
2114,2025-12-17,14:00,2,4
2114,2025-12-17,14:00,3,4
2115,2025-12-17,17:00,1,2
2115,2025-12-17,17:00,2,9
2115,2025-12-17,17:00,3,6
2116,2025-12-18,14:00,1,9
2116,2025-12-18,14:00,2,0
2116,2025-12-18,14:00,3,6
2117,2025-12-18,17:00,1,1
2117,2025-12-18,17:00,2,8
2117,2025-12-18,17:00,3,6
2118,2025-12-18,21:00,1,3
2118,2025-12-18,21:00,2,2
2118,2025-12-18,21:00,3,8
2119,2025-12-19,21:00,1,0
2119,2025-12-19,21:00,2,3
2119,2025-12-19,21:00,3,9
2120,2025-12-20,14:00,1,3
2120,2025-12-20,14:00,2,0
2120,2025-12-20,14:00,3,5
2121,2025-12-20,17:00,1,3
2121,2025-12-20,17:00,2,2
2121,2025-12-20,17:00,3,9
2122,2025-12-20,21:00,1,6
2122,2025-12-20,21:00,2,5
2122,2025-12-20,21:00,3,5
2123,2025-12-21,17:00,1,6
2123,2025-12-21,17:00,2,3
2123,2025-12-21,17:00,3,0
2124,2025-12-21,21:00,1,0
2124,2025-12-21,21:00,2,4
2124,2025-12-21,21:00,3,1
2125,2025-12-22,17:00,1,9
2125,2025-12-22,17:00,2,6
2125,2025-12-22,17:00,3,2
2126,2025-12-22,21:00,1,9
2126,2025-12-22,21:00,2,4
2126,2025-12-22,21:00,3,4
2127,2025-12-23,17:00,1,6
2127,2025-12-23,17:00,2,2
2127,2025-12-23,17:00,3,9
2128,2025-12-23,21:00,1,3
2128,2025-12-23,21:00,2,1
2128,2025-12-23,21:00,3,7
2129,2025-12-24,14:00,1,6
2129,2025-12-24,14:00,2,2
2129,2025-12-24,14:00,3,5
2130,2025-12-24,21:00,1,9
2130,2025-12-24,21:00,2,4
2130,2025-12-24,21:00,3,6
2131,2025-12-25,17:00,1,8
2131,2025-12-25,17:00,2,6
2131,2025-12-25,17:00,3,0
2132,2025-12-25,21:00,1,8
2132,2025-12-25,21:00,2,6
2132,2025-12-25,21:00,3,4
2133,2025-12-26,14:00,1,1
2133,2025-12-26,14:00,2,2
2133,2025-12-26,14:00,3,9
2134,2025-12-26,21:00,1,9
2134,2025-12-26,21:00,2,3
2134,2025-12-26,21:00,3,2
2135,2025-12-27,14:00,1,2
2135,2025-12-27,14:00,2,8
2135,2025-12-27,14:00,3,3
2136,2025-12-27,17:00,1,1
2136,2025-12-27,17:00,2,6
2136,2025-12-27,17:00,3,2
2137,2025-12-27,21:00,1,9
2137,2025-12-27,21:00,2,1
2137,2025-12-27,21:00,3,0
2138,2025-12-28,17:00,1,9
2138,2025-12-28,17:00,2,7
2138,2025-12-28,17:00,3,9
2139,2025-12-28,21:00,1,4
2139,2025-12-28,21:00,2,4
2139,2025-12-28,21:00,3,4
2140,2025-12-29,21:00,1,5
2140,2025-12-29,21:00,2,3
2140,2025-12-29,21:00,3,2
2141,2025-12-30,14:00,1,7
2141,2025-12-30,14:00,2,7
2141,2025-12-30,14:00,3,6
2142,2025-12-30,21:00,1,3
2142,2025-12-30,21:00,2,1
2142,2025-12-30,21:00,3,5
2143,2025-12-31,21:00,1,9
2143,2025-12-31,21:00,2,5
2143,2025-12-31,21:00,3,4
2144,2026-01-01,21:00,1,5
2144,2026-01-01,21:00,2,0
2144,2026-01-01,21:00,3,7
2145,2026-01-02,21:00,1,4
2145,2026-01-02,21:00,2,9
2145,2026-01-02,21:00,3,1
2146,2026-01-03,21:00,1,2
2146,2026-01-03,21:00,2,0
2146,2026-01-03,21:00,3,4
2147,2026-01-04,21:00,1,0
2147,2026-01-04,21:00,2,4
2147,2026-01-04,21:00,3,9
2148,2026-01-05,14:00,1,6
2148,2026-01-05,14:00,2,5
2148,2026-01-05,14:00,3,8
2149,2026-01-05,21:00,1,2
2149,2026-01-05,21:00,2,9
2149,2026-01-05,21:00,3,7
2150,2026-01-06,14:00,1,3
2150,2026-01-06,14:00,2,8
2150,2026-01-06,14:00,3,8
2151,2026-01-06,17:00,1,3
2151,2026-01-06,17:00,2,1
2151,2026-01-06,17:00,3,8
2152,2026-01-06,21:00,1,0
2152,2026-01-06,21:00,2,4
2152,2026-01-06,21:00,3,1
2153,2026-01-07,14:00,1,1
2153,2026-01-07,14:00,2,5
2153,2026-01-07,14:00,3,1
2154,2026-01-07,17:00,1,8
2154,2026-01-07,17:00,2,6
2154,2026-01-07,17:00,3,4
2155,2026-01-07,21:00,1,6
2155,2026-01-07,21:00,2,5
2155,2026-01-07,21:00,3,3
2156,2026-01-08,14:00,1,3
2156,2026-01-08,14:00,2,5
2156,2026-01-08,14:00,3,2
2157,2026-01-08,17:00,1,2
2157,2026-01-08,17:00,2,8
2157,2026-01-08,17:00,3,5
2158,2026-01-08,21:00,1,9
2158,2026-01-08,21:00,2,2
2158,2026-01-08,21:00,3,3
2159,2026-01-09,14:00,1,5
2159,2026-01-09,14:00,2,4
2159,2026-01-09,14:00,3,8
2160,2026-01-09,17:00,1,3
2160,2026-01-09,17:00,2,4
2160,2026-01-09,17:00,3,6
2161,2026-01-09,21:00,1,1
2161,2026-01-09,21:00,2,0
2161,2026-01-09,21:00,3,7
2162,2026-01-10,14:00,1,5
2162,2026-01-10,14:00,2,9
2162,2026-01-10,14:00,3,0
2163,2026-01-10,17:00,1,9
2163,2026-01-10,17:00,2,8
2163,2026-01-10,17:00,3,8
2164,2026-01-10,21:00,1,1
2164,2026-01-10,21:00,2,3
2164,2026-01-10,21:00,3,7
2165,2026-01-11,14:00,1,3
2165,2026-01-11,14:00,2,7
2165,2026-01-11,14:00,3,2
2166,2026-01-11,21:00,1,5
2166,2026-01-11,21:00,2,9
2166,2026-01-11,21:00,3,8
2167,2026-01-12,14:00,1,7
2167,2026-01-12,14:00,2,6
2167,2026-01-12,14:00,3,1
2168,2026-01-12,17:00,1,9
2168,2026-01-12,17:00,2,2
2168,2026-01-12,17:00,3,7
2169,2026-01-12,21:00,1,7
2169,2026-01-12,21:00,2,1
2169,2026-01-12,21:00,3,1
2170,2026-01-13,14:00,1,1
2170,2026-01-13,14:00,2,7
2170,2026-01-13,14:00,3,5
2171,2026-01-13,17:00,1,4
2171,2026-01-13,17:00,2,6
2171,2026-01-13,17:00,3,9
2172,2026-01-13,21:00,1,4
2172,2026-01-13,21:00,2,8
2172,2026-01-13,21:00,3,6
2173,2026-01-14,14:00,1,1
2173,2026-01-14,14:00,2,5
2173,2026-01-14,14:00,3,1
2174,2026-01-14,17:00,1,6
2174,2026-01-14,17:00,2,5
2174,2026-01-14,17:00,3,0
2175,2026-01-14,21:00,1,0
2175,2026-01-14,21:00,2,6
2175,2026-01-14,21:00,3,4
2176,2026-01-15,14:00,1,6
2176,2026-01-15,14:00,2,1
2176,2026-01-15,14:00,3,5
2177,2026-01-15,17:00,1,6
2177,2026-01-15,17:00,2,8
2177,2026-01-15,17:00,3,5
2178,2026-01-15,21:00,1,4
2178,2026-01-15,21:00,2,1
2178,2026-01-15,21:00,3,2
2179,2026-01-16,14:00,1,2
2179,2026-01-16,14:00,2,8
2179,2026-01-16,14:00,3,1
2180,2026-01-16,17:00,1,2
2180,2026-01-16,17:00,2,2
2180,2026-01-16,17:00,3,0
2181,2026-01-16,21:00,1,5
2181,2026-01-16,21:00,2,9
2181,2026-01-16,21:00,3,7
2182,2026-01-17,14:00,1,1
2182,2026-01-17,14:00,2,5
2182,2026-01-17,14:00,3,4
2183,2026-01-17,17:00,1,6
2183,2026-01-17,17:00,2,3
2183,2026-01-17,17:00,3,3
2184,2026-01-17,21:00,1,2
2184,2026-01-17,21:00,2,1
2184,2026-01-17,21:00,3,7
2185,2026-01-18,14:00,1,8
2185,2026-01-18,14:00,2,1
2185,2026-01-18,14:00,3,6
2186,2026-01-18,17:00,1,8
2186,2026-01-18,17:00,2,8
2186,2026-01-18,17:00,3,0
2187,2026-01-18,21:00,1,8
2187,2026-01-18,21:00,2,6
2187,2026-01-18,21:00,3,0
2188,2026-01-19,14:00,1,9
2188,2026-01-19,14:00,2,6
2188,2026-01-19,14:00,3,3
2189,2026-01-19,17:00,1,5
2189,2026-01-19,17:00,2,3
2189,2026-01-19,17:00,3,1
2190,2026-01-19,21:00,1,3
2190,2026-01-19,21:00,2,0
2190,2026-01-19,21:00,3,4
2191,2026-01-20,14:00,1,2
2191,2026-01-20,14:00,2,8
2191,2026-01-20,14:00,3,6
2192,2026-01-20,17:00,1,4
2192,2026-01-20,17:00,2,1
2192,2026-01-20,17:00,3,1
2193,2026-01-20,21:00,1,1
2193,2026-01-20,21:00,2,0
2193,2026-01-20,21:00,3,9
2194,2026-01-21,14:00,1,2
2194,2026-01-21,14:00,2,3
2194,2026-01-21,14:00,3,1
2195,2026-01-21,17:00,1,8
2195,2026-01-21,17:00,2,5
2195,2026-01-21,17:00,3,8
2196,2026-01-21,21:00,1,7
2196,2026-01-21,21:00,2,3
2196,2026-01-21,21:00,3,7
2197,2026-01-22,14:00,1,6
2197,2026-01-22,14:00,2,6
2197,2026-01-22,14:00,3,6
2198,2026-01-22,17:00,1,1
2198,2026-01-22,17:00,2,7
2198,2026-01-22,17:00,3,5
2199,2026-01-22,21:00,1,5
2199,2026-01-22,21:00,2,3
2199,2026-01-22,21:00,3,7
2200,2026-01-23,14:00,1,2
2200,2026-01-23,14:00,2,5
2200,2026-01-23,14:00,3,0
2201,2026-01-23,17:00,1,0
2201,2026-01-23,17:00,2,1
2201,2026-01-23,17:00,3,2
2202,2026-01-23,21:00,1,6
2202,2026-01-23,21:00,2,5
2202,2026-01-23,21:00,3,8
2203,2026-01-24,14:00,1,1
2203,2026-01-24,14:00,2,4
2203,2026-01-24,14:00,3,2
2204,2026-01-24,17:00,1,1
2204,2026-01-24,17:00,2,9
2204,2026-01-24,17:00,3,3
2205,2026-01-24,21:00,1,9
2205,2026-01-24,21:00,2,5
2205,2026-01-24,21:00,3,5
2206,2026-01-25,21:00,1,9
2206,2026-01-25,21:00,2,0
2206,2026-01-25,21:00,3,8
2207,2026-01-26,21:00,1,2
2207,2026-01-26,21:00,2,8
2207,2026-01-26,21:00,3,9
2208,2026-01-27,21:00,1,1
2208,2026-01-27,21:00,2,3
2208,2026-01-27,21:00,3,8
2209,2026-01-28,21:00,1,3
2209,2026-01-28,21:00,2,1
2209,2026-01-28,21:00,3,0
2210,2026-01-29,21:00,1,2
2210,2026-01-29,21:00,2,3
2210,2026-01-29,21:00,3,3
2211,2026-01-30,14:00,1,2
2211,2026-01-30,14:00,2,0
2211,2026-01-30,14:00,3,9
2212,2026-01-30,21:00,1,6
2212,2026-01-30,21:00,2,6
2212,2026-01-30,21:00,3,7
2213,2026-01-31,21:00,1,0
2213,2026-01-31,21:00,2,1
2213,2026-01-31,21:00,3,6
2214,2026-02-01,21:00,1,2
2214,2026-02-01,21:00,2,4
2214,2026-02-01,21:00,3,1
2215,2026-02-02,21:00,1,3
2215,2026-02-02,21:00,2,9
2215,2026-02-02,21:00,3,8
2216,2026-02-03,21:00,1,6
2216,2026-02-03,21:00,2,4
2216,2026-02-03,21:00,3,3
2217,2026-02-04,21:00,1,6
2217,2026-02-04,21:00,2,2
2217,2026-02-04,21:00,3,9
2218,2026-02-05,21:00,1,2
2218,2026-02-05,21:00,2,7
2218,2026-02-05,21:00,3,1
2219,2026-02-06,21:00,1,7
2219,2026-02-06,21:00,2,0
2219,2026-02-06,21:00,3,0
2220,2026-02-07,21:00,1,9
2220,2026-02-07,21:00,2,4
2220,2026-02-07,21:00,3,8
2221,2026-02-08,21:00,1,0
2221,2026-02-08,21:00,2,7
2221,2026-02-08,21:00,3,4
2222,2026-02-09,21:00,1,2
2222,2026-02-09,21:00,2,0
2222,2026-02-09,21:00,3,7
2223,2026-02-10,21:00,1,1
2223,2026-02-10,21:00,2,3
2223,2026-02-10,21:00,3,5
2224,2026-02-11,21:00,1,6
2224,2026-02-11,21:00,2,6
2224,2026-02-11,21:00,3,2
2225,2026-02-12,21:00,1,5
2225,2026-02-12,21:00,2,0
2225,2026-02-12,21:00,3,1
2226,2026-02-13,21:00,1,9
2226,2026-02-13,21:00,2,9
2226,2026-02-13,21:00,3,5
2227,2026-02-14,21:00,1,1
2227,2026-02-14,21:00,2,5
2227,2026-02-14,21:00,3,8
2228,2026-02-15,21:00,1,5
2228,2026-02-15,21:00,2,3
2228,2026-02-15,21:00,3,9
2229,2026-02-16,21:00,1,5
2229,2026-02-16,21:00,2,3
2229,2026-02-16,21:00,3,2
2230,2026-02-17,21:00,1,6
2230,2026-02-17,21:00,2,5
2230,2026-02-17,21:00,3,0
2231,2026-02-18,21:00,1,7
2231,2026-02-18,21:00,2,6
2231,2026-02-18,21:00,3,8
2232,2026-02-19,21:00,1,9
2232,2026-02-19,21:00,2,1
2232,2026-02-19,21:00,3,7
2233,2026-02-20,21:00,1,3
2233,2026-02-20,21:00,2,0
2233,2026-02-20,21:00,3,9
2234,2026-02-21,21:00,1,9
2234,2026-02-21,21:00,2,2
2234,2026-02-21,21:00,3,5
2235,2026-02-22,21:00,1,1
2235,2026-02-22,21:00,2,7
2235,2026-02-22,21:00,3,3
2236,2026-02-23,21:00,1,6
2236,2026-02-23,21:00,2,7
2236,2026-02-23,21:00,3,2
2237,2026-02-24,21:00,1,9
2237,2026-02-24,21:00,2,4
2237,2026-02-24,21:00,3,7
2238,2026-02-25,21:00,1,4
2238,2026-02-25,21:00,2,0
2238,2026-02-25,21:00,3,4
2239,2026-02-26,21:00,1,5
2239,2026-02-26,21:00,2,2
2239,2026-02-26,21:00,3,1
2240,2026-02-27,21:00,1,4
2240,2026-02-27,21:00,2,7
2240,2026-02-27,21:00,3,3
2241,2026-02-28,21:00,1,9
2241,2026-02-28,21:00,2,0
2241,2026-02-28,21:00,3,6
2242,2026-03-01,21:00,1,9
2242,2026-03-01,21:00,2,4
2242,2026-03-01,21:00,3,4
2243,2026-03-02,21:00,1,0
2243,2026-03-02,21:00,2,3
2243,2026-03-02,21:00,3,2
2244,2026-03-03,21:00,1,9
2244,2026-03-03,21:00,2,4
2244,2026-03-03,21:00,3,4
2245,2026-03-04,21:00,1,6
2245,2026-03-04,21:00,2,5
2245,2026-03-04,21:00,3,4
2246,2026-03-05,21:00,1,7
2246,2026-03-05,21:00,2,6
2246,2026-03-05,21:00,3,9
2247,2026-03-06,21:00,1,9
2247,2026-03-06,21:00,2,9
2247,2026-03-06,21:00,3,0
2248,2026-03-07,21:00,1,9
2248,2026-03-07,21:00,2,5
2248,2026-03-07,21:00,3,9
2249,2026-03-08,21:00,1,6
2249,2026-03-08,21:00,2,7
2249,2026-03-08,21:00,3,7
2250,2026-03-09,21:00,1,7
2250,2026-03-09,21:00,2,5
2250,2026-03-09,21:00,3,5
2251,2026-03-10,21:00,1,9
2251,2026-03-10,21:00,2,2
2251,2026-03-10,21:00,3,3
2252,2026-03-11,21:00,1,5
2252,2026-03-11,21:00,2,5
2252,2026-03-11,21:00,3,7
2253,2026-03-12,21:00,1,7
2253,2026-03-12,21:00,2,3
2253,2026-03-12,21:00,3,2
2254,2026-03-14,14:00,1,6
2254,2026-03-14,14:00,2,0
2254,2026-03-14,14:00,3,6
2255,2026-03-14,17:00,1,6
2255,2026-03-14,17:00,2,2
2255,2026-03-14,17:00,3,7
2256,2026-03-14,21:00,1,1
2256,2026-03-14,21:00,2,1
2256,2026-03-14,21:00,3,8
2257,2026-03-15,17:00,1,7
2257,2026-03-15,17:00,2,9
2257,2026-03-15,17:00,3,6
2258,2026-03-15,21:00,1,1
2258,2026-03-15,21:00,2,1
2258,2026-03-15,21:00,3,8
2259,2026-03-16,21:00,1,4
2259,2026-03-16,21:00,2,7
2259,2026-03-16,21:00,3,8
2260,2026-03-17,21:00,1,4
2260,2026-03-17,21:00,2,4
2260,2026-03-17,21:00,3,9
2261,2026-03-18,21:00,1,5
2261,2026-03-18,21:00,2,5
2261,2026-03-18,21:00,3,9
2262,2026-03-19,21:00,1,6
2262,2026-03-19,21:00,2,2
2262,2026-03-19,21:00,3,3
2263,2026-03-20,21:00,1,0
2263,2026-03-20,21:00,2,1
2263,2026-03-20,21:00,3,3
2264,2026-03-21,21:00,1,5
2264,2026-03-21,21:00,2,3
2264,2026-03-21,21:00,3,7
2265,2026-03-22,21:00,1,4
2265,2026-03-22,21:00,2,3
2265,2026-03-22,21:00,3,2
2266,2026-03-23,21:00,1,2
2266,2026-03-23,21:00,2,0
2266,2026-03-23,21:00,3,6
2267,2026-03-24,21:00,1,2
2267,2026-03-24,21:00,2,5
2267,2026-03-24,21:00,3,5
2268,2026-03-25,21:00,1,4
2268,2026-03-25,21:00,2,4
2268,2026-03-25,21:00,3,3
2269,2026-03-26,21:00,1,9
2269,2026-03-26,21:00,2,3
2269,2026-03-26,21:00,3,4
2270,2026-03-27,21:00,1,5
2270,2026-03-27,21:00,2,3
2270,2026-03-27,21:00,3,4
2271,2026-03-28,21:00,1,4
2271,2026-03-28,21:00,2,1
2271,2026-03-28,21:00,3,2
2272,2026-03-29,21:00,1,6
2272,2026-03-29,21:00,2,8
2272,2026-03-29,21:00,3,1
2273,2026-03-30,21:00,1,9
2273,2026-03-30,21:00,2,5
2273,2026-03-30,21:00,3,9
2274,2026-03-31,21:00,1,0
2274,2026-03-31,21:00,2,9
2274,2026-03-31,21:00,3,4
2275,2026-04-01,17:00,1,8
2275,2026-04-01,17:00,2,9
2275,2026-04-01,17:00,3,7
2276,2026-04-01,21:00,1,5
2276,2026-04-01,21:00,2,4
2276,2026-04-01,21:00,3,1
2277,2026-04-05,21:00,1,2
2277,2026-04-05,21:00,2,7
2277,2026-04-05,21:00,3,8
2278,2026-04-06,21:00,1,6
2278,2026-04-06,21:00,2,3
2278,2026-04-06,21:00,3,5
2279,2026-04-07,21:00,1,0
2279,2026-04-07,21:00,2,8
2279,2026-04-07,21:00,3,2
2280,2026-04-08,21:00,1,7
2280,2026-04-08,21:00,2,3
2280,2026-04-08,21:00,3,0
2281,2026-04-09,21:00,1,7
2281,2026-04-09,21:00,2,4
2281,2026-04-09,21:00,3,9
2282,2026-04-10,14:00,1,9
2282,2026-04-10,14:00,2,7
2282,2026-04-10,14:00,3,9
2283,2026-04-10,17:00,1,4
2283,2026-04-10,17:00,2,7
2283,2026-04-10,17:00,3,6
2284,2026-04-10,21:00,1,4
2284,2026-04-10,21:00,2,7
2284,2026-04-10,21:00,3,3
2285,2026-04-11,21:00,1,4
2285,2026-04-11,21:00,2,1
2285,2026-04-11,21:00,3,9
2286,2026-04-12,21:00,1,2
2286,2026-04-12,21:00,2,1
2286,2026-04-12,21:00,3,1
2287,2026-04-13,21:00,1,7
2287,2026-04-13,21:00,2,5
2287,2026-04-13,21:00,3,0
2288,2026-04-14,17:00,1,3
2288,2026-04-14,17:00,2,6
2288,2026-04-14,17:00,3,8
2289,2026-04-14,21:00,1,7
2289,2026-04-14,21:00,2,6
2289,2026-04-14,21:00,3,0
2290,2026-04-15,21:00,1,2
2290,2026-04-15,21:00,2,5
2290,2026-04-15,21:00,3,0
2291,2026-04-16,21:00,1,8
2291,2026-04-16,21:00,2,6
2291,2026-04-16,21:00,3,8
2292,2026-04-17,17:00,1,4
2292,2026-04-17,17:00,2,7
2292,2026-04-17,17:00,3,0
2293,2026-04-17,21:00,1,6
2293,2026-04-17,21:00,2,7
2293,2026-04-17,21:00,3,2
2294,2026-04-18,21:00,1,6
2294,2026-04-18,21:00,2,5
2294,2026-04-18,21:00,3,0
2295,2026-04-19,21:00,1,5
2295,2026-04-19,21:00,2,3
2295,2026-04-19,21:00,3,1
2296,2026-04-20,21:00,1,6
2296,2026-04-20,21:00,2,7
2296,2026-04-20,21:00,3,0
2297,2026-04-21,21:00,1,9
2297,2026-04-21,21:00,2,1
2297,2026-04-21,21:00,3,6
2298,2026-04-22,21:00,1,5
2298,2026-04-22,21:00,2,0
2298,2026-04-22,21:00,3,8
2299,2026-04-23,21:00,1,2
2299,2026-04-23,21:00,2,2
2299,2026-04-23,21:00,3,9
2300,2026-04-24,21:00,1,7
2300,2026-04-24,21:00,2,3
2300,2026-04-24,21:00,3,1
2301,2026-04-25,21:00,1,9
2301,2026-04-25,21:00,2,0
2301,2026-04-25,21:00,3,5
2302,2026-04-26,21:00,1,5
2302,2026-04-26,21:00,2,6
2302,2026-04-26,21:00,3,4
2303,2026-04-27,21:00,1,7
2303,2026-04-27,21:00,2,8
2303,2026-04-27,21:00,3,5
2304,2026-04-28,21:00,1,6
2304,2026-04-28,21:00,2,3
2304,2026-04-28,21:00,3,0
2305,2026-04-29,21:00,1,4
2305,2026-04-29,21:00,2,1
2305,2026-04-29,21:00,3,7
2306,2026-04-30,21:00,1,0
2306,2026-04-30,21:00,2,6
2306,2026-04-30,21:00,3,0
2307,2026-05-01,21:00,1,5
2307,2026-05-01,21:00,2,3
2307,2026-05-01,21:00,3,5
2308,2026-05-02,21:00,1,2
2308,2026-05-02,21:00,2,7
2308,2026-05-02,21:00,3,5
2309,2026-05-03,21:00,1,7
2309,2026-05-03,21:00,2,5
2309,2026-05-03,21:00,3,0
2310,2026-05-04,21:00,1,9
2310,2026-05-04,21:00,2,2
2310,2026-05-04,21:00,3,4
2311,2026-05-05,21:00,1,3
2311,2026-05-05,21:00,2,7
2311,2026-05-05,21:00,3,6
2312,2026-05-06,21:00,1,2
2312,2026-05-06,21:00,2,7
2312,2026-05-06,21:00,3,6
2313,2026-05-07,21:00,1,9
2313,2026-05-07,21:00,2,4
2313,2026-05-07,21:00,3,4
2314,2026-05-08,21:00,1,2
2314,2026-05-08,21:00,2,1
2314,2026-05-08,21:00,3,5
2315,2026-05-09,21:00,1,7
2315,2026-05-09,21:00,2,1
2315,2026-05-09,21:00,3,2
2316,2026-05-10,21:00,1,2
2316,2026-05-10,21:00,2,6
2316,2026-05-10,21:00,3,6
2317,2026-05-11,21:00,1,3
2317,2026-05-11,21:00,2,0
2317,2026-05-11,21:00,3,8
2318,2026-05-12,21:00,1,7
2318,2026-05-12,21:00,2,0
2318,2026-05-12,21:00,3,3
2319,2026-05-13,21:00,1,0
2319,2026-05-13,21:00,2,3
2319,2026-05-13,21:00,3,8
2320,2026-05-14,21:00,1,2
2320,2026-05-14,21:00,2,0
2320,2026-05-14,21:00,3,2
2321,2026-05-15,21:00,1,6
2321,2026-05-15,21:00,2,6
2321,2026-05-15,21:00,3,0
2322,2026-05-16,17:00,1,7
2322,2026-05-16,17:00,2,1
2322,2026-05-16,17:00,3,2
2323,2026-05-16,21:00,1,3
2323,2026-05-16,21:00,2,6
2323,2026-05-16,21:00,3,8
2324,2026-05-17,21:00,1,4
2324,2026-05-17,21:00,2,3
2324,2026-05-17,21:00,3,1
2325,2026-05-18,17:00,1,1
2325,2026-05-18,17:00,2,1
2325,2026-05-18,17:00,3,1
2326,2026-05-18,21:00,1,9
2326,2026-05-18,21:00,2,3
2326,2026-05-18,21:00,3,1
2327,2026-05-19,21:00,1,4
2327,2026-05-19,21:00,2,7
2327,2026-05-19,21:00,3,1
2328,2026-05-20,21:00,1,8
2328,2026-05-20,21:00,2,9
2328,2026-05-20,21:00,3,9
2329,2026-05-21,21:00,1,0
2329,2026-05-21,21:00,2,8
2329,2026-05-21,21:00,3,0
2330,2026-05-22,21:00,1,1
2330,2026-05-22,21:00,2,5
2330,2026-05-22,21:00,3,0
2331,2026-05-23,21:00,1,2
2331,2026-05-23,21:00,2,8
2331,2026-05-23,21:00,3,7
2332,2026-05-24,21:00,1,1
2332,2026-05-24,21:00,2,6
2332,2026-05-24,21:00,3,6
2333,2026-05-25,21:00,1,2
2333,2026-05-25,21:00,2,8
2333,2026-05-25,21:00,3,5
2334,2026-05-26,14:00,1,6
2334,2026-05-26,14:00,2,0
2334,2026-05-26,14:00,3,5
2335,2026-05-26,17:00,1,7
2335,2026-05-26,17:00,2,0
2335,2026-05-26,17:00,3,0
2336,2026-05-26,21:00,1,9
2336,2026-05-26,21:00,2,3
2336,2026-05-26,21:00,3,5
2337,2026-05-27,14:00,1,1
2337,2026-05-27,14:00,2,5
2337,2026-05-27,14:00,3,2
2338,2026-05-27,21:00,1,0
2338,2026-05-27,21:00,2,0
2338,2026-05-27,21:00,3,1
2339,2026-05-28,14:00,1,1
2339,2026-05-28,14:00,2,1
2339,2026-05-28,14:00,3,0
2340,2026-05-28,17:00,1,4
2340,2026-05-28,17:00,2,2
2340,2026-05-28,17:00,3,1
2341,2026-05-28,21:00,1,8
2341,2026-05-28,21:00,2,6
2341,2026-05-28,21:00,3,0
2342,2026-05-29,21:00,1,9
2342,2026-05-29,21:00,2,6
2342,2026-05-29,21:00,3,8
2343,2026-05-30,17:00,1,0
2343,2026-05-30,17:00,2,4
2343,2026-05-30,17:00,3,2
2344,2026-05-30,21:00,1,3
2344,2026-05-30,21:00,2,6
2344,2026-05-30,21:00,3,5
2345,2026-05-31,17:00,1,3
2345,2026-05-31,17:00,2,8
2345,2026-05-31,17:00,3,7
2346,2026-05-31,21:00,1,7
2346,2026-05-31,21:00,2,5
2346,2026-05-31,21:00,3,4
2347,2026-06-01,14:00,1,9
2347,2026-06-01,14:00,2,7
2347,2026-06-01,14:00,3,6
2348,2026-06-01,21:00,1,1
2348,2026-06-01,21:00,2,7
2348,2026-06-01,21:00,3,2
2349,2026-06-02,17:00,1,8
2349,2026-06-02,17:00,2,7
2349,2026-06-02,17:00,3,2
2350,2026-06-02,21:00,1,4
2350,2026-06-02,21:00,2,2
2350,2026-06-02,21:00,3,6
2351,2026-06-03,14:00,1,5
2351,2026-06-03,14:00,2,6
2351,2026-06-03,14:00,3,2
2352,2026-06-03,17:00,1,7
2352,2026-06-03,17:00,2,6
2352,2026-06-03,17:00,3,8
2353,2026-06-03,21:00,1,6
2353,2026-06-03,21:00,2,4
2353,2026-06-03,21:00,3,7
2354,2026-06-04,21:00,1,9
2354,2026-06-04,21:00,2,0
2354,2026-06-04,21:00,3,0
2355,2026-06-05,17:00,1,8
2355,2026-06-05,17:00,2,4
2355,2026-06-05,17:00,3,4
2356,2026-06-05,21:00,1,9
2356,2026-06-05,21:00,2,0
2356,2026-06-05,21:00,3,7
2357,2026-06-06,17:00,1,9
2357,2026-06-06,17:00,2,6
2357,2026-06-06,17:00,3,0
2358,2026-06-06,21:00,1,8
2358,2026-06-06,21:00,2,6
2358,2026-06-06,21:00,3,5
2359,2026-06-07,21:00,1,7
2359,2026-06-07,21:00,2,9
2359,2026-06-07,21:00,3,3
2360,2026-06-08,21:00,1,1
2360,2026-06-08,21:00,2,1
2360,2026-06-08,21:00,3,7
2361,2026-06-09,21:00,1,5
2361,2026-06-09,21:00,2,5
2361,2026-06-09,21:00,3,3
2362,2026-06-10,14:00,1,1
2362,2026-06-10,14:00,2,5
2362,2026-06-10,14:00,3,7
2363,2026-06-10,21:00,1,3
2363,2026-06-10,21:00,2,1
2363,2026-06-10,21:00,3,6
2364,2026-06-11,17:00,1,3
2364,2026-06-11,17:00,2,9
2364,2026-06-11,17:00,3,5
2365,2026-06-11,21:00,1,2
2365,2026-06-11,21:00,2,5
2365,2026-06-11,21:00,3,1
2366,2026-06-12,14:00,1,8
2366,2026-06-12,14:00,2,4
2366,2026-06-12,14:00,3,8
2367,2026-06-12,17:00,1,5
2367,2026-06-12,17:00,2,6
2367,2026-06-12,17:00,3,0
2368,2026-06-12,21:00,1,5
2368,2026-06-12,21:00,2,8
2368,2026-06-12,21:00,3,4
2369,2026-06-13,21:00,1,6
2369,2026-06-13,21:00,2,8
2369,2026-06-13,21:00,3,8
2370,2026-06-14,14:00,1,0
2370,2026-06-14,14:00,2,6
2370,2026-06-14,14:00,3,9
2371,2026-06-14,17:00,1,1
2371,2026-06-14,17:00,2,4
2371,2026-06-14,17:00,3,4
2372,2026-06-14,21:00,1,3
2372,2026-06-14,21:00,2,4
2372,2026-06-14,21:00,3,9
2373,2026-06-15,21:00,1,5
2373,2026-06-15,21:00,2,9
2373,2026-06-15,21:00,3,9
2374,2026-06-16,14:00,1,9
2374,2026-06-16,14:00,2,8
2374,2026-06-16,14:00,3,7
2375,2026-06-16,17:00,1,0
2375,2026-06-16,17:00,2,1
2375,2026-06-16,17:00,3,1
2376,2026-06-16,21:00,1,0
2376,2026-06-16,21:00,2,8
2376,2026-06-16,21:00,3,6
2377,2026-06-17,14:00,1,1
2377,2026-06-17,14:00,2,9
2377,2026-06-17,14:00,3,8
2378,2026-06-17,17:00,1,0
2378,2026-06-17,17:00,2,0
2378,2026-06-17,17:00,3,7
2379,2026-06-17,21:00,1,5
2379,2026-06-17,21:00,2,1
2379,2026-06-17,21:00,3,3
2380,2026-06-18,14:00,1,1
2380,2026-06-18,14:00,2,3
2380,2026-06-18,14:00,3,1
2381,2026-06-18,17:00,1,4
2381,2026-06-18,17:00,2,5
2381,2026-06-18,17:00,3,3
2382,2026-06-18,21:00,1,1
2382,2026-06-18,21:00,2,0
2382,2026-06-18,21:00,3,2
2383,2026-06-19,14:00,1,9
2383,2026-06-19,14:00,2,4
2383,2026-06-19,14:00,3,7
2384,2026-06-19,17:00,1,4
2384,2026-06-19,17:00,2,3
2384,2026-06-19,17:00,3,6
2385,2026-06-19,21:00,1,3
2385,2026-06-19,21:00,2,7
2385,2026-06-19,21:00,3,2
2386,2026-06-20,17:00,1,5
2386,2026-06-20,17:00,2,0
2386,2026-06-20,17:00,3,2
2387,2026-06-20,21:00,1,6
2387,2026-06-20,21:00,2,4
2387,2026-06-20,21:00,3,9
2388,2026-06-21,21:00,1,1
2388,2026-06-21,21:00,2,3
2388,2026-06-21,21:00,3,4
2389,2026-06-22,21:00,1,6
2389,2026-06-22,21:00,2,7
2389,2026-06-22,21:00,3,4
2390,2026-06-23,21:00,1,6
2390,2026-06-23,21:00,2,1
2390,2026-06-23,21:00,3,4
2391,2026-06-24,21:00,1,0
2391,2026-06-24,21:00,2,5
2391,2026-06-24,21:00,3,0
2392,2026-06-25,17:00,1,1
2392,2026-06-25,17:00,2,2
2392,2026-06-25,17:00,3,7
2393,2026-06-25,21:00,1,7
2393,2026-06-25,21:00,2,6
2393,2026-06-25,21:00,3,4
2394,2026-06-26,21:00,1,6
2394,2026-06-26,21:00,2,5
2394,2026-06-26,21:00,3,9
2395,2026-06-27,21:00,1,9
2395,2026-06-27,21:00,2,5
2395,2026-06-27,21:00,3,8
2396,2026-06-28,21:00,1,7
2396,2026-06-28,21:00,2,7
2396,2026-06-28,21:00,3,0
2397,2026-06-29,21:00,1,9
2397,2026-06-29,21:00,2,2
2397,2026-06-29,21:00,3,6
2398,2026-06-30,17:00,1,3
2398,2026-06-30,17:00,2,8
2398,2026-06-30,17:00,3,6
2399,2026-06-30,21:00,1,3
2399,2026-06-30,21:00,2,1
2399,2026-06-30,21:00,3,8
2400,2026-07-01,21:00,1,2
2400,2026-07-01,21:00,2,0
2400,2026-07-01,21:00,3,8
2401,2026-07-02,21:00,1,6
2401,2026-07-02,21:00,2,9
2401,2026-07-02,21:00,3,3
2402,2026-07-03,17:00,1,1
2402,2026-07-03,17:00,2,8
2402,2026-07-03,17:00,3,4
2403,2026-07-03,21:00,1,2
2403,2026-07-03,21:00,2,3
2403,2026-07-03,21:00,3,1
2404,2026-07-04,21:00,1,1
2404,2026-07-04,21:00,2,2
2404,2026-07-04,21:00,3,2
2405,2026-07-05,17:00,1,8
2405,2026-07-05,17:00,2,3
2405,2026-07-05,17:00,3,7
2406,2026-07-05,21:00,1,0
2406,2026-07-05,21:00,2,7
2406,2026-07-05,21:00,3,8
2407,2026-07-06,14:00,1,1
2407,2026-07-06,14:00,2,8
2407,2026-07-06,14:00,3,9
2408,2026-07-06,17:00,1,0
2408,2026-07-06,17:00,2,3
2408,2026-07-06,17:00,3,6
2409,2026-07-06,21:00,1,7
2409,2026-07-06,21:00,2,8
2409,2026-07-06,21:00,3,2
2410,2026-07-07,21:00,1,0
2410,2026-07-07,21:00,2,9
2410,2026-07-07,21:00,3,3
2411,2026-07-08,14:00,1,6
2411,2026-07-08,14:00,2,7
2411,2026-07-08,14:00,3,8
2412,2026-07-08,17:00,1,1
2412,2026-07-08,17:00,2,9
2412,2026-07-08,17:00,3,7
2413,2026-07-08,21:00,1,3
2413,2026-07-08,21:00,2,7
2413,2026-07-08,21:00,3,6
2414,2026-07-09,14:00,1,8
2414,2026-07-09,14:00,2,8
2414,2026-07-09,14:00,3,3
2415,2026-07-09,17:00,1,2
2415,2026-07-09,17:00,2,4
2415,2026-07-09,17:00,3,4
2416,2026-07-09,21:00,1,3
2416,2026-07-09,21:00,2,2
2416,2026-07-09,21:00,3,4
2417,2026-07-10,17:00,1,8
2417,2026-07-10,17:00,2,4
2417,2026-07-10,17:00,3,0
2418,2026-07-10,21:00,1,8
2418,2026-07-10,21:00,2,6
2418,2026-07-10,21:00,3,4
2419,2026-07-11,14:00,1,1
2419,2026-07-11,14:00,2,1
2419,2026-07-11,14:00,3,2
2420,2026-07-11,21:00,1,1
2420,2026-07-11,21:00,2,5
2420,2026-07-11,21:00,3,9
2421,2026-07-12,17:00,1,0
2421,2026-07-12,17:00,2,6
2421,2026-07-12,17:00,3,3
2422,2026-07-12,21:00,1,0
2422,2026-07-12,21:00,2,5
2422,2026-07-12,21:00,3,5
2423,2026-07-13,14:00,1,3
2423,2026-07-13,14:00,2,9
2423,2026-07-13,14:00,3,5
2424,2026-07-13,17:00,1,9
2424,2026-07-13,17:00,2,1
2424,2026-07-13,17:00,3,5
2425,2026-07-13,21:00,1,9
2425,2026-07-13,21:00,2,5
2425,2026-07-13,21:00,3,8
2426,2026-07-14,14:00,1,1
2426,2026-07-14,14:00,2,3
2426,2026-07-14,14:00,3,4
2427,2026-07-14,17:00,1,5
2427,2026-07-14,17:00,2,9
2427,2026-07-14,17:00,3,8
2428,2026-07-14,21:00,1,5
2428,2026-07-14,21:00,2,6
2428,2026-07-14,21:00,3,3
2429,2026-07-15,14:00,1,8
2429,2026-07-15,14:00,2,5
2429,2026-07-15,14:00,3,7
2430,2026-07-15,17:00,1,6
2430,2026-07-15,17:00,2,0
2430,2026-07-15,17:00,3,4
2431,2026-07-15,21:00,1,6
2431,2026-07-15,21:00,2,6
2431,2026-07-15,21:00,3,5
2432,2026-07-16,14:00,1,8
2432,2026-07-16,14:00,2,4
2432,2026-07-16,14:00,3,5
2433,2026-07-16,17:00,1,7
2433,2026-07-16,17:00,2,6
2433,2026-07-16,17:00,3,6
2434,2026-07-16,21:00,1,7
2434,2026-07-16,21:00,2,8
2434,2026-07-16,21:00,3,2
2435,2026-07-17,14:00,1,3
2435,2026-07-17,14:00,2,4
2435,2026-07-17,14:00,3,0
2436,2026-07-17,17:00,1,7
2436,2026-07-17,17:00,2,2
2436,2026-07-17,17:00,3,4
2437,2026-07-17,21:00,1,8
2437,2026-07-17,21:00,2,9
2437,2026-07-17,21:00,3,1
2438,2026-07-18,14:00,1,5
2438,2026-07-18,14:00,2,7
2438,2026-07-18,14:00,3,2
2439,2026-07-18,17:00,1,4
2439,2026-07-18,17:00,2,5
2439,2026-07-18,17:00,3,8
2440,2026-07-18,21:00,1,8
2440,2026-07-18,21:00,2,0
2440,2026-07-18,21:00,3,8
2441,2026-07-19,17:00,1,6
2441,2026-07-19,17:00,2,0
2441,2026-07-19,17:00,3,8
2442,2026-07-19,21:00,1,9
2442,2026-07-19,21:00,2,8
2442,2026-07-19,21:00,3,7
2443,2026-07-20,14:00,1,4
2443,2026-07-20,14:00,2,2
2443,2026-07-20,14:00,3,0
2444,2026-07-20,17:00,1,0
2444,2026-07-20,17:00,2,9
2444,2026-07-20,17:00,3,3
2445,2026-07-20,21:00,1,4
2445,2026-07-20,21:00,2,4
2445,2026-07-20,21:00,3,8
2446,2026-07-21,14:00,1,7
2446,2026-07-21,14:00,2,5
2446,2026-07-21,14:00,3,9
2447,2026-07-21,17:00,1,0
2447,2026-07-21,17:00,2,4
2447,2026-07-21,17:00,3,2
2448,2026-07-21,21:00,1,6
2448,2026-07-21,21:00,2,6
2448,2026-07-21,21:00,3,7
2449,2026-07-22,14:00,1,1
2449,2026-07-22,14:00,2,8
2449,2026-07-22,14:00,3,6
2450,2026-07-22,17:00,1,1
2450,2026-07-22,17:00,2,0
2450,2026-07-22,17:00,3,5
2451,2026-07-22,21:00,1,1
2451,2026-07-22,21:00,2,2
2451,2026-07-22,21:00,3,3
2452,2026-07-23,14:00,1,2
2452,2026-07-23,14:00,2,8
2452,2026-07-23,14:00,3,1
2453,2026-07-23,17:00,1,2
2453,2026-07-23,17:00,2,7
2453,2026-07-23,17:00,3,4
2454,2026-07-23,21:00,1,1
2454,2026-07-23,21:00,2,0
2454,2026-07-23,21:00,3,9
2455,2026-07-24,14:00,1,1
2455,2026-07-24,14:00,2,3
2455,2026-07-24,14:00,3,8
2456,2026-07-24,17:00,1,4
2456,2026-07-24,17:00,2,2
2456,2026-07-24,17:00,3,0
2457,2026-07-24,21:00,1,1
2457,2026-07-24,21:00,2,2
2457,2026-07-24,21:00,3,9
2458,2026-07-25,14:00,1,7
2458,2026-07-25,14:00,2,6
2458,2026-07-25,14:00,3,5
2459,2026-07-25,17:00,1,8
2459,2026-07-25,17:00,2,6
2459,2026-07-25,17:00,3,6
2460,2026-07-25,21:00,1,3
2460,2026-07-25,21:00,2,4
2460,2026-07-25,21:00,3,0
2461,2026-07-26,17:00,1,6
2461,2026-07-26,17:00,2,5
2461,2026-07-26,17:00,3,6
2462,2026-07-26,21:00,1,8
2462,2026-07-26,21:00,2,5
2462,2026-07-26,21:00,3,4
2463,2026-07-27,17:00,1,5
2463,2026-07-27,17:00,2,1
2463,2026-07-27,17:00,3,3
2464,2026-07-27,21:00,1,3
2464,2026-07-27,21:00,2,2
2464,2026-07-27,21:00,3,6
2465,2026-07-28,14:00,1,2
2465,2026-07-28,14:00,2,1
2465,2026-07-28,14:00,3,6
2466,2026-07-28,17:00,1,3
2466,2026-07-28,17:00,2,2
2466,2026-07-28,17:00,3,4
2467,2026-07-28,21:00,1,2
2467,2026-07-28,21:00,2,5
2467,2026-07-28,21:00,3,1
2468,2026-07-29,21:00,1,3
2468,2026-07-29,21:00,2,2
2468,2026-07-29,21:00,3,3
2469,2026-07-30,17:00,1,2
2469,2026-07-30,17:00,2,0
2469,2026-07-30,17:00,3,9
2470,2026-07-30,21:00,1,2
2470,2026-07-30,21:00,2,6
2470,2026-07-30,21:00,3,0
2471,2026-07-31,14:00,1,4
2471,2026-07-31,14:00,2,5
2471,2026-07-31,14:00,3,3
2472,2026-07-31,17:00,1,3
2472,2026-07-31,17:00,2,2
2472,2026-07-31,17:00,3,4
2473,2026-07-31,21:00,1,0
2473,2026-07-31,21:00,2,9
2473,2026-07-31,21:00,3,7
2474,2026-08-01,14:00,1,3
2474,2026-08-01,14:00,2,8
2474,2026-08-01,14:00,3,8
2475,2026-08-01,17:00,1,4
2475,2026-08-01,17:00,2,8
2475,2026-08-01,17:00,3,3
2476,2026-08-01,21:00,1,4
2476,2026-08-01,21:00,2,5
2476,2026-08-01,21:00,3,3
2477,2026-08-02,14:00,1,8
2477,2026-08-02,14:00,2,8
2477,2026-08-02,14:00,3,1
2478,2026-08-02,17:00,1,9
2478,2026-08-02,17:00,2,2
2478,2026-08-02,17:00,3,9
2479,2026-08-02,21:00,1,3
2479,2026-08-02,21:00,2,5
2479,2026-08-02,21:00,3,0
2480,2026-08-03,14:00,1,7
2480,2026-08-03,14:00,2,8
2480,2026-08-03,14:00,3,2
2481,2026-08-03,21:00,1,2
2481,2026-08-03,21:00,2,0
2481,2026-08-03,21:00,3,5
2482,2026-08-04,14:00,1,3
2482,2026-08-04,14:00,2,9
2482,2026-08-04,14:00,3,5
2483,2026-08-04,17:00,1,2
2483,2026-08-04,17:00,2,4
2483,2026-08-04,17:00,3,6
2484,2026-08-04,21:00,1,3
2484,2026-08-04,21:00,2,8
2484,2026-08-04,21:00,3,2
2485,2026-08-05,14:00,1,8
2485,2026-08-05,14:00,2,0
2485,2026-08-05,14:00,3,6
2486,2026-08-05,17:00,1,5
2486,2026-08-05,17:00,2,6
2486,2026-08-05,17:00,3,2
2487,2026-08-05,21:00,1,7
2487,2026-08-05,21:00,2,2
2487,2026-08-05,21:00,3,8
