draw_index,game_code,draw_date,draw_time,combination,sum,mean,minimum,maximum,span,even_count,odd_count,low_count,high_count,unique_values,adjacent_consecutive_pairs,shared_values_with_previous_draw
1,2DL-5PM,2023-12-23,17:00,15-29,44,22,15,29,14,0,2,1,1,2,0,
2,2DL-9PM,2023-12-23,21:00,12-30,42,21,12,30,18,2,0,1,1,2,0,0
3,2DL-2PM,2023-12-24,14:00,08-04,12,6,4,8,4,2,0,2,0,2,0,0
4,2DL-5PM,2023-12-24,17:00,11-11,22,11,11,11,0,0,2,2,0,1,0,0
5,2DL-9PM,2023-12-24,21:00,06-14,20,10,6,14,8,2,0,2,0,2,0,0
6,2DL-2PM,2023-12-26,14:00,11-02,13,6.5,2,11,9,1,1,2,0,2,0,0
7,2DL-5PM,2023-12-26,17:00,04-26,30,15,4,26,22,2,0,1,1,2,0,0
8,2DL-9PM,2023-12-26,21:00,27-12,39,19.5,12,27,15,1,1,1,1,2,0,0
9,2DL-2PM,2023-12-27,14:00,18-12,30,15,12,18,6,2,0,1,1,2,0,1
10,2DL-5PM,2023-12-27,17:00,10-28,38,19,10,28,18,2,0,1,1,2,0,0
11,2DL-9PM,2023-12-27,21:00,31-08,39,19.5,8,31,23,1,1,1,1,2,0,0
12,2DL-2PM,2023-12-28,14:00,02-20,22,11,2,20,18,2,0,1,1,2,0,0
13,2DL-5PM,2023-12-28,17:00,12-14,26,13,12,14,2,2,0,2,0,2,0,0
14,2DL-9PM,2023-12-28,21:00,12-31,43,21.5,12,31,19,1,1,1,1,2,0,1
15,2DL-2PM,2023-12-29,14:00,04-09,13,6.5,4,9,5,1,1,2,0,2,0,0
16,2DL-5PM,2023-12-29,17:00,19-03,22,11,3,19,16,0,2,1,1,2,0,0
17,2DL-9PM,2023-12-29,21:00,24-11,35,17.5,11,24,13,1,1,1,1,2,0,0
18,2DL-2PM,2023-12-30,14:00,17-06,23,11.5,6,17,11,1,1,1,1,2,0,0
19,2DL-5PM,2023-12-30,17:00,28-07,35,17.5,7,28,21,1,1,1,1,2,0,0
20,2DL-9PM,2023-12-30,21:00,24-20,44,22,20,24,4,2,0,0,2,2,0,0
21,2DL-2PM,2023-12-31,14:00,11-11,22,11,11,11,0,0,2,2,0,1,0,0
22,2DL-5PM,2023-12-31,17:00,17-01,18,9,1,17,16,0,2,1,1,2,0,0
23,2DL-9PM,2023-12-31,21:00,16-07,23,11.5,7,16,9,1,1,2,0,2,0,0
24,2DL-2PM,2024-01-02,14:00,12-24,36,18,12,24,12,2,0,1,1,2,0,0
25,2DL-5PM,2024-01-02,17:00,08-31,39,19.5,8,31,23,1,1,1,1,2,0,0
26,2DL-9PM,2024-01-02,21:00,05-21,26,13,5,21,16,0,2,1,1,2,0,0
27,2DL-2PM,2024-01-03,14:00,23-21,44,22,21,23,2,0,2,0,2,2,0,1
28,2DL-5PM,2024-01-03,17:00,20-09,29,14.5,9,20,11,1,1,1,1,2,0,0
29,2DL-9PM,2024-01-03,21:00,07-09,16,8,7,9,2,0,2,2,0,2,0,1
30,2DL-2PM,2024-01-04,14:00,14-12,26,13,12,14,2,2,0,2,0,2,0,0
31,2DL-5PM,2024-01-04,17:00,30-18,48,24,18,30,12,2,0,0,2,2,0,0
32,2DL-9PM,2024-01-04,21:00,07-16,23,11.5,7,16,9,1,1,2,0,2,0,0
33,2DL-2PM,2024-01-05,14:00,05-13,18,9,5,13,8,0,2,2,0,2,0,0
34,2DL-5PM,2024-01-05,17:00,07-13,20,10,7,13,6,0,2,2,0,2,0,1
35,2DL-9PM,2024-01-05,21:00,04-29,33,16.5,4,29,25,1,1,1,1,2,0,0
36,2DL-2PM,2024-01-06,14:00,21-06,27,13.5,6,21,15,1,1,1,1,2,0,0
37,2DL-5PM,2024-01-06,17:00,23-10,33,16.5,10,23,13,1,1,1,1,2,0,0
38,2DL-9PM,2024-01-06,21:00,21-13,34,17,13,21,8,0,2,1,1,2,0,0
39,2DL-2PM,2024-01-07,14:00,10-12,22,11,10,12,2,2,0,2,0,2,0,0
40,2DL-5PM,2024-01-07,17:00,30-23,53,26.5,23,30,7,1,1,0,2,2,0,0
41,2DL-9PM,2024-01-07,21:00,25-29,54,27,25,29,4,0,2,0,2,2,0,0
42,2DL-2PM,2024-01-08,14:00,19-13,32,16,13,19,6,0,2,1,1,2,0,0
43,2DL-5PM,2024-01-08,17:00,30-28,58,29,28,30,2,2,0,0,2,2,0,0
44,2DL-9PM,2024-01-08,21:00,10-21,31,15.5,10,21,11,1,1,1,1,2,0,0
45,2DL-2PM,2024-01-09,14:00,01-08,9,4.5,1,8,7,1,1,2,0,2,0,0
46,2DL-5PM,2024-01-09,17:00,09-14,23,11.5,9,14,5,1,1,2,0,2,0,0
47,2DL-9PM,2024-01-09,21:00,16-16,32,16,16,16,0,2,0,2,0,1,0,0
48,2DL-2PM,2024-01-10,14:00,14-09,23,11.5,9,14,5,1,1,2,0,2,0,0
49,2DL-5PM,2024-01-10,17:00,17-05,22,11,5,17,12,0,2,1,1,2,0,0
50,2DL-9PM,2024-01-10,21:00,08-27,35,17.5,8,27,19,1,1,1,1,2,0,0
51,2DL-2PM,2024-01-11,14:00,12-19,31,15.5,12,19,7,1,1,1,1,2,0,0
52,2DL-5PM,2024-01-11,17:00,04-13,17,8.5,4,13,9,1,1,2,0,2,0,0
53,2DL-9PM,2024-01-11,21:00,01-03,4,2,1,3,2,0,2,2,0,2,0,0
54,2DL-2PM,2024-01-12,14:00,23-01,24,12,1,23,22,0,2,1,1,2,0,1
55,2DL-5PM,2024-01-12,17:00,15-03,18,9,3,15,12,0,2,2,0,2,0,0
56,2DL-9PM,2024-01-12,21:00,15-20,35,17.5,15,20,5,1,1,1,1,2,0,1
57,2DL-2PM,2024-01-13,14:00,29-20,49,24.5,20,29,9,1,1,0,2,2,0,1
58,2DL-5PM,2024-01-13,17:00,13-30,43,21.5,13,30,17,1,1,1,1,2,0,0
59,2DL-9PM,2024-01-13,21:00,10-14,24,12,10,14,4,2,0,2,0,2,0,0
60,2DL-2PM,2024-01-14,14:00,21-24,45,22.5,21,24,3,1,1,0,2,2,0,0
61,2DL-5PM,2024-01-14,17:00,22-05,27,13.5,5,22,17,1,1,1,1,2,0,0
62,2DL-9PM,2024-01-14,21:00,26-14,40,20,14,26,12,2,0,1,1,2,0,0
63,2DL-2PM,2024-01-15,14:00,10-06,16,8,6,10,4,2,0,2,0,2,0,0
64,2DL-5PM,2024-01-15,17:00,06-27,33,16.5,6,27,21,1,1,1,1,2,0,1
65,2DL-9PM,2024-01-15,21:00,16-10,26,13,10,16,6,2,0,2,0,2,0,0
66,2DL-2PM,2024-01-16,14:00,31-28,59,29.5,28,31,3,1,1,0,2,2,0,0
67,2DL-5PM,2024-01-16,17:00,12-02,14,7,2,12,10,2,0,2,0,2,0,0
68,2DL-9PM,2024-01-16,21:00,06-14,20,10,6,14,8,2,0,2,0,2,0,0
69,2DL-2PM,2024-01-17,14:00,18-26,44,22,18,26,8,2,0,0,2,2,0,0
70,2DL-5PM,2024-01-17,17:00,30-14,44,22,14,30,16,2,0,1,1,2,0,0
71,2DL-9PM,2024-01-17,21:00,12-06,18,9,6,12,6,2,0,2,0,2,0,0
72,2DL-2PM,2024-01-18,14:00,08-08,16,8,8,8,0,2,0,2,0,1,0,0
73,2DL-5PM,2024-01-18,17:00,18-16,34,17,16,18,2,2,0,1,1,2,0,0
74,2DL-9PM,2024-01-18,21:00,20-26,46,23,20,26,6,2,0,0,2,2,0,0
75,2DL-2PM,2024-01-19,14:00,25-07,32,16,7,25,18,0,2,1,1,2,0,0
76,2DL-5PM,2024-01-19,17:00,16-15,31,15.5,15,16,1,1,1,2,0,2,1,0
77,2DL-9PM,2024-01-19,21:00,24-22,46,23,22,24,2,2,0,0,2,2,0,0
78,2DL-2PM,2024-01-20,14:00,02-12,14,7,2,12,10,2,0,2,0,2,0,0
79,2DL-5PM,2024-01-20,17:00,31-08,39,19.5,8,31,23,1,1,1,1,2,0,0
80,2DL-9PM,2024-01-20,21:00,16-24,40,20,16,24,8,2,0,1,1,2,0,0
81,2DL-2PM,2024-01-21,14:00,29-08,37,18.5,8,29,21,1,1,1,1,2,0,0
82,2DL-5PM,2024-01-21,17:00,10-17,27,13.5,10,17,7,1,1,1,1,2,0,0
83,2DL-9PM,2024-01-21,21:00,12-29,41,20.5,12,29,17,1,1,1,1,2,0,0
84,2DL-2PM,2024-01-22,14:00,03-23,26,13,3,23,20,0,2,1,1,2,0,0
85,2DL-5PM,2024-01-22,17:00,14-24,38,19,14,24,10,2,0,1,1,2,0,0
86,2DL-9PM,2024-01-22,21:00,15-23,38,19,15,23,8,0,2,1,1,2,0,0
87,2DL-2PM,2024-01-23,14:00,10-09,19,9.5,9,10,1,1,1,2,0,2,1,0
88,2DL-5PM,2024-01-23,17:00,01-28,29,14.5,1,28,27,1,1,1,1,2,0,0
89,2DL-9PM,2024-01-23,21:00,03-23,26,13,3,23,20,0,2,1,1,2,0,0
90,2DL-2PM,2024-01-24,14:00,27-11,38,19,11,27,16,0,2,1,1,2,0,0
91,2DL-5PM,2024-01-24,17:00,23-12,35,17.5,12,23,11,1,1,1,1,2,0,0
92,2DL-9PM,2024-01-24,21:00,17-15,32,16,15,17,2,0,2,1,1,2,0,0
93,2DL-2PM,2024-01-25,14:00,04-20,24,12,4,20,16,2,0,1,1,2,0,0
94,2DL-5PM,2024-01-25,17:00,21-06,27,13.5,6,21,15,1,1,1,1,2,0,0
95,2DL-9PM,2024-01-25,21:00,09-04,13,6.5,4,9,5,1,1,2,0,2,0,0
96,2DL-2PM,2024-01-26,14:00,22-14,36,18,14,22,8,2,0,1,1,2,0,0
97,2DL-5PM,2024-01-26,17:00,04-11,15,7.5,4,11,7,1,1,2,0,2,0,0
98,2DL-9PM,2024-01-26,21:00,11-17,28,14,11,17,6,0,2,1,1,2,0,1
99,2DL-2PM,2024-01-27,14:00,31-23,54,27,23,31,8,0,2,0,2,2,0,0
100,2DL-5PM,2024-01-27,17:00,08-29,37,18.5,8,29,21,1,1,1,1,2,0,0
101,2DL-9PM,2024-01-27,21:00,25-03,28,14,3,25,22,0,2,1,1,2,0,0
102,2DL-2PM,2024-01-28,14:00,18-26,44,22,18,26,8,2,0,0,2,2,0,0
103,2DL-5PM,2024-01-28,17:00,09-22,31,15.5,9,22,13,1,1,1,1,2,0,0
104,2DL-9PM,2024-01-28,21:00,05-14,19,9.5,5,14,9,1,1,2,0,2,0,0
105,2DL-2PM,2024-01-29,14:00,10-30,40,20,10,30,20,2,0,1,1,2,0,0
106,2DL-5PM,2024-01-29,17:00,10-01,11,5.5,1,10,9,1,1,2,0,2,0,1
107,2DL-9PM,2024-01-29,21:00,20-08,28,14,8,20,12,2,0,1,1,2,0,0
108,2DL-2PM,2024-01-30,14:00,21-21,42,21,21,21,0,0,2,0,2,1,0,0
109,2DL-5PM,2024-01-30,17:00,03-15,18,9,3,15,12,0,2,2,0,2,0,0
110,2DL-9PM,2024-01-30,21:00,30-09,39,19.5,9,30,21,1,1,1,1,2,0,0
111,2DL-2PM,2024-01-31,14:00,05-12,17,8.5,5,12,7,1,1,2,0,2,0,0
112,2DL-5PM,2024-01-31,17:00,18-27,45,22.5,18,27,9,1,1,0,2,2,0,0
113,2DL-9PM,2024-01-31,21:00,20-19,39,19.5,19,20,1,1,1,0,2,2,1,0
114,2DL-2PM,2024-02-01,14:00,18-22,40,20,18,22,4,2,0,0,2,2,0,0
115,2DL-5PM,2024-02-01,17:00,17-10,27,13.5,10,17,7,1,1,1,1,2,0,0
116,2DL-9PM,2024-02-01,21:00,29-25,54,27,25,29,4,0,2,0,2,2,0,0
117,2DL-2PM,2024-02-02,14:00,28-20,48,24,20,28,8,2,0,0,2,2,0,0
118,2DL-5PM,2024-02-02,17:00,21-14,35,17.5,14,21,7,1,1,1,1,2,0,0
119,2DL-9PM,2024-02-02,21:00,19-16,35,17.5,16,19,3,1,1,1,1,2,0,0
120,2DL-2PM,2024-02-03,14:00,13-10,23,11.5,10,13,3,1,1,2,0,2,0,0
121,2DL-5PM,2024-02-03,17:00,11-26,37,18.5,11,26,15,1,1,1,1,2,0,0
122,2DL-9PM,2024-02-03,21:00,23-31,54,27,23,31,8,0,2,0,2,2,0,0
123,2DL-2PM,2024-02-04,14:00,04-22,26,13,4,22,18,2,0,1,1,2,0,0
124,2DL-5PM,2024-02-04,17:00,12-26,38,19,12,26,14,2,0,1,1,2,0,0
125,2DL-9PM,2024-02-04,21:00,03-17,20,10,3,17,14,0,2,1,1,2,0,0
126,2DL-2PM,2024-02-05,14:00,17-07,24,12,7,17,10,0,2,1,1,2,0,1
127,2DL-5PM,2024-02-05,17:00,07-26,33,16.5,7,26,19,1,1,1,1,2,0,1
128,2DL-9PM,2024-02-05,21:00,23-19,42,21,19,23,4,0,2,0,2,2,0,0
129,2DL-2PM,2024-02-06,14:00,28-20,48,24,20,28,8,2,0,0,2,2,0,0
130,2DL-5PM,2024-02-06,17:00,13-06,19,9.5,6,13,7,1,1,2,0,2,0,0
131,2DL-9PM,2024-02-06,21:00,18-19,37,18.5,18,19,1,1,1,0,2,2,1,0
132,2DL-2PM,2024-02-07,14:00,08-24,32,16,8,24,16,2,0,1,1,2,0,0
133,2DL-5PM,2024-02-07,17:00,26-01,27,13.5,1,26,25,1,1,1,1,2,0,0
134,2DL-9PM,2024-02-07,21:00,18-09,27,13.5,9,18,9,1,1,1,1,2,0,0
135,2DL-2PM,2024-02-08,14:00,03-31,34,17,3,31,28,0,2,1,1,2,0,0
136,2DL-5PM,2024-02-08,17:00,05-12,17,8.5,5,12,7,1,1,2,0,2,0,0
137,2DL-9PM,2024-02-08,21:00,17-16,33,16.5,16,17,1,1,1,1,1,2,1,0
138,2DL-2PM,2024-02-09,14:00,12-10,22,11,10,12,2,2,0,2,0,2,0,0
139,2DL-5PM,2024-02-09,17:00,24-21,45,22.5,21,24,3,1,1,0,2,2,0,0
140,2DL-9PM,2024-02-09,21:00,14-02,16,8,2,14,12,2,0,2,0,2,0,0
141,2DL-2PM,2024-02-10,14:00,14-06,20,10,6,14,8,2,0,2,0,2,0,1
142,2DL-5PM,2024-02-10,17:00,26-18,44,22,18,26,8,2,0,0,2,2,0,0
143,2DL-9PM,2024-02-10,21:00,13-20,33,16.5,13,20,7,1,1,1,1,2,0,0
144,2DL-2PM,2024-02-11,14:00,04-21,25,12.5,4,21,17,1,1,1,1,2,0,0
145,2DL-5PM,2024-02-11,17:00,21-02,23,11.5,2,21,19,1,1,1,1,2,0,1
146,2DL-9PM,2024-02-11,21:00,12-09,21,10.5,9,12,3,1,1,2,0,2,0,0
147,2DL-2PM,2024-02-12,14:00,04-12,16,8,4,12,8,2,0,2,0,2,0,1
148,2DL-5PM,2024-02-12,17:00,26-30,56,28,26,30,4,2,0,0,2,2,0,0
149,2DL-9PM,2024-02-12,21:00,17-29,46,23,17,29,12,0,2,0,2,2,0,0
150,2DL-2PM,2024-02-13,14:00,31-10,41,20.5,10,31,21,1,1,1,1,2,0,0
151,2DL-5PM,2024-02-13,17:00,02-20,22,11,2,20,18,2,0,1,1,2,0,0
152,2DL-9PM,2024-02-13,21:00,02-31,33,16.5,2,31,29,1,1,1,1,2,0,1
153,2DL-2PM,2024-02-14,14:00,15-26,41,20.5,15,26,11,1,1,1,1,2,0,0
154,2DL-5PM,2024-02-14,17:00,22-23,45,22.5,22,23,1,1,1,0,2,2,1,0
155,2DL-9PM,2024-02-14,21:00,26-26,52,26,26,26,0,2,0,0,2,1,0,0
156,2DL-2PM,2024-02-15,14:00,03-16,19,9.5,3,16,13,1,1,2,0,2,0,0
157,2DL-5PM,2024-02-15,17:00,23-18,41,20.5,18,23,5,1,1,0,2,2,0,0
158,2DL-9PM,2024-02-15,21:00,16-26,42,21,16,26,10,2,0,1,1,2,0,0
159,2DL-2PM,2024-02-16,14:00,19-12,31,15.5,12,19,7,1,1,1,1,2,0,0
160,2DL-5PM,2024-02-16,17:00,06-14,20,10,6,14,8,2,0,2,0,2,0,0
161,2DL-9PM,2024-02-16,21:00,20-11,31,15.5,11,20,9,1,1,1,1,2,0,0
162,2DL-2PM,2024-02-17,14:00,03-03,6,3,3,3,0,0,2,2,0,1,0,0
163,2DL-5PM,2024-02-17,17:00,07-05,12,6,5,7,2,0,2,2,0,2,0,0
164,2DL-9PM,2024-02-17,21:00,22-03,25,12.5,3,22,19,1,1,1,1,2,0,0
165,2DL-2PM,2024-02-18,14:00,26-22,48,24,22,26,4,2,0,0,2,2,0,1
166,2DL-5PM,2024-02-18,17:00,31-06,37,18.5,6,31,25,1,1,1,1,2,0,0
167,2DL-9PM,2024-02-18,21:00,25-08,33,16.5,8,25,17,1,1,1,1,2,0,0
168,2DL-2PM,2024-02-19,14:00,28-15,43,21.5,15,28,13,1,1,1,1,2,0,0
169,2DL-5PM,2024-02-19,17:00,05-15,20,10,5,15,10,0,2,2,0,2,0,1
170,2DL-9PM,2024-02-19,21:00,03-01,4,2,1,3,2,0,2,2,0,2,0,0
171,2DL-2PM,2024-02-20,14:00,20-22,42,21,20,22,2,2,0,0,2,2,0,0
172,2DL-5PM,2024-02-20,17:00,11-14,25,12.5,11,14,3,1,1,2,0,2,0,0
173,2DL-9PM,2024-02-20,21:00,30-16,46,23,16,30,14,2,0,1,1,2,0,0
174,2DL-2PM,2024-02-21,14:00,02-10,12,6,2,10,8,2,0,2,0,2,0,0
175,2DL-5PM,2024-02-21,17:00,05-06,11,5.5,5,6,1,1,1,2,0,2,1,0
176,2DL-9PM,2024-02-21,21:00,11-04,15,7.5,4,11,7,1,1,2,0,2,0,0
177,2DL-2PM,2024-02-22,14:00,07-18,25,12.5,7,18,11,1,1,1,1,2,0,0
178,2DL-5PM,2024-02-22,17:00,15-24,39,19.5,15,24,9,1,1,1,1,2,0,0
179,2DL-9PM,2024-02-22,21:00,04-14,18,9,4,14,10,2,0,2,0,2,0,0
180,2DL-2PM,2024-02-23,14:00,21-02,23,11.5,2,21,19,1,1,1,1,2,0,0
181,2DL-5PM,2024-02-23,17:00,08-05,13,6.5,5,8,3,1,1,2,0,2,0,0
182,2DL-9PM,2024-02-23,21:00,01-20,21,10.5,1,20,19,1,1,1,1,2,0,0
183,2DL-2PM,2024-02-24,14:00,31-05,36,18,5,31,26,0,2,1,1,2,0,0
184,2DL-5PM,2024-02-24,17:00,04-24,28,14,4,24,20,2,0,1,1,2,0,0
185,2DL-9PM,2024-02-24,21:00,12-06,18,9,6,12,6,2,0,2,0,2,0,0
186,2DL-2PM,2024-02-25,14:00,09-09,18,9,9,9,0,0,2,2,0,1,0,0
187,2DL-5PM,2024-02-25,17:00,08-03,11,5.5,3,8,5,1,1,2,0,2,0,0
188,2DL-9PM,2024-02-25,21:00,12-14,26,13,12,14,2,2,0,2,0,2,0,0
189,2DL-2PM,2024-02-26,14:00,25-20,45,22.5,20,25,5,1,1,0,2,2,0,0
190,2DL-5PM,2024-02-26,17:00,03-22,25,12.5,3,22,19,1,1,1,1,2,0,0
191,2DL-9PM,2024-02-26,21:00,13-05,18,9,5,13,8,0,2,2,0,2,0,0
192,2DL-2PM,2024-02-27,14:00,12-08,20,10,8,12,4,2,0,2,0,2,0,0
193,2DL-5PM,2024-02-27,17:00,04-21,25,12.5,4,21,17,1,1,1,1,2,0,0
194,2DL-9PM,2024-02-27,21:00,26-13,39,19.5,13,26,13,1,1,1,1,2,0,0
195,2DL-2PM,2024-02-28,14:00,26-12,38,19,12,26,14,2,0,1,1,2,0,1
196,2DL-5PM,2024-02-28,17:00,18-03,21,10.5,3,18,15,1,1,1,1,2,0,0
197,2DL-9PM,2024-02-28,21:00,30-09,39,19.5,9,30,21,1,1,1,1,2,0,0
198,2DL-2PM,2024-02-29,14:00,12-10,22,11,10,12,2,2,0,2,0,2,0,0
199,2DL-5PM,2024-02-29,17:00,08-18,26,13,8,18,10,2,0,1,1,2,0,0
200,2DL-9PM,2024-02-29,21:00,24-29,53,26.5,24,29,5,1,1,0,2,2,0,0
201,2DL-2PM,2024-03-01,14:00,31-24,55,27.5,24,31,7,1,1,0,2,2,0,1
202,2DL-5PM,2024-03-01,17:00,25-26,51,25.5,25,26,1,1,1,0,2,2,1,0
203,2DL-9PM,2024-03-01,21:00,21-20,41,20.5,20,21,1,1,1,0,2,2,1,0
204,2DL-2PM,2024-03-02,14:00,10-26,36,18,10,26,16,2,0,1,1,2,0,0
205,2DL-5PM,2024-03-02,17:00,18-29,47,23.5,18,29,11,1,1,0,2,2,0,0
206,2DL-9PM,2024-03-02,21:00,09-12,21,10.5,9,12,3,1,1,2,0,2,0,0
207,2DL-2PM,2024-03-03,14:00,29-24,53,26.5,24,29,5,1,1,0,2,2,0,0
208,2DL-5PM,2024-03-03,17:00,07-05,12,6,5,7,2,0,2,2,0,2,0,0
209,2DL-9PM,2024-03-03,21:00,01-07,8,4,1,7,6,0,2,2,0,2,0,1
210,2DL-2PM,2024-03-04,14:00,23-19,42,21,19,23,4,0,2,0,2,2,0,0
211,2DL-5PM,2024-03-04,17:00,01-23,24,12,1,23,22,0,2,1,1,2,0,1
212,2DL-9PM,2024-03-04,21:00,14-07,21,10.5,7,14,7,1,1,2,0,2,0,0
213,2DL-2PM,2024-03-05,14:00,01-14,15,7.5,1,14,13,1,1,2,0,2,0,1
214,2DL-5PM,2024-03-05,17:00,14-19,33,16.5,14,19,5,1,1,1,1,2,0,1
215,2DL-9PM,2024-03-05,21:00,15-27,42,21,15,27,12,0,2,1,1,2,0,0
216,2DL-2PM,2024-03-06,14:00,27-26,53,26.5,26,27,1,1,1,0,2,2,1,1
217,2DL-5PM,2024-03-06,17:00,14-10,24,12,10,14,4,2,0,2,0,2,0,0
218,2DL-9PM,2024-03-06,21:00,30-21,51,25.5,21,30,9,1,1,0,2,2,0,0
219,2DL-2PM,2024-03-07,14:00,26-29,55,27.5,26,29,3,1,1,0,2,2,0,0
220,2DL-5PM,2024-03-07,17:00,25-07,32,16,7,25,18,0,2,1,1,2,0,0
221,2DL-9PM,2024-03-07,21:00,23-11,34,17,11,23,12,0,2,1,1,2,0,0
222,2DL-2PM,2024-03-08,14:00,26-22,48,24,22,26,4,2,0,0,2,2,0,0
223,2DL-5PM,2024-03-08,17:00,27-16,43,21.5,16,27,11,1,1,1,1,2,0,0
224,2DL-9PM,2024-03-08,21:00,25-18,43,21.5,18,25,7,1,1,0,2,2,0,0
225,2DL-2PM,2024-03-09,14:00,18-18,36,18,18,18,0,2,0,0,2,1,0,1
226,2DL-5PM,2024-03-09,17:00,06-18,24,12,6,18,12,2,0,1,1,2,0,1
227,2DL-9PM,2024-03-09,21:00,07-29,36,18,7,29,22,0,2,1,1,2,0,0
228,2DL-2PM,2024-03-10,14:00,25-12,37,18.5,12,25,13,1,1,1,1,2,0,0
229,2DL-5PM,2024-03-10,17:00,22-12,34,17,12,22,10,2,0,1,1,2,0,1
230,2DL-9PM,2024-03-10,21:00,31-18,49,24.5,18,31,13,1,1,0,2,2,0,0
231,2DL-2PM,2024-03-11,14:00,21-03,24,12,3,21,18,0,2,1,1,2,0,0
232,2DL-5PM,2024-03-11,17:00,29-29,58,29,29,29,0,0,2,0,2,1,0,0
233,2DL-9PM,2024-03-11,21:00,02-21,23,11.5,2,21,19,1,1,1,1,2,0,0
234,2DL-2PM,2024-03-12,14:00,15-05,20,10,5,15,10,0,2,2,0,2,0,0
235,2DL-5PM,2024-03-12,17:00,30-03,33,16.5,3,30,27,1,1,1,1,2,0,0
236,2DL-9PM,2024-03-12,21:00,28-01,29,14.5,1,28,27,1,1,1,1,2,0,0
237,2DL-2PM,2024-03-13,14:00,14-25,39,19.5,14,25,11,1,1,1,1,2,0,0
238,2DL-5PM,2024-03-13,17:00,31-19,50,25,19,31,12,0,2,0,2,2,0,0
239,2DL-9PM,2024-03-13,21:00,21-23,44,22,21,23,2,0,2,0,2,2,0,0
240,2DL-2PM,2024-03-14,14:00,30-28,58,29,28,30,2,2,0,0,2,2,0,0
241,2DL-5PM,2024-03-14,17:00,11-23,34,17,11,23,12,0,2,1,1,2,0,0
242,2DL-9PM,2024-03-14,21:00,19-03,22,11,3,19,16,0,2,1,1,2,0,0
243,2DL-2PM,2024-03-15,14:00,10-15,25,12.5,10,15,5,1,1,2,0,2,0,0
244,2DL-5PM,2024-03-15,17:00,01-19,20,10,1,19,18,0,2,1,1,2,0,0
245,2DL-9PM,2024-03-15,21:00,21-11,32,16,11,21,10,0,2,1,1,2,0,0
246,2DL-2PM,2024-03-16,14:00,17-06,23,11.5,6,17,11,1,1,1,1,2,0,0
247,2DL-5PM,2024-03-16,17:00,02-15,17,8.5,2,15,13,1,1,2,0,2,0,0
248,2DL-9PM,2024-03-16,21:00,14-04,18,9,4,14,10,2,0,2,0,2,0,0
249,2DL-2PM,2024-03-17,14:00,01-02,3,1.5,1,2,1,1,1,2,0,2,1,0
250,2DL-5PM,2024-03-17,17:00,17-11,28,14,11,17,6,0,2,1,1,2,0,0
251,2DL-9PM,2024-03-17,21:00,23-25,48,24,23,25,2,0,2,0,2,2,0,0
252,2DL-2PM,2024-03-18,14:00,15-25,40,20,15,25,10,0,2,1,1,2,0,1
253,2DL-5PM,2024-03-18,17:00,28-31,59,29.5,28,31,3,1,1,0,2,2,0,0
254,2DL-9PM,2024-03-18,21:00,11-25,36,18,11,25,14,0,2,1,1,2,0,0
255,2DL-2PM,2024-03-19,14:00,22-21,43,21.5,21,22,1,1,1,0,2,2,1,0
256,2DL-5PM,2024-03-19,17:00,03-10,13,6.5,3,10,7,1,1,2,0,2,0,0
257,2DL-9PM,2024-03-19,21:00,18-07,25,12.5,7,18,11,1,1,1,1,2,0,0
258,2DL-2PM,2024-03-20,14:00,17-02,19,9.5,2,17,15,1,1,1,1,2,0,0
259,2DL-5PM,2024-03-20,17:00,09-15,24,12,9,15,6,0,2,2,0,2,0,0
260,2DL-9PM,2024-03-20,21:00,26-01,27,13.5,1,26,25,1,1,1,1,2,0,0
261,2DL-2PM,2024-03-21,14:00,11-19,30,15,11,19,8,0,2,1,1,2,0,0
262,2DL-5PM,2024-03-21,17:00,25-13,38,19,13,25,12,0,2,1,1,2,0,0
263,2DL-9PM,2024-03-21,21:00,01-04,5,2.5,1,4,3,1,1,2,0,2,0,0
264,2DL-2PM,2024-03-22,14:00,29-12,41,20.5,12,29,17,1,1,1,1,2,0,0
265,2DL-5PM,2024-03-22,17:00,03-17,20,10,3,17,14,0,2,1,1,2,0,0
266,2DL-9PM,2024-03-22,21:00,29-06,35,17.5,6,29,23,1,1,1,1,2,0,0
267,2DL-2PM,2024-03-23,14:00,20-07,27,13.5,7,20,13,1,1,1,1,2,0,0
268,2DL-5PM,2024-03-23,17:00,11-21,32,16,11,21,10,0,2,1,1,2,0,0
269,2DL-9PM,2024-03-23,21:00,30-03,33,16.5,3,30,27,1,1,1,1,2,0,0
270,2DL-2PM,2024-03-24,14:00,09-20,29,14.5,9,20,11,1,1,1,1,2,0,0
271,2DL-5PM,2024-03-24,17:00,02-11,13,6.5,2,11,9,1,1,2,0,2,0,0
272,2DL-9PM,2024-03-24,21:00,23-20,43,21.5,20,23,3,1,1,0,2,2,0,0
273,2DL-2PM,2024-03-25,14:00,05-25,30,15,5,25,20,0,2,1,1,2,0,0
274,2DL-5PM,2024-03-25,17:00,24-07,31,15.5,7,24,17,1,1,1,1,2,0,0
275,2DL-9PM,2024-03-25,21:00,03-11,14,7,3,11,8,0,2,2,0,2,0,0
276,2DL-2PM,2024-03-26,14:00,28-19,47,23.5,19,28,9,1,1,0,2,2,0,0
277,2DL-5PM,2024-03-26,17:00,25-14,39,19.5,14,25,11,1,1,1,1,2,0,0
278,2DL-9PM,2024-03-26,21:00,30-13,43,21.5,13,30,17,1,1,1,1,2,0,0
279,2DL-2PM,2024-03-27,14:00,01-23,24,12,1,23,22,0,2,1,1,2,0,0
280,2DL-5PM,2024-03-27,17:00,10-12,22,11,10,12,2,2,0,2,0,2,0,0
281,2DL-9PM,2024-03-27,21:00,13-28,41,20.5,13,28,15,1,1,1,1,2,0,0
282,2DL-2PM,2024-04-01,14:00,29-22,51,25.5,22,29,7,1,1,0,2,2,0,0
283,2DL-5PM,2024-04-01,17:00,07-08,15,7.5,7,8,1,1,1,2,0,2,1,0
284,2DL-9PM,2024-04-01,21:00,18-13,31,15.5,13,18,5,1,1,1,1,2,0,0
285,2DL-2PM,2024-04-02,14:00,03-30,33,16.5,3,30,27,1,1,1,1,2,0,0
286,2DL-5PM,2024-04-02,17:00,19-10,29,14.5,10,19,9,1,1,1,1,2,0,0
287,2DL-9PM,2024-04-02,21:00,31-17,48,24,17,31,14,0,2,0,2,2,0,0
288,2DL-2PM,2024-04-03,14:00,25-16,41,20.5,16,25,9,1,1,1,1,2,0,0
289,2DL-5PM,2024-04-03,17:00,11-17,28,14,11,17,6,0,2,1,1,2,0,0
290,2DL-9PM,2024-04-03,21:00,02-16,18,9,2,16,14,2,0,2,0,2,0,0
291,2DL-2PM,2024-04-04,14:00,04-28,32,16,4,28,24,2,0,1,1,2,0,0
292,2DL-5PM,2024-04-04,17:00,16-07,23,11.5,7,16,9,1,1,2,0,2,0,0
293,2DL-9PM,2024-04-04,21:00,22-26,48,24,22,26,4,2,0,0,2,2,0,0
294,2DL-2PM,2024-04-05,14:00,07-21,28,14,7,21,14,0,2,1,1,2,0,0
295,2DL-5PM,2024-04-05,17:00,25-09,34,17,9,25,16,0,2,1,1,2,0,0
296,2DL-9PM,2024-04-05,21:00,06-09,15,7.5,6,9,3,1,1,2,0,2,0,1
297,2DL-2PM,2024-04-06,14:00,24-16,40,20,16,24,8,2,0,1,1,2,0,0
298,2DL-5PM,2024-04-06,17:00,03-29,32,16,3,29,26,0,2,1,1,2,0,0
299,2DL-9PM,2024-04-06,21:00,24-20,44,22,20,24,4,2,0,0,2,2,0,0
300,2DL-2PM,2024-04-07,14:00,27-18,45,22.5,18,27,9,1,1,0,2,2,0,0
301,2DL-5PM,2024-04-07,17:00,21-08,29,14.5,8,21,13,1,1,1,1,2,0,0
302,2DL-9PM,2024-04-07,21:00,11-12,23,11.5,11,12,1,1,1,2,0,2,1,0
303,2DL-2PM,2024-04-08,14:00,04-22,26,13,4,22,18,2,0,1,1,2,0,0
304,2DL-5PM,2024-04-08,17:00,18-10,28,14,10,18,8,2,0,1,1,2,0,0
305,2DL-9PM,2024-04-08,21:00,30-20,50,25,20,30,10,2,0,0,2,2,0,0
306,2DL-2PM,2024-04-09,14:00,19-11,30,15,11,19,8,0,2,1,1,2,0,0
307,2DL-5PM,2024-04-09,17:00,22-12,34,17,12,22,10,2,0,1,1,2,0,0
308,2DL-9PM,2024-04-09,21:00,06-28,34,17,6,28,22,2,0,1,1,2,0,0
309,2DL-2PM,2024-04-10,14:00,16-27,43,21.5,16,27,11,1,1,1,1,2,0,0
310,2DL-5PM,2024-04-10,17:00,14-20,34,17,14,20,6,2,0,1,1,2,0,0
311,2DL-9PM,2024-04-10,21:00,07-01,8,4,1,7,6,0,2,2,0,2,0,0
312,2DL-2PM,2024-04-11,14:00,12-21,33,16.5,12,21,9,1,1,1,1,2,0,0
313,2DL-5PM,2024-04-11,17:00,15-04,19,9.5,4,15,11,1,1,2,0,2,0,0
314,2DL-9PM,2024-04-11,21:00,07-03,10,5,3,7,4,0,2,2,0,2,0,0
315,2DL-2PM,2024-04-12,14:00,31-21,52,26,21,31,10,0,2,0,2,2,0,0
316,2DL-5PM,2024-04-12,17:00,15-12,27,13.5,12,15,3,1,1,2,0,2,0,0
317,2DL-9PM,2024-04-12,21:00,12-23,35,17.5,12,23,11,1,1,1,1,2,0,1
318,2DL-2PM,2024-04-13,14:00,08-02,10,5,2,8,6,2,0,2,0,2,0,0
319,2DL-5PM,2024-04-13,17:00,21-22,43,21.5,21,22,1,1,1,0,2,2,1,0
320,2DL-9PM,2024-04-13,21:00,08-16,24,12,8,16,8,2,0,2,0,2,0,0
321,2DL-2PM,2024-04-14,14:00,24-12,36,18,12,24,12,2,0,1,1,2,0,0
322,2DL-5PM,2024-04-14,17:00,01-29,30,15,1,29,28,0,2,1,1,2,0,0
323,2DL-9PM,2024-04-14,21:00,21-30,51,25.5,21,30,9,1,1,0,2,2,0,0
324,2DL-2PM,2024-04-15,14:00,04-25,29,14.5,4,25,21,1,1,1,1,2,0,0
325,2DL-5PM,2024-04-15,17:00,07-23,30,15,7,23,16,0,2,1,1,2,0,0
326,2DL-9PM,2024-04-15,21:00,02-15,17,8.5,2,15,13,1,1,2,0,2,0,0
327,2DL-2PM,2024-04-16,14:00,05-28,33,16.5,5,28,23,1,1,1,1,2,0,0
328,2DL-5PM,2024-04-16,17:00,24-05,29,14.5,5,24,19,1,1,1,1,2,0,1
329,2DL-9PM,2024-04-16,21:00,19-31,50,25,19,31,12,0,2,0,2,2,0,0
330,2DL-2PM,2024-04-17,14:00,11-24,35,17.5,11,24,13,1,1,1,1,2,0,0
331,2DL-5PM,2024-04-17,17:00,29-03,32,16,3,29,26,0,2,1,1,2,0,0
332,2DL-9PM,2024-04-17,21:00,16-04,20,10,4,16,12,2,0,2,0,2,0,0
333,2DL-2PM,2024-04-18,14:00,15-02,17,8.5,2,15,13,1,1,2,0,2,0,0
334,2DL-5PM,2024-04-18,17:00,16-05,21,10.5,5,16,11,1,1,2,0,2,0,0
335,2DL-9PM,2024-04-18,21:00,25-21,46,23,21,25,4,0,2,0,2,2,0,0
336,2DL-2PM,2024-04-19,14:00,11-31,42,21,11,31,20,0,2,1,1,2,0,0
337,2DL-5PM,2024-04-19,17:00,29-30,59,29.5,29,30,1,1,1,0,2,2,1,0
338,2DL-9PM,2024-04-19,21:00,04-26,30,15,4,26,22,2,0,1,1,2,0,0
339,2DL-2PM,2024-04-20,14:00,02-26,28,14,2,26,24,2,0,1,1,2,0,1
340,2DL-5PM,2024-04-20,17:00,18-25,43,21.5,18,25,7,1,1,0,2,2,0,0
341,2DL-9PM,2024-04-20,21:00,05-27,32,16,5,27,22,0,2,1,1,2,0,0
342,2DL-2PM,2024-04-21,14:00,08-05,13,6.5,5,8,3,1,1,2,0,2,0,1
343,2DL-5PM,2024-04-21,17:00,16-22,38,19,16,22,6,2,0,1,1,2,0,0
344,2DL-9PM,2024-04-21,21:00,18-07,25,12.5,7,18,11,1,1,1,1,2,0,0
345,2DL-2PM,2024-04-22,14:00,09-24,33,16.5,9,24,15,1,1,1,1,2,0,0
346,2DL-5PM,2024-04-22,17:00,22-20,42,21,20,22,2,2,0,0,2,2,0,0
347,2DL-9PM,2024-04-22,21:00,31-12,43,21.5,12,31,19,1,1,1,1,2,0,0
348,2DL-2PM,2024-04-23,14:00,11-27,38,19,11,27,16,0,2,1,1,2,0,0
349,2DL-5PM,2024-04-23,17:00,09-13,22,11,9,13,4,0,2,2,0,2,0,0
350,2DL-9PM,2024-04-23,21:00,20-01,21,10.5,1,20,19,1,1,1,1,2,0,0
351,2DL-2PM,2024-04-24,14:00,25-10,35,17.5,10,25,15,1,1,1,1,2,0,0
352,2DL-5PM,2024-04-24,17:00,02-09,11,5.5,2,9,7,1,1,2,0,2,0,0
353,2DL-9PM,2024-04-24,21:00,09-18,27,13.5,9,18,9,1,1,1,1,2,0,1
354,2DL-2PM,2024-04-25,14:00,01-13,14,7,1,13,12,0,2,2,0,2,0,0
355,2DL-5PM,2024-04-25,17:00,27-24,51,25.5,24,27,3,1,1,0,2,2,0,0
356,2DL-9PM,2024-04-25,21:00,31-17,48,24,17,31,14,0,2,0,2,2,0,0
357,2DL-2PM,2024-04-26,14:00,28-13,41,20.5,13,28,15,1,1,1,1,2,0,0
358,2DL-5PM,2024-04-26,17:00,05-07,12,6,5,7,2,0,2,2,0,2,0,0
359,2DL-9PM,2024-04-26,21:00,25-22,47,23.5,22,25,3,1,1,0,2,2,0,0
360,2DL-2PM,2024-04-27,14:00,30-21,51,25.5,21,30,9,1,1,0,2,2,0,0
361,2DL-5PM,2024-04-27,17:00,02-24,26,13,2,24,22,2,0,1,1,2,0,0
362,2DL-9PM,2024-04-27,21:00,27-11,38,19,11,27,16,0,2,1,1,2,0,0
363,2DL-2PM,2024-04-28,14:00,02-28,30,15,2,28,26,2,0,1,1,2,0,0
364,2DL-5PM,2024-04-28,17:00,01-10,11,5.5,1,10,9,1,1,2,0,2,0,0
365,2DL-9PM,2024-04-28,21:00,30-17,47,23.5,17,30,13,1,1,0,2,2,0,0
366,2DL-2PM,2024-04-29,14:00,18-23,41,20.5,18,23,5,1,1,0,2,2,0,0
367,2DL-5PM,2024-04-29,17:00,18-30,48,24,18,30,12,2,0,0,2,2,0,1
368,2DL-9PM,2024-04-29,21:00,21-16,37,18.5,16,21,5,1,1,1,1,2,0,0
369,2DL-2PM,2024-04-30,14:00,07-17,24,12,7,17,10,0,2,1,1,2,0,0
370,2DL-5PM,2024-04-30,17:00,08-10,18,9,8,10,2,2,0,2,0,2,0,0
371,2DL-9PM,2024-04-30,21:00,06-16,22,11,6,16,10,2,0,2,0,2,0,0
372,2DL-2PM,2024-05-01,14:00,21-24,45,22.5,21,24,3,1,1,0,2,2,0,0
373,2DL-5PM,2024-05-01,17:00,26-13,39,19.5,13,26,13,1,1,1,1,2,0,0
374,2DL-9PM,2024-05-01,21:00,24-11,35,17.5,11,24,13,1,1,1,1,2,0,0
375,2DL-2PM,2024-05-02,14:00,17-02,19,9.5,2,17,15,1,1,1,1,2,0,0
376,2DL-5PM,2024-05-02,17:00,25-06,31,15.5,6,25,19,1,1,1,1,2,0,0
377,2DL-9PM,2024-05-02,21:00,25-16,41,20.5,16,25,9,1,1,1,1,2,0,1
378,2DL-2PM,2024-05-03,14:00,30-21,51,25.5,21,30,9,1,1,0,2,2,0,0
379,2DL-5PM,2024-05-03,17:00,24-05,29,14.5,5,24,19,1,1,1,1,2,0,0
380,2DL-9PM,2024-05-03,21:00,22-14,36,18,14,22,8,2,0,1,1,2,0,0
381,2DL-2PM,2024-05-04,14:00,14-24,38,19,14,24,10,2,0,1,1,2,0,1
382,2DL-5PM,2024-05-04,17:00,28-30,58,29,28,30,2,2,0,0,2,2,0,0
383,2DL-9PM,2024-05-04,21:00,12-23,35,17.5,12,23,11,1,1,1,1,2,0,0
384,2DL-2PM,2024-05-05,14:00,20-05,25,12.5,5,20,15,1,1,1,1,2,0,0
385,2DL-5PM,2024-05-05,17:00,13-22,35,17.5,13,22,9,1,1,1,1,2,0,0
386,2DL-9PM,2024-05-05,21:00,19-21,40,20,19,21,2,0,2,0,2,2,0,0
387,2DL-2PM,2024-05-06,14:00,15-23,38,19,15,23,8,0,2,1,1,2,0,0
388,2DL-5PM,2024-05-06,17:00,18-06,24,12,6,18,12,2,0,1,1,2,0,0
389,2DL-9PM,2024-05-06,21:00,05-11,16,8,5,11,6,0,2,2,0,2,0,0
390,2DL-2PM,2024-05-07,14:00,07-20,27,13.5,7,20,13,1,1,1,1,2,0,0
391,2DL-5PM,2024-05-07,17:00,13-20,33,16.5,13,20,7,1,1,1,1,2,0,1
392,2DL-9PM,2024-05-07,21:00,27-14,41,20.5,14,27,13,1,1,1,1,2,0,0
393,2DL-2PM,2024-05-08,14:00,15-01,16,8,1,15,14,0,2,2,0,2,0,0
394,2DL-5PM,2024-05-08,17:00,29-13,42,21,13,29,16,0,2,1,1,2,0,0
395,2DL-9PM,2024-05-08,21:00,17-08,25,12.5,8,17,9,1,1,1,1,2,0,0
396,2DL-2PM,2024-05-09,14:00,18-08,26,13,8,18,10,2,0,1,1,2,0,1
397,2DL-5PM,2024-05-09,17:00,03-28,31,15.5,3,28,25,1,1,1,1,2,0,0
398,2DL-9PM,2024-05-09,21:00,01-06,7,3.5,1,6,5,1,1,2,0,2,0,0
399,2DL-2PM,2024-05-10,14:00,31-16,47,23.5,16,31,15,1,1,1,1,2,0,0
400,2DL-5PM,2024-05-10,17:00,31-15,46,23,15,31,16,0,2,1,1,2,0,1
401,2DL-9PM,2024-05-10,21:00,02-16,18,9,2,16,14,2,0,2,0,2,0,0
402,2DL-2PM,2024-05-11,14:00,20-12,32,16,12,20,8,2,0,1,1,2,0,0
403,2DL-5PM,2024-05-11,17:00,04-28,32,16,4,28,24,2,0,1,1,2,0,0
404,2DL-9PM,2024-05-11,21:00,20-20,40,20,20,20,0,2,0,0,2,1,0,0
405,2DL-2PM,2024-05-12,14:00,22-12,34,17,12,22,10,2,0,1,1,2,0,0
406,2DL-5PM,2024-05-12,17:00,03-15,18,9,3,15,12,0,2,2,0,2,0,0
407,2DL-9PM,2024-05-12,21:00,09-23,32,16,9,23,14,0,2,1,1,2,0,0
408,2DL-2PM,2024-05-13,14:00,20-01,21,10.5,1,20,19,1,1,1,1,2,0,0
409,2DL-5PM,2024-05-13,17:00,23-15,38,19,15,23,8,0,2,1,1,2,0,0
410,2DL-9PM,2024-05-13,21:00,06-30,36,18,6,30,24,2,0,1,1,2,0,0
411,2DL-2PM,2024-05-14,14:00,04-30,34,17,4,30,26,2,0,1,1,2,0,1
412,2DL-5PM,2024-05-14,17:00,26-12,38,19,12,26,14,2,0,1,1,2,0,0
413,2DL-9PM,2024-05-14,21:00,03-21,24,12,3,21,18,0,2,1,1,2,0,0
414,2DL-2PM,2024-05-15,14:00,08-16,24,12,8,16,8,2,0,2,0,2,0,0
415,2DL-5PM,2024-05-15,17:00,19-27,46,23,19,27,8,0,2,0,2,2,0,0
416,2DL-9PM,2024-05-15,21:00,24-25,49,24.5,24,25,1,1,1,0,2,2,1,0
417,2DL-2PM,2024-05-16,14:00,22-16,38,19,16,22,6,2,0,1,1,2,0,0
418,2DL-5PM,2024-05-16,17:00,23-08,31,15.5,8,23,15,1,1,1,1,2,0,0
419,2DL-9PM,2024-05-16,21:00,08-23,31,15.5,8,23,15,1,1,1,1,2,0,2
420,2DL-2PM,2024-05-17,14:00,17-16,33,16.5,16,17,1,1,1,1,1,2,1,0
421,2DL-5PM,2024-05-17,17:00,19-29,48,24,19,29,10,0,2,0,2,2,0,0
422,2DL-9PM,2024-05-17,21:00,15-13,28,14,13,15,2,0,2,2,0,2,0,0
423,2DL-2PM,2024-05-18,14:00,05-18,23,11.5,5,18,13,1,1,1,1,2,0,0
424,2DL-5PM,2024-05-18,17:00,12-20,32,16,12,20,8,2,0,1,1,2,0,0
425,2DL-9PM,2024-05-18,21:00,31-31,62,31,31,31,0,0,2,0,2,1,0,0
426,2DL-2PM,2024-05-19,14:00,24-26,50,25,24,26,2,2,0,0,2,2,0,0
427,2DL-5PM,2024-05-19,17:00,17-03,20,10,3,17,14,0,2,1,1,2,0,0
428,2DL-9PM,2024-05-19,21:00,16-24,40,20,16,24,8,2,0,1,1,2,0,0
429,2DL-2PM,2024-05-20,14:00,21-16,37,18.5,16,21,5,1,1,1,1,2,0,1
430,2DL-5PM,2024-05-20,17:00,10-06,16,8,6,10,4,2,0,2,0,2,0,0
431,2DL-9PM,2024-05-20,21:00,31-13,44,22,13,31,18,0,2,1,1,2,0,0
432,2DL-2PM,2024-05-21,14:00,16-06,22,11,6,16,10,2,0,2,0,2,0,0
433,2DL-5PM,2024-05-21,17:00,29-24,53,26.5,24,29,5,1,1,0,2,2,0,0
434,2DL-9PM,2024-05-21,21:00,25-22,47,23.5,22,25,3,1,1,0,2,2,0,0
435,2DL-2PM,2024-05-22,14:00,26-24,50,25,24,26,2,2,0,0,2,2,0,0
436,2DL-5PM,2024-05-22,17:00,03-04,7,3.5,3,4,1,1,1,2,0,2,1,0
437,2DL-9PM,2024-05-22,21:00,12-28,40,20,12,28,16,2,0,1,1,2,0,0
438,2DL-2PM,2024-05-23,14:00,26-15,41,20.5,15,26,11,1,1,1,1,2,0,0
439,2DL-5PM,2024-05-23,17:00,17-07,24,12,7,17,10,0,2,1,1,2,0,0
440,2DL-9PM,2024-05-23,21:00,27-31,58,29,27,31,4,0,2,0,2,2,0,0
441,2DL-2PM,2024-05-24,14:00,24-01,25,12.5,1,24,23,1,1,1,1,2,0,0
442,2DL-5PM,2024-05-24,17:00,24-16,40,20,16,24,8,2,0,1,1,2,0,1
443,2DL-9PM,2024-05-24,21:00,10-25,35,17.5,10,25,15,1,1,1,1,2,0,0
444,2DL-2PM,2024-05-25,14:00,02-29,31,15.5,2,29,27,1,1,1,1,2,0,0
445,2DL-5PM,2024-05-25,17:00,01-29,30,15,1,29,28,0,2,1,1,2,0,1
446,2DL-9PM,2024-05-25,21:00,26-14,40,20,14,26,12,2,0,1,1,2,0,0
447,2DL-2PM,2024-05-26,14:00,27-26,53,26.5,26,27,1,1,1,0,2,2,1,1
448,2DL-5PM,2024-05-26,17:00,31-18,49,24.5,18,31,13,1,1,0,2,2,0,0
449,2DL-9PM,2024-05-26,21:00,20-03,23,11.5,3,20,17,1,1,1,1,2,0,0
450,2DL-2PM,2024-05-27,14:00,05-19,24,12,5,19,14,0,2,1,1,2,0,0
451,2DL-5PM,2024-05-27,17:00,28-30,58,29,28,30,2,2,0,0,2,2,0,0
452,2DL-9PM,2024-05-27,21:00,27-23,50,25,23,27,4,0,2,0,2,2,0,0
453,2DL-2PM,2024-05-28,14:00,10-22,32,16,10,22,12,2,0,1,1,2,0,0
454,2DL-5PM,2024-05-28,17:00,19-21,40,20,19,21,2,0,2,0,2,2,0,0
455,2DL-9PM,2024-05-28,21:00,29-10,39,19.5,10,29,19,1,1,1,1,2,0,0
456,2DL-2PM,2024-05-29,14:00,29-18,47,23.5,18,29,11,1,1,0,2,2,0,1
457,2DL-5PM,2024-05-29,17:00,25-24,49,24.5,24,25,1,1,1,0,2,2,1,0
458,2DL-9PM,2024-05-29,21:00,30-25,55,27.5,25,30,5,1,1,0,2,2,0,1
459,2DL-2PM,2024-05-30,14:00,21-15,36,18,15,21,6,0,2,1,1,2,0,0
460,2DL-5PM,2024-05-30,17:00,10-28,38,19,10,28,18,2,0,1,1,2,0,0
461,2DL-9PM,2024-05-30,21:00,18-09,27,13.5,9,18,9,1,1,1,1,2,0,0
462,2DL-2PM,2024-05-31,14:00,23-09,32,16,9,23,14,0,2,1,1,2,0,1
463,2DL-5PM,2024-05-31,17:00,22-01,23,11.5,1,22,21,1,1,1,1,2,0,0
464,2DL-9PM,2024-05-31,21:00,10-14,24,12,10,14,4,2,0,2,0,2,0,0
465,2DL-2PM,2024-06-01,14:00,10-21,31,15.5,10,21,11,1,1,1,1,2,0,1
466,2DL-5PM,2024-06-01,17:00,23-15,38,19,15,23,8,0,2,1,1,2,0,0
467,2DL-9PM,2024-06-01,21:00,30-09,39,19.5,9,30,21,1,1,1,1,2,0,0
468,2DL-2PM,2024-06-02,14:00,13-09,22,11,9,13,4,0,2,2,0,2,0,1
469,2DL-5PM,2024-06-02,17:00,19-20,39,19.5,19,20,1,1,1,0,2,2,1,0
470,2DL-9PM,2024-06-02,21:00,02-13,15,7.5,2,13,11,1,1,2,0,2,0,0
471,2DL-2PM,2024-06-03,14:00,24-07,31,15.5,7,24,17,1,1,1,1,2,0,0
472,2DL-5PM,2024-06-03,17:00,23-20,43,21.5,20,23,3,1,1,0,2,2,0,0
473,2DL-9PM,2024-06-03,21:00,15-29,44,22,15,29,14,0,2,1,1,2,0,0
474,2DL-2PM,2024-06-04,14:00,22-20,42,21,20,22,2,2,0,0,2,2,0,0
475,2DL-5PM,2024-06-04,17:00,29-29,58,29,29,29,0,0,2,0,2,1,0,0
476,2DL-9PM,2024-06-04,21:00,08-12,20,10,8,12,4,2,0,2,0,2,0,0
477,2DL-2PM,2024-06-05,14:00,29-19,48,24,19,29,10,0,2,0,2,2,0,0
478,2DL-5PM,2024-06-05,17:00,01-28,29,14.5,1,28,27,1,1,1,1,2,0,0
479,2DL-9PM,2024-06-05,21:00,11-04,15,7.5,4,11,7,1,1,2,0,2,0,0
480,2DL-2PM,2024-06-06,14:00,23-08,31,15.5,8,23,15,1,1,1,1,2,0,0
481,2DL-5PM,2024-06-06,17:00,18-20,38,19,18,20,2,2,0,0,2,2,0,0
482,2DL-9PM,2024-06-06,21:00,30-05,35,17.5,5,30,25,1,1,1,1,2,0,0
483,2DL-2PM,2024-06-07,14:00,30-03,33,16.5,3,30,27,1,1,1,1,2,0,1
484,2DL-5PM,2024-06-07,17:00,19-29,48,24,19,29,10,0,2,0,2,2,0,0
485,2DL-9PM,2024-06-07,21:00,16-24,40,20,16,24,8,2,0,1,1,2,0,0
486,2DL-2PM,2024-06-08,14:00,23-15,38,19,15,23,8,0,2,1,1,2,0,0
487,2DL-5PM,2024-06-08,17:00,01-16,17,8.5,1,16,15,1,1,2,0,2,0,0
488,2DL-9PM,2024-06-08,21:00,28-09,37,18.5,9,28,19,1,1,1,1,2,0,0
489,2DL-2PM,2024-06-09,14:00,12-04,16,8,4,12,8,2,0,2,0,2,0,0
490,2DL-5PM,2024-06-09,17:00,13-20,33,16.5,13,20,7,1,1,1,1,2,0,0
491,2DL-9PM,2024-06-09,21:00,21-15,36,18,15,21,6,0,2,1,1,2,0,0
492,2DL-2PM,2024-06-10,14:00,03-29,32,16,3,29,26,0,2,1,1,2,0,0
493,2DL-5PM,2024-06-10,17:00,27-20,47,23.5,20,27,7,1,1,0,2,2,0,0
494,2DL-9PM,2024-06-10,21:00,12-29,41,20.5,12,29,17,1,1,1,1,2,0,0
495,2DL-2PM,2024-06-11,14:00,13-21,34,17,13,21,8,0,2,1,1,2,0,0
496,2DL-5PM,2024-06-11,17:00,11-20,31,15.5,11,20,9,1,1,1,1,2,0,0
497,2DL-9PM,2024-06-11,21:00,14-20,34,17,14,20,6,2,0,1,1,2,0,1
498,2DL-2PM,2024-06-12,14:00,17-22,39,19.5,17,22,5,1,1,0,2,2,0,0
499,2DL-5PM,2024-06-12,17:00,26-04,30,15,4,26,22,2,0,1,1,2,0,0
500,2DL-9PM,2024-06-12,21:00,08-31,39,19.5,8,31,23,1,1,1,1,2,0,0
501,2DL-2PM,2024-06-13,14:00,06-16,22,11,6,16,10,2,0,2,0,2,0,0
502,2DL-5PM,2024-06-13,17:00,27-18,45,22.5,18,27,9,1,1,0,2,2,0,0
503,2DL-9PM,2024-06-13,21:00,03-14,17,8.5,3,14,11,1,1,2,0,2,0,0
504,2DL-2PM,2024-06-14,14:00,29-01,30,15,1,29,28,0,2,1,1,2,0,0
505,2DL-5PM,2024-06-14,17:00,11-28,39,19.5,11,28,17,1,1,1,1,2,0,0
506,2DL-9PM,2024-06-14,21:00,10-27,37,18.5,10,27,17,1,1,1,1,2,0,0
507,2DL-2PM,2024-06-15,14:00,12-09,21,10.5,9,12,3,1,1,2,0,2,0,0
508,2DL-5PM,2024-06-15,17:00,23-12,35,17.5,12,23,11,1,1,1,1,2,0,1
509,2DL-9PM,2024-06-15,21:00,15-18,33,16.5,15,18,3,1,1,1,1,2,0,0
510,2DL-2PM,2024-06-16,14:00,26-09,35,17.5,9,26,17,1,1,1,1,2,0,0
511,2DL-5PM,2024-06-16,17:00,15-29,44,22,15,29,14,0,2,1,1,2,0,0
512,2DL-9PM,2024-06-16,21:00,14-26,40,20,14,26,12,2,0,1,1,2,0,0
513,2DL-2PM,2024-06-17,14:00,29-31,60,30,29,31,2,0,2,0,2,2,0,0
514,2DL-5PM,2024-06-17,17:00,24-09,33,16.5,9,24,15,1,1,1,1,2,0,0
515,2DL-9PM,2024-06-17,21:00,10-01,11,5.5,1,10,9,1,1,2,0,2,0,0
516,2DL-2PM,2024-06-18,14:00,03-24,27,13.5,3,24,21,1,1,1,1,2,0,0
517,2DL-5PM,2024-06-18,17:00,14-15,29,14.5,14,15,1,1,1,2,0,2,1,0
518,2DL-9PM,2024-06-18,21:00,05-02,7,3.5,2,5,3,1,1,2,0,2,0,0
519,2DL-2PM,2024-06-19,14:00,27-24,51,25.5,24,27,3,1,1,0,2,2,0,0
520,2DL-5PM,2024-06-19,17:00,20-27,47,23.5,20,27,7,1,1,0,2,2,0,1
521,2DL-9PM,2024-06-19,21:00,17-19,36,18,17,19,2,0,2,0,2,2,0,0
522,2DL-2PM,2024-06-20,14:00,30-09,39,19.5,9,30,21,1,1,1,1,2,0,0
523,2DL-5PM,2024-06-20,17:00,20-24,44,22,20,24,4,2,0,0,2,2,0,0
524,2DL-9PM,2024-06-20,21:00,18-24,42,21,18,24,6,2,0,0,2,2,0,1
525,2DL-2PM,2024-06-21,14:00,08-29,37,18.5,8,29,21,1,1,1,1,2,0,0
526,2DL-5PM,2024-06-21,17:00,29-16,45,22.5,16,29,13,1,1,1,1,2,0,1
527,2DL-9PM,2024-06-21,21:00,13-21,34,17,13,21,8,0,2,1,1,2,0,0
528,2DL-2PM,2024-06-22,14:00,09-13,22,11,9,13,4,0,2,2,0,2,0,1
529,2DL-5PM,2024-06-22,17:00,07-23,30,15,7,23,16,0,2,1,1,2,0,0
530,2DL-9PM,2024-06-22,21:00,20-06,26,13,6,20,14,2,0,1,1,2,0,0
531,2DL-2PM,2024-06-23,14:00,11-29,40,20,11,29,18,0,2,1,1,2,0,0
532,2DL-5PM,2024-06-23,17:00,27-27,54,27,27,27,0,0,2,0,2,1,0,0
533,2DL-9PM,2024-06-23,21:00,07-20,27,13.5,7,20,13,1,1,1,1,2,0,0
534,2DL-2PM,2024-06-24,14:00,17-06,23,11.5,6,17,11,1,1,1,1,2,0,0
535,2DL-5PM,2024-06-24,17:00,25-10,35,17.5,10,25,15,1,1,1,1,2,0,0
536,2DL-9PM,2024-06-24,21:00,26-10,36,18,10,26,16,2,0,1,1,2,0,1
537,2DL-2PM,2024-06-25,14:00,24-19,43,21.5,19,24,5,1,1,0,2,2,0,0
538,2DL-5PM,2024-06-25,17:00,19-26,45,22.5,19,26,7,1,1,0,2,2,0,1
539,2DL-9PM,2024-06-25,21:00,12-19,31,15.5,12,19,7,1,1,1,1,2,0,1
540,2DL-2PM,2024-06-26,14:00,15-10,25,12.5,10,15,5,1,1,2,0,2,0,0
541,2DL-5PM,2024-06-26,17:00,27-10,37,18.5,10,27,17,1,1,1,1,2,0,1
542,2DL-9PM,2024-06-26,21:00,23-11,34,17,11,23,12,0,2,1,1,2,0,0
543,2DL-2PM,2024-06-27,14:00,19-02,21,10.5,2,19,17,1,1,1,1,2,0,0
544,2DL-5PM,2024-06-27,17:00,14-03,17,8.5,3,14,11,1,1,2,0,2,0,0
545,2DL-9PM,2024-06-27,21:00,06-26,32,16,6,26,20,2,0,1,1,2,0,0
546,2DL-2PM,2024-06-28,14:00,27-22,49,24.5,22,27,5,1,1,0,2,2,0,0
547,2DL-5PM,2024-06-28,17:00,23-04,27,13.5,4,23,19,1,1,1,1,2,0,0
548,2DL-9PM,2024-06-28,21:00,12-07,19,9.5,7,12,5,1,1,2,0,2,0,0
549,2DL-2PM,2024-06-29,14:00,23-19,42,21,19,23,4,0,2,0,2,2,0,0
550,2DL-5PM,2024-06-29,17:00,21-03,24,12,3,21,18,0,2,1,1,2,0,0
551,2DL-9PM,2024-06-29,21:00,21-25,46,23,21,25,4,0,2,0,2,2,0,1
552,2DL-2PM,2024-06-30,14:00,21-13,34,17,13,21,8,0,2,1,1,2,0,1
553,2DL-5PM,2024-06-30,17:00,02-10,12,6,2,10,8,2,0,2,0,2,0,0
554,2DL-9PM,2024-06-30,21:00,18-15,33,16.5,15,18,3,1,1,1,1,2,0,0
555,2DL-2PM,2024-07-01,14:00,04-09,13,6.5,4,9,5,1,1,2,0,2,0,0
556,2DL-5PM,2024-07-01,17:00,05-11,16,8,5,11,6,0,2,2,0,2,0,0
557,2DL-9PM,2024-07-01,21:00,17-12,29,14.5,12,17,5,1,1,1,1,2,0,0
558,2DL-2PM,2024-07-02,14:00,06-11,17,8.5,6,11,5,1,1,2,0,2,0,0
559,2DL-5PM,2024-07-02,17:00,19-22,41,20.5,19,22,3,1,1,0,2,2,0,0
560,2DL-9PM,2024-07-02,21:00,04-17,21,10.5,4,17,13,1,1,1,1,2,0,0
561,2DL-2PM,2024-07-03,14:00,29-05,34,17,5,29,24,0,2,1,1,2,0,0
562,2DL-5PM,2024-07-03,17:00,19-01,20,10,1,19,18,0,2,1,1,2,0,0
563,2DL-9PM,2024-07-03,21:00,09-30,39,19.5,9,30,21,1,1,1,1,2,0,0
564,2DL-2PM,2024-07-04,14:00,03-21,24,12,3,21,18,0,2,1,1,2,0,0
565,2DL-5PM,2024-07-04,17:00,08-20,28,14,8,20,12,2,0,1,1,2,0,0
566,2DL-9PM,2024-07-04,21:00,01-07,8,4,1,7,6,0,2,2,0,2,0,0
567,2DL-2PM,2024-07-05,14:00,06-04,10,5,4,6,2,2,0,2,0,2,0,0
568,2DL-5PM,2024-07-05,17:00,27-29,56,28,27,29,2,0,2,0,2,2,0,0
569,2DL-9PM,2024-07-05,21:00,11-09,20,10,9,11,2,0,2,2,0,2,0,0
570,2DL-2PM,2024-07-06,14:00,30-07,37,18.5,7,30,23,1,1,1,1,2,0,0
571,2DL-5PM,2024-07-06,17:00,08-22,30,15,8,22,14,2,0,1,1,2,0,0
572,2DL-9PM,2024-07-06,21:00,04-28,32,16,4,28,24,2,0,1,1,2,0,0
573,2DL-2PM,2024-07-07,14:00,29-09,38,19,9,29,20,0,2,1,1,2,0,0
574,2DL-5PM,2024-07-07,17:00,26-24,50,25,24,26,2,2,0,0,2,2,0,0
575,2DL-9PM,2024-07-07,21:00,22-20,42,21,20,22,2,2,0,0,2,2,0,0
576,2DL-2PM,2024-07-08,14:00,11-27,38,19,11,27,16,0,2,1,1,2,0,0
577,2DL-5PM,2024-07-08,17:00,16-29,45,22.5,16,29,13,1,1,1,1,2,0,0
578,2DL-9PM,2024-07-08,21:00,31-25,56,28,25,31,6,0,2,0,2,2,0,0
579,2DL-2PM,2024-07-09,14:00,05-04,9,4.5,4,5,1,1,1,2,0,2,1,0
580,2DL-5PM,2024-07-09,17:00,28-07,35,17.5,7,28,21,1,1,1,1,2,0,0
581,2DL-9PM,2024-07-09,21:00,11-19,30,15,11,19,8,0,2,1,1,2,0,0
582,2DL-2PM,2024-07-10,14:00,27-23,50,25,23,27,4,0,2,0,2,2,0,0
583,2DL-5PM,2024-07-10,17:00,14-11,25,12.5,11,14,3,1,1,2,0,2,0,0
584,2DL-9PM,2024-07-10,21:00,13-11,24,12,11,13,2,0,2,2,0,2,0,1
585,2DL-2PM,2024-07-11,14:00,14-31,45,22.5,14,31,17,1,1,1,1,2,0,0
586,2DL-5PM,2024-07-11,17:00,07-28,35,17.5,7,28,21,1,1,1,1,2,0,0
587,2DL-9PM,2024-07-11,21:00,02-28,30,15,2,28,26,2,0,1,1,2,0,1
588,2DL-2PM,2024-07-12,14:00,07-30,37,18.5,7,30,23,1,1,1,1,2,0,0
589,2DL-5PM,2024-07-12,17:00,08-19,27,13.5,8,19,11,1,1,1,1,2,0,0
590,2DL-9PM,2024-07-12,21:00,16-10,26,13,10,16,6,2,0,2,0,2,0,0
591,2DL-2PM,2024-07-13,14:00,26-25,51,25.5,25,26,1,1,1,0,2,2,1,0
592,2DL-5PM,2024-07-13,17:00,12-03,15,7.5,3,12,9,1,1,2,0,2,0,0
593,2DL-9PM,2024-07-13,21:00,16-07,23,11.5,7,16,9,1,1,2,0,2,0,0
594,2DL-2PM,2024-07-14,14:00,30-04,34,17,4,30,26,2,0,1,1,2,0,0
595,2DL-5PM,2024-07-14,17:00,10-18,28,14,10,18,8,2,0,1,1,2,0,0
596,2DL-9PM,2024-07-14,21:00,03-27,30,15,3,27,24,0,2,1,1,2,0,0
597,2DL-2PM,2024-07-15,14:00,16-13,29,14.5,13,16,3,1,1,2,0,2,0,0
598,2DL-5PM,2024-07-15,17:00,04-28,32,16,4,28,24,2,0,1,1,2,0,0
599,2DL-9PM,2024-07-15,21:00,10-19,29,14.5,10,19,9,1,1,1,1,2,0,0
600,2DL-2PM,2024-07-16,14:00,21-10,31,15.5,10,21,11,1,1,1,1,2,0,1
601,2DL-5PM,2024-07-16,17:00,01-20,21,10.5,1,20,19,1,1,1,1,2,0,0
602,2DL-9PM,2024-07-16,21:00,26-03,29,14.5,3,26,23,1,1,1,1,2,0,0
603,2DL-2PM,2024-07-17,14:00,07-20,27,13.5,7,20,13,1,1,1,1,2,0,0
604,2DL-5PM,2024-07-17,17:00,01-25,26,13,1,25,24,0,2,1,1,2,0,0
605,2DL-9PM,2024-07-17,21:00,27-13,40,20,13,27,14,0,2,1,1,2,0,0
606,2DL-2PM,2024-07-18,14:00,12-25,37,18.5,12,25,13,1,1,1,1,2,0,0
607,2DL-5PM,2024-07-18,17:00,21-10,31,15.5,10,21,11,1,1,1,1,2,0,0
608,2DL-9PM,2024-07-18,21:00,20-07,27,13.5,7,20,13,1,1,1,1,2,0,0
609,2DL-2PM,2024-07-19,14:00,23-26,49,24.5,23,26,3,1,1,0,2,2,0,0
610,2DL-5PM,2024-07-19,17:00,26-15,41,20.5,15,26,11,1,1,1,1,2,0,1
611,2DL-9PM,2024-07-19,21:00,22-31,53,26.5,22,31,9,1,1,0,2,2,0,0
612,2DL-2PM,2024-07-20,14:00,09-18,27,13.5,9,18,9,1,1,1,1,2,0,0
613,2DL-5PM,2024-07-20,17:00,05-03,8,4,3,5,2,0,2,2,0,2,0,0
614,2DL-9PM,2024-07-20,21:00,23-13,36,18,13,23,10,0,2,1,1,2,0,0
615,2DL-2PM,2024-07-21,14:00,14-31,45,22.5,14,31,17,1,1,1,1,2,0,0
616,2DL-5PM,2024-07-21,17:00,25-12,37,18.5,12,25,13,1,1,1,1,2,0,0
617,2DL-9PM,2024-07-21,21:00,27-25,52,26,25,27,2,0,2,0,2,2,0,1
618,2DL-2PM,2024-07-22,14:00,01-17,18,9,1,17,16,0,2,1,1,2,0,0
619,2DL-5PM,2024-07-22,17:00,31-25,56,28,25,31,6,0,2,0,2,2,0,0
620,2DL-9PM,2024-07-22,21:00,30-08,38,19,8,30,22,2,0,1,1,2,0,0
621,2DL-2PM,2024-07-23,14:00,09-09,18,9,9,9,0,0,2,2,0,1,0,0
622,2DL-5PM,2024-07-23,17:00,12-18,30,15,12,18,6,2,0,1,1,2,0,0
623,2DL-9PM,2024-07-23,21:00,12-13,25,12.5,12,13,1,1,1,2,0,2,1,1
624,2DL-2PM,2024-07-24,14:00,31-06,37,18.5,6,31,25,1,1,1,1,2,0,0
625,2DL-5PM,2024-07-24,17:00,16-15,31,15.5,15,16,1,1,1,2,0,2,1,0
626,2DL-9PM,2024-07-24,21:00,01-07,8,4,1,7,6,0,2,2,0,2,0,0
627,2DL-2PM,2024-07-25,14:00,15-05,20,10,5,15,10,0,2,2,0,2,0,0
628,2DL-5PM,2024-07-25,17:00,01-07,8,4,1,7,6,0,2,2,0,2,0,0
629,2DL-9PM,2024-07-25,21:00,12-29,41,20.5,12,29,17,1,1,1,1,2,0,0
630,2DL-2PM,2024-07-26,14:00,05-03,8,4,3,5,2,0,2,2,0,2,0,0
631,2DL-5PM,2024-07-26,17:00,19-19,38,19,19,19,0,0,2,0,2,1,0,0
632,2DL-9PM,2024-07-26,21:00,01-16,17,8.5,1,16,15,1,1,2,0,2,0,0
633,2DL-2PM,2024-07-27,14:00,04-23,27,13.5,4,23,19,1,1,1,1,2,0,0
634,2DL-5PM,2024-07-27,17:00,18-20,38,19,18,20,2,2,0,0,2,2,0,0
635,2DL-9PM,2024-07-27,21:00,20-16,36,18,16,20,4,2,0,1,1,2,0,1
636,2DL-2PM,2024-07-28,14:00,30-31,61,30.5,30,31,1,1,1,0,2,2,1,0
637,2DL-5PM,2024-07-28,17:00,09-16,25,12.5,9,16,7,1,1,2,0,2,0,0
638,2DL-9PM,2024-07-28,21:00,30-30,60,30,30,30,0,2,0,0,2,1,0,0
639,2DL-2PM,2024-07-29,14:00,22-07,29,14.5,7,22,15,1,1,1,1,2,0,0
640,2DL-5PM,2024-07-29,17:00,15-13,28,14,13,15,2,0,2,2,0,2,0,0
641,2DL-9PM,2024-07-29,21:00,03-04,7,3.5,3,4,1,1,1,2,0,2,1,0
642,2DL-2PM,2024-07-30,14:00,27-23,50,25,23,27,4,0,2,0,2,2,0,0
643,2DL-5PM,2024-07-30,17:00,19-06,25,12.5,6,19,13,1,1,1,1,2,0,0
644,2DL-9PM,2024-07-30,21:00,17-28,45,22.5,17,28,11,1,1,0,2,2,0,0
645,2DL-2PM,2024-07-31,14:00,27-12,39,19.5,12,27,15,1,1,1,1,2,0,0
646,2DL-5PM,2024-07-31,17:00,28-29,57,28.5,28,29,1,1,1,0,2,2,1,0
647,2DL-9PM,2024-07-31,21:00,16-06,22,11,6,16,10,2,0,2,0,2,0,0
648,2DL-2PM,2024-08-01,14:00,20-21,41,20.5,20,21,1,1,1,0,2,2,1,0
649,2DL-5PM,2024-08-01,17:00,05-22,27,13.5,5,22,17,1,1,1,1,2,0,0
650,2DL-9PM,2024-08-01,21:00,19-02,21,10.5,2,19,17,1,1,1,1,2,0,0
651,2DL-2PM,2024-08-02,14:00,02-25,27,13.5,2,25,23,1,1,1,1,2,0,1
652,2DL-5PM,2024-08-02,17:00,25-27,52,26,25,27,2,0,2,0,2,2,0,1
653,2DL-9PM,2024-08-02,21:00,08-09,17,8.5,8,9,1,1,1,2,0,2,1,0
654,2DL-2PM,2024-08-03,14:00,12-29,41,20.5,12,29,17,1,1,1,1,2,0,0
655,2DL-5PM,2024-08-03,17:00,26-14,40,20,14,26,12,2,0,1,1,2,0,0
656,2DL-9PM,2024-08-03,21:00,23-23,46,23,23,23,0,0,2,0,2,1,0,0
657,2DL-2PM,2024-08-04,14:00,21-14,35,17.5,14,21,7,1,1,1,1,2,0,0
658,2DL-5PM,2024-08-04,17:00,26-15,41,20.5,15,26,11,1,1,1,1,2,0,0
659,2DL-9PM,2024-08-04,21:00,18-20,38,19,18,20,2,2,0,0,2,2,0,0
660,2DL-2PM,2024-08-05,14:00,05-25,30,15,5,25,20,0,2,1,1,2,0,0
661,2DL-5PM,2024-08-05,17:00,19-09,28,14,9,19,10,0,2,1,1,2,0,0
662,2DL-9PM,2024-08-05,21:00,25-28,53,26.5,25,28,3,1,1,0,2,2,0,0
663,2DL-2PM,2024-08-06,14:00,01-11,12,6,1,11,10,0,2,2,0,2,0,0
664,2DL-5PM,2024-08-06,17:00,20-01,21,10.5,1,20,19,1,1,1,1,2,0,1
665,2DL-9PM,2024-08-06,21:00,15-04,19,9.5,4,15,11,1,1,2,0,2,0,0
666,2DL-2PM,2024-08-07,14:00,13-28,41,20.5,13,28,15,1,1,1,1,2,0,0
667,2DL-5PM,2024-08-07,17:00,01-30,31,15.5,1,30,29,1,1,1,1,2,0,0
668,2DL-9PM,2024-08-07,21:00,30-20,50,25,20,30,10,2,0,0,2,2,0,1
669,2DL-2PM,2024-08-08,14:00,13-02,15,7.5,2,13,11,1,1,2,0,2,0,0
670,2DL-5PM,2024-08-08,17:00,16-05,21,10.5,5,16,11,1,1,2,0,2,0,0
671,2DL-9PM,2024-08-08,21:00,29-18,47,23.5,18,29,11,1,1,0,2,2,0,0
672,2DL-2PM,2024-08-09,14:00,01-09,10,5,1,9,8,0,2,2,0,2,0,0
673,2DL-5PM,2024-08-09,17:00,26-08,34,17,8,26,18,2,0,1,1,2,0,0
674,2DL-9PM,2024-08-09,21:00,27-03,30,15,3,27,24,0,2,1,1,2,0,0
675,2DL-2PM,2024-08-10,14:00,10-13,23,11.5,10,13,3,1,1,2,0,2,0,0
676,2DL-5PM,2024-08-10,17:00,15-11,26,13,11,15,4,0,2,2,0,2,0,0
677,2DL-9PM,2024-08-10,21:00,12-17,29,14.5,12,17,5,1,1,1,1,2,0,0
678,2DL-2PM,2024-08-11,14:00,21-13,34,17,13,21,8,0,2,1,1,2,0,0
679,2DL-5PM,2024-08-11,17:00,22-09,31,15.5,9,22,13,1,1,1,1,2,0,0
680,2DL-9PM,2024-08-11,21:00,28-28,56,28,28,28,0,2,0,0,2,1,0,0
681,2DL-2PM,2024-08-12,14:00,07-20,27,13.5,7,20,13,1,1,1,1,2,0,0
682,2DL-5PM,2024-08-12,17:00,16-17,33,16.5,16,17,1,1,1,1,1,2,1,0
683,2DL-9PM,2024-08-12,21:00,27-22,49,24.5,22,27,5,1,1,0,2,2,0,0
684,2DL-2PM,2024-08-13,14:00,24-30,54,27,24,30,6,2,0,0,2,2,0,0
685,2DL-5PM,2024-08-13,17:00,25-15,40,20,15,25,10,0,2,1,1,2,0,0
686,2DL-9PM,2024-08-13,21:00,24-15,39,19.5,15,24,9,1,1,1,1,2,0,1
687,2DL-2PM,2024-08-14,14:00,24-12,36,18,12,24,12,2,0,1,1,2,0,1
688,2DL-5PM,2024-08-14,17:00,11-22,33,16.5,11,22,11,1,1,1,1,2,0,0
689,2DL-9PM,2024-08-14,21:00,01-25,26,13,1,25,24,0,2,1,1,2,0,0
690,2DL-2PM,2024-08-15,14:00,10-29,39,19.5,10,29,19,1,1,1,1,2,0,0
691,2DL-5PM,2024-08-15,17:00,28-20,48,24,20,28,8,2,0,0,2,2,0,0
692,2DL-9PM,2024-08-15,21:00,04-22,26,13,4,22,18,2,0,1,1,2,0,0
693,2DL-2PM,2024-08-16,14:00,04-27,31,15.5,4,27,23,1,1,1,1,2,0,1
694,2DL-5PM,2024-08-16,17:00,15-11,26,13,11,15,4,0,2,2,0,2,0,0
695,2DL-9PM,2024-08-16,21:00,22-15,37,18.5,15,22,7,1,1,1,1,2,0,1
696,2DL-2PM,2024-08-17,14:00,15-27,42,21,15,27,12,0,2,1,1,2,0,1
697,2DL-5PM,2024-08-17,17:00,19-27,46,23,19,27,8,0,2,0,2,2,0,1
698,2DL-9PM,2024-08-17,21:00,29-31,60,30,29,31,2,0,2,0,2,2,0,0
699,2DL-2PM,2024-08-18,14:00,26-24,50,25,24,26,2,2,0,0,2,2,0,0
700,2DL-5PM,2024-08-18,17:00,06-03,9,4.5,3,6,3,1,1,2,0,2,0,0
701,2DL-9PM,2024-08-18,21:00,25-18,43,21.5,18,25,7,1,1,0,2,2,0,0
702,2DL-2PM,2024-08-19,14:00,05-07,12,6,5,7,2,0,2,2,0,2,0,0
703,2DL-5PM,2024-08-19,17:00,07-25,32,16,7,25,18,0,2,1,1,2,0,1
704,2DL-9PM,2024-08-19,21:00,03-17,20,10,3,17,14,0,2,1,1,2,0,0
705,2DL-2PM,2024-08-20,14:00,01-24,25,12.5,1,24,23,1,1,1,1,2,0,0
706,2DL-5PM,2024-08-20,17:00,30-26,56,28,26,30,4,2,0,0,2,2,0,0
707,2DL-9PM,2024-08-20,21:00,06-23,29,14.5,6,23,17,1,1,1,1,2,0,0
708,2DL-2PM,2024-08-21,14:00,06-02,8,4,2,6,4,2,0,2,0,2,0,1
709,2DL-5PM,2024-08-21,17:00,13-31,44,22,13,31,18,0,2,1,1,2,0,0
710,2DL-9PM,2024-08-21,21:00,03-04,7,3.5,3,4,1,1,1,2,0,2,1,0
711,2DL-2PM,2024-08-22,14:00,09-22,31,15.5,9,22,13,1,1,1,1,2,0,0
712,2DL-5PM,2024-08-22,17:00,08-16,24,12,8,16,8,2,0,2,0,2,0,0
713,2DL-9PM,2024-08-22,21:00,21-31,52,26,21,31,10,0,2,0,2,2,0,0
714,2DL-2PM,2024-08-23,14:00,19-03,22,11,3,19,16,0,2,1,1,2,0,0
715,2DL-5PM,2024-08-23,17:00,30-06,36,18,6,30,24,2,0,1,1,2,0,0
716,2DL-9PM,2024-08-23,21:00,28-10,38,19,10,28,18,2,0,1,1,2,0,0
717,2DL-2PM,2024-08-24,14:00,12-28,40,20,12,28,16,2,0,1,1,2,0,1
718,2DL-5PM,2024-08-24,17:00,16-31,47,23.5,16,31,15,1,1,1,1,2,0,0
719,2DL-9PM,2024-08-24,21:00,19-12,31,15.5,12,19,7,1,1,1,1,2,0,0
720,2DL-2PM,2024-08-25,14:00,25-16,41,20.5,16,25,9,1,1,1,1,2,0,0
721,2DL-5PM,2024-08-25,17:00,08-01,9,4.5,1,8,7,1,1,2,0,2,0,0
722,2DL-9PM,2024-08-25,21:00,09-09,18,9,9,9,0,0,2,2,0,1,0,0
723,2DL-2PM,2024-08-26,14:00,26-06,32,16,6,26,20,2,0,1,1,2,0,0
724,2DL-5PM,2024-08-26,17:00,29-26,55,27.5,26,29,3,1,1,0,2,2,0,1
725,2DL-9PM,2024-08-26,21:00,08-31,39,19.5,8,31,23,1,1,1,1,2,0,0
726,2DL-2PM,2024-08-27,14:00,11-02,13,6.5,2,11,9,1,1,2,0,2,0,0
727,2DL-5PM,2024-08-27,17:00,01-12,13,6.5,1,12,11,1,1,2,0,2,0,0
728,2DL-9PM,2024-08-27,21:00,01-18,19,9.5,1,18,17,1,1,1,1,2,0,1
729,2DL-2PM,2024-08-28,14:00,28-10,38,19,10,28,18,2,0,1,1,2,0,0
730,2DL-5PM,2024-08-28,17:00,11-16,27,13.5,11,16,5,1,1,2,0,2,0,0
731,2DL-9PM,2024-08-28,21:00,02-16,18,9,2,16,14,2,0,2,0,2,0,1
732,2DL-2PM,2024-08-29,14:00,03-18,21,10.5,3,18,15,1,1,1,1,2,0,0
733,2DL-5PM,2024-08-29,17:00,05-15,20,10,5,15,10,0,2,2,0,2,0,0
734,2DL-9PM,2024-08-29,21:00,10-25,35,17.5,10,25,15,1,1,1,1,2,0,0
735,2DL-2PM,2024-08-30,14:00,14-01,15,7.5,1,14,13,1,1,2,0,2,0,0
736,2DL-5PM,2024-08-30,17:00,28-09,37,18.5,9,28,19,1,1,1,1,2,0,0
737,2DL-9PM,2024-08-30,21:00,04-16,20,10,4,16,12,2,0,2,0,2,0,0
738,2DL-2PM,2024-08-31,14:00,15-29,44,22,15,29,14,0,2,1,1,2,0,0
739,2DL-5PM,2024-08-31,17:00,25-29,54,27,25,29,4,0,2,0,2,2,0,1
740,2DL-9PM,2024-08-31,21:00,15-29,44,22,15,29,14,0,2,1,1,2,0,1
741,2DL-2PM,2024-09-01,14:00,02-08,10,5,2,8,6,2,0,2,0,2,0,0
742,2DL-5PM,2024-09-01,17:00,04-11,15,7.5,4,11,7,1,1,2,0,2,0,0
743,2DL-9PM,2024-09-01,21:00,28-20,48,24,20,28,8,2,0,0,2,2,0,0
744,2DL-2PM,2024-09-02,14:00,17-15,32,16,15,17,2,0,2,1,1,2,0,0
745,2DL-5PM,2024-09-02,17:00,27-02,29,14.5,2,27,25,1,1,1,1,2,0,0
746,2DL-9PM,2024-09-02,21:00,21-16,37,18.5,16,21,5,1,1,1,1,2,0,0
747,2DL-2PM,2024-09-03,14:00,26-04,30,15,4,26,22,2,0,1,1,2,0,0
748,2DL-5PM,2024-09-03,17:00,28-14,42,21,14,28,14,2,0,1,1,2,0,0
749,2DL-9PM,2024-09-03,21:00,22-23,45,22.5,22,23,1,1,1,0,2,2,1,0
750,2DL-2PM,2024-09-04,14:00,18-04,22,11,4,18,14,2,0,1,1,2,0,0
751,2DL-5PM,2024-09-04,17:00,21-13,34,17,13,21,8,0,2,1,1,2,0,0
752,2DL-9PM,2024-09-04,21:00,02-22,24,12,2,22,20,2,0,1,1,2,0,0
753,2DL-2PM,2024-09-05,14:00,28-18,46,23,18,28,10,2,0,0,2,2,0,0
754,2DL-5PM,2024-09-05,17:00,19-07,26,13,7,19,12,0,2,1,1,2,0,0
755,2DL-9PM,2024-09-05,21:00,22-29,51,25.5,22,29,7,1,1,0,2,2,0,0
756,2DL-2PM,2024-09-06,14:00,22-26,48,24,22,26,4,2,0,0,2,2,0,1
757,2DL-5PM,2024-09-06,17:00,08-03,11,5.5,3,8,5,1,1,2,0,2,0,0
758,2DL-9PM,2024-09-06,21:00,12-31,43,21.5,12,31,19,1,1,1,1,2,0,0
759,2DL-2PM,2024-09-07,14:00,20-03,23,11.5,3,20,17,1,1,1,1,2,0,0
760,2DL-5PM,2024-09-07,17:00,29-01,30,15,1,29,28,0,2,1,1,2,0,0
761,2DL-9PM,2024-09-07,21:00,01-19,20,10,1,19,18,0,2,1,1,2,0,1
762,2DL-2PM,2024-09-08,14:00,18-25,43,21.5,18,25,7,1,1,0,2,2,0,0
763,2DL-5PM,2024-09-08,17:00,05-01,6,3,1,5,4,0,2,2,0,2,0,0
764,2DL-9PM,2024-09-08,21:00,03-24,27,13.5,3,24,21,1,1,1,1,2,0,0
765,2DL-2PM,2024-09-09,14:00,03-30,33,16.5,3,30,27,1,1,1,1,2,0,1
766,2DL-5PM,2024-09-09,17:00,29-24,53,26.5,24,29,5,1,1,0,2,2,0,0
767,2DL-9PM,2024-09-09,21:00,01-19,20,10,1,19,18,0,2,1,1,2,0,0
768,2DL-2PM,2024-09-10,14:00,18-24,42,21,18,24,6,2,0,0,2,2,0,0
769,2DL-5PM,2024-09-10,17:00,20-11,31,15.5,11,20,9,1,1,1,1,2,0,0
770,2DL-9PM,2024-09-10,21:00,15-08,23,11.5,8,15,7,1,1,2,0,2,0,0
771,2DL-2PM,2024-09-11,14:00,15-29,44,22,15,29,14,0,2,1,1,2,0,1
772,2DL-5PM,2024-09-11,17:00,19-19,38,19,19,19,0,0,2,0,2,1,0,0
773,2DL-9PM,2024-09-11,21:00,14-16,30,15,14,16,2,2,0,2,0,2,0,0
774,2DL-2PM,2024-09-12,14:00,31-28,59,29.5,28,31,3,1,1,0,2,2,0,0
775,2DL-5PM,2024-09-12,17:00,30-07,37,18.5,7,30,23,1,1,1,1,2,0,0
776,2DL-9PM,2024-09-12,21:00,04-05,9,4.5,4,5,1,1,1,2,0,2,1,0
777,2DL-2PM,2024-09-13,14:00,16-29,45,22.5,16,29,13,1,1,1,1,2,0,0
778,2DL-5PM,2024-09-13,17:00,28-19,47,23.5,19,28,9,1,1,0,2,2,0,0
779,2DL-9PM,2024-09-13,21:00,21-10,31,15.5,10,21,11,1,1,1,1,2,0,0
780,2DL-2PM,2024-09-14,14:00,15-26,41,20.5,15,26,11,1,1,1,1,2,0,0
781,2DL-5PM,2024-09-14,17:00,26-07,33,16.5,7,26,19,1,1,1,1,2,0,1
782,2DL-9PM,2024-09-14,21:00,13-28,41,20.5,13,28,15,1,1,1,1,2,0,0
783,2DL-2PM,2024-09-15,14:00,20-12,32,16,12,20,8,2,0,1,1,2,0,0
784,2DL-5PM,2024-09-15,17:00,31-23,54,27,23,31,8,0,2,0,2,2,0,0
785,2DL-9PM,2024-09-15,21:00,19-29,48,24,19,29,10,0,2,0,2,2,0,0
786,2DL-2PM,2024-09-16,14:00,09-06,15,7.5,6,9,3,1,1,2,0,2,0,0
787,2DL-5PM,2024-09-16,17:00,28-27,55,27.5,27,28,1,1,1,0,2,2,1,0
788,2DL-9PM,2024-09-16,21:00,09-04,13,6.5,4,9,5,1,1,2,0,2,0,0
789,2DL-2PM,2024-09-17,14:00,07-15,22,11,7,15,8,0,2,2,0,2,0,0
790,2DL-5PM,2024-09-17,17:00,10-16,26,13,10,16,6,2,0,2,0,2,0,0
791,2DL-9PM,2024-09-17,21:00,22-08,30,15,8,22,14,2,0,1,1,2,0,0
792,2DL-2PM,2024-09-18,14:00,04-31,35,17.5,4,31,27,1,1,1,1,2,0,0
793,2DL-5PM,2024-09-18,17:00,14-07,21,10.5,7,14,7,1,1,2,0,2,0,0
794,2DL-9PM,2024-09-18,21:00,27-07,34,17,7,27,20,0,2,1,1,2,0,1
795,2DL-2PM,2024-09-19,14:00,04-09,13,6.5,4,9,5,1,1,2,0,2,0,0
796,2DL-5PM,2024-09-19,17:00,28-10,38,19,10,28,18,2,0,1,1,2,0,0
797,2DL-9PM,2024-09-19,21:00,12-21,33,16.5,12,21,9,1,1,1,1,2,0,0
798,2DL-2PM,2024-09-20,14:00,12-11,23,11.5,11,12,1,1,1,2,0,2,1,1
799,2DL-5PM,2024-09-20,17:00,16-01,17,8.5,1,16,15,1,1,2,0,2,0,0
800,2DL-9PM,2024-09-20,21:00,26-12,38,19,12,26,14,2,0,1,1,2,0,0
801,2DL-2PM,2024-09-21,14:00,19-18,37,18.5,18,19,1,1,1,0,2,2,1,0
802,2DL-5PM,2024-09-21,17:00,30-20,50,25,20,30,10,2,0,0,2,2,0,0
803,2DL-9PM,2024-09-21,21:00,20-17,37,18.5,17,20,3,1,1,0,2,2,0,1
804,2DL-2PM,2024-09-22,14:00,12-01,13,6.5,1,12,11,1,1,2,0,2,0,0
805,2DL-5PM,2024-09-22,17:00,21-09,30,15,9,21,12,0,2,1,1,2,0,0
806,2DL-9PM,2024-09-22,21:00,31-07,38,19,7,31,24,0,2,1,1,2,0,0
807,2DL-2PM,2024-09-23,14:00,01-21,22,11,1,21,20,0,2,1,1,2,0,0
808,2DL-5PM,2024-09-23,17:00,13-26,39,19.5,13,26,13,1,1,1,1,2,0,0
809,2DL-9PM,2024-09-23,21:00,04-29,33,16.5,4,29,25,1,1,1,1,2,0,0
810,2DL-2PM,2024-09-24,14:00,26-31,57,28.5,26,31,5,1,1,0,2,2,0,0
811,2DL-5PM,2024-09-24,17:00,05-03,8,4,3,5,2,0,2,2,0,2,0,0
812,2DL-9PM,2024-09-24,21:00,24-21,45,22.5,21,24,3,1,1,0,2,2,0,0
813,2DL-2PM,2024-09-25,14:00,15-04,19,9.5,4,15,11,1,1,2,0,2,0,0
814,2DL-5PM,2024-09-25,17:00,24-11,35,17.5,11,24,13,1,1,1,1,2,0,0
815,2DL-9PM,2024-09-25,21:00,05-02,7,3.5,2,5,3,1,1,2,0,2,0,0
816,2DL-2PM,2024-09-26,14:00,01-18,19,9.5,1,18,17,1,1,1,1,2,0,0
817,2DL-5PM,2024-09-26,17:00,09-25,34,17,9,25,16,0,2,1,1,2,0,0
818,2DL-9PM,2024-09-26,21:00,30-03,33,16.5,3,30,27,1,1,1,1,2,0,0
819,2DL-2PM,2024-09-27,14:00,17-20,37,18.5,17,20,3,1,1,0,2,2,0,0
820,2DL-5PM,2024-09-27,17:00,15-19,34,17,15,19,4,0,2,1,1,2,0,0
821,2DL-9PM,2024-09-27,21:00,09-17,26,13,9,17,8,0,2,1,1,2,0,0
822,2DL-2PM,2024-09-28,14:00,02-08,10,5,2,8,6,2,0,2,0,2,0,0
823,2DL-5PM,2024-09-28,17:00,29-29,58,29,29,29,0,0,2,0,2,1,0,0
824,2DL-9PM,2024-09-28,21:00,07-12,19,9.5,7,12,5,1,1,2,0,2,0,0
825,2DL-2PM,2024-09-29,14:00,05-26,31,15.5,5,26,21,1,1,1,1,2,0,0
826,2DL-5PM,2024-09-29,17:00,11-30,41,20.5,11,30,19,1,1,1,1,2,0,0
827,2DL-9PM,2024-09-29,21:00,14-20,34,17,14,20,6,2,0,1,1,2,0,0
828,2DL-2PM,2024-09-30,14:00,05-15,20,10,5,15,10,0,2,2,0,2,0,0
829,2DL-5PM,2024-09-30,17:00,09-25,34,17,9,25,16,0,2,1,1,2,0,0
830,2DL-9PM,2024-09-30,21:00,10-10,20,10,10,10,0,2,0,2,0,1,0,0
831,2DL-2PM,2024-10-01,14:00,14-06,20,10,6,14,8,2,0,2,0,2,0,0
832,2DL-5PM,2024-10-01,17:00,18-12,30,15,12,18,6,2,0,1,1,2,0,0
833,2DL-9PM,2024-10-01,21:00,05-26,31,15.5,5,26,21,1,1,1,1,2,0,0
834,2DL-2PM,2024-10-02,14:00,28-12,40,20,12,28,16,2,0,1,1,2,0,0
835,2DL-5PM,2024-10-02,17:00,17-24,41,20.5,17,24,7,1,1,0,2,2,0,0
836,2DL-9PM,2024-10-02,21:00,06-09,15,7.5,6,9,3,1,1,2,0,2,0,0
837,2DL-2PM,2024-10-03,14:00,11-26,37,18.5,11,26,15,1,1,1,1,2,0,0
838,2DL-5PM,2024-10-03,17:00,13-27,40,20,13,27,14,0,2,1,1,2,0,0
839,2DL-9PM,2024-10-03,21:00,11-28,39,19.5,11,28,17,1,1,1,1,2,0,0
840,2DL-2PM,2024-10-04,14:00,11-18,29,14.5,11,18,7,1,1,1,1,2,0,1
841,2DL-5PM,2024-10-04,17:00,14-05,19,9.5,5,14,9,1,1,2,0,2,0,0
842,2DL-9PM,2024-10-04,21:00,14-16,30,15,14,16,2,2,0,2,0,2,0,1
843,2DL-2PM,2024-10-05,14:00,19-02,21,10.5,2,19,17,1,1,1,1,2,0,0
844,2DL-5PM,2024-10-05,17:00,26-19,45,22.5,19,26,7,1,1,0,2,2,0,1
845,2DL-9PM,2024-10-05,21:00,10-10,20,10,10,10,0,2,0,2,0,1,0,0
846,2DL-2PM,2024-10-06,14:00,27-28,55,27.5,27,28,1,1,1,0,2,2,1,0
847,2DL-5PM,2024-10-06,17:00,25-25,50,25,25,25,0,0,2,0,2,1,0,0
848,2DL-9PM,2024-10-06,21:00,12-01,13,6.5,1,12,11,1,1,2,0,2,0,0
849,2DL-2PM,2024-10-07,14:00,02-04,6,3,2,4,2,2,0,2,0,2,0,0
850,2DL-5PM,2024-10-07,17:00,07-25,32,16,7,25,18,0,2,1,1,2,0,0
851,2DL-9PM,2024-10-07,21:00,17-08,25,12.5,8,17,9,1,1,1,1,2,0,0
852,2DL-2PM,2024-10-08,14:00,17-20,37,18.5,17,20,3,1,1,0,2,2,0,1
853,2DL-5PM,2024-10-08,17:00,22-18,40,20,18,22,4,2,0,0,2,2,0,0
854,2DL-9PM,2024-10-08,21:00,04-13,17,8.5,4,13,9,1,1,2,0,2,0,0
855,2DL-2PM,2024-10-09,14:00,14-17,31,15.5,14,17,3,1,1,1,1,2,0,0
856,2DL-5PM,2024-10-09,17:00,19-24,43,21.5,19,24,5,1,1,0,2,2,0,0
857,2DL-9PM,2024-10-09,21:00,05-09,14,7,5,9,4,0,2,2,0,2,0,0
858,2DL-2PM,2024-10-10,14:00,23-25,48,24,23,25,2,0,2,0,2,2,0,0
859,2DL-5PM,2024-10-10,17:00,19-14,33,16.5,14,19,5,1,1,1,1,2,0,0
860,2DL-9PM,2024-10-10,21:00,19-18,37,18.5,18,19,1,1,1,0,2,2,1,1
861,2DL-2PM,2024-10-11,14:00,08-26,34,17,8,26,18,2,0,1,1,2,0,0
862,2DL-5PM,2024-10-11,17:00,27-25,52,26,25,27,2,0,2,0,2,2,0,0
863,2DL-9PM,2024-10-11,21:00,05-11,16,8,5,11,6,0,2,2,0,2,0,0
864,2DL-2PM,2024-10-12,14:00,08-01,9,4.5,1,8,7,1,1,2,0,2,0,0
865,2DL-5PM,2024-10-12,17:00,19-03,22,11,3,19,16,0,2,1,1,2,0,0
866,2DL-9PM,2024-10-12,21:00,24-13,37,18.5,13,24,11,1,1,1,1,2,0,0
867,2DL-2PM,2024-10-13,14:00,09-02,11,5.5,2,9,7,1,1,2,0,2,0,0
868,2DL-5PM,2024-10-13,17:00,27-28,55,27.5,27,28,1,1,1,0,2,2,1,0
869,2DL-9PM,2024-10-13,21:00,05-24,29,14.5,5,24,19,1,1,1,1,2,0,0
870,2DL-2PM,2024-10-14,14:00,16-06,22,11,6,16,10,2,0,2,0,2,0,0
871,2DL-5PM,2024-10-14,17:00,19-24,43,21.5,19,24,5,1,1,0,2,2,0,0
872,2DL-9PM,2024-10-14,21:00,30-24,54,27,24,30,6,2,0,0,2,2,0,1
873,2DL-2PM,2024-10-15,14:00,09-14,23,11.5,9,14,5,1,1,2,0,2,0,0
874,2DL-5PM,2024-10-15,17:00,29-09,38,19,9,29,20,0,2,1,1,2,0,1
875,2DL-9PM,2024-10-15,21:00,23-09,32,16,9,23,14,0,2,1,1,2,0,1
876,2DL-2PM,2024-10-16,14:00,30-01,31,15.5,1,30,29,1,1,1,1,2,0,0
877,2DL-5PM,2024-10-16,17:00,10-11,21,10.5,10,11,1,1,1,2,0,2,1,0
878,2DL-9PM,2024-10-16,21:00,03-25,28,14,3,25,22,0,2,1,1,2,0,0
879,2DL-2PM,2024-10-17,14:00,17-23,40,20,17,23,6,0,2,0,2,2,0,0
880,2DL-5PM,2024-10-17,17:00,15-27,42,21,15,27,12,0,2,1,1,2,0,0
881,2DL-9PM,2024-10-17,21:00,31-30,61,30.5,30,31,1,1,1,0,2,2,1,0
882,2DL-2PM,2024-10-18,14:00,10-19,29,14.5,10,19,9,1,1,1,1,2,0,0
883,2DL-5PM,2024-10-18,17:00,05-22,27,13.5,5,22,17,1,1,1,1,2,0,0
884,2DL-9PM,2024-10-18,21:00,09-19,28,14,9,19,10,0,2,1,1,2,0,0
885,2DL-2PM,2024-10-19,14:00,22-20,42,21,20,22,2,2,0,0,2,2,0,0
886,2DL-5PM,2024-10-19,17:00,09-29,38,19,9,29,20,0,2,1,1,2,0,0
887,2DL-9PM,2024-10-19,21:00,15-22,37,18.5,15,22,7,1,1,1,1,2,0,0
888,2DL-2PM,2024-10-20,14:00,01-27,28,14,1,27,26,0,2,1,1,2,0,0
889,2DL-5PM,2024-10-20,17:00,07-05,12,6,5,7,2,0,2,2,0,2,0,0
890,2DL-9PM,2024-10-20,21:00,12-30,42,21,12,30,18,2,0,1,1,2,0,0
891,2DL-2PM,2024-10-21,14:00,03-01,4,2,1,3,2,0,2,2,0,2,0,0
892,2DL-5PM,2024-10-21,17:00,18-02,20,10,2,18,16,2,0,1,1,2,0,0
893,2DL-9PM,2024-10-21,21:00,22-26,48,24,22,26,4,2,0,0,2,2,0,0
894,2DL-2PM,2024-10-22,14:00,06-10,16,8,6,10,4,2,0,2,0,2,0,0
895,2DL-5PM,2024-10-22,17:00,14-20,34,17,14,20,6,2,0,1,1,2,0,0
896,2DL-9PM,2024-10-22,21:00,08-13,21,10.5,8,13,5,1,1,2,0,2,0,0
897,2DL-2PM,2024-10-23,14:00,06-13,19,9.5,6,13,7,1,1,2,0,2,0,1
898,2DL-5PM,2024-10-23,17:00,24-18,42,21,18,24,6,2,0,0,2,2,0,0
899,2DL-9PM,2024-10-23,21:00,21-01,22,11,1,21,20,0,2,1,1,2,0,0
900,2DL-2PM,2024-10-24,14:00,31-04,35,17.5,4,31,27,1,1,1,1,2,0,0
901,2DL-5PM,2024-10-24,17:00,02-14,16,8,2,14,12,2,0,2,0,2,0,0
902,2DL-9PM,2024-10-24,21:00,12-17,29,14.5,12,17,5,1,1,1,1,2,0,0
903,2DL-2PM,2024-10-25,14:00,26-03,29,14.5,3,26,23,1,1,1,1,2,0,0
904,2DL-5PM,2024-10-25,17:00,05-03,8,4,3,5,2,0,2,2,0,2,0,1
905,2DL-9PM,2024-10-25,21:00,21-09,30,15,9,21,12,0,2,1,1,2,0,0
906,2DL-2PM,2024-10-26,14:00,21-21,42,21,21,21,0,0,2,0,2,1,0,1
907,2DL-5PM,2024-10-26,17:00,11-24,35,17.5,11,24,13,1,1,1,1,2,0,0
908,2DL-9PM,2024-10-26,21:00,09-15,24,12,9,15,6,0,2,2,0,2,0,0
909,2DL-2PM,2024-10-27,14:00,28-19,47,23.5,19,28,9,1,1,0,2,2,0,0
910,2DL-5PM,2024-10-27,17:00,12-07,19,9.5,7,12,5,1,1,2,0,2,0,0
911,2DL-9PM,2024-10-27,21:00,27-15,42,21,15,27,12,0,2,1,1,2,0,0
912,2DL-2PM,2024-10-28,14:00,16-25,41,20.5,16,25,9,1,1,1,1,2,0,0
913,2DL-5PM,2024-10-28,17:00,18-10,28,14,10,18,8,2,0,1,1,2,0,0
914,2DL-9PM,2024-10-28,21:00,20-16,36,18,16,20,4,2,0,1,1,2,0,0
915,2DL-2PM,2024-10-29,14:00,04-16,20,10,4,16,12,2,0,2,0,2,0,1
916,2DL-5PM,2024-10-29,17:00,01-23,24,12,1,23,22,0,2,1,1,2,0,0
917,2DL-9PM,2024-10-29,21:00,24-21,45,22.5,21,24,3,1,1,0,2,2,0,0
918,2DL-2PM,2024-10-30,14:00,06-10,16,8,6,10,4,2,0,2,0,2,0,0
919,2DL-5PM,2024-10-30,17:00,13-11,24,12,11,13,2,0,2,2,0,2,0,0
920,2DL-9PM,2024-10-30,21:00,18-18,36,18,18,18,0,2,0,0,2,1,0,0
921,2DL-2PM,2024-10-31,14:00,20-13,33,16.5,13,20,7,1,1,1,1,2,0,0
922,2DL-5PM,2024-10-31,17:00,02-24,26,13,2,24,22,2,0,1,1,2,0,0
923,2DL-9PM,2024-10-31,21:00,16-17,33,16.5,16,17,1,1,1,1,1,2,1,0
924,2DL-2PM,2024-11-01,14:00,30-29,59,29.5,29,30,1,1,1,0,2,2,1,0
925,2DL-5PM,2024-11-01,17:00,11-24,35,17.5,11,24,13,1,1,1,1,2,0,0
926,2DL-9PM,2024-11-01,21:00,11-22,33,16.5,11,22,11,1,1,1,1,2,0,1
927,2DL-2PM,2024-11-02,14:00,07-16,23,11.5,7,16,9,1,1,2,0,2,0,0
928,2DL-5PM,2024-11-02,17:00,24-28,52,26,24,28,4,2,0,0,2,2,0,0
929,2DL-9PM,2024-11-02,21:00,28-06,34,17,6,28,22,2,0,1,1,2,0,1
930,2DL-2PM,2024-11-03,14:00,09-11,20,10,9,11,2,0,2,2,0,2,0,0
931,2DL-5PM,2024-11-03,17:00,13-05,18,9,5,13,8,0,2,2,0,2,0,0
932,2DL-9PM,2024-11-03,21:00,25-14,39,19.5,14,25,11,1,1,1,1,2,0,0
933,2DL-2PM,2024-11-04,14:00,10-20,30,15,10,20,10,2,0,1,1,2,0,0
934,2DL-5PM,2024-11-04,17:00,31-05,36,18,5,31,26,0,2,1,1,2,0,0
935,2DL-9PM,2024-11-04,21:00,28-30,58,29,28,30,2,2,0,0,2,2,0,0
936,2DL-2PM,2024-11-05,14:00,14-20,34,17,14,20,6,2,0,1,1,2,0,0
937,2DL-5PM,2024-11-05,17:00,24-02,26,13,2,24,22,2,0,1,1,2,0,0
938,2DL-9PM,2024-11-05,21:00,25-11,36,18,11,25,14,0,2,1,1,2,0,0
939,2DL-2PM,2024-11-06,14:00,15-16,31,15.5,15,16,1,1,1,2,0,2,1,0
940,2DL-5PM,2024-11-06,17:00,28-15,43,21.5,15,28,13,1,1,1,1,2,0,1
941,2DL-9PM,2024-11-06,21:00,23-15,38,19,15,23,8,0,2,1,1,2,0,1
942,2DL-2PM,2024-11-07,14:00,15-23,38,19,15,23,8,0,2,1,1,2,0,2
943,2DL-5PM,2024-11-07,17:00,11-29,40,20,11,29,18,0,2,1,1,2,0,0
944,2DL-9PM,2024-11-07,21:00,09-25,34,17,9,25,16,0,2,1,1,2,0,0
945,2DL-2PM,2024-11-08,14:00,06-31,37,18.5,6,31,25,1,1,1,1,2,0,0
946,2DL-5PM,2024-11-08,17:00,23-21,44,22,21,23,2,0,2,0,2,2,0,0
947,2DL-9PM,2024-11-08,21:00,24-22,46,23,22,24,2,2,0,0,2,2,0,0
948,2DL-2PM,2024-11-09,14:00,14-15,29,14.5,14,15,1,1,1,2,0,2,1,0
949,2DL-5PM,2024-11-09,17:00,25-05,30,15,5,25,20,0,2,1,1,2,0,0
950,2DL-9PM,2024-11-09,21:00,08-16,24,12,8,16,8,2,0,2,0,2,0,0
951,2DL-2PM,2024-11-10,14:00,01-22,23,11.5,1,22,21,1,1,1,1,2,0,0
952,2DL-5PM,2024-11-10,17:00,09-07,16,8,7,9,2,0,2,2,0,2,0,0
953,2DL-2PM,2024-11-11,14:00,09-16,25,12.5,9,16,7,1,1,2,0,2,0,1
954,2DL-5PM,2024-11-11,17:00,15-19,34,17,15,19,4,0,2,1,1,2,0,0
955,2DL-2PM,2024-11-12,14:00,26-29,55,27.5,26,29,3,1,1,0,2,2,0,0
956,2DL-5PM,2024-11-12,17:00,17-09,26,13,9,17,8,0,2,1,1,2,0,0
957,2DL-2PM,2024-11-13,14:00,09-06,15,7.5,6,9,3,1,1,2,0,2,0,1
958,2DL-5PM,2024-11-13,17:00,07-22,29,14.5,7,22,15,1,1,1,1,2,0,0
959,2DL-2PM,2024-11-14,14:00,06-15,21,10.5,6,15,9,1,1,2,0,2,0,0
960,2DL-5PM,2024-11-14,17:00,07-29,36,18,7,29,22,0,2,1,1,2,0,0
961,2DL-2PM,2024-11-15,14:00,21-20,41,20.5,20,21,1,1,1,0,2,2,1,0
962,2DL-5PM,2024-11-15,17:00,10-15,25,12.5,10,15,5,1,1,2,0,2,0,0
963,2DL-2PM,2024-11-16,14:00,27-30,57,28.5,27,30,3,1,1,0,2,2,0,0
964,2DL-5PM,2024-11-16,17:00,23-20,43,21.5,20,23,3,1,1,0,2,2,0,0
965,2DL-2PM,2024-11-17,14:00,18-31,49,24.5,18,31,13,1,1,0,2,2,0,0
966,2DL-5PM,2024-11-17,17:00,12-28,40,20,12,28,16,2,0,1,1,2,0,0
967,2DL-2PM,2024-11-18,14:00,11-20,31,15.5,11,20,9,1,1,1,1,2,0,0
968,2DL-5PM,2024-11-18,17:00,12-15,27,13.5,12,15,3,1,1,2,0,2,0,0
969,2DL-2PM,2024-11-19,14:00,06-31,37,18.5,6,31,25,1,1,1,1,2,0,0
970,2DL-5PM,2024-11-19,17:00,22-12,34,17,12,22,10,2,0,1,1,2,0,0
971,2DL-2PM,2024-11-20,14:00,30-08,38,19,8,30,22,2,0,1,1,2,0,0
972,2DL-5PM,2024-11-20,17:00,31-01,32,16,1,31,30,0,2,1,1,2,0,0
973,2DL-2PM,2024-11-21,14:00,31-24,55,27.5,24,31,7,1,1,0,2,2,0,1
974,2DL-5PM,2024-11-21,17:00,21-04,25,12.5,4,21,17,1,1,1,1,2,0,0
975,2DL-2PM,2024-11-22,14:00,21-15,36,18,15,21,6,0,2,1,1,2,0,1
976,2DL-5PM,2024-11-22,17:00,12-06,18,9,6,12,6,2,0,2,0,2,0,0
977,2DL-2PM,2024-11-23,14:00,03-30,33,16.5,3,30,27,1,1,1,1,2,0,0
978,2DL-5PM,2024-11-23,17:00,29-06,35,17.5,6,29,23,1,1,1,1,2,0,0
979,2DL-2PM,2024-11-24,14:00,08-25,33,16.5,8,25,17,1,1,1,1,2,0,0
980,2DL-5PM,2024-11-24,17:00,10-09,19,9.5,9,10,1,1,1,2,0,2,1,0
981,2DL-2PM,2024-11-25,14:00,02-07,9,4.5,2,7,5,1,1,2,0,2,0,0
982,2DL-5PM,2024-11-25,17:00,15-05,20,10,5,15,10,0,2,2,0,2,0,0
983,2DL-2PM,2024-11-26,14:00,06-28,34,17,6,28,22,2,0,1,1,2,0,0
984,2DL-5PM,2024-11-26,17:00,21-12,33,16.5,12,21,9,1,1,1,1,2,0,0
985,2DL-9PM,2024-11-26,21:00,16-07,23,11.5,7,16,9,1,1,2,0,2,0,0
986,2DL-2PM,2024-11-27,14:00,13-21,34,17,13,21,8,0,2,1,1,2,0,0
987,2DL-5PM,2024-11-27,17:00,21-16,37,18.5,16,21,5,1,1,1,1,2,0,1
988,2DL-9PM,2024-11-27,21:00,16-31,47,23.5,16,31,15,1,1,1,1,2,0,1
989,2DL-2PM,2024-11-28,14:00,02-07,9,4.5,2,7,5,1,1,2,0,2,0,0
990,2DL-5PM,2024-11-28,17:00,22-23,45,22.5,22,23,1,1,1,0,2,2,1,0
991,2DL-9PM,2024-11-28,21:00,28-08,36,18,8,28,20,2,0,1,1,2,0,0
992,2DL-2PM,2024-11-29,14:00,15-18,33,16.5,15,18,3,1,1,1,1,2,0,0
993,2DL-5PM,2024-11-29,17:00,30-01,31,15.5,1,30,29,1,1,1,1,2,0,0
994,2DL-9PM,2024-11-29,21:00,01-09,10,5,1,9,8,0,2,2,0,2,0,1
995,2DL-2PM,2024-11-30,14:00,12-25,37,18.5,12,25,13,1,1,1,1,2,0,0
996,2DL-5PM,2024-11-30,17:00,03-13,16,8,3,13,10,0,2,2,0,2,0,0
997,2DL-9PM,2024-11-30,21:00,06-16,22,11,6,16,10,2,0,2,0,2,0,0
998,2DL-2PM,2024-12-01,14:00,03-30,33,16.5,3,30,27,1,1,1,1,2,0,0
999,2DL-5PM,2024-12-01,17:00,23-05,28,14,5,23,18,0,2,1,1,2,0,0
1000,2DL-9PM,2024-12-01,21:00,19-16,35,17.5,16,19,3,1,1,1,1,2,0,0
1001,2DL-2PM,2024-12-02,14:00,10-05,15,7.5,5,10,5,1,1,2,0,2,0,0
1002,2DL-5PM,2024-12-02,17:00,30-31,61,30.5,30,31,1,1,1,0,2,2,1,0
1003,2DL-9PM,2024-12-02,21:00,29-11,40,20,11,29,18,0,2,1,1,2,0,0
1004,2DL-2PM,2024-12-03,14:00,28-02,30,15,2,28,26,2,0,1,1,2,0,0
1005,2DL-5PM,2024-12-03,17:00,15-02,17,8.5,2,15,13,1,1,2,0,2,0,1
1006,2DL-9PM,2024-12-03,21:00,09-27,36,18,9,27,18,0,2,1,1,2,0,0
1007,2DL-2PM,2024-12-04,14:00,11-01,12,6,1,11,10,0,2,2,0,2,0,0
1008,2DL-5PM,2024-12-04,17:00,28-07,35,17.5,7,28,21,1,1,1,1,2,0,0
1009,2DL-9PM,2024-12-04,21:00,12-09,21,10.5,9,12,3,1,1,2,0,2,0,0
1010,2DL-2PM,2024-12-05,14:00,19-25,44,22,19,25,6,0,2,0,2,2,0,0
1011,2DL-5PM,2024-12-05,17:00,27-24,51,25.5,24,27,3,1,1,0,2,2,0,0
1012,2DL-9PM,2024-12-05,21:00,21-26,47,23.5,21,26,5,1,1,0,2,2,0,0
1013,2DL-2PM,2024-12-06,14:00,09-20,29,14.5,9,20,11,1,1,1,1,2,0,0
1014,2DL-5PM,2024-12-06,17:00,08-24,32,16,8,24,16,2,0,1,1,2,0,0
1015,2DL-9PM,2024-12-06,21:00,26-24,50,25,24,26,2,2,0,0,2,2,0,1
1016,2DL-2PM,2024-12-07,14:00,25-24,49,24.5,24,25,1,1,1,0,2,2,1,1
1017,2DL-5PM,2024-12-07,17:00,22-08,30,15,8,22,14,2,0,1,1,2,0,0
1018,2DL-9PM,2024-12-07,21:00,07-17,24,12,7,17,10,0,2,1,1,2,0,0
1019,2DL-2PM,2024-12-08,14:00,20-16,36,18,16,20,4,2,0,1,1,2,0,0
1020,2DL-5PM,2024-12-08,17:00,29-08,37,18.5,8,29,21,1,1,1,1,2,0,0
1021,2DL-9PM,2024-12-08,21:00,15-13,28,14,13,15,2,0,2,2,0,2,0,0
1022,2DL-2PM,2024-12-09,14:00,24-25,49,24.5,24,25,1,1,1,0,2,2,1,0
1023,2DL-5PM,2024-12-09,17:00,19-19,38,19,19,19,0,0,2,0,2,1,0,0
1024,2DL-9PM,2024-12-09,21:00,30-21,51,25.5,21,30,9,1,1,0,2,2,0,0
1025,2DL-2PM,2024-12-10,14:00,06-24,30,15,6,24,18,2,0,1,1,2,0,0
1026,2DL-5PM,2024-12-10,17:00,22-04,26,13,4,22,18,2,0,1,1,2,0,0
1027,2DL-9PM,2024-12-10,21:00,09-09,18,9,9,9,0,0,2,2,0,1,0,0
1028,2DL-2PM,2024-12-11,14:00,04-14,18,9,4,14,10,2,0,2,0,2,0,0
1029,2DL-5PM,2024-12-11,17:00,01-30,31,15.5,1,30,29,1,1,1,1,2,0,0
1030,2DL-9PM,2024-12-11,21:00,01-18,19,9.5,1,18,17,1,1,1,1,2,0,1
1031,2DL-2PM,2024-12-12,14:00,26-19,45,22.5,19,26,7,1,1,0,2,2,0,0
1032,2DL-5PM,2024-12-12,17:00,23-21,44,22,21,23,2,0,2,0,2,2,0,0
1033,2DL-9PM,2024-12-12,21:00,23-06,29,14.5,6,23,17,1,1,1,1,2,0,1
1034,2DL-2PM,2024-12-13,14:00,14-17,31,15.5,14,17,3,1,1,1,1,2,0,0
1035,2DL-5PM,2024-12-13,17:00,22-17,39,19.5,17,22,5,1,1,0,2,2,0,1
1036,2DL-9PM,2024-12-13,21:00,13-24,37,18.5,13,24,11,1,1,1,1,2,0,0
1037,2DL-2PM,2024-12-14,14:00,30-09,39,19.5,9,30,21,1,1,1,1,2,0,0
1038,2DL-5PM,2024-12-14,17:00,29-26,55,27.5,26,29,3,1,1,0,2,2,0,0
1039,2DL-9PM,2024-12-14,21:00,20-17,37,18.5,17,20,3,1,1,0,2,2,0,0
1040,2DL-2PM,2024-12-15,14:00,10-06,16,8,6,10,4,2,0,2,0,2,0,0
1041,2DL-5PM,2024-12-15,17:00,12-13,25,12.5,12,13,1,1,1,2,0,2,1,0
1042,2DL-9PM,2024-12-15,21:00,25-28,53,26.5,25,28,3,1,1,0,2,2,0,0
1043,2DL-2PM,2024-12-16,14:00,23-21,44,22,21,23,2,0,2,0,2,2,0,0
1044,2DL-5PM,2024-12-16,17:00,23-08,31,15.5,8,23,15,1,1,1,1,2,0,1
1045,2DL-9PM,2024-12-16,21:00,30-12,42,21,12,30,18,2,0,1,1,2,0,0
1046,2DL-2PM,2024-12-17,14:00,20-28,48,24,20,28,8,2,0,0,2,2,0,0
1047,2DL-5PM,2024-12-17,17:00,28-08,36,18,8,28,20,2,0,1,1,2,0,1
1048,2DL-9PM,2024-12-17,21:00,07-19,26,13,7,19,12,0,2,1,1,2,0,0
1049,2DL-2PM,2024-12-18,14:00,19-22,41,20.5,19,22,3,1,1,0,2,2,0,1
1050,2DL-5PM,2024-12-18,17:00,18-19,37,18.5,18,19,1,1,1,0,2,2,1,1
1051,2DL-9PM,2024-12-18,21:00,29-16,45,22.5,16,29,13,1,1,1,1,2,0,0
1052,2DL-2PM,2024-12-19,14:00,07-07,14,7,7,7,0,0,2,2,0,1,0,0
1053,2DL-5PM,2024-12-19,17:00,31-17,48,24,17,31,14,0,2,0,2,2,0,0
1054,2DL-9PM,2024-12-19,21:00,16-20,36,18,16,20,4,2,0,1,1,2,0,0
1055,2DL-2PM,2024-12-20,14:00,18-12,30,15,12,18,6,2,0,1,1,2,0,0
1056,2DL-5PM,2024-12-20,17:00,18-18,36,18,18,18,0,2,0,0,2,1,0,1
1057,2DL-9PM,2024-12-20,21:00,28-19,47,23.5,19,28,9,1,1,0,2,2,0,0
1058,2DL-2PM,2024-12-21,14:00,08-13,21,10.5,8,13,5,1,1,2,0,2,0,0
1059,2DL-5PM,2024-12-21,17:00,29-18,47,23.5,18,29,11,1,1,0,2,2,0,0
1060,2DL-9PM,2024-12-21,21:00,31-14,45,22.5,14,31,17,1,1,1,1,2,0,0
1061,2DL-2PM,2024-12-22,14:00,01-02,3,1.5,1,2,1,1,1,2,0,2,1,0
1062,2DL-5PM,2024-12-22,17:00,27-25,52,26,25,27,2,0,2,0,2,2,0,0
1063,2DL-9PM,2024-12-22,21:00,09-12,21,10.5,9,12,3,1,1,2,0,2,0,0
1064,2DL-2PM,2024-12-23,14:00,25-25,50,25,25,25,0,0,2,0,2,1,0,0
1065,2DL-5PM,2024-12-23,17:00,12-17,29,14.5,12,17,5,1,1,1,1,2,0,0
1066,2DL-9PM,2024-12-23,21:00,13-18,31,15.5,13,18,5,1,1,1,1,2,0,0
1067,2DL-2PM,2024-12-24,14:00,30-25,55,27.5,25,30,5,1,1,0,2,2,0,0
1068,2DL-5PM,2024-12-24,17:00,06-23,29,14.5,6,23,17,1,1,1,1,2,0,0
1069,2DL-9PM,2024-12-24,21:00,22-15,37,18.5,15,22,7,1,1,1,1,2,0,0
1070,2DL-2PM,2024-12-25,14:00,31-08,39,19.5,8,31,23,1,1,1,1,2,0,0
1071,2DL-5PM,2024-12-25,17:00,26-29,55,27.5,26,29,3,1,1,0,2,2,0,0
1072,2DL-9PM,2024-12-25,21:00,06-12,18,9,6,12,6,2,0,2,0,2,0,0
1073,2DL-2PM,2024-12-26,14:00,08-02,10,5,2,8,6,2,0,2,0,2,0,0
1074,2DL-5PM,2024-12-26,17:00,01-21,22,11,1,21,20,0,2,1,1,2,0,0
1075,2DL-9PM,2024-12-26,21:00,13-20,33,16.5,13,20,7,1,1,1,1,2,0,0
1076,2DL-2PM,2024-12-27,14:00,26-16,42,21,16,26,10,2,0,1,1,2,0,0
1077,2DL-5PM,2024-12-27,17:00,11-20,31,15.5,11,20,9,1,1,1,1,2,0,0
1078,2DL-9PM,2024-12-27,21:00,28-16,44,22,16,28,12,2,0,1,1,2,0,0
1079,2DL-2PM,2024-12-28,14:00,23-10,33,16.5,10,23,13,1,1,1,1,2,0,0
1080,2DL-5PM,2024-12-28,17:00,24-11,35,17.5,11,24,13,1,1,1,1,2,0,0
1081,2DL-9PM,2024-12-28,21:00,30-25,55,27.5,25,30,5,1,1,0,2,2,0,0
1082,2DL-2PM,2024-12-29,14:00,12-21,33,16.5,12,21,9,1,1,1,1,2,0,0
1083,2DL-5PM,2024-12-29,17:00,05-27,32,16,5,27,22,0,2,1,1,2,0,0
1084,2DL-9PM,2024-12-29,21:00,17-06,23,11.5,6,17,11,1,1,1,1,2,0,0
1085,2DL-2PM,2024-12-30,14:00,03-09,12,6,3,9,6,0,2,2,0,2,0,0
1086,2DL-5PM,2024-12-30,17:00,03-15,18,9,3,15,12,0,2,2,0,2,0,1
1087,2DL-9PM,2024-12-30,21:00,10-26,36,18,10,26,16,2,0,1,1,2,0,0
1088,2DL-2PM,2024-12-31,14:00,15-16,31,15.5,15,16,1,1,1,2,0,2,1,0
1089,2DL-5PM,2024-12-31,17:00,18-09,27,13.5,9,18,9,1,1,1,1,2,0,0
1090,2DL-9PM,2024-12-31,21:00,30-13,43,21.5,13,30,17,1,1,1,1,2,0,0
1091,2DL-2PM,2025-01-01,14:00,30-26,56,28,26,30,4,2,0,0,2,2,0,1
1092,2DL-5PM,2025-01-01,17:00,23-29,52,26,23,29,6,0,2,0,2,2,0,0
1093,2DL-9PM,2025-01-01,21:00,31-19,50,25,19,31,12,0,2,0,2,2,0,0
1094,2DL-2PM,2025-01-02,14:00,01-02,3,1.5,1,2,1,1,1,2,0,2,1,0
1095,2DL-5PM,2025-01-02,17:00,29-08,37,18.5,8,29,21,1,1,1,1,2,0,0
1096,2DL-9PM,2025-01-02,21:00,08-01,9,4.5,1,8,7,1,1,2,0,2,0,1
1097,2DL-2PM,2025-01-03,14:00,05-31,36,18,5,31,26,0,2,1,1,2,0,0
1098,2DL-5PM,2025-01-03,17:00,10-28,38,19,10,28,18,2,0,1,1,2,0,0
1099,2DL-9PM,2025-01-03,21:00,07-23,30,15,7,23,16,0,2,1,1,2,0,0
1100,2DL-2PM,2025-01-04,14:00,03-15,18,9,3,15,12,0,2,2,0,2,0,0
1101,2DL-5PM,2025-01-04,17:00,05-05,10,5,5,5,0,0,2,2,0,1,0,0
1102,2DL-9PM,2025-01-04,21:00,30-29,59,29.5,29,30,1,1,1,0,2,2,1,0
1103,2DL-2PM,2025-01-05,14:00,17-30,47,23.5,17,30,13,1,1,0,2,2,0,1
1104,2DL-5PM,2025-01-05,17:00,27-23,50,25,23,27,4,0,2,0,2,2,0,0
1105,2DL-9PM,2025-01-05,21:00,26-14,40,20,14,26,12,2,0,1,1,2,0,0
1106,2DL-2PM,2025-01-06,14:00,28-22,50,25,22,28,6,2,0,0,2,2,0,0
1107,2DL-5PM,2025-01-06,17:00,13-03,16,8,3,13,10,0,2,2,0,2,0,0
1108,2DL-9PM,2025-01-06,21:00,16-02,18,9,2,16,14,2,0,2,0,2,0,0
1109,2DL-2PM,2025-01-07,14:00,30-23,53,26.5,23,30,7,1,1,0,2,2,0,0
1110,2DL-5PM,2025-01-07,17:00,27-15,42,21,15,27,12,0,2,1,1,2,0,0
1111,2DL-9PM,2025-01-07,21:00,03-30,33,16.5,3,30,27,1,1,1,1,2,0,0
1112,2DL-2PM,2025-01-08,14:00,05-27,32,16,5,27,22,0,2,1,1,2,0,0
1113,2DL-5PM,2025-01-08,17:00,14-31,45,22.5,14,31,17,1,1,1,1,2,0,0
1114,2DL-9PM,2025-01-08,21:00,17-12,29,14.5,12,17,5,1,1,1,1,2,0,0
1115,2DL-2PM,2025-01-09,14:00,10-23,33,16.5,10,23,13,1,1,1,1,2,0,0
1116,2DL-5PM,2025-01-09,17:00,28-07,35,17.5,7,28,21,1,1,1,1,2,0,0
1117,2DL-9PM,2025-01-09,21:00,20-07,27,13.5,7,20,13,1,1,1,1,2,0,1
1118,2DL-2PM,2025-01-10,14:00,01-17,18,9,1,17,16,0,2,1,1,2,0,0
1119,2DL-5PM,2025-01-10,17:00,09-13,22,11,9,13,4,0,2,2,0,2,0,0
1120,2DL-9PM,2025-01-10,21:00,11-23,34,17,11,23,12,0,2,1,1,2,0,0
1121,2DL-2PM,2025-01-11,14:00,02-15,17,8.5,2,15,13,1,1,2,0,2,0,0
1122,2DL-5PM,2025-01-11,17:00,23-01,24,12,1,23,22,0,2,1,1,2,0,0
1123,2DL-9PM,2025-01-11,21:00,28-23,51,25.5,23,28,5,1,1,0,2,2,0,1
1124,2DL-2PM,2025-01-12,14:00,03-13,16,8,3,13,10,0,2,2,0,2,0,0
1125,2DL-5PM,2025-01-12,17:00,06-07,13,6.5,6,7,1,1,1,2,0,2,1,0
1126,2DL-9PM,2025-01-12,21:00,29-29,58,29,29,29,0,0,2,0,2,1,0,0
1127,2DL-2PM,2025-01-13,14:00,13-19,32,16,13,19,6,0,2,1,1,2,0,0
1128,2DL-5PM,2025-01-13,17:00,06-28,34,17,6,28,22,2,0,1,1,2,0,0
1129,2DL-9PM,2025-01-13,21:00,19-23,42,21,19,23,4,0,2,0,2,2,0,0
1130,2DL-2PM,2025-01-14,14:00,25-09,34,17,9,25,16,0,2,1,1,2,0,0
1131,2DL-5PM,2025-01-14,17:00,08-02,10,5,2,8,6,2,0,2,0,2,0,0
1132,2DL-9PM,2025-01-14,21:00,13-03,16,8,3,13,10,0,2,2,0,2,0,0
1133,2DL-2PM,2025-01-15,14:00,18-01,19,9.5,1,18,17,1,1,1,1,2,0,0
1134,2DL-5PM,2025-01-15,17:00,06-04,10,5,4,6,2,2,0,2,0,2,0,0
1135,2DL-9PM,2025-01-15,21:00,25-26,51,25.5,25,26,1,1,1,0,2,2,1,0
1136,2DL-2PM,2025-01-16,14:00,31-14,45,22.5,14,31,17,1,1,1,1,2,0,0
1137,2DL-5PM,2025-01-16,17:00,27-25,52,26,25,27,2,0,2,0,2,2,0,0
1138,2DL-9PM,2025-01-16,21:00,05-29,34,17,5,29,24,0,2,1,1,2,0,0
1139,2DL-2PM,2025-01-17,14:00,31-20,51,25.5,20,31,11,1,1,0,2,2,0,0
1140,2DL-5PM,2025-01-17,17:00,25-06,31,15.5,6,25,19,1,1,1,1,2,0,0
1141,2DL-9PM,2025-01-17,21:00,10-01,11,5.5,1,10,9,1,1,2,0,2,0,0
1142,2DL-2PM,2025-01-18,14:00,08-28,36,18,8,28,20,2,0,1,1,2,0,0
1143,2DL-5PM,2025-01-18,17:00,15-21,36,18,15,21,6,0,2,1,1,2,0,0
1144,2DL-9PM,2025-01-18,21:00,02-24,26,13,2,24,22,2,0,1,1,2,0,0
1145,2DL-2PM,2025-01-19,14:00,22-21,43,21.5,21,22,1,1,1,0,2,2,1,0
1146,2DL-5PM,2025-01-19,17:00,16-06,22,11,6,16,10,2,0,2,0,2,0,0
1147,2DL-9PM,2025-01-19,21:00,30-27,57,28.5,27,30,3,1,1,0,2,2,0,0
1148,2DL-2PM,2025-01-20,14:00,25-15,40,20,15,25,10,0,2,1,1,2,0,0
1149,2DL-5PM,2025-01-20,17:00,20-06,26,13,6,20,14,2,0,1,1,2,0,0
1150,2DL-9PM,2025-01-20,21:00,29-19,48,24,19,29,10,0,2,0,2,2,0,0
1151,2DL-2PM,2025-01-21,14:00,18-25,43,21.5,18,25,7,1,1,0,2,2,0,0
1152,2DL-5PM,2025-01-21,17:00,10-27,37,18.5,10,27,17,1,1,1,1,2,0,0
1153,2DL-9PM,2025-01-21,21:00,27-07,34,17,7,27,20,0,2,1,1,2,0,1
1154,2DL-2PM,2025-01-22,14:00,05-15,20,10,5,15,10,0,2,2,0,2,0,0
1155,2DL-5PM,2025-01-22,17:00,23-07,30,15,7,23,16,0,2,1,1,2,0,0
1156,2DL-9PM,2025-01-22,21:00,24-24,48,24,24,24,0,2,0,0,2,1,0,0
1157,2DL-2PM,2025-01-23,14:00,30-25,55,27.5,25,30,5,1,1,0,2,2,0,0
1158,2DL-5PM,2025-01-23,17:00,20-04,24,12,4,20,16,2,0,1,1,2,0,0
1159,2DL-9PM,2025-01-23,21:00,03-16,19,9.5,3,16,13,1,1,2,0,2,0,0
1160,2DL-2PM,2025-01-24,14:00,20-05,25,12.5,5,20,15,1,1,1,1,2,0,0
1161,2DL-5PM,2025-01-24,17:00,09-07,16,8,7,9,2,0,2,2,0,2,0,0
1162,2DL-9PM,2025-01-24,21:00,18-05,23,11.5,5,18,13,1,1,1,1,2,0,0
1163,2DL-2PM,2025-01-25,14:00,11-12,23,11.5,11,12,1,1,1,2,0,2,1,0
1164,2DL-5PM,2025-01-25,17:00,19-07,26,13,7,19,12,0,2,1,1,2,0,0
1165,2DL-9PM,2025-01-25,21:00,15-29,44,22,15,29,14,0,2,1,1,2,0,0
1166,2DL-2PM,2025-01-26,14:00,11-11,22,11,11,11,0,0,2,2,0,1,0,0
1167,2DL-5PM,2025-01-26,17:00,20-03,23,11.5,3,20,17,1,1,1,1,2,0,0
1168,2DL-9PM,2025-01-26,21:00,06-09,15,7.5,6,9,3,1,1,2,0,2,0,0
1169,2DL-2PM,2025-01-27,14:00,01-13,14,7,1,13,12,0,2,2,0,2,0,0
1170,2DL-5PM,2025-01-27,17:00,27-03,30,15,3,27,24,0,2,1,1,2,0,0
1171,2DL-9PM,2025-01-27,21:00,02-03,5,2.5,2,3,1,1,1,2,0,2,1,1
1172,2DL-2PM,2025-01-28,14:00,24-07,31,15.5,7,24,17,1,1,1,1,2,0,0
1173,2DL-5PM,2025-01-28,17:00,01-31,32,16,1,31,30,0,2,1,1,2,0,0
1174,2DL-9PM,2025-01-28,21:00,18-25,43,21.5,18,25,7,1,1,0,2,2,0,0
1175,2DL-2PM,2025-01-29,14:00,01-23,24,12,1,23,22,0,2,1,1,2,0,0
1176,2DL-5PM,2025-01-29,17:00,12-07,19,9.5,7,12,5,1,1,2,0,2,0,0
1177,2DL-9PM,2025-01-29,21:00,09-14,23,11.5,9,14,5,1,1,2,0,2,0,0
1178,2DL-2PM,2025-01-30,14:00,22-18,40,20,18,22,4,2,0,0,2,2,0,0
1179,2DL-5PM,2025-01-30,17:00,14-03,17,8.5,3,14,11,1,1,2,0,2,0,0
1180,2DL-9PM,2025-01-30,21:00,03-22,25,12.5,3,22,19,1,1,1,1,2,0,1
1181,2DL-2PM,2025-01-31,14:00,09-16,25,12.5,9,16,7,1,1,2,0,2,0,0
1182,2DL-5PM,2025-01-31,17:00,10-31,41,20.5,10,31,21,1,1,1,1,2,0,0
1183,2DL-9PM,2025-01-31,21:00,05-22,27,13.5,5,22,17,1,1,1,1,2,0,0
1184,2DL-2PM,2025-02-01,14:00,19-25,44,22,19,25,6,0,2,0,2,2,0,0
1185,2DL-5PM,2025-02-01,17:00,06-09,15,7.5,6,9,3,1,1,2,0,2,0,0
1186,2DL-9PM,2025-02-01,21:00,17-08,25,12.5,8,17,9,1,1,1,1,2,0,0
1187,2DL-2PM,2025-02-02,14:00,23-11,34,17,11,23,12,0,2,1,1,2,0,0
1188,2DL-5PM,2025-02-02,17:00,14-21,35,17.5,14,21,7,1,1,1,1,2,0,0
1189,2DL-9PM,2025-02-02,21:00,09-04,13,6.5,4,9,5,1,1,2,0,2,0,0
1190,2DL-2PM,2025-02-03,14:00,06-10,16,8,6,10,4,2,0,2,0,2,0,0
1191,2DL-5PM,2025-02-03,17:00,02-17,19,9.5,2,17,15,1,1,1,1,2,0,0
1192,2DL-9PM,2025-02-03,21:00,06-07,13,6.5,6,7,1,1,1,2,0,2,1,0
1193,2DL-2PM,2025-02-04,14:00,17-07,24,12,7,17,10,0,2,1,1,2,0,1
1194,2DL-5PM,2025-02-04,17:00,14-01,15,7.5,1,14,13,1,1,2,0,2,0,0
1195,2DL-9PM,2025-02-04,21:00,10-18,28,14,10,18,8,2,0,1,1,2,0,0
1196,2DL-2PM,2025-02-05,14:00,28-18,46,23,18,28,10,2,0,0,2,2,0,1
1197,2DL-5PM,2025-02-05,17:00,17-08,25,12.5,8,17,9,1,1,1,1,2,0,0
1198,2DL-9PM,2025-02-05,21:00,03-16,19,9.5,3,16,13,1,1,2,0,2,0,0
1199,2DL-2PM,2025-02-06,14:00,21-29,50,25,21,29,8,0,2,0,2,2,0,0
1200,2DL-5PM,2025-02-06,17:00,07-01,8,4,1,7,6,0,2,2,0,2,0,0
1201,2DL-9PM,2025-02-06,21:00,31-01,32,16,1,31,30,0,2,1,1,2,0,1
1202,2DL-2PM,2025-02-07,14:00,20-31,51,25.5,20,31,11,1,1,0,2,2,0,1
1203,2DL-5PM,2025-02-07,17:00,07-06,13,6.5,6,7,1,1,1,2,0,2,1,0
1204,2DL-9PM,2025-02-07,21:00,25-23,48,24,23,25,2,0,2,0,2,2,0,0
1205,2DL-2PM,2025-02-08,14:00,08-11,19,9.5,8,11,3,1,1,2,0,2,0,0
1206,2DL-5PM,2025-02-08,17:00,09-16,25,12.5,9,16,7,1,1,2,0,2,0,0
1207,2DL-9PM,2025-02-08,21:00,31-28,59,29.5,28,31,3,1,1,0,2,2,0,0
1208,2DL-2PM,2025-02-09,14:00,19-05,24,12,5,19,14,0,2,1,1,2,0,0
1209,2DL-5PM,2025-02-09,17:00,23-21,44,22,21,23,2,0,2,0,2,2,0,0
1210,2DL-9PM,2025-02-09,21:00,12-29,41,20.5,12,29,17,1,1,1,1,2,0,0
1211,2DL-2PM,2025-02-10,14:00,02-27,29,14.5,2,27,25,1,1,1,1,2,0,0
1212,2DL-5PM,2025-02-10,17:00,19-12,31,15.5,12,19,7,1,1,1,1,2,0,0
1213,2DL-9PM,2025-02-10,21:00,19-04,23,11.5,4,19,15,1,1,1,1,2,0,1
1214,2DL-2PM,2025-02-11,14:00,07-29,36,18,7,29,22,0,2,1,1,2,0,0
1215,2DL-5PM,2025-02-11,17:00,20-01,21,10.5,1,20,19,1,1,1,1,2,0,0
1216,2DL-9PM,2025-02-11,21:00,31-21,52,26,21,31,10,0,2,0,2,2,0,0
1217,2DL-2PM,2025-02-12,14:00,24-22,46,23,22,24,2,2,0,0,2,2,0,0
1218,2DL-5PM,2025-02-12,17:00,11-30,41,20.5,11,30,19,1,1,1,1,2,0,0
1219,2DL-9PM,2025-02-12,21:00,21-08,29,14.5,8,21,13,1,1,1,1,2,0,0
1220,2DL-2PM,2025-02-13,14:00,10-05,15,7.5,5,10,5,1,1,2,0,2,0,0
1221,2DL-5PM,2025-02-13,17:00,26-27,53,26.5,26,27,1,1,1,0,2,2,1,0
1222,2DL-9PM,2025-02-13,21:00,31-04,35,17.5,4,31,27,1,1,1,1,2,0,0
1223,2DL-2PM,2025-02-14,14:00,29-04,33,16.5,4,29,25,1,1,1,1,2,0,1
1224,2DL-5PM,2025-02-14,17:00,12-22,34,17,12,22,10,2,0,1,1,2,0,0
1225,2DL-9PM,2025-02-14,21:00,01-04,5,2.5,1,4,3,1,1,2,0,2,0,0
1226,2DL-2PM,2025-02-15,14:00,03-07,10,5,3,7,4,0,2,2,0,2,0,0
1227,2DL-5PM,2025-02-15,17:00,21-29,50,25,21,29,8,0,2,0,2,2,0,0
1228,2DL-9PM,2025-02-15,21:00,06-26,32,16,6,26,20,2,0,1,1,2,0,0
1229,2DL-2PM,2025-02-16,14:00,26-29,55,27.5,26,29,3,1,1,0,2,2,0,1
1230,2DL-5PM,2025-02-16,17:00,05-25,30,15,5,25,20,0,2,1,1,2,0,0
1231,2DL-9PM,2025-02-16,21:00,25-10,35,17.5,10,25,15,1,1,1,1,2,0,1
1232,2DL-2PM,2025-02-17,14:00,01-01,2,1,1,1,0,0,2,2,0,1,0,0
1233,2DL-5PM,2025-02-17,17:00,24-12,36,18,12,24,12,2,0,1,1,2,0,0
1234,2DL-9PM,2025-02-17,21:00,25-20,45,22.5,20,25,5,1,1,0,2,2,0,0
1235,2DL-2PM,2025-02-18,14:00,24-25,49,24.5,24,25,1,1,1,0,2,2,1,1
1236,2DL-5PM,2025-02-18,17:00,08-22,30,15,8,22,14,2,0,1,1,2,0,0
1237,2DL-9PM,2025-02-18,21:00,18-03,21,10.5,3,18,15,1,1,1,1,2,0,0
1238,2DL-2PM,2025-02-19,14:00,22-04,26,13,4,22,18,2,0,1,1,2,0,0
1239,2DL-5PM,2025-02-19,17:00,05-19,24,12,5,19,14,0,2,1,1,2,0,0
1240,2DL-9PM,2025-02-19,21:00,03-11,14,7,3,11,8,0,2,2,0,2,0,0
1241,2DL-2PM,2025-02-20,14:00,20-24,44,22,20,24,4,2,0,0,2,2,0,0
1242,2DL-5PM,2025-02-20,17:00,10-24,34,17,10,24,14,2,0,1,1,2,0,1
1243,2DL-9PM,2025-02-20,21:00,07-07,14,7,7,7,0,0,2,2,0,1,0,0
1244,2DL-2PM,2025-02-21,14:00,28-04,32,16,4,28,24,2,0,1,1,2,0,0
1245,2DL-5PM,2025-02-21,17:00,20-12,32,16,12,20,8,2,0,1,1,2,0,0
1246,2DL-9PM,2025-02-21,21:00,07-02,9,4.5,2,7,5,1,1,2,0,2,0,0
1247,2DL-2PM,2025-02-22,14:00,20-25,45,22.5,20,25,5,1,1,0,2,2,0,0
1248,2DL-5PM,2025-02-22,17:00,11-06,17,8.5,6,11,5,1,1,2,0,2,0,0
1249,2DL-9PM,2025-02-22,21:00,25-14,39,19.5,14,25,11,1,1,1,1,2,0,0
1250,2DL-2PM,2025-02-23,14:00,25-21,46,23,21,25,4,0,2,0,2,2,0,1
1251,2DL-5PM,2025-02-23,17:00,17-21,38,19,17,21,4,0,2,0,2,2,0,1
1252,2DL-9PM,2025-02-23,21:00,26-01,27,13.5,1,26,25,1,1,1,1,2,0,0
1253,2DL-2PM,2025-02-24,14:00,09-26,35,17.5,9,26,17,1,1,1,1,2,0,1
1254,2DL-5PM,2025-02-24,17:00,31-29,60,30,29,31,2,0,2,0,2,2,0,0
1255,2DL-9PM,2025-02-24,21:00,29-17,46,23,17,29,12,0,2,0,2,2,0,1
1256,2DL-2PM,2025-02-25,14:00,02-02,4,2,2,2,0,2,0,2,0,1,0,0
1257,2DL-5PM,2025-02-25,17:00,29-11,40,20,11,29,18,0,2,1,1,2,0,0
1258,2DL-9PM,2025-02-25,21:00,12-07,19,9.5,7,12,5,1,1,2,0,2,0,0
1259,2DL-2PM,2025-02-26,14:00,25-18,43,21.5,18,25,7,1,1,0,2,2,0,0
1260,2DL-5PM,2025-02-26,17:00,27-17,44,22,17,27,10,0,2,0,2,2,0,0
1261,2DL-9PM,2025-02-26,21:00,14-24,38,19,14,24,10,2,0,1,1,2,0,0
1262,2DL-2PM,2025-02-27,14:00,22-09,31,15.5,9,22,13,1,1,1,1,2,0,0
1263,2DL-5PM,2025-02-27,17:00,26-15,41,20.5,15,26,11,1,1,1,1,2,0,0
1264,2DL-9PM,2025-02-27,21:00,28-19,47,23.5,19,28,9,1,1,0,2,2,0,0
1265,2DL-2PM,2025-02-28,14:00,19-09,28,14,9,19,10,0,2,1,1,2,0,1
1266,2DL-5PM,2025-02-28,17:00,29-09,38,19,9,29,20,0,2,1,1,2,0,1
1267,2DL-9PM,2025-02-28,21:00,29-08,37,18.5,8,29,21,1,1,1,1,2,0,1
1268,2DL-2PM,2025-03-01,14:00,09-05,14,7,5,9,4,0,2,2,0,2,0,0
1269,2DL-5PM,2025-03-01,17:00,07-06,13,6.5,6,7,1,1,1,2,0,2,1,0
1270,2DL-9PM,2025-03-01,21:00,26-28,54,27,26,28,2,2,0,0,2,2,0,0
1271,2DL-2PM,2025-03-02,14:00,03-07,10,5,3,7,4,0,2,2,0,2,0,0
1272,2DL-5PM,2025-03-02,17:00,25-13,38,19,13,25,12,0,2,1,1,2,0,0
1273,2DL-9PM,2025-03-02,21:00,03-05,8,4,3,5,2,0,2,2,0,2,0,0
1274,2DL-2PM,2025-03-03,14:00,23-06,29,14.5,6,23,17,1,1,1,1,2,0,0
1275,2DL-5PM,2025-03-03,17:00,07-27,34,17,7,27,20,0,2,1,1,2,0,0
1276,2DL-9PM,2025-03-03,21:00,16-06,22,11,6,16,10,2,0,2,0,2,0,0
1277,2DL-2PM,2025-03-04,14:00,09-03,12,6,3,9,6,0,2,2,0,2,0,0
1278,2DL-5PM,2025-03-04,17:00,01-04,5,2.5,1,4,3,1,1,2,0,2,0,0
1279,2DL-9PM,2025-03-04,21:00,08-24,32,16,8,24,16,2,0,1,1,2,0,0
1280,2DL-2PM,2025-03-05,14:00,17-21,38,19,17,21,4,0,2,0,2,2,0,0
1281,2DL-5PM,2025-03-05,17:00,24-13,37,18.5,13,24,11,1,1,1,1,2,0,0
1282,2DL-9PM,2025-03-05,21:00,19-03,22,11,3,19,16,0,2,1,1,2,0,0
1283,2DL-2PM,2025-03-06,14:00,07-11,18,9,7,11,4,0,2,2,0,2,0,0
1284,2DL-5PM,2025-03-06,17:00,26-15,41,20.5,15,26,11,1,1,1,1,2,0,0
1285,2DL-9PM,2025-03-06,21:00,30-01,31,15.5,1,30,29,1,1,1,1,2,0,0
1286,2DL-2PM,2025-03-07,14:00,19-02,21,10.5,2,19,17,1,1,1,1,2,0,0
1287,2DL-5PM,2025-03-07,17:00,16-30,46,23,16,30,14,2,0,1,1,2,0,0
1288,2DL-9PM,2025-03-07,21:00,18-11,29,14.5,11,18,7,1,1,1,1,2,0,0
1289,2DL-2PM,2025-03-08,14:00,18-05,23,11.5,5,18,13,1,1,1,1,2,0,1
1290,2DL-5PM,2025-03-08,17:00,04-04,8,4,4,4,0,2,0,2,0,1,0,0
1291,2DL-9PM,2025-03-08,21:00,30-31,61,30.5,30,31,1,1,1,0,2,2,1,0
1292,2DL-2PM,2025-03-09,14:00,22-29,51,25.5,22,29,7,1,1,0,2,2,0,0
1293,2DL-5PM,2025-03-09,17:00,03-31,34,17,3,31,28,0,2,1,1,2,0,0
1294,2DL-9PM,2025-03-09,21:00,26-31,57,28.5,26,31,5,1,1,0,2,2,0,1
1295,2DL-2PM,2025-03-10,14:00,29-31,60,30,29,31,2,0,2,0,2,2,0,1
1296,2DL-5PM,2025-03-10,17:00,21-30,51,25.5,21,30,9,1,1,0,2,2,0,0
1297,2DL-9PM,2025-03-10,21:00,28-03,31,15.5,3,28,25,1,1,1,1,2,0,0
1298,2DL-2PM,2025-03-11,14:00,26-23,49,24.5,23,26,3,1,1,0,2,2,0,0
1299,2DL-5PM,2025-03-11,17:00,25-17,42,21,17,25,8,0,2,0,2,2,0,0
1300,2DL-9PM,2025-03-11,21:00,22-15,37,18.5,15,22,7,1,1,1,1,2,0,0
1301,2DL-2PM,2025-03-12,14:00,07-07,14,7,7,7,0,0,2,2,0,1,0,0
1302,2DL-5PM,2025-03-12,17:00,26-18,44,22,18,26,8,2,0,0,2,2,0,0
1303,2DL-9PM,2025-03-12,21:00,12-21,33,16.5,12,21,9,1,1,1,1,2,0,0
1304,2DL-2PM,2025-03-13,14:00,21-29,50,25,21,29,8,0,2,0,2,2,0,1
1305,2DL-5PM,2025-03-13,17:00,20-01,21,10.5,1,20,19,1,1,1,1,2,0,0
1306,2DL-9PM,2025-03-13,21:00,02-16,18,9,2,16,14,2,0,2,0,2,0,0
1307,2DL-2PM,2025-03-14,14:00,22-04,26,13,4,22,18,2,0,1,1,2,0,0
1308,2DL-5PM,2025-03-14,17:00,30-04,34,17,4,30,26,2,0,1,1,2,0,1
1309,2DL-9PM,2025-03-14,21:00,01-28,29,14.5,1,28,27,1,1,1,1,2,0,0
1310,2DL-2PM,2025-03-15,14:00,27-06,33,16.5,6,27,21,1,1,1,1,2,0,0
1311,2DL-5PM,2025-03-15,17:00,20-31,51,25.5,20,31,11,1,1,0,2,2,0,0
1312,2DL-9PM,2025-03-15,21:00,01-03,4,2,1,3,2,0,2,2,0,2,0,0
1313,2DL-2PM,2025-03-16,14:00,02-03,5,2.5,2,3,1,1,1,2,0,2,1,1
1314,2DL-5PM,2025-03-16,17:00,09-08,17,8.5,8,9,1,1,1,2,0,2,1,0
1315,2DL-9PM,2025-03-16,21:00,15-08,23,11.5,8,15,7,1,1,2,0,2,0,1
1316,2DL-2PM,2025-03-17,14:00,29-25,54,27,25,29,4,0,2,0,2,2,0,0
1317,2DL-5PM,2025-03-17,17:00,04-08,12,6,4,8,4,2,0,2,0,2,0,0
1318,2DL-9PM,2025-03-17,21:00,21-05,26,13,5,21,16,0,2,1,1,2,0,0
1319,2DL-2PM,2025-03-18,14:00,14-01,15,7.5,1,14,13,1,1,2,0,2,0,0
1320,2DL-5PM,2025-03-18,17:00,21-08,29,14.5,8,21,13,1,1,1,1,2,0,0
1321,2DL-9PM,2025-03-18,21:00,26-06,32,16,6,26,20,2,0,1,1,2,0,0
1322,2DL-2PM,2025-03-19,14:00,09-31,40,20,9,31,22,0,2,1,1,2,0,0
1323,2DL-5PM,2025-03-19,17:00,07-12,19,9.5,7,12,5,1,1,2,0,2,0,0
1324,2DL-9PM,2025-03-19,21:00,11-30,41,20.5,11,30,19,1,1,1,1,2,0,0
1325,2DL-2PM,2025-03-20,14:00,09-26,35,17.5,9,26,17,1,1,1,1,2,0,0
1326,2DL-5PM,2025-03-20,17:00,29-17,46,23,17,29,12,0,2,0,2,2,0,0
1327,2DL-9PM,2025-03-20,21:00,06-04,10,5,4,6,2,2,0,2,0,2,0,0
1328,2DL-2PM,2025-03-21,14:00,29-13,42,21,13,29,16,0,2,1,1,2,0,0
1329,2DL-5PM,2025-03-21,17:00,09-23,32,16,9,23,14,0,2,1,1,2,0,0
1330,2DL-9PM,2025-03-21,21:00,04-27,31,15.5,4,27,23,1,1,1,1,2,0,0
1331,2DL-2PM,2025-03-22,14:00,28-28,56,28,28,28,0,2,0,0,2,1,0,0
1332,2DL-5PM,2025-03-22,17:00,27-30,57,28.5,27,30,3,1,1,0,2,2,0,0
1333,2DL-9PM,2025-03-22,21:00,05-14,19,9.5,5,14,9,1,1,2,0,2,0,0
1334,2DL-2PM,2025-03-23,14:00,31-10,41,20.5,10,31,21,1,1,1,1,2,0,0
1335,2DL-5PM,2025-03-23,17:00,20-11,31,15.5,11,20,9,1,1,1,1,2,0,0
1336,2DL-9PM,2025-03-23,21:00,17-13,30,15,13,17,4,0,2,1,1,2,0,0
1337,2DL-2PM,2025-03-24,14:00,08-30,38,19,8,30,22,2,0,1,1,2,0,0
1338,2DL-5PM,2025-03-24,17:00,05-15,20,10,5,15,10,0,2,2,0,2,0,0
1339,2DL-9PM,2025-03-24,21:00,18-31,49,24.5,18,31,13,1,1,0,2,2,0,0
1340,2DL-2PM,2025-03-25,14:00,10-16,26,13,10,16,6,2,0,2,0,2,0,0
1341,2DL-5PM,2025-03-25,17:00,15-27,42,21,15,27,12,0,2,1,1,2,0,0
1342,2DL-9PM,2025-03-25,21:00,22-01,23,11.5,1,22,21,1,1,1,1,2,0,0
1343,2DL-2PM,2025-03-26,14:00,10-30,40,20,10,30,20,2,0,1,1,2,0,0
1344,2DL-5PM,2025-03-26,17:00,25-12,37,18.5,12,25,13,1,1,1,1,2,0,0
1345,2DL-9PM,2025-03-26,21:00,19-08,27,13.5,8,19,11,1,1,1,1,2,0,0
1346,2DL-2PM,2025-03-27,14:00,21-08,29,14.5,8,21,13,1,1,1,1,2,0,1
1347,2DL-5PM,2025-03-27,17:00,31-08,39,19.5,8,31,23,1,1,1,1,2,0,1
1348,2DL-9PM,2025-03-27,21:00,04-03,7,3.5,3,4,1,1,1,2,0,2,1,0
1349,2DL-2PM,2025-03-28,14:00,15-08,23,11.5,8,15,7,1,1,2,0,2,0,0
1350,2DL-5PM,2025-03-28,17:00,01-19,20,10,1,19,18,0,2,1,1,2,0,0
1351,2DL-9PM,2025-03-28,21:00,23-12,35,17.5,12,23,11,1,1,1,1,2,0,0
1352,2DL-2PM,2025-03-29,14:00,04-14,18,9,4,14,10,2,0,2,0,2,0,0
1353,2DL-5PM,2025-03-29,17:00,19-16,35,17.5,16,19,3,1,1,1,1,2,0,0
1354,2DL-9PM,2025-03-29,21:00,30-07,37,18.5,7,30,23,1,1,1,1,2,0,0
1355,2DL-2PM,2025-03-30,14:00,04-27,31,15.5,4,27,23,1,1,1,1,2,0,0
1356,2DL-5PM,2025-03-30,17:00,29-30,59,29.5,29,30,1,1,1,0,2,2,1,0
1357,2DL-9PM,2025-03-30,21:00,22-26,48,24,22,26,4,2,0,0,2,2,0,0
1358,2DL-2PM,2025-03-31,14:00,30-19,49,24.5,19,30,11,1,1,0,2,2,0,0
1359,2DL-5PM,2025-03-31,17:00,06-06,12,6,6,6,0,2,0,2,0,1,0,0
1360,2DL-9PM,2025-03-31,21:00,01-28,29,14.5,1,28,27,1,1,1,1,2,0,0
1361,2DL-2PM,2025-04-01,14:00,16-24,40,20,16,24,8,2,0,1,1,2,0,0
1362,2DL-5PM,2025-04-01,17:00,01-10,11,5.5,1,10,9,1,1,2,0,2,0,0
1363,2DL-9PM,2025-04-01,21:00,08-07,15,7.5,7,8,1,1,1,2,0,2,1,0
1364,2DL-2PM,2025-04-02,14:00,14-28,42,21,14,28,14,2,0,1,1,2,0,0
1365,2DL-5PM,2025-04-02,17:00,21-08,29,14.5,8,21,13,1,1,1,1,2,0,0
1366,2DL-9PM,2025-04-02,21:00,21-01,22,11,1,21,20,0,2,1,1,2,0,1
1367,2DL-2PM,2025-04-03,14:00,09-10,19,9.5,9,10,1,1,1,2,0,2,1,0
1368,2DL-5PM,2025-04-03,17:00,12-14,26,13,12,14,2,2,0,2,0,2,0,0
1369,2DL-9PM,2025-04-03,21:00,17-21,38,19,17,21,4,0,2,0,2,2,0,0
1370,2DL-2PM,2025-04-04,14:00,16-30,46,23,16,30,14,2,0,1,1,2,0,0
1371,2DL-5PM,2025-04-04,17:00,25-19,44,22,19,25,6,0,2,0,2,2,0,0
1372,2DL-9PM,2025-04-04,21:00,24-09,33,16.5,9,24,15,1,1,1,1,2,0,0
1373,2DL-2PM,2025-04-05,14:00,06-28,34,17,6,28,22,2,0,1,1,2,0,0
1374,2DL-5PM,2025-04-05,17:00,11-31,42,21,11,31,20,0,2,1,1,2,0,0
1375,2DL-9PM,2025-04-05,21:00,23-02,25,12.5,2,23,21,1,1,1,1,2,0,0
1376,2DL-2PM,2025-04-06,14:00,14-03,17,8.5,3,14,11,1,1,2,0,2,0,0
1377,2DL-5PM,2025-04-06,17:00,21-05,26,13,5,21,16,0,2,1,1,2,0,0
1378,2DL-9PM,2025-04-06,21:00,06-08,14,7,6,8,2,2,0,2,0,2,0,0
1379,2DL-2PM,2025-04-07,14:00,14-29,43,21.5,14,29,15,1,1,1,1,2,0,0
1380,2DL-5PM,2025-04-07,17:00,16-03,19,9.5,3,16,13,1,1,2,0,2,0,0
1381,2DL-9PM,2025-04-07,21:00,24-15,39,19.5,15,24,9,1,1,1,1,2,0,0
1382,2DL-2PM,2025-04-08,14:00,26-06,32,16,6,26,20,2,0,1,1,2,0,0
1383,2DL-5PM,2025-04-08,17:00,09-26,35,17.5,9,26,17,1,1,1,1,2,0,1
1384,2DL-9PM,2025-04-08,21:00,01-10,11,5.5,1,10,9,1,1,2,0,2,0,0
1385,2DL-2PM,2025-04-09,14:00,23-07,30,15,7,23,16,0,2,1,1,2,0,0
1386,2DL-5PM,2025-04-09,17:00,24-19,43,21.5,19,24,5,1,1,0,2,2,0,0
1387,2DL-9PM,2025-04-09,21:00,20-09,29,14.5,9,20,11,1,1,1,1,2,0,0
1388,2DL-2PM,2025-04-10,14:00,08-17,25,12.5,8,17,9,1,1,1,1,2,0,0
1389,2DL-5PM,2025-04-10,17:00,07-09,16,8,7,9,2,0,2,2,0,2,0,0
1390,2DL-9PM,2025-04-10,21:00,13-17,30,15,13,17,4,0,2,1,1,2,0,0
1391,2DL-2PM,2025-04-11,14:00,31-23,54,27,23,31,8,0,2,0,2,2,0,0
1392,2DL-5PM,2025-04-11,17:00,04-23,27,13.5,4,23,19,1,1,1,1,2,0,1
1393,2DL-9PM,2025-04-11,21:00,27-19,46,23,19,27,8,0,2,0,2,2,0,0
1394,2DL-2PM,2025-04-12,14:00,16-13,29,14.5,13,16,3,1,1,2,0,2,0,0
1395,2DL-5PM,2025-04-12,17:00,14-25,39,19.5,14,25,11,1,1,1,1,2,0,0
1396,2DL-9PM,2025-04-12,21:00,24-03,27,13.5,3,24,21,1,1,1,1,2,0,0
1397,2DL-2PM,2025-04-13,14:00,10-22,32,16,10,22,12,2,0,1,1,2,0,0
1398,2DL-5PM,2025-04-13,17:00,10-07,17,8.5,7,10,3,1,1,2,0,2,0,1
1399,2DL-9PM,2025-04-13,21:00,14-20,34,17,14,20,6,2,0,1,1,2,0,0
1400,2DL-2PM,2025-04-14,14:00,13-21,34,17,13,21,8,0,2,1,1,2,0,0
1401,2DL-5PM,2025-04-14,17:00,26-29,55,27.5,26,29,3,1,1,0,2,2,0,0
1402,2DL-9PM,2025-04-14,21:00,03-06,9,4.5,3,6,3,1,1,2,0,2,0,0
1403,2DL-2PM,2025-04-15,14:00,10-07,17,8.5,7,10,3,1,1,2,0,2,0,0
1404,2DL-5PM,2025-04-15,17:00,02-14,16,8,2,14,12,2,0,2,0,2,0,0
1405,2DL-9PM,2025-04-15,21:00,24-19,43,21.5,19,24,5,1,1,0,2,2,0,0
1406,2DL-2PM,2025-04-16,14:00,11-25,36,18,11,25,14,0,2,1,1,2,0,0
1407,2DL-5PM,2025-04-16,17:00,21-20,41,20.5,20,21,1,1,1,0,2,2,1,0
1408,2DL-9PM,2025-04-16,21:00,12-22,34,17,12,22,10,2,0,1,1,2,0,0
1409,2DL-2PM,2025-04-20,14:00,27-14,41,20.5,14,27,13,1,1,1,1,2,0,0
1410,2DL-5PM,2025-04-20,17:00,27-28,55,27.5,27,28,1,1,1,0,2,2,1,1
1411,2DL-9PM,2025-04-20,21:00,13-23,36,18,13,23,10,0,2,1,1,2,0,0
1412,2DL-2PM,2025-04-21,14:00,21-06,27,13.5,6,21,15,1,1,1,1,2,0,0
1413,2DL-5PM,2025-04-21,17:00,29-01,30,15,1,29,28,0,2,1,1,2,0,0
1414,2DL-9PM,2025-04-21,21:00,26-16,42,21,16,26,10,2,0,1,1,2,0,0
1415,2DL-2PM,2025-04-22,14:00,28-29,57,28.5,28,29,1,1,1,0,2,2,1,0
1416,2DL-5PM,2025-04-22,17:00,06-19,25,12.5,6,19,13,1,1,1,1,2,0,0
1417,2DL-9PM,2025-04-22,21:00,07-21,28,14,7,21,14,0,2,1,1,2,0,0
1418,2DL-2PM,2025-04-23,14:00,03-23,26,13,3,23,20,0,2,1,1,2,0,0
1419,2DL-5PM,2025-04-23,17:00,25-13,38,19,13,25,12,0,2,1,1,2,0,0
1420,2DL-9PM,2025-04-23,21:00,28-01,29,14.5,1,28,27,1,1,1,1,2,0,0
1421,2DL-2PM,2025-04-24,14:00,24-06,30,15,6,24,18,2,0,1,1,2,0,0
1422,2DL-5PM,2025-04-24,17:00,02-05,7,3.5,2,5,3,1,1,2,0,2,0,0
1423,2DL-9PM,2025-04-24,21:00,08-05,13,6.5,5,8,3,1,1,2,0,2,0,1
1424,2DL-2PM,2025-04-25,14:00,31-26,57,28.5,26,31,5,1,1,0,2,2,0,0
1425,2DL-5PM,2025-04-25,17:00,27-27,54,27,27,27,0,0,2,0,2,1,0,0
1426,2DL-9PM,2025-04-25,21:00,28-08,36,18,8,28,20,2,0,1,1,2,0,0
1427,2DL-2PM,2025-04-26,14:00,14-23,37,18.5,14,23,9,1,1,1,1,2,0,0
1428,2DL-5PM,2025-04-26,17:00,02-18,20,10,2,18,16,2,0,1,1,2,0,0
1429,2DL-9PM,2025-04-26,21:00,28-02,30,15,2,28,26,2,0,1,1,2,0,1
1430,2DL-2PM,2025-04-27,14:00,30-21,51,25.5,21,30,9,1,1,0,2,2,0,0
1431,2DL-5PM,2025-04-27,17:00,12-09,21,10.5,9,12,3,1,1,2,0,2,0,0
1432,2DL-9PM,2025-04-27,21:00,01-26,27,13.5,1,26,25,1,1,1,1,2,0,0
1433,2DL-2PM,2025-04-28,14:00,02-18,20,10,2,18,16,2,0,1,1,2,0,0
1434,2DL-5PM,2025-04-28,17:00,08-09,17,8.5,8,9,1,1,1,2,0,2,1,0
1435,2DL-9PM,2025-04-28,21:00,05-07,12,6,5,7,2,0,2,2,0,2,0,0
1436,2DL-2PM,2025-04-29,14:00,28-03,31,15.5,3,28,25,1,1,1,1,2,0,0
1437,2DL-5PM,2025-04-29,17:00,08-21,29,14.5,8,21,13,1,1,1,1,2,0,0
1438,2DL-9PM,2025-04-29,21:00,03-27,30,15,3,27,24,0,2,1,1,2,0,0
1439,2DL-2PM,2025-04-30,14:00,23-14,37,18.5,14,23,9,1,1,1,1,2,0,0
1440,2DL-5PM,2025-04-30,17:00,27-10,37,18.5,10,27,17,1,1,1,1,2,0,0
1441,2DL-9PM,2025-04-30,21:00,15-20,35,17.5,15,20,5,1,1,1,1,2,0,0
1442,2DL-2PM,2025-05-01,14:00,15-13,28,14,13,15,2,0,2,2,0,2,0,1
1443,2DL-5PM,2025-05-01,17:00,27-21,48,24,21,27,6,0,2,0,2,2,0,0
1444,2DL-9PM,2025-05-01,21:00,21-04,25,12.5,4,21,17,1,1,1,1,2,0,1
1445,2DL-2PM,2025-05-02,14:00,11-07,18,9,7,11,4,0,2,2,0,2,0,0
1446,2DL-5PM,2025-05-02,17:00,02-29,31,15.5,2,29,27,1,1,1,1,2,0,0
1447,2DL-9PM,2025-05-02,21:00,04-16,20,10,4,16,12,2,0,2,0,2,0,0
1448,2DL-2PM,2025-05-03,14:00,17-24,41,20.5,17,24,7,1,1,0,2,2,0,0
1449,2DL-5PM,2025-05-03,17:00,27-25,52,26,25,27,2,0,2,0,2,2,0,0
1450,2DL-9PM,2025-05-03,21:00,20-13,33,16.5,13,20,7,1,1,1,1,2,0,0
1451,2DL-2PM,2025-05-04,14:00,23-16,39,19.5,16,23,7,1,1,1,1,2,0,0
1452,2DL-5PM,2025-05-04,17:00,10-20,30,15,10,20,10,2,0,1,1,2,0,0
1453,2DL-9PM,2025-05-04,21:00,02-13,15,7.5,2,13,11,1,1,2,0,2,0,0
1454,2DL-2PM,2025-05-05,14:00,31-30,61,30.5,30,31,1,1,1,0,2,2,1,0
1455,2DL-5PM,2025-05-05,17:00,21-13,34,17,13,21,8,0,2,1,1,2,0,0
1456,2DL-9PM,2025-05-05,21:00,22-08,30,15,8,22,14,2,0,1,1,2,0,0
1457,2DL-2PM,2025-05-06,14:00,05-24,29,14.5,5,24,19,1,1,1,1,2,0,0
1458,2DL-5PM,2025-05-06,17:00,11-03,14,7,3,11,8,0,2,2,0,2,0,0
1459,2DL-9PM,2025-05-06,21:00,24-18,42,21,18,24,6,2,0,0,2,2,0,0
1460,2DL-2PM,2025-05-07,14:00,20-22,42,21,20,22,2,2,0,0,2,2,0,0
1461,2DL-5PM,2025-05-07,17:00,22-22,44,22,22,22,0,2,0,0,2,1,0,1
1462,2DL-9PM,2025-05-07,21:00,16-18,34,17,16,18,2,2,0,1,1,2,0,0
1463,2DL-2PM,2025-05-08,14:00,12-20,32,16,12,20,8,2,0,1,1,2,0,0
1464,2DL-5PM,2025-05-08,17:00,13-28,41,20.5,13,28,15,1,1,1,1,2,0,0
1465,2DL-9PM,2025-05-08,21:00,20-26,46,23,20,26,6,2,0,0,2,2,0,0
1466,2DL-2PM,2025-05-09,14:00,02-11,13,6.5,2,11,9,1,1,2,0,2,0,0
1467,2DL-5PM,2025-05-09,17:00,02-04,6,3,2,4,2,2,0,2,0,2,0,1
1468,2DL-9PM,2025-05-09,21:00,30-04,34,17,4,30,26,2,0,1,1,2,0,1
1469,2DL-2PM,2025-05-10,14:00,15-25,40,20,15,25,10,0,2,1,1,2,0,0
1470,2DL-5PM,2025-05-10,17:00,23-26,49,24.5,23,26,3,1,1,0,2,2,0,0
1471,2DL-9PM,2025-05-10,21:00,13-02,15,7.5,2,13,11,1,1,2,0,2,0,0
1472,2DL-2PM,2025-05-11,14:00,05-07,12,6,5,7,2,0,2,2,0,2,0,0
1473,2DL-5PM,2025-05-11,17:00,16-17,33,16.5,16,17,1,1,1,1,1,2,1,0
1474,2DL-9PM,2025-05-11,21:00,13-21,34,17,13,21,8,0,2,1,1,2,0,0
1475,2DL-2PM,2025-05-12,14:00,11-28,39,19.5,11,28,17,1,1,1,1,2,0,0
1476,2DL-5PM,2025-05-12,17:00,01-27,28,14,1,27,26,0,2,1,1,2,0,0
1477,2DL-9PM,2025-05-12,21:00,07-31,38,19,7,31,24,0,2,1,1,2,0,0
1478,2DL-2PM,2025-05-13,14:00,27-30,57,28.5,27,30,3,1,1,0,2,2,0,0
1479,2DL-5PM,2025-05-13,17:00,11-29,40,20,11,29,18,0,2,1,1,2,0,0
1480,2DL-9PM,2025-05-13,21:00,14-03,17,8.5,3,14,11,1,1,2,0,2,0,0
1481,2DL-2PM,2025-05-14,14:00,16-21,37,18.5,16,21,5,1,1,1,1,2,0,0
1482,2DL-5PM,2025-05-14,17:00,28-27,55,27.5,27,28,1,1,1,0,2,2,1,0
1483,2DL-9PM,2025-05-14,21:00,09-19,28,14,9,19,10,0,2,1,1,2,0,0
1484,2DL-2PM,2025-05-15,14:00,24-17,41,20.5,17,24,7,1,1,0,2,2,0,0
1485,2DL-5PM,2025-05-15,17:00,10-23,33,16.5,10,23,13,1,1,1,1,2,0,0
1486,2DL-9PM,2025-05-15,21:00,24-03,27,13.5,3,24,21,1,1,1,1,2,0,0
1487,2DL-2PM,2025-05-16,14:00,30-21,51,25.5,21,30,9,1,1,0,2,2,0,0
1488,2DL-5PM,2025-05-16,17:00,05-30,35,17.5,5,30,25,1,1,1,1,2,0,1
1489,2DL-9PM,2025-05-16,21:00,13-31,44,22,13,31,18,0,2,1,1,2,0,0
1490,2DL-2PM,2025-05-17,14:00,18-24,42,21,18,24,6,2,0,0,2,2,0,0
1491,2DL-5PM,2025-05-17,17:00,02-21,23,11.5,2,21,19,1,1,1,1,2,0,0
1492,2DL-9PM,2025-05-17,21:00,30-03,33,16.5,3,30,27,1,1,1,1,2,0,0
1493,2DL-2PM,2025-05-18,14:00,04-22,26,13,4,22,18,2,0,1,1,2,0,0
1494,2DL-5PM,2025-05-18,17:00,14-22,36,18,14,22,8,2,0,1,1,2,0,1
1495,2DL-9PM,2025-05-18,21:00,05-06,11,5.5,5,6,1,1,1,2,0,2,1,0
1496,2DL-2PM,2025-05-19,14:00,25-01,26,13,1,25,24,0,2,1,1,2,0,0
1497,2DL-5PM,2025-05-19,17:00,24-04,28,14,4,24,20,2,0,1,1,2,0,0
1498,2DL-9PM,2025-05-19,21:00,31-19,50,25,19,31,12,0,2,0,2,2,0,0
1499,2DL-2PM,2025-05-20,14:00,22-14,36,18,14,22,8,2,0,1,1,2,0,0
1500,2DL-5PM,2025-05-20,17:00,03-07,10,5,3,7,4,0,2,2,0,2,0,0
1501,2DL-9PM,2025-05-20,21:00,07-01,8,4,1,7,6,0,2,2,0,2,0,1
1502,2DL-2PM,2025-05-21,14:00,09-07,16,8,7,9,2,0,2,2,0,2,0,1
1503,2DL-5PM,2025-05-21,17:00,29-18,47,23.5,18,29,11,1,1,0,2,2,0,0
1504,2DL-9PM,2025-05-21,21:00,17-18,35,17.5,17,18,1,1,1,0,2,2,1,1
1505,2DL-2PM,2025-05-22,14:00,13-16,29,14.5,13,16,3,1,1,2,0,2,0,0
1506,2DL-5PM,2025-05-22,17:00,22-08,30,15,8,22,14,2,0,1,1,2,0,0
1507,2DL-9PM,2025-05-22,21:00,10-06,16,8,6,10,4,2,0,2,0,2,0,0
1508,2DL-2PM,2025-05-23,14:00,27-25,52,26,25,27,2,0,2,0,2,2,0,0
1509,2DL-5PM,2025-05-23,17:00,12-23,35,17.5,12,23,11,1,1,1,1,2,0,0
1510,2DL-9PM,2025-05-23,21:00,13-17,30,15,13,17,4,0,2,1,1,2,0,0
1511,2DL-2PM,2025-05-24,14:00,01-14,15,7.5,1,14,13,1,1,2,0,2,0,0
1512,2DL-5PM,2025-05-24,17:00,23-13,36,18,13,23,10,0,2,1,1,2,0,0
1513,2DL-9PM,2025-05-24,21:00,07-01,8,4,1,7,6,0,2,2,0,2,0,0
1514,2DL-2PM,2025-05-25,14:00,08-28,36,18,8,28,20,2,0,1,1,2,0,0
1515,2DL-5PM,2025-05-25,17:00,23-18,41,20.5,18,23,5,1,1,0,2,2,0,0
1516,2DL-9PM,2025-05-25,21:00,01-31,32,16,1,31,30,0,2,1,1,2,0,0
1517,2DL-2PM,2025-05-26,14:00,25-18,43,21.5,18,25,7,1,1,0,2,2,0,0
1518,2DL-5PM,2025-05-26,17:00,31-25,56,28,25,31,6,0,2,0,2,2,0,1
1519,2DL-9PM,2025-05-26,21:00,13-14,27,13.5,13,14,1,1,1,2,0,2,1,0
1520,2DL-2PM,2025-05-27,14:00,02-30,32,16,2,30,28,2,0,1,1,2,0,0
1521,2DL-5PM,2025-05-27,17:00,26-26,52,26,26,26,0,2,0,0,2,1,0,0
1522,2DL-9PM,2025-05-27,21:00,16-07,23,11.5,7,16,9,1,1,2,0,2,0,0
1523,2DL-2PM,2025-05-28,14:00,19-15,34,17,15,19,4,0,2,1,1,2,0,0
1524,2DL-5PM,2025-05-28,17:00,12-30,42,21,12,30,18,2,0,1,1,2,0,0
1525,2DL-9PM,2025-05-28,21:00,30-02,32,16,2,30,28,2,0,1,1,2,0,1
1526,2DL-2PM,2025-05-29,14:00,27-16,43,21.5,16,27,11,1,1,1,1,2,0,0
1527,2DL-5PM,2025-05-29,17:00,07-12,19,9.5,7,12,5,1,1,2,0,2,0,0
1528,2DL-9PM,2025-05-29,21:00,18-11,29,14.5,11,18,7,1,1,1,1,2,0,0
1529,2DL-2PM,2025-05-30,14:00,13-11,24,12,11,13,2,0,2,2,0,2,0,1
1530,2DL-5PM,2025-05-30,17:00,13-18,31,15.5,13,18,5,1,1,1,1,2,0,1
1531,2DL-9PM,2025-05-30,21:00,11-05,16,8,5,11,6,0,2,2,0,2,0,0
1532,2DL-2PM,2025-05-31,14:00,27-05,32,16,5,27,22,0,2,1,1,2,0,1
1533,2DL-5PM,2025-05-31,17:00,29-07,36,18,7,29,22,0,2,1,1,2,0,0
1534,2DL-9PM,2025-05-31,21:00,30-04,34,17,4,30,26,2,0,1,1,2,0,0
1535,2DL-2PM,2025-06-01,14:00,17-06,23,11.5,6,17,11,1,1,1,1,2,0,0
1536,2DL-5PM,2025-06-01,17:00,25-09,34,17,9,25,16,0,2,1,1,2,0,0
1537,2DL-9PM,2025-06-01,21:00,17-18,35,17.5,17,18,1,1,1,0,2,2,1,0
1538,2DL-2PM,2025-06-02,14:00,02-07,9,4.5,2,7,5,1,1,2,0,2,0,0
1539,2DL-5PM,2025-06-02,17:00,20-25,45,22.5,20,25,5,1,1,0,2,2,0,0
1540,2DL-9PM,2025-06-02,21:00,01-03,4,2,1,3,2,0,2,2,0,2,0,0
1541,2DL-2PM,2025-06-03,14:00,09-15,24,12,9,15,6,0,2,2,0,2,0,0
1542,2DL-5PM,2025-06-03,17:00,11-08,19,9.5,8,11,3,1,1,2,0,2,0,0
1543,2DL-9PM,2025-06-03,21:00,24-20,44,22,20,24,4,2,0,0,2,2,0,0
1544,2DL-2PM,2025-06-04,14:00,09-05,14,7,5,9,4,0,2,2,0,2,0,0
1545,2DL-5PM,2025-06-04,17:00,14-23,37,18.5,14,23,9,1,1,1,1,2,0,0
1546,2DL-9PM,2025-06-04,21:00,04-18,22,11,4,18,14,2,0,1,1,2,0,0
1547,2DL-2PM,2025-06-05,14:00,24-17,41,20.5,17,24,7,1,1,0,2,2,0,0
1548,2DL-5PM,2025-06-05,17:00,02-18,20,10,2,18,16,2,0,1,1,2,0,0
1549,2DL-9PM,2025-06-05,21:00,13-10,23,11.5,10,13,3,1,1,2,0,2,0,0
1550,2DL-2PM,2025-06-06,14:00,12-26,38,19,12,26,14,2,0,1,1,2,0,0
1551,2DL-5PM,2025-06-06,17:00,17-12,29,14.5,12,17,5,1,1,1,1,2,0,1
1552,2DL-9PM,2025-06-06,21:00,11-06,17,8.5,6,11,5,1,1,2,0,2,0,0
1553,2DL-2PM,2025-06-07,14:00,18-08,26,13,8,18,10,2,0,1,1,2,0,0
1554,2DL-5PM,2025-06-07,17:00,20-31,51,25.5,20,31,11,1,1,0,2,2,0,0
1555,2DL-9PM,2025-06-07,21:00,10-12,22,11,10,12,2,2,0,2,0,2,0,0
1556,2DL-2PM,2025-06-08,14:00,22-29,51,25.5,22,29,7,1,1,0,2,2,0,0
1557,2DL-5PM,2025-06-08,17:00,15-21,36,18,15,21,6,0,2,1,1,2,0,0
1558,2DL-9PM,2025-06-08,21:00,29-03,32,16,3,29,26,0,2,1,1,2,0,0
1559,2DL-2PM,2025-06-09,14:00,11-01,12,6,1,11,10,0,2,2,0,2,0,0
1560,2DL-5PM,2025-06-09,17:00,27-20,47,23.5,20,27,7,1,1,0,2,2,0,0
1561,2DL-9PM,2025-06-09,21:00,04-12,16,8,4,12,8,2,0,2,0,2,0,0
1562,2DL-2PM,2025-06-10,14:00,22-04,26,13,4,22,18,2,0,1,1,2,0,1
1563,2DL-5PM,2025-06-10,17:00,14-13,27,13.5,13,14,1,1,1,2,0,2,1,0
1564,2DL-9PM,2025-06-10,21:00,23-22,45,22.5,22,23,1,1,1,0,2,2,1,0
1565,2DL-2PM,2025-06-11,14:00,05-28,33,16.5,5,28,23,1,1,1,1,2,0,0
1566,2DL-5PM,2025-06-11,17:00,04-28,32,16,4,28,24,2,0,1,1,2,0,1
1567,2DL-9PM,2025-06-11,21:00,01-07,8,4,1,7,6,0,2,2,0,2,0,0
1568,2DL-2PM,2025-06-12,14:00,13-31,44,22,13,31,18,0,2,1,1,2,0,0
1569,2DL-5PM,2025-06-12,17:00,22-04,26,13,4,22,18,2,0,1,1,2,0,0
1570,2DL-9PM,2025-06-12,21:00,29-11,40,20,11,29,18,0,2,1,1,2,0,0
1571,2DL-2PM,2025-06-13,14:00,06-12,18,9,6,12,6,2,0,2,0,2,0,0
1572,2DL-5PM,2025-06-13,17:00,14-26,40,20,14,26,12,2,0,1,1,2,0,0
1573,2DL-9PM,2025-06-13,21:00,10-01,11,5.5,1,10,9,1,1,2,0,2,0,0
1574,2DL-2PM,2025-06-14,14:00,04-31,35,17.5,4,31,27,1,1,1,1,2,0,0
1575,2DL-5PM,2025-06-14,17:00,06-13,19,9.5,6,13,7,1,1,2,0,2,0,0
1576,2DL-9PM,2025-06-14,21:00,30-23,53,26.5,23,30,7,1,1,0,2,2,0,0
1577,2DL-2PM,2025-06-15,14:00,20-18,38,19,18,20,2,2,0,0,2,2,0,0
1578,2DL-5PM,2025-06-15,17:00,11-31,42,21,11,31,20,0,2,1,1,2,0,0
1579,2DL-9PM,2025-06-15,21:00,22-24,46,23,22,24,2,2,0,0,2,2,0,0
1580,2DL-2PM,2025-06-16,14:00,20-24,44,22,20,24,4,2,0,0,2,2,0,1
1581,2DL-5PM,2025-06-16,17:00,14-25,39,19.5,14,25,11,1,1,1,1,2,0,0
1582,2DL-9PM,2025-06-16,21:00,05-29,34,17,5,29,24,0,2,1,1,2,0,0
1583,2DL-2PM,2025-06-17,14:00,05-16,21,10.5,5,16,11,1,1,2,0,2,0,1
1584,2DL-5PM,2025-06-17,17:00,07-10,17,8.5,7,10,3,1,1,2,0,2,0,0
1585,2DL-9PM,2025-06-17,21:00,29-13,42,21,13,29,16,0,2,1,1,2,0,0
1586,2DL-2PM,2025-06-18,14:00,21-01,22,11,1,21,20,0,2,1,1,2,0,0
1587,2DL-5PM,2025-06-18,17:00,15-31,46,23,15,31,16,0,2,1,1,2,0,0
1588,2DL-9PM,2025-06-18,21:00,16-14,30,15,14,16,2,2,0,2,0,2,0,0
1589,2DL-2PM,2025-06-19,14:00,04-23,27,13.5,4,23,19,1,1,1,1,2,0,0
1590,2DL-5PM,2025-06-19,17:00,20-09,29,14.5,9,20,11,1,1,1,1,2,0,0
1591,2DL-9PM,2025-06-19,21:00,20-25,45,22.5,20,25,5,1,1,0,2,2,0,1
1592,2DL-2PM,2025-06-20,14:00,22-07,29,14.5,7,22,15,1,1,1,1,2,0,0
1593,2DL-5PM,2025-06-20,17:00,10-11,21,10.5,10,11,1,1,1,2,0,2,1,0
1594,2DL-9PM,2025-06-20,21:00,26-04,30,15,4,26,22,2,0,1,1,2,0,0
1595,2DL-2PM,2025-06-21,14:00,07-30,37,18.5,7,30,23,1,1,1,1,2,0,0
1596,2DL-5PM,2025-06-21,17:00,08-11,19,9.5,8,11,3,1,1,2,0,2,0,0
1597,2DL-9PM,2025-06-21,21:00,12-06,18,9,6,12,6,2,0,2,0,2,0,0
1598,2DL-2PM,2025-06-22,14:00,17-20,37,18.5,17,20,3,1,1,0,2,2,0,0
1599,2DL-5PM,2025-06-22,17:00,20-13,33,16.5,13,20,7,1,1,1,1,2,0,1
1600,2DL-9PM,2025-06-22,21:00,22-19,41,20.5,19,22,3,1,1,0,2,2,0,0
1601,2DL-2PM,2025-06-23,14:00,27-22,49,24.5,22,27,5,1,1,0,2,2,0,1
1602,2DL-5PM,2025-06-23,17:00,01-09,10,5,1,9,8,0,2,2,0,2,0,0
1603,2DL-9PM,2025-06-23,21:00,02-30,32,16,2,30,28,2,0,1,1,2,0,0
1604,2DL-2PM,2025-06-24,14:00,11-07,18,9,7,11,4,0,2,2,0,2,0,0
1605,2DL-5PM,2025-06-24,17:00,02-11,13,6.5,2,11,9,1,1,2,0,2,0,1
1606,2DL-9PM,2025-06-24,21:00,17-02,19,9.5,2,17,15,1,1,1,1,2,0,1
1607,2DL-2PM,2025-06-25,14:00,15-19,34,17,15,19,4,0,2,1,1,2,0,0
1608,2DL-5PM,2025-06-25,17:00,19-12,31,15.5,12,19,7,1,1,1,1,2,0,1
1609,2DL-9PM,2025-06-25,21:00,21-31,52,26,21,31,10,0,2,0,2,2,0,0
1610,2DL-2PM,2025-06-26,14:00,05-19,24,12,5,19,14,0,2,1,1,2,0,0
1611,2DL-5PM,2025-06-26,17:00,10-18,28,14,10,18,8,2,0,1,1,2,0,0
1612,2DL-9PM,2025-06-26,21:00,03-15,18,9,3,15,12,0,2,2,0,2,0,0
1613,2DL-2PM,2025-06-27,14:00,19-15,34,17,15,19,4,0,2,1,1,2,0,1
1614,2DL-5PM,2025-06-27,17:00,16-16,32,16,16,16,0,2,0,2,0,1,0,0
1615,2DL-9PM,2025-06-27,21:00,09-20,29,14.5,9,20,11,1,1,1,1,2,0,0
1616,2DL-2PM,2025-06-28,14:00,04-04,8,4,4,4,0,2,0,2,0,1,0,0
1617,2DL-5PM,2025-06-28,17:00,26-15,41,20.5,15,26,11,1,1,1,1,2,0,0
1618,2DL-9PM,2025-06-28,21:00,29-31,60,30,29,31,2,0,2,0,2,2,0,0
1619,2DL-2PM,2025-06-29,14:00,03-26,29,14.5,3,26,23,1,1,1,1,2,0,0
1620,2DL-5PM,2025-06-29,17:00,13-27,40,20,13,27,14,0,2,1,1,2,0,0
1621,2DL-9PM,2025-06-29,21:00,30-25,55,27.5,25,30,5,1,1,0,2,2,0,0
1622,2DL-2PM,2025-06-30,14:00,17-22,39,19.5,17,22,5,1,1,0,2,2,0,0
1623,2DL-5PM,2025-06-30,17:00,19-05,24,12,5,19,14,0,2,1,1,2,0,0
1624,2DL-9PM,2025-06-30,21:00,05-31,36,18,5,31,26,0,2,1,1,2,0,1
1625,2DL-2PM,2025-07-01,14:00,05-14,19,9.5,5,14,9,1,1,2,0,2,0,1
1626,2DL-5PM,2025-07-01,17:00,29-11,40,20,11,29,18,0,2,1,1,2,0,0
1627,2DL-9PM,2025-07-01,21:00,11-01,12,6,1,11,10,0,2,2,0,2,0,1
1628,2DL-2PM,2025-07-02,14:00,06-26,32,16,6,26,20,2,0,1,1,2,0,0
1629,2DL-5PM,2025-07-02,17:00,26-11,37,18.5,11,26,15,1,1,1,1,2,0,1
1630,2DL-9PM,2025-07-02,21:00,01-22,23,11.5,1,22,21,1,1,1,1,2,0,0
1631,2DL-2PM,2025-07-03,14:00,28-03,31,15.5,3,28,25,1,1,1,1,2,0,0
1632,2DL-5PM,2025-07-03,17:00,10-21,31,15.5,10,21,11,1,1,1,1,2,0,0
1633,2DL-9PM,2025-07-03,21:00,14-29,43,21.5,14,29,15,1,1,1,1,2,0,0
1634,2DL-2PM,2025-07-04,14:00,16-06,22,11,6,16,10,2,0,2,0,2,0,0
1635,2DL-5PM,2025-07-04,17:00,29-26,55,27.5,26,29,3,1,1,0,2,2,0,0
1636,2DL-9PM,2025-07-04,21:00,04-28,32,16,4,28,24,2,0,1,1,2,0,0
1637,2DL-2PM,2025-07-05,14:00,21-19,40,20,19,21,2,0,2,0,2,2,0,0
1638,2DL-5PM,2025-07-05,17:00,10-05,15,7.5,5,10,5,1,1,2,0,2,0,0
1639,2DL-9PM,2025-07-05,21:00,23-22,45,22.5,22,23,1,1,1,0,2,2,1,0
1640,2DL-2PM,2025-07-06,14:00,25-28,53,26.5,25,28,3,1,1,0,2,2,0,0
1641,2DL-5PM,2025-07-06,17:00,11-30,41,20.5,11,30,19,1,1,1,1,2,0,0
1642,2DL-9PM,2025-07-06,21:00,17-08,25,12.5,8,17,9,1,1,1,1,2,0,0
1643,2DL-2PM,2025-07-07,14:00,27-11,38,19,11,27,16,0,2,1,1,2,0,0
1644,2DL-5PM,2025-07-07,17:00,23-16,39,19.5,16,23,7,1,1,1,1,2,0,0
1645,2DL-9PM,2025-07-07,21:00,21-03,24,12,3,21,18,0,2,1,1,2,0,0
1646,2DL-2PM,2025-07-08,14:00,11-14,25,12.5,11,14,3,1,1,2,0,2,0,0
1647,2DL-5PM,2025-07-08,17:00,30-19,49,24.5,19,30,11,1,1,0,2,2,0,0
1648,2DL-9PM,2025-07-08,21:00,02-21,23,11.5,2,21,19,1,1,1,1,2,0,0
1649,2DL-2PM,2025-07-09,14:00,22-16,38,19,16,22,6,2,0,1,1,2,0,0
1650,2DL-5PM,2025-07-09,17:00,03-01,4,2,1,3,2,0,2,2,0,2,0,0
1651,2DL-9PM,2025-07-09,21:00,13-31,44,22,13,31,18,0,2,1,1,2,0,0
1652,2DL-2PM,2025-07-10,14:00,04-21,25,12.5,4,21,17,1,1,1,1,2,0,0
1653,2DL-5PM,2025-07-10,17:00,18-19,37,18.5,18,19,1,1,1,0,2,2,1,0
1654,2DL-9PM,2025-07-10,21:00,29-14,43,21.5,14,29,15,1,1,1,1,2,0,0
1655,2DL-2PM,2025-07-11,14:00,21-08,29,14.5,8,21,13,1,1,1,1,2,0,0
1656,2DL-5PM,2025-07-11,17:00,19-31,50,25,19,31,12,0,2,0,2,2,0,0
1657,2DL-9PM,2025-07-11,21:00,30-24,54,27,24,30,6,2,0,0,2,2,0,0
1658,2DL-2PM,2025-07-12,14:00,15-26,41,20.5,15,26,11,1,1,1,1,2,0,0
1659,2DL-5PM,2025-07-12,17:00,22-31,53,26.5,22,31,9,1,1,0,2,2,0,0
1660,2DL-9PM,2025-07-12,21:00,27-09,36,18,9,27,18,0,2,1,1,2,0,0
1661,2DL-2PM,2025-07-13,14:00,21-23,44,22,21,23,2,0,2,0,2,2,0,0
1662,2DL-5PM,2025-07-13,17:00,21-02,23,11.5,2,21,19,1,1,1,1,2,0,1
1663,2DL-9PM,2025-07-13,21:00,23-11,34,17,11,23,12,0,2,1,1,2,0,0
1664,2DL-2PM,2025-07-14,14:00,28-27,55,27.5,27,28,1,1,1,0,2,2,1,0
1665,2DL-5PM,2025-07-14,17:00,13-16,29,14.5,13,16,3,1,1,2,0,2,0,0
1666,2DL-9PM,2025-07-14,21:00,22-17,39,19.5,17,22,5,1,1,0,2,2,0,0
1667,2DL-2PM,2025-07-15,14:00,05-27,32,16,5,27,22,0,2,1,1,2,0,0
1668,2DL-5PM,2025-07-15,17:00,20-23,43,21.5,20,23,3,1,1,0,2,2,0,0
1669,2DL-9PM,2025-07-15,21:00,25-06,31,15.5,6,25,19,1,1,1,1,2,0,0
1670,2DL-2PM,2025-07-16,14:00,07-15,22,11,7,15,8,0,2,2,0,2,0,0
1671,2DL-5PM,2025-07-16,17:00,27-30,57,28.5,27,30,3,1,1,0,2,2,0,0
1672,2DL-9PM,2025-07-16,21:00,27-10,37,18.5,10,27,17,1,1,1,1,2,0,1
1673,2DL-2PM,2025-07-17,14:00,08-17,25,12.5,8,17,9,1,1,1,1,2,0,0
1674,2DL-5PM,2025-07-17,17:00,27-05,32,16,5,27,22,0,2,1,1,2,0,0
1675,2DL-9PM,2025-07-17,21:00,06-03,9,4.5,3,6,3,1,1,2,0,2,0,0
1676,2DL-2PM,2025-07-18,14:00,21-14,35,17.5,14,21,7,1,1,1,1,2,0,0
1677,2DL-5PM,2025-07-18,17:00,10-10,20,10,10,10,0,2,0,2,0,1,0,0
1678,2DL-9PM,2025-07-18,21:00,08-02,10,5,2,8,6,2,0,2,0,2,0,0
1679,2DL-2PM,2025-07-19,14:00,30-02,32,16,2,30,28,2,0,1,1,2,0,1
1680,2DL-5PM,2025-07-19,17:00,11-01,12,6,1,11,10,0,2,2,0,2,0,0
1681,2DL-9PM,2025-07-19,21:00,31-31,62,31,31,31,0,0,2,0,2,1,0,0
1682,2DL-2PM,2025-07-20,14:00,21-27,48,24,21,27,6,0,2,0,2,2,0,0
1683,2DL-5PM,2025-07-20,17:00,23-19,42,21,19,23,4,0,2,0,2,2,0,0
1684,2DL-9PM,2025-07-20,21:00,07-12,19,9.5,7,12,5,1,1,2,0,2,0,0
1685,2DL-2PM,2025-07-21,14:00,20-28,48,24,20,28,8,2,0,0,2,2,0,0
1686,2DL-5PM,2025-07-21,17:00,21-28,49,24.5,21,28,7,1,1,0,2,2,0,1
1687,2DL-9PM,2025-07-21,21:00,08-14,22,11,8,14,6,2,0,2,0,2,0,0
1688,2DL-2PM,2025-07-22,14:00,06-19,25,12.5,6,19,13,1,1,1,1,2,0,0
1689,2DL-5PM,2025-07-22,17:00,28-07,35,17.5,7,28,21,1,1,1,1,2,0,0
1690,2DL-9PM,2025-07-22,21:00,02-07,9,4.5,2,7,5,1,1,2,0,2,0,1
1691,2DL-2PM,2025-07-23,14:00,10-11,21,10.5,10,11,1,1,1,2,0,2,1,0
1692,2DL-5PM,2025-07-23,17:00,29-05,34,17,5,29,24,0,2,1,1,2,0,0
1693,2DL-9PM,2025-07-23,21:00,22-09,31,15.5,9,22,13,1,1,1,1,2,0,0
1694,2DL-2PM,2025-07-24,14:00,14-03,17,8.5,3,14,11,1,1,2,0,2,0,0
1695,2DL-5PM,2025-07-24,17:00,23-18,41,20.5,18,23,5,1,1,0,2,2,0,0
1696,2DL-9PM,2025-07-24,21:00,08-09,17,8.5,8,9,1,1,1,2,0,2,1,0
1697,2DL-2PM,2025-07-25,14:00,23-24,47,23.5,23,24,1,1,1,0,2,2,1,0
1698,2DL-5PM,2025-07-25,17:00,20-06,26,13,6,20,14,2,0,1,1,2,0,0
1699,2DL-9PM,2025-07-25,21:00,28-09,37,18.5,9,28,19,1,1,1,1,2,0,0
1700,2DL-2PM,2025-07-26,14:00,26-22,48,24,22,26,4,2,0,0,2,2,0,0
1701,2DL-5PM,2025-07-26,17:00,06-11,17,8.5,6,11,5,1,1,2,0,2,0,0
1702,2DL-9PM,2025-07-26,21:00,30-15,45,22.5,15,30,15,1,1,1,1,2,0,0
1703,2DL-2PM,2025-07-27,14:00,05-10,15,7.5,5,10,5,1,1,2,0,2,0,0
1704,2DL-5PM,2025-07-27,17:00,17-04,21,10.5,4,17,13,1,1,1,1,2,0,0
1705,2DL-9PM,2025-07-27,21:00,07-14,21,10.5,7,14,7,1,1,2,0,2,0,0
1706,2DL-2PM,2025-07-28,14:00,11-09,20,10,9,11,2,0,2,2,0,2,0,0
1707,2DL-5PM,2025-07-28,17:00,07-18,25,12.5,7,18,11,1,1,1,1,2,0,0
1708,2DL-9PM,2025-07-28,21:00,18-16,34,17,16,18,2,2,0,1,1,2,0,1
1709,2DL-2PM,2025-07-29,14:00,21-21,42,21,21,21,0,0,2,0,2,1,0,0
1710,2DL-5PM,2025-07-29,17:00,13-08,21,10.5,8,13,5,1,1,2,0,2,0,0
1711,2DL-9PM,2025-07-29,21:00,23-12,35,17.5,12,23,11,1,1,1,1,2,0,0
1712,2DL-2PM,2025-07-30,14:00,21-08,29,14.5,8,21,13,1,1,1,1,2,0,0
1713,2DL-5PM,2025-07-30,17:00,09-01,10,5,1,9,8,0,2,2,0,2,0,0
1714,2DL-9PM,2025-07-30,21:00,12-06,18,9,6,12,6,2,0,2,0,2,0,0
1715,2DL-2PM,2025-07-31,14:00,19-17,36,18,17,19,2,0,2,0,2,2,0,0
1716,2DL-5PM,2025-07-31,17:00,28-26,54,27,26,28,2,2,0,0,2,2,0,0
1717,2DL-9PM,2025-07-31,21:00,19-08,27,13.5,8,19,11,1,1,1,1,2,0,0
1718,2DL-2PM,2025-08-01,14:00,08-21,29,14.5,8,21,13,1,1,1,1,2,0,1
1719,2DL-5PM,2025-08-01,17:00,16-09,25,12.5,9,16,7,1,1,2,0,2,0,0
1720,2DL-9PM,2025-08-01,21:00,09-01,10,5,1,9,8,0,2,2,0,2,0,1
1721,2DL-2PM,2025-08-02,14:00,20-06,26,13,6,20,14,2,0,1,1,2,0,0
1722,2DL-5PM,2025-08-02,17:00,14-20,34,17,14,20,6,2,0,1,1,2,0,1
1723,2DL-9PM,2025-08-02,21:00,30-27,57,28.5,27,30,3,1,1,0,2,2,0,0
1724,2DL-2PM,2025-08-03,14:00,01-21,22,11,1,21,20,0,2,1,1,2,0,0
1725,2DL-5PM,2025-08-03,17:00,16-25,41,20.5,16,25,9,1,1,1,1,2,0,0
1726,2DL-9PM,2025-08-03,21:00,08-20,28,14,8,20,12,2,0,1,1,2,0,0
1727,2DL-2PM,2025-08-04,14:00,02-28,30,15,2,28,26,2,0,1,1,2,0,0
1728,2DL-5PM,2025-08-04,17:00,05-02,7,3.5,2,5,3,1,1,2,0,2,0,1
1729,2DL-9PM,2025-08-04,21:00,22-06,28,14,6,22,16,2,0,1,1,2,0,0
1730,2DL-2PM,2025-08-05,14:00,12-18,30,15,12,18,6,2,0,1,1,2,0,0
1731,2DL-5PM,2025-08-05,17:00,18-09,27,13.5,9,18,9,1,1,1,1,2,0,1
1732,2DL-9PM,2025-08-05,21:00,03-10,13,6.5,3,10,7,1,1,2,0,2,0,0
1733,2DL-2PM,2025-08-06,14:00,16-26,42,21,16,26,10,2,0,1,1,2,0,0
1734,2DL-5PM,2025-08-06,17:00,30-10,40,20,10,30,20,2,0,1,1,2,0,0
1735,2DL-9PM,2025-08-06,21:00,05-18,23,11.5,5,18,13,1,1,1,1,2,0,0
1736,2DL-2PM,2025-08-07,14:00,02-22,24,12,2,22,20,2,0,1,1,2,0,0
1737,2DL-5PM,2025-08-07,17:00,15-21,36,18,15,21,6,0,2,1,1,2,0,0
1738,2DL-9PM,2025-08-07,21:00,20-02,22,11,2,20,18,2,0,1,1,2,0,0
1739,2DL-2PM,2025-08-08,14:00,25-10,35,17.5,10,25,15,1,1,1,1,2,0,0
1740,2DL-5PM,2025-08-08,17:00,31-03,34,17,3,31,28,0,2,1,1,2,0,0
1741,2DL-9PM,2025-08-08,21:00,04-18,22,11,4,18,14,2,0,1,1,2,0,0
1742,2DL-2PM,2025-08-09,14:00,10-03,13,6.5,3,10,7,1,1,2,0,2,0,0
1743,2DL-5PM,2025-08-09,17:00,19-09,28,14,9,19,10,0,2,1,1,2,0,0
1744,2DL-9PM,2025-08-09,21:00,04-29,33,16.5,4,29,25,1,1,1,1,2,0,0
1745,2DL-2PM,2025-08-10,14:00,30-09,39,19.5,9,30,21,1,1,1,1,2,0,0
1746,2DL-5PM,2025-08-10,17:00,18-19,37,18.5,18,19,1,1,1,0,2,2,1,0
1747,2DL-9PM,2025-08-10,21:00,01-21,22,11,1,21,20,0,2,1,1,2,0,0
1748,2DL-2PM,2025-08-11,14:00,06-02,8,4,2,6,4,2,0,2,0,2,0,0
1749,2DL-5PM,2025-08-11,17:00,15-03,18,9,3,15,12,0,2,2,0,2,0,0
1750,2DL-9PM,2025-08-11,21:00,25-13,38,19,13,25,12,0,2,1,1,2,0,0
1751,2DL-2PM,2025-08-12,14:00,19-12,31,15.5,12,19,7,1,1,1,1,2,0,0
1752,2DL-5PM,2025-08-12,17:00,28-30,58,29,28,30,2,2,0,0,2,2,0,0
1753,2DL-9PM,2025-08-12,21:00,10-27,37,18.5,10,27,17,1,1,1,1,2,0,0
1754,2DL-2PM,2025-08-13,14:00,31-14,45,22.5,14,31,17,1,1,1,1,2,0,0
1755,2DL-5PM,2025-08-13,17:00,31-20,51,25.5,20,31,11,1,1,0,2,2,0,1
1756,2DL-9PM,2025-08-13,21:00,02-02,4,2,2,2,0,2,0,2,0,1,0,0
1757,2DL-2PM,2025-08-14,14:00,25-15,40,20,15,25,10,0,2,1,1,2,0,0
1758,2DL-5PM,2025-08-14,17:00,26-30,56,28,26,30,4,2,0,0,2,2,0,0
1759,2DL-9PM,2025-08-14,21:00,29-18,47,23.5,18,29,11,1,1,0,2,2,0,0
1760,2DL-2PM,2025-08-15,14:00,08-30,38,19,8,30,22,2,0,1,1,2,0,0
1761,2DL-5PM,2025-08-15,17:00,06-19,25,12.5,6,19,13,1,1,1,1,2,0,0
1762,2DL-9PM,2025-08-15,21:00,03-20,23,11.5,3,20,17,1,1,1,1,2,0,0
1763,2DL-2PM,2025-08-16,14:00,01-07,8,4,1,7,6,0,2,2,0,2,0,0
1764,2DL-5PM,2025-08-16,17:00,04-10,14,7,4,10,6,2,0,2,0,2,0,0
1765,2DL-9PM,2025-08-16,21:00,12-27,39,19.5,12,27,15,1,1,1,1,2,0,0
1766,2DL-2PM,2025-08-17,14:00,04-13,17,8.5,4,13,9,1,1,2,0,2,0,0
1767,2DL-5PM,2025-08-17,17:00,04-15,19,9.5,4,15,11,1,1,2,0,2,0,1
1768,2DL-9PM,2025-08-17,21:00,09-11,20,10,9,11,2,0,2,2,0,2,0,0
1769,2DL-2PM,2025-08-18,14:00,10-02,12,6,2,10,8,2,0,2,0,2,0,0
1770,2DL-5PM,2025-08-18,17:00,19-22,41,20.5,19,22,3,1,1,0,2,2,0,0
1771,2DL-9PM,2025-08-18,21:00,21-22,43,21.5,21,22,1,1,1,0,2,2,1,1
1772,2DL-2PM,2025-08-19,14:00,29-02,31,15.5,2,29,27,1,1,1,1,2,0,0
1773,2DL-5PM,2025-08-19,17:00,31-22,53,26.5,22,31,9,1,1,0,2,2,0,0
1774,2DL-9PM,2025-08-19,21:00,08-30,38,19,8,30,22,2,0,1,1,2,0,0
1775,2DL-2PM,2025-08-20,14:00,02-02,4,2,2,2,0,2,0,2,0,1,0,0
1776,2DL-5PM,2025-08-20,17:00,02-10,12,6,2,10,8,2,0,2,0,2,0,1
1777,2DL-9PM,2025-08-20,21:00,30-06,36,18,6,30,24,2,0,1,1,2,0,0
1778,2DL-2PM,2025-08-21,14:00,27-15,42,21,15,27,12,0,2,1,1,2,0,0
1779,2DL-5PM,2025-08-21,17:00,20-25,45,22.5,20,25,5,1,1,0,2,2,0,0
1780,2DL-9PM,2025-08-21,21:00,28-05,33,16.5,5,28,23,1,1,1,1,2,0,0
1781,2DL-2PM,2025-08-22,14:00,04-12,16,8,4,12,8,2,0,2,0,2,0,0
1782,2DL-5PM,2025-08-22,17:00,30-24,54,27,24,30,6,2,0,0,2,2,0,0
1783,2DL-9PM,2025-08-22,21:00,14-27,41,20.5,14,27,13,1,1,1,1,2,0,0
1784,2DL-2PM,2025-08-23,14:00,29-16,45,22.5,16,29,13,1,1,1,1,2,0,0
1785,2DL-5PM,2025-08-23,17:00,07-11,18,9,7,11,4,0,2,2,0,2,0,0
1786,2DL-9PM,2025-08-23,21:00,14-18,32,16,14,18,4,2,0,1,1,2,0,0
1787,2DL-2PM,2025-08-24,14:00,29-18,47,23.5,18,29,11,1,1,0,2,2,0,1
1788,2DL-5PM,2025-08-24,17:00,23-31,54,27,23,31,8,0,2,0,2,2,0,0
1789,2DL-9PM,2025-08-24,21:00,05-24,29,14.5,5,24,19,1,1,1,1,2,0,0
1790,2DL-2PM,2025-08-25,14:00,21-18,39,19.5,18,21,3,1,1,0,2,2,0,0
1791,2DL-5PM,2025-08-25,17:00,18-11,29,14.5,11,18,7,1,1,1,1,2,0,1
1792,2DL-9PM,2025-08-25,21:00,16-23,39,19.5,16,23,7,1,1,1,1,2,0,0
1793,2DL-2PM,2025-08-26,14:00,30-05,35,17.5,5,30,25,1,1,1,1,2,0,0
1794,2DL-5PM,2025-08-26,17:00,08-20,28,14,8,20,12,2,0,1,1,2,0,0
1795,2DL-9PM,2025-08-26,21:00,16-16,32,16,16,16,0,2,0,2,0,1,0,0
1796,2DL-2PM,2025-08-27,14:00,16-02,18,9,2,16,14,2,0,2,0,2,0,1
1797,2DL-5PM,2025-08-27,17:00,21-07,28,14,7,21,14,0,2,1,1,2,0,0
1798,2DL-9PM,2025-08-27,21:00,11-12,23,11.5,11,12,1,1,1,2,0,2,1,0
1799,2DL-2PM,2025-08-28,14:00,28-13,41,20.5,13,28,15,1,1,1,1,2,0,0
1800,2DL-5PM,2025-08-28,17:00,25-19,44,22,19,25,6,0,2,0,2,2,0,0
1801,2DL-9PM,2025-08-28,21:00,12-04,16,8,4,12,8,2,0,2,0,2,0,0
1802,2DL-2PM,2025-08-29,14:00,29-31,60,30,29,31,2,0,2,0,2,2,0,0
1803,2DL-5PM,2025-08-29,17:00,16-14,30,15,14,16,2,2,0,2,0,2,0,0
1804,2DL-9PM,2025-08-29,21:00,16-29,45,22.5,16,29,13,1,1,1,1,2,0,1
1805,2DL-2PM,2025-08-30,14:00,06-29,35,17.5,6,29,23,1,1,1,1,2,0,1
1806,2DL-5PM,2025-08-30,17:00,02-14,16,8,2,14,12,2,0,2,0,2,0,0
1807,2DL-9PM,2025-08-30,21:00,20-12,32,16,12,20,8,2,0,1,1,2,0,0
1808,2DL-2PM,2025-08-31,14:00,01-28,29,14.5,1,28,27,1,1,1,1,2,0,0
1809,2DL-5PM,2025-08-31,17:00,23-19,42,21,19,23,4,0,2,0,2,2,0,0
1810,2DL-9PM,2025-08-31,21:00,16-09,25,12.5,9,16,7,1,1,2,0,2,0,0
1811,2DL-2PM,2025-09-01,14:00,01-11,12,6,1,11,10,0,2,2,0,2,0,0
1812,2DL-5PM,2025-09-01,17:00,05-05,10,5,5,5,0,0,2,2,0,1,0,0
1813,2DL-9PM,2025-09-01,21:00,07-23,30,15,7,23,16,0,2,1,1,2,0,0
1814,2DL-2PM,2025-09-02,14:00,14-15,29,14.5,14,15,1,1,1,2,0,2,1,0
1815,2DL-5PM,2025-09-02,17:00,23-30,53,26.5,23,30,7,1,1,0,2,2,0,0
1816,2DL-9PM,2025-09-02,21:00,07-19,26,13,7,19,12,0,2,1,1,2,0,0
1817,2DL-2PM,2025-09-03,14:00,18-20,38,19,18,20,2,2,0,0,2,2,0,0
1818,2DL-5PM,2025-09-03,17:00,23-25,48,24,23,25,2,0,2,0,2,2,0,0
1819,2DL-9PM,2025-09-03,21:00,11-05,16,8,5,11,6,0,2,2,0,2,0,0
1820,2DL-2PM,2025-09-04,14:00,31-17,48,24,17,31,14,0,2,0,2,2,0,0
1821,2DL-5PM,2025-09-04,17:00,24-11,35,17.5,11,24,13,1,1,1,1,2,0,0
1822,2DL-9PM,2025-09-04,21:00,14-19,33,16.5,14,19,5,1,1,1,1,2,0,0
1823,2DL-2PM,2025-09-05,14:00,08-16,24,12,8,16,8,2,0,2,0,2,0,0
1824,2DL-5PM,2025-09-05,17:00,13-10,23,11.5,10,13,3,1,1,2,0,2,0,0
1825,2DL-9PM,2025-09-05,21:00,05-10,15,7.5,5,10,5,1,1,2,0,2,0,1
1826,2DL-2PM,2025-09-06,14:00,23-06,29,14.5,6,23,17,1,1,1,1,2,0,0
1827,2DL-5PM,2025-09-06,17:00,11-29,40,20,11,29,18,0,2,1,1,2,0,0
1828,2DL-9PM,2025-09-06,21:00,12-19,31,15.5,12,19,7,1,1,1,1,2,0,0
1829,2DL-2PM,2025-09-07,14:00,01-03,4,2,1,3,2,0,2,2,0,2,0,0
1830,2DL-5PM,2025-09-07,17:00,16-03,19,9.5,3,16,13,1,1,2,0,2,0,1
1831,2DL-9PM,2025-09-07,21:00,04-11,15,7.5,4,11,7,1,1,2,0,2,0,0
1832,2DL-2PM,2025-09-08,14:00,27-16,43,21.5,16,27,11,1,1,1,1,2,0,0
1833,2DL-5PM,2025-09-08,17:00,06-19,25,12.5,6,19,13,1,1,1,1,2,0,0
1834,2DL-9PM,2025-09-08,21:00,27-09,36,18,9,27,18,0,2,1,1,2,0,0
1835,2DL-2PM,2025-09-09,14:00,04-26,30,15,4,26,22,2,0,1,1,2,0,0
1836,2DL-5PM,2025-09-09,17:00,17-07,24,12,7,17,10,0,2,1,1,2,0,0
1837,2DL-9PM,2025-09-09,21:00,20-04,24,12,4,20,16,2,0,1,1,2,0,0
1838,2DL-2PM,2025-09-10,14:00,20-25,45,22.5,20,25,5,1,1,0,2,2,0,1
1839,2DL-5PM,2025-09-10,17:00,25-10,35,17.5,10,25,15,1,1,1,1,2,0,1
1840,2DL-9PM,2025-09-10,21:00,17-28,45,22.5,17,28,11,1,1,0,2,2,0,0
1841,2DL-2PM,2025-09-11,14:00,29-28,57,28.5,28,29,1,1,1,0,2,2,1,1
1842,2DL-5PM,2025-09-11,17:00,16-13,29,14.5,13,16,3,1,1,2,0,2,0,0
1843,2DL-9PM,2025-09-11,21:00,09-04,13,6.5,4,9,5,1,1,2,0,2,0,0
1844,2DL-2PM,2025-09-12,14:00,03-01,4,2,1,3,2,0,2,2,0,2,0,0
1845,2DL-5PM,2025-09-12,17:00,22-29,51,25.5,22,29,7,1,1,0,2,2,0,0
1846,2DL-9PM,2025-09-12,21:00,05-23,28,14,5,23,18,0,2,1,1,2,0,0
1847,2DL-2PM,2025-09-13,14:00,08-20,28,14,8,20,12,2,0,1,1,2,0,0
1848,2DL-5PM,2025-09-13,17:00,16-16,32,16,16,16,0,2,0,2,0,1,0,0
1849,2DL-9PM,2025-09-13,21:00,14-02,16,8,2,14,12,2,0,2,0,2,0,0
1850,2DL-2PM,2025-09-14,14:00,22-31,53,26.5,22,31,9,1,1,0,2,2,0,0
1851,2DL-5PM,2025-09-14,17:00,09-15,24,12,9,15,6,0,2,2,0,2,0,0
1852,2DL-9PM,2025-09-14,21:00,21-12,33,16.5,12,21,9,1,1,1,1,2,0,0
1853,2DL-2PM,2025-09-15,14:00,11-17,28,14,11,17,6,0,2,1,1,2,0,0
1854,2DL-5PM,2025-09-15,17:00,23-19,42,21,19,23,4,0,2,0,2,2,0,0
1855,2DL-9PM,2025-09-15,21:00,31-23,54,27,23,31,8,0,2,0,2,2,0,1
1856,2DL-2PM,2025-09-16,14:00,28-07,35,17.5,7,28,21,1,1,1,1,2,0,0
1857,2DL-5PM,2025-09-16,17:00,26-08,34,17,8,26,18,2,0,1,1,2,0,0
1858,2DL-9PM,2025-09-16,21:00,08-17,25,12.5,8,17,9,1,1,1,1,2,0,1
1859,2DL-2PM,2025-09-17,14:00,15-26,41,20.5,15,26,11,1,1,1,1,2,0,0
1860,2DL-5PM,2025-09-17,17:00,25-02,27,13.5,2,25,23,1,1,1,1,2,0,0
1861,2DL-9PM,2025-09-17,21:00,01-02,3,1.5,1,2,1,1,1,2,0,2,1,1
1862,2DL-2PM,2025-09-18,14:00,24-19,43,21.5,19,24,5,1,1,0,2,2,0,0
1863,2DL-5PM,2025-09-18,17:00,29-25,54,27,25,29,4,0,2,0,2,2,0,0
1864,2DL-9PM,2025-09-18,21:00,27-31,58,29,27,31,4,0,2,0,2,2,0,0
1865,2DL-2PM,2025-09-19,14:00,28-01,29,14.5,1,28,27,1,1,1,1,2,0,0
1866,2DL-5PM,2025-09-19,17:00,02-02,4,2,2,2,0,2,0,2,0,1,0,0
1867,2DL-9PM,2025-09-19,21:00,17-04,21,10.5,4,17,13,1,1,1,1,2,0,0
1868,2DL-2PM,2025-09-20,14:00,25-22,47,23.5,22,25,3,1,1,0,2,2,0,0
1869,2DL-5PM,2025-09-20,17:00,24-13,37,18.5,13,24,11,1,1,1,1,2,0,0
1870,2DL-9PM,2025-09-20,21:00,11-30,41,20.5,11,30,19,1,1,1,1,2,0,0
1871,2DL-2PM,2025-09-21,14:00,13-01,14,7,1,13,12,0,2,2,0,2,0,0
1872,2DL-5PM,2025-09-21,17:00,24-09,33,16.5,9,24,15,1,1,1,1,2,0,0
1873,2DL-9PM,2025-09-21,21:00,03-14,17,8.5,3,14,11,1,1,2,0,2,0,0
1874,2DL-2PM,2025-09-22,14:00,06-24,30,15,6,24,18,2,0,1,1,2,0,0
1875,2DL-5PM,2025-09-22,17:00,13-07,20,10,7,13,6,0,2,2,0,2,0,0
1876,2DL-9PM,2025-09-22,21:00,06-13,19,9.5,6,13,7,1,1,2,0,2,0,1
1877,2DL-2PM,2025-09-23,14:00,08-09,17,8.5,8,9,1,1,1,2,0,2,1,0
1878,2DL-5PM,2025-09-23,17:00,06-07,13,6.5,6,7,1,1,1,2,0,2,1,0
1879,2DL-9PM,2025-09-23,21:00,12-25,37,18.5,12,25,13,1,1,1,1,2,0,0
1880,2DL-2PM,2025-09-24,14:00,10-20,30,15,10,20,10,2,0,1,1,2,0,0
1881,2DL-5PM,2025-09-24,17:00,18-16,34,17,16,18,2,2,0,1,1,2,0,0
1882,2DL-9PM,2025-09-24,21:00,24-10,34,17,10,24,14,2,0,1,1,2,0,0
1883,2DL-2PM,2025-09-25,14:00,16-03,19,9.5,3,16,13,1,1,2,0,2,0,0
1884,2DL-5PM,2025-09-25,17:00,09-16,25,12.5,9,16,7,1,1,2,0,2,0,1
1885,2DL-9PM,2025-09-25,21:00,20-16,36,18,16,20,4,2,0,1,1,2,0,1
1886,2DL-2PM,2025-09-26,14:00,04-29,33,16.5,4,29,25,1,1,1,1,2,0,0
1887,2DL-5PM,2025-09-26,17:00,25-15,40,20,15,25,10,0,2,1,1,2,0,0
1888,2DL-9PM,2025-09-26,21:00,03-09,12,6,3,9,6,0,2,2,0,2,0,0
1889,2DL-2PM,2025-09-27,14:00,28-15,43,21.5,15,28,13,1,1,1,1,2,0,0
1890,2DL-5PM,2025-09-27,17:00,06-24,30,15,6,24,18,2,0,1,1,2,0,0
1891,2DL-9PM,2025-09-27,21:00,22-21,43,21.5,21,22,1,1,1,0,2,2,1,0
1892,2DL-2PM,2025-09-28,14:00,06-08,14,7,6,8,2,2,0,2,0,2,0,0
1893,2DL-5PM,2025-09-28,17:00,06-04,10,5,4,6,2,2,0,2,0,2,0,1
1894,2DL-9PM,2025-09-28,21:00,05-09,14,7,5,9,4,0,2,2,0,2,0,0
1895,2DL-2PM,2025-09-29,14:00,12-28,40,20,12,28,16,2,0,1,1,2,0,0
1896,2DL-5PM,2025-09-29,17:00,23-26,49,24.5,23,26,3,1,1,0,2,2,0,0
1897,2DL-9PM,2025-09-29,21:00,23-22,45,22.5,22,23,1,1,1,0,2,2,1,1
1898,2DL-2PM,2025-09-30,14:00,01-13,14,7,1,13,12,0,2,2,0,2,0,0
1899,2DL-5PM,2025-09-30,17:00,12-10,22,11,10,12,2,2,0,2,0,2,0,0
1900,2DL-9PM,2025-09-30,21:00,31-08,39,19.5,8,31,23,1,1,1,1,2,0,0
1901,2DL-2PM,2025-10-01,14:00,04-01,5,2.5,1,4,3,1,1,2,0,2,0,0
1902,2DL-5PM,2025-10-01,17:00,09-02,11,5.5,2,9,7,1,1,2,0,2,0,0
1903,2DL-9PM,2025-10-01,21:00,03-16,19,9.5,3,16,13,1,1,2,0,2,0,0
1904,2DL-2PM,2025-10-02,14:00,30-29,59,29.5,29,30,1,1,1,0,2,2,1,0
1905,2DL-5PM,2025-10-02,17:00,21-17,38,19,17,21,4,0,2,0,2,2,0,0
1906,2DL-9PM,2025-10-02,21:00,29-05,34,17,5,29,24,0,2,1,1,2,0,0
1907,2DL-2PM,2025-10-03,14:00,30-26,56,28,26,30,4,2,0,0,2,2,0,0
1908,2DL-5PM,2025-10-03,17:00,13-23,36,18,13,23,10,0,2,1,1,2,0,0
1909,2DL-9PM,2025-10-03,21:00,13-31,44,22,13,31,18,0,2,1,1,2,0,1
1910,2DL-2PM,2025-10-04,14:00,10-29,39,19.5,10,29,19,1,1,1,1,2,0,0
1911,2DL-5PM,2025-10-04,17:00,15-05,20,10,5,15,10,0,2,2,0,2,0,0
1912,2DL-9PM,2025-10-04,21:00,01-31,32,16,1,31,30,0,2,1,1,2,0,0
1913,2DL-2PM,2025-10-05,14:00,10-27,37,18.5,10,27,17,1,1,1,1,2,0,0
1914,2DL-5PM,2025-10-05,17:00,12-17,29,14.5,12,17,5,1,1,1,1,2,0,0
1915,2DL-9PM,2025-10-05,21:00,11-16,27,13.5,11,16,5,1,1,2,0,2,0,0
1916,2DL-2PM,2025-10-06,14:00,29-25,54,27,25,29,4,0,2,0,2,2,0,0
1917,2DL-5PM,2025-10-06,17:00,29-29,58,29,29,29,0,0,2,0,2,1,0,1
1918,2DL-9PM,2025-10-06,21:00,05-24,29,14.5,5,24,19,1,1,1,1,2,0,0
1919,2DL-2PM,2025-10-07,14:00,03-10,13,6.5,3,10,7,1,1,2,0,2,0,0
1920,2DL-5PM,2025-10-07,17:00,17-20,37,18.5,17,20,3,1,1,0,2,2,0,0
1921,2DL-9PM,2025-10-07,21:00,19-13,32,16,13,19,6,0,2,1,1,2,0,0
1922,2DL-2PM,2025-10-08,14:00,30-13,43,21.5,13,30,17,1,1,1,1,2,0,1
1923,2DL-5PM,2025-10-08,17:00,14-21,35,17.5,14,21,7,1,1,1,1,2,0,0
1924,2DL-9PM,2025-10-08,21:00,06-10,16,8,6,10,4,2,0,2,0,2,0,0
1925,2DL-2PM,2025-10-09,14:00,17-22,39,19.5,17,22,5,1,1,0,2,2,0,0
1926,2DL-5PM,2025-10-09,17:00,12-24,36,18,12,24,12,2,0,1,1,2,0,0
1927,2DL-9PM,2025-10-09,21:00,11-08,19,9.5,8,11,3,1,1,2,0,2,0,0
1928,2DL-2PM,2025-10-10,14:00,13-03,16,8,3,13,10,0,2,2,0,2,0,0
1929,2DL-5PM,2025-10-10,17:00,26-28,54,27,26,28,2,2,0,0,2,2,0,0
1930,2DL-9PM,2025-10-10,21:00,15-18,33,16.5,15,18,3,1,1,1,1,2,0,0
1931,2DL-2PM,2025-10-11,14:00,09-30,39,19.5,9,30,21,1,1,1,1,2,0,0
1932,2DL-5PM,2025-10-11,17:00,23-08,31,15.5,8,23,15,1,1,1,1,2,0,0
1933,2DL-9PM,2025-10-11,21:00,23-27,50,25,23,27,4,0,2,0,2,2,0,1
1934,2DL-2PM,2025-10-12,14:00,01-18,19,9.5,1,18,17,1,1,1,1,2,0,0
1935,2DL-5PM,2025-10-12,17:00,17-03,20,10,3,17,14,0,2,1,1,2,0,0
1936,2DL-9PM,2025-10-12,21:00,12-03,15,7.5,3,12,9,1,1,2,0,2,0,1
1937,2DL-2PM,2025-10-13,14:00,11-18,29,14.5,11,18,7,1,1,1,1,2,0,0
1938,2DL-5PM,2025-10-13,17:00,28-05,33,16.5,5,28,23,1,1,1,1,2,0,0
1939,2DL-9PM,2025-10-13,21:00,22-04,26,13,4,22,18,2,0,1,1,2,0,0
1940,2DL-2PM,2025-10-14,14:00,10-21,31,15.5,10,21,11,1,1,1,1,2,0,0
1941,2DL-5PM,2025-10-14,17:00,11-14,25,12.5,11,14,3,1,1,2,0,2,0,0
1942,2DL-9PM,2025-10-14,21:00,02-28,30,15,2,28,26,2,0,1,1,2,0,0
1943,2DL-2PM,2025-10-15,14:00,14-02,16,8,2,14,12,2,0,2,0,2,0,1
1944,2DL-5PM,2025-10-15,17:00,28-26,54,27,26,28,2,2,0,0,2,2,0,0
1945,2DL-9PM,2025-10-15,21:00,10-27,37,18.5,10,27,17,1,1,1,1,2,0,0
1946,2DL-2PM,2025-10-16,14:00,29-11,40,20,11,29,18,0,2,1,1,2,0,0
1947,2DL-5PM,2025-10-16,17:00,19-07,26,13,7,19,12,0,2,1,1,2,0,0
1948,2DL-9PM,2025-10-16,21:00,01-14,15,7.5,1,14,13,1,1,2,0,2,0,0
1949,2DL-2PM,2025-10-17,14:00,01-05,6,3,1,5,4,0,2,2,0,2,0,1
1950,2DL-5PM,2025-10-17,17:00,15-13,28,14,13,15,2,0,2,2,0,2,0,0
1951,2DL-9PM,2025-10-17,21:00,11-24,35,17.5,11,24,13,1,1,1,1,2,0,0
1952,2DL-2PM,2025-10-18,14:00,07-02,9,4.5,2,7,5,1,1,2,0,2,0,0
1953,2DL-5PM,2025-10-18,17:00,22-11,33,16.5,11,22,11,1,1,1,1,2,0,0
1954,2DL-9PM,2025-10-18,21:00,03-20,23,11.5,3,20,17,1,1,1,1,2,0,0
1955,2DL-2PM,2025-10-19,14:00,02-28,30,15,2,28,26,2,0,1,1,2,0,0
1956,2DL-5PM,2025-10-19,17:00,18-31,49,24.5,18,31,13,1,1,0,2,2,0,0
1957,2DL-9PM,2025-10-19,21:00,18-05,23,11.5,5,18,13,1,1,1,1,2,0,1
1958,2DL-2PM,2025-10-20,14:00,10-16,26,13,10,16,6,2,0,2,0,2,0,0
1959,2DL-5PM,2025-10-20,17:00,20-22,42,21,20,22,2,2,0,0,2,2,0,0
1960,2DL-9PM,2025-10-20,21:00,01-04,5,2.5,1,4,3,1,1,2,0,2,0,0
1961,2DL-2PM,2025-10-21,14:00,25-18,43,21.5,18,25,7,1,1,0,2,2,0,0
1962,2DL-5PM,2025-10-21,17:00,28-27,55,27.5,27,28,1,1,1,0,2,2,1,0
1963,2DL-9PM,2025-10-21,21:00,08-31,39,19.5,8,31,23,1,1,1,1,2,0,0
1964,2DL-2PM,2025-10-22,14:00,11-24,35,17.5,11,24,13,1,1,1,1,2,0,0
1965,2DL-5PM,2025-10-22,17:00,15-26,41,20.5,15,26,11,1,1,1,1,2,0,0
1966,2DL-9PM,2025-10-22,21:00,29-22,51,25.5,22,29,7,1,1,0,2,2,0,0
1967,2DL-2PM,2025-10-23,14:00,19-21,40,20,19,21,2,0,2,0,2,2,0,0
1968,2DL-5PM,2025-10-23,17:00,22-20,42,21,20,22,2,2,0,0,2,2,0,0
1969,2DL-9PM,2025-10-23,21:00,09-26,35,17.5,9,26,17,1,1,1,1,2,0,0
1970,2DL-2PM,2025-10-24,14:00,09-03,12,6,3,9,6,0,2,2,0,2,0,1
1971,2DL-5PM,2025-10-24,17:00,19-19,38,19,19,19,0,0,2,0,2,1,0,0
1972,2DL-9PM,2025-10-24,21:00,28-30,58,29,28,30,2,2,0,0,2,2,0,0
1973,2DL-2PM,2025-10-25,14:00,05-20,25,12.5,5,20,15,1,1,1,1,2,0,0
1974,2DL-5PM,2025-10-25,17:00,20-14,34,17,14,20,6,2,0,1,1,2,0,1
1975,2DL-9PM,2025-10-25,21:00,08-09,17,8.5,8,9,1,1,1,2,0,2,1,0
1976,2DL-2PM,2025-10-26,14:00,06-08,14,7,6,8,2,2,0,2,0,2,0,1
1977,2DL-5PM,2025-10-26,17:00,14-22,36,18,14,22,8,2,0,1,1,2,0,0
1978,2DL-9PM,2025-10-26,21:00,12-12,24,12,12,12,0,2,0,2,0,1,0,0
1979,2DL-2PM,2025-10-27,14:00,13-12,25,12.5,12,13,1,1,1,2,0,2,1,1
1980,2DL-5PM,2025-10-27,17:00,14-20,34,17,14,20,6,2,0,1,1,2,0,0
1981,2DL-9PM,2025-10-27,21:00,09-05,14,7,5,9,4,0,2,2,0,2,0,0
1982,2DL-2PM,2025-10-28,14:00,13-14,27,13.5,13,14,1,1,1,2,0,2,1,0
1983,2DL-5PM,2025-10-28,17:00,25-06,31,15.5,6,25,19,1,1,1,1,2,0,0
1984,2DL-9PM,2025-10-28,21:00,31-14,45,22.5,14,31,17,1,1,1,1,2,0,0
1985,2DL-5PM,2025-10-29,17:00,04-17,21,10.5,4,17,13,1,1,1,1,2,0,0
1986,2DL-9PM,2025-10-29,21:00,28-13,41,20.5,13,28,15,1,1,1,1,2,0,0
1987,2DL-2PM,2025-10-30,14:00,24-08,32,16,8,24,16,2,0,1,1,2,0,0
1988,2DL-5PM,2025-10-30,17:00,17-20,37,18.5,17,20,3,1,1,0,2,2,0,0
1989,2DL-9PM,2025-10-30,21:00,06-01,7,3.5,1,6,5,1,1,2,0,2,0,0
1990,2DL-2PM,2025-10-31,14:00,29-17,46,23,17,29,12,0,2,0,2,2,0,0
1991,2DL-5PM,2025-10-31,17:00,26-08,34,17,8,26,18,2,0,1,1,2,0,0
1992,2DL-9PM,2025-10-31,21:00,30-24,54,27,24,30,6,2,0,0,2,2,0,0
1993,2DL-2PM,2025-11-01,14:00,14-12,26,13,12,14,2,2,0,2,0,2,0,0
1994,2DL-5PM,2025-11-01,17:00,28-15,43,21.5,15,28,13,1,1,1,1,2,0,0
1995,2DL-9PM,2025-11-01,21:00,07-12,19,9.5,7,12,5,1,1,2,0,2,0,0
1996,2DL-2PM,2025-11-02,14:00,13-27,40,20,13,27,14,0,2,1,1,2,0,0
1997,2DL-5PM,2025-11-02,17:00,28-05,33,16.5,5,28,23,1,1,1,1,2,0,0
1998,2DL-9PM,2025-11-02,21:00,03-21,24,12,3,21,18,0,2,1,1,2,0,0
1999,2DL-2PM,2025-11-03,14:00,23-24,47,23.5,23,24,1,1,1,0,2,2,1,0
2000,2DL-5PM,2025-11-03,17:00,14-06,20,10,6,14,8,2,0,2,0,2,0,0
2001,2DL-9PM,2025-11-03,21:00,05-23,28,14,5,23,18,0,2,1,1,2,0,0
2002,2DL-2PM,2025-11-04,14:00,25-07,32,16,7,25,18,0,2,1,1,2,0,0
2003,2DL-5PM,2025-11-04,17:00,17-13,30,15,13,17,4,0,2,1,1,2,0,0
2004,2DL-9PM,2025-11-04,21:00,27-06,33,16.5,6,27,21,1,1,1,1,2,0,0
2005,2DL-2PM,2025-11-05,14:00,06-06,12,6,6,6,0,2,0,2,0,1,0,1
2006,2DL-5PM,2025-11-05,17:00,01-16,17,8.5,1,16,15,1,1,2,0,2,0,0
2007,2DL-9PM,2025-11-05,21:00,04-13,17,8.5,4,13,9,1,1,2,0,2,0,0
2008,2DL-2PM,2025-11-06,14:00,26-22,48,24,22,26,4,2,0,0,2,2,0,0
2009,2DL-5PM,2025-11-06,17:00,09-02,11,5.5,2,9,7,1,1,2,0,2,0,0
2010,2DL-9PM,2025-11-06,21:00,28-26,54,27,26,28,2,2,0,0,2,2,0,0
2011,2DL-2PM,2025-11-07,14:00,05-31,36,18,5,31,26,0,2,1,1,2,0,0
2012,2DL-5PM,2025-11-07,17:00,14-20,34,17,14,20,6,2,0,1,1,2,0,0
2013,2DL-9PM,2025-11-07,21:00,29-29,58,29,29,29,0,0,2,0,2,1,0,0
2014,2DL-2PM,2025-11-08,14:00,17-15,32,16,15,17,2,0,2,1,1,2,0,0
2015,2DL-5PM,2025-11-08,17:00,06-08,14,7,6,8,2,2,0,2,0,2,0,0
2016,2DL-9PM,2025-11-08,21:00,02-05,7,3.5,2,5,3,1,1,2,0,2,0,0
2017,2DL-2PM,2025-11-09,14:00,29-13,42,21,13,29,16,0,2,1,1,2,0,0
2018,2DL-5PM,2025-11-09,17:00,09-25,34,17,9,25,16,0,2,1,1,2,0,0
2019,2DL-9PM,2025-11-09,21:00,06-27,33,16.5,6,27,21,1,1,1,1,2,0,0
2020,2DL-2PM,2025-11-10,14:00,07-26,33,16.5,7,26,19,1,1,1,1,2,0,0
2021,2DL-5PM,2025-11-10,17:00,03-15,18,9,3,15,12,0,2,2,0,2,0,0
2022,2DL-9PM,2025-11-10,21:00,09-22,31,15.5,9,22,13,1,1,1,1,2,0,0
2023,2DL-2PM,2025-11-11,14:00,20-14,34,17,14,20,6,2,0,1,1,2,0,0
2024,2DL-5PM,2025-11-11,17:00,04-31,35,17.5,4,31,27,1,1,1,1,2,0,0
2025,2DL-9PM,2025-11-11,21:00,07-19,26,13,7,19,12,0,2,1,1,2,0,0
2026,2DL-2PM,2025-11-12,14:00,21-04,25,12.5,4,21,17,1,1,1,1,2,0,0
2027,2DL-5PM,2025-11-12,17:00,24-05,29,14.5,5,24,19,1,1,1,1,2,0,0
2028,2DL-9PM,2025-11-12,21:00,03-30,33,16.5,3,30,27,1,1,1,1,2,0,0
2029,2DL-2PM,2025-11-13,14:00,05-07,12,6,5,7,2,0,2,2,0,2,0,0
2030,2DL-5PM,2025-11-13,17:00,14-06,20,10,6,14,8,2,0,2,0,2,0,0
2031,2DL-9PM,2025-11-13,21:00,28-25,53,26.5,25,28,3,1,1,0,2,2,0,0
2032,2DL-2PM,2025-11-14,14:00,07-12,19,9.5,7,12,5,1,1,2,0,2,0,0
2033,2DL-5PM,2025-11-14,17:00,15-21,36,18,15,21,6,0,2,1,1,2,0,0
2034,2DL-9PM,2025-11-14,21:00,23-16,39,19.5,16,23,7,1,1,1,1,2,0,0
2035,2DL-2PM,2025-11-15,14:00,06-19,25,12.5,6,19,13,1,1,1,1,2,0,0
2036,2DL-5PM,2025-11-15,17:00,01-27,28,14,1,27,26,0,2,1,1,2,0,0
2037,2DL-9PM,2025-11-15,21:00,23-24,47,23.5,23,24,1,1,1,0,2,2,1,0
2038,2DL-2PM,2025-11-16,14:00,06-17,23,11.5,6,17,11,1,1,1,1,2,0,0
2039,2DL-5PM,2025-11-16,17:00,27-03,30,15,3,27,24,0,2,1,1,2,0,0
2040,2DL-9PM,2025-11-16,21:00,10-26,36,18,10,26,16,2,0,1,1,2,0,0
2041,2DL-2PM,2025-11-17,14:00,06-28,34,17,6,28,22,2,0,1,1,2,0,0
2042,2DL-5PM,2025-11-17,17:00,02-21,23,11.5,2,21,19,1,1,1,1,2,0,0
2043,2DL-9PM,2025-11-17,21:00,03-02,5,2.5,2,3,1,1,1,2,0,2,1,1
2044,2DL-2PM,2025-11-18,14:00,13-27,40,20,13,27,14,0,2,1,1,2,0,0
2045,2DL-5PM,2025-11-18,17:00,19-05,24,12,5,19,14,0,2,1,1,2,0,0
2046,2DL-9PM,2025-11-18,21:00,08-19,27,13.5,8,19,11,1,1,1,1,2,0,1
2047,2DL-2PM,2025-11-19,14:00,15-14,29,14.5,14,15,1,1,1,2,0,2,1,0
2048,2DL-5PM,2025-11-19,17:00,06-28,34,17,6,28,22,2,0,1,1,2,0,0
2049,2DL-9PM,2025-11-19,21:00,14-12,26,13,12,14,2,2,0,2,0,2,0,0
2050,2DL-2PM,2025-11-20,14:00,29-05,34,17,5,29,24,0,2,1,1,2,0,0
2051,2DL-5PM,2025-11-20,17:00,21-20,41,20.5,20,21,1,1,1,0,2,2,1,0
2052,2DL-9PM,2025-11-20,21:00,10-12,22,11,10,12,2,2,0,2,0,2,0,0
2053,2DL-2PM,2025-11-21,14:00,06-15,21,10.5,6,15,9,1,1,2,0,2,0,0
2054,2DL-5PM,2025-11-21,17:00,08-28,36,18,8,28,20,2,0,1,1,2,0,0
2055,2DL-9PM,2025-11-21,21:00,15-23,38,19,15,23,8,0,2,1,1,2,0,0
2056,2DL-2PM,2025-11-22,14:00,22-09,31,15.5,9,22,13,1,1,1,1,2,0,0
2057,2DL-5PM,2025-11-22,17:00,16-08,24,12,8,16,8,2,0,2,0,2,0,0
2058,2DL-9PM,2025-11-22,21:00,15-27,42,21,15,27,12,0,2,1,1,2,0,0
2059,2DL-2PM,2025-11-23,14:00,12-09,21,10.5,9,12,3,1,1,2,0,2,0,0
2060,2DL-5PM,2025-11-23,17:00,11-18,29,14.5,11,18,7,1,1,1,1,2,0,0
2061,2DL-9PM,2025-11-23,21:00,10-04,14,7,4,10,6,2,0,2,0,2,0,0
2062,2DL-2PM,2025-11-24,14:00,03-16,19,9.5,3,16,13,1,1,2,0,2,0,0
2063,2DL-5PM,2025-11-24,17:00,12-18,30,15,12,18,6,2,0,1,1,2,0,0
2064,2DL-9PM,2025-11-24,21:00,13-21,34,17,13,21,8,0,2,1,1,2,0,0
2065,2DL-2PM,2025-11-25,14:00,16-28,44,22,16,28,12,2,0,1,1,2,0,0
2066,2DL-5PM,2025-11-25,17:00,17-07,24,12,7,17,10,0,2,1,1,2,0,0
2067,2DL-9PM,2025-11-25,21:00,10-08,18,9,8,10,2,2,0,2,0,2,0,0
2068,2DL-2PM,2025-11-26,14:00,09-24,33,16.5,9,24,15,1,1,1,1,2,0,0
2069,2DL-5PM,2025-11-26,17:00,15-27,42,21,15,27,12,0,2,1,1,2,0,0
2070,2DL-9PM,2025-11-26,21:00,18-04,22,11,4,18,14,2,0,1,1,2,0,0
2071,2DL-2PM,2025-11-27,14:00,27-27,54,27,27,27,0,0,2,0,2,1,0,0
2072,2DL-5PM,2025-11-27,17:00,09-16,25,12.5,9,16,7,1,1,2,0,2,0,0
2073,2DL-9PM,2025-11-27,21:00,15-13,28,14,13,15,2,0,2,2,0,2,0,0
2074,2DL-2PM,2025-11-28,14:00,07-02,9,4.5,2,7,5,1,1,2,0,2,0,0
2075,2DL-5PM,2025-11-28,17:00,10-08,18,9,8,10,2,2,0,2,0,2,0,0
2076,2DL-9PM,2025-11-28,21:00,18-22,40,20,18,22,4,2,0,0,2,2,0,0
2077,2DL-2PM,2025-11-29,14:00,03-11,14,7,3,11,8,0,2,2,0,2,0,0
2078,2DL-5PM,2025-11-29,17:00,09-08,17,8.5,8,9,1,1,1,2,0,2,1,0
2079,2DL-9PM,2025-11-29,21:00,20-04,24,12,4,20,16,2,0,1,1,2,0,0
2080,2DL-2PM,2025-11-30,14:00,16-24,40,20,16,24,8,2,0,1,1,2,0,0
2081,2DL-5PM,2025-11-30,17:00,03-19,22,11,3,19,16,0,2,1,1,2,0,0
2082,2DL-9PM,2025-11-30,21:00,08-07,15,7.5,7,8,1,1,1,2,0,2,1,0
2083,2DL-2PM,2025-12-01,14:00,12-23,35,17.5,12,23,11,1,1,1,1,2,0,0
2084,2DL-5PM,2025-12-01,17:00,09-21,30,15,9,21,12,0,2,1,1,2,0,0
2085,2DL-9PM,2025-12-01,21:00,09-14,23,11.5,9,14,5,1,1,2,0,2,0,1
2086,2DL-2PM,2025-12-02,14:00,17-03,20,10,3,17,14,0,2,1,1,2,0,0
2087,2DL-5PM,2025-12-02,17:00,12-26,38,19,12,26,14,2,0,1,1,2,0,0
2088,2DL-9PM,2025-12-02,21:00,29-21,50,25,21,29,8,0,2,0,2,2,0,0
2089,2DL-2PM,2025-12-03,14:00,28-22,50,25,22,28,6,2,0,0,2,2,0,0
2090,2DL-5PM,2025-12-03,17:00,05-10,15,7.5,5,10,5,1,1,2,0,2,0,0
2091,2DL-9PM,2025-12-03,21:00,20-19,39,19.5,19,20,1,1,1,0,2,2,1,0
2092,2DL-2PM,2025-12-04,14:00,11-18,29,14.5,11,18,7,1,1,1,1,2,0,0
2093,2DL-5PM,2025-12-04,17:00,02-22,24,12,2,22,20,2,0,1,1,2,0,0
2094,2DL-9PM,2025-12-04,21:00,31-11,42,21,11,31,20,0,2,1,1,2,0,0
2095,2DL-2PM,2025-12-05,14:00,17-16,33,16.5,16,17,1,1,1,1,1,2,1,0
2096,2DL-5PM,2025-12-05,17:00,11-28,39,19.5,11,28,17,1,1,1,1,2,0,0
2097,2DL-9PM,2025-12-05,21:00,19-10,29,14.5,10,19,9,1,1,1,1,2,0,0
2098,2DL-2PM,2025-12-06,14:00,12-03,15,7.5,3,12,9,1,1,2,0,2,0,0
2099,2DL-5PM,2025-12-06,17:00,08-22,30,15,8,22,14,2,0,1,1,2,0,0
2100,2DL-9PM,2025-12-06,21:00,09-28,37,18.5,9,28,19,1,1,1,1,2,0,0
2101,2DL-2PM,2025-12-07,14:00,19-28,47,23.5,19,28,9,1,1,0,2,2,0,1
2102,2DL-5PM,2025-12-07,17:00,20-22,42,21,20,22,2,2,0,0,2,2,0,0
2103,2DL-9PM,2025-12-07,21:00,25-16,41,20.5,16,25,9,1,1,1,1,2,0,0
2104,2DL-2PM,2025-12-08,14:00,04-09,13,6.5,4,9,5,1,1,2,0,2,0,0
2105,2DL-5PM,2025-12-08,17:00,29-15,44,22,15,29,14,0,2,1,1,2,0,0
2106,2DL-9PM,2025-12-08,21:00,19-16,35,17.5,16,19,3,1,1,1,1,2,0,0
2107,2DL-2PM,2025-12-09,14:00,12-26,38,19,12,26,14,2,0,1,1,2,0,0
2108,2DL-5PM,2025-12-09,17:00,15-01,16,8,1,15,14,0,2,2,0,2,0,0
2109,2DL-9PM,2025-12-09,21:00,25-16,41,20.5,16,25,9,1,1,1,1,2,0,0
2110,2DL-2PM,2025-12-10,14:00,18-07,25,12.5,7,18,11,1,1,1,1,2,0,0
2111,2DL-5PM,2025-12-10,17:00,18-25,43,21.5,18,25,7,1,1,0,2,2,0,1
2112,2DL-9PM,2025-12-10,21:00,25-23,48,24,23,25,2,0,2,0,2,2,0,1
2113,2DL-2PM,2025-12-11,14:00,10-10,20,10,10,10,0,2,0,2,0,1,0,0
2114,2DL-5PM,2025-12-11,17:00,07-06,13,6.5,6,7,1,1,1,2,0,2,1,0
2115,2DL-9PM,2025-12-11,21:00,15-04,19,9.5,4,15,11,1,1,2,0,2,0,0
2116,2DL-2PM,2025-12-12,14:00,08-23,31,15.5,8,23,15,1,1,1,1,2,0,0
2117,2DL-5PM,2025-12-12,17:00,14-16,30,15,14,16,2,2,0,2,0,2,0,0
2118,2DL-9PM,2025-12-12,21:00,21-08,29,14.5,8,21,13,1,1,1,1,2,0,0
2119,2DL-2PM,2025-12-13,14:00,21-08,29,14.5,8,21,13,1,1,1,1,2,0,2
2120,2DL-5PM,2025-12-13,17:00,27-05,32,16,5,27,22,0,2,1,1,2,0,0
2121,2DL-9PM,2025-12-13,21:00,19-03,22,11,3,19,16,0,2,1,1,2,0,0
2122,2DL-2PM,2025-12-14,14:00,28-07,35,17.5,7,28,21,1,1,1,1,2,0,0
2123,2DL-5PM,2025-12-14,17:00,26-22,48,24,22,26,4,2,0,0,2,2,0,0
2124,2DL-9PM,2025-12-14,21:00,05-29,34,17,5,29,24,0,2,1,1,2,0,0
2125,2DL-2PM,2025-12-15,14:00,09-18,27,13.5,9,18,9,1,1,1,1,2,0,0
2126,2DL-5PM,2025-12-15,17:00,02-16,18,9,2,16,14,2,0,2,0,2,0,0
2127,2DL-9PM,2025-12-15,21:00,17-18,35,17.5,17,18,1,1,1,0,2,2,1,0
2128,2DL-2PM,2025-12-16,14:00,29-04,33,16.5,4,29,25,1,1,1,1,2,0,0
2129,2DL-5PM,2025-12-16,17:00,03-05,8,4,3,5,2,0,2,2,0,2,0,0
2130,2DL-9PM,2025-12-16,21:00,30-29,59,29.5,29,30,1,1,1,0,2,2,1,0
2131,2DL-2PM,2025-12-17,14:00,19-17,36,18,17,19,2,0,2,0,2,2,0,0
2132,2DL-5PM,2025-12-17,17:00,28-30,58,29,28,30,2,2,0,0,2,2,0,0
2133,2DL-2PM,2025-12-18,14:00,19-01,20,10,1,19,18,0,2,1,1,2,0,0
2134,2DL-5PM,2025-12-18,17:00,30-18,48,24,18,30,12,2,0,0,2,2,0,0
2135,2DL-9PM,2025-12-18,21:00,31-15,46,23,15,31,16,0,2,1,1,2,0,0
2136,2DL-5PM,2025-12-19,17:00,08-06,14,7,6,8,2,2,0,2,0,2,0,0
2137,2DL-9PM,2025-12-19,21:00,29-21,50,25,21,29,8,0,2,0,2,2,0,0
2138,2DL-2PM,2025-12-20,14:00,28-23,51,25.5,23,28,5,1,1,0,2,2,0,0
2139,2DL-5PM,2025-12-20,17:00,25-03,28,14,3,25,22,0,2,1,1,2,0,0
2140,2DL-9PM,2025-12-20,21:00,21-31,52,26,21,31,10,0,2,0,2,2,0,0
2141,2DL-5PM,2025-12-21,17:00,23-14,37,18.5,14,23,9,1,1,1,1,2,0,0
2142,2DL-9PM,2025-12-21,21:00,11-24,35,17.5,11,24,13,1,1,1,1,2,0,0
2143,2DL-2PM,2025-12-22,14:00,17-06,23,11.5,6,17,11,1,1,1,1,2,0,0
2144,2DL-5PM,2025-12-22,17:00,24-27,51,25.5,24,27,3,1,1,0,2,2,0,0
2145,2DL-9PM,2025-12-22,21:00,22-30,52,26,22,30,8,2,0,0,2,2,0,0
2146,2DL-2PM,2025-12-23,14:00,02-15,17,8.5,2,15,13,1,1,2,0,2,0,0
2147,2DL-5PM,2025-12-23,17:00,27-27,54,27,27,27,0,0,2,0,2,1,0,0
2148,2DL-9PM,2025-12-23,21:00,31-28,59,29.5,28,31,3,1,1,0,2,2,0,0
2149,2DL-2PM,2025-12-24,14:00,07-05,12,6,5,7,2,0,2,2,0,2,0,0
2150,2DL-5PM,2025-12-24,17:00,17-10,27,13.5,10,17,7,1,1,1,1,2,0,0
2151,2DL-9PM,2025-12-24,21:00,10-05,15,7.5,5,10,5,1,1,2,0,2,0,1
2152,2DL-5PM,2025-12-25,17:00,25-26,51,25.5,25,26,1,1,1,0,2,2,1,0
2153,2DL-9PM,2025-12-25,21:00,20-13,33,16.5,13,20,7,1,1,1,1,2,0,0
2154,2DL-2PM,2025-12-26,14:00,02-07,9,4.5,2,7,5,1,1,2,0,2,0,0
2155,2DL-5PM,2025-12-26,17:00,28-02,30,15,2,28,26,2,0,1,1,2,0,1
2156,2DL-9PM,2025-12-26,21:00,11-07,18,9,7,11,4,0,2,2,0,2,0,0
2157,2DL-2PM,2025-12-27,14:00,30-20,50,25,20,30,10,2,0,0,2,2,0,0
2158,2DL-5PM,2025-12-27,17:00,31-06,37,18.5,6,31,25,1,1,1,1,2,0,0
2159,2DL-9PM,2025-12-27,21:00,15-07,22,11,7,15,8,0,2,2,0,2,0,0
2160,2DL-5PM,2025-12-28,17:00,27-09,36,18,9,27,18,0,2,1,1,2,0,0
2161,2DL-9PM,2025-12-28,21:00,29-17,46,23,17,29,12,0,2,0,2,2,0,0
2162,2DL-2PM,2025-12-29,14:00,25-28,53,26.5,25,28,3,1,1,0,2,2,0,0
2163,2DL-5PM,2025-12-29,17:00,25-26,51,25.5,25,26,1,1,1,0,2,2,1,1
2164,2DL-9PM,2025-12-29,21:00,01-09,10,5,1,9,8,0,2,2,0,2,0,0
2165,2DL-2PM,2025-12-30,14:00,11-19,30,15,11,19,8,0,2,1,1,2,0,0
2166,2DL-5PM,2025-12-30,17:00,29-18,47,23.5,18,29,11,1,1,0,2,2,0,0
2167,2DL-9PM,2025-12-30,21:00,13-18,31,15.5,13,18,5,1,1,1,1,2,0,1
2168,2DL-5PM,2025-12-31,17:00,20-01,21,10.5,1,20,19,1,1,1,1,2,0,0
2169,2DL-9PM,2025-12-31,21:00,14-27,41,20.5,14,27,13,1,1,1,1,2,0,0
2170,2DL-9PM,2026-01-01,21:00,07-21,28,14,7,21,14,0,2,1,1,2,0,0
2171,2DL-9PM,2026-01-02,21:00,09-22,31,15.5,9,22,13,1,1,1,1,2,0,0
2172,2DL-5PM,2026-01-03,17:00,18-09,27,13.5,9,18,9,1,1,1,1,2,0,1
2173,2DL-9PM,2026-01-03,21:00,17-31,48,24,17,31,14,0,2,0,2,2,0,0
2174,2DL-9PM,2026-01-04,21:00,07-23,30,15,7,23,16,0,2,1,1,2,0,0
2175,2DL-2PM,2026-01-05,14:00,15-04,19,9.5,4,15,11,1,1,2,0,2,0,0
2176,2DL-5PM,2026-01-05,17:00,20-24,44,22,20,24,4,2,0,0,2,2,0,0
2177,2DL-9PM,2026-01-05,21:00,31-20,51,25.5,20,31,11,1,1,0,2,2,0,1
2178,2DL-2PM,2026-01-06,14:00,13-17,30,15,13,17,4,0,2,1,1,2,0,0
2179,2DL-5PM,2026-01-06,17:00,21-07,28,14,7,21,14,0,2,1,1,2,0,0
2180,2DL-9PM,2026-01-06,21:00,18-27,45,22.5,18,27,9,1,1,0,2,2,0,0
2181,2DL-2PM,2026-01-07,14:00,11-15,26,13,11,15,4,0,2,2,0,2,0,0
2182,2DL-5PM,2026-01-07,17:00,19-29,48,24,19,29,10,0,2,0,2,2,0,0
2183,2DL-9PM,2026-01-07,21:00,06-19,25,12.5,6,19,13,1,1,1,1,2,0,1
2184,2DL-2PM,2026-01-08,14:00,08-24,32,16,8,24,16,2,0,1,1,2,0,0
2185,2DL-5PM,2026-01-08,17:00,06-29,35,17.5,6,29,23,1,1,1,1,2,0,0
2186,2DL-9PM,2026-01-08,21:00,06-06,12,6,6,6,0,2,0,2,0,1,0,1
2187,2DL-2PM,2026-01-09,14:00,31-29,60,30,29,31,2,0,2,0,2,2,0,0
2188,2DL-5PM,2026-01-09,17:00,08-05,13,6.5,5,8,3,1,1,2,0,2,0,0
2189,2DL-9PM,2026-01-09,21:00,01-22,23,11.5,1,22,21,1,1,1,1,2,0,0
2190,2DL-2PM,2026-01-10,14:00,04-30,34,17,4,30,26,2,0,1,1,2,0,0
2191,2DL-5PM,2026-01-10,17:00,25-17,42,21,17,25,8,0,2,0,2,2,0,0
2192,2DL-9PM,2026-01-10,21:00,11-01,12,6,1,11,10,0,2,2,0,2,0,0
2193,2DL-2PM,2026-01-11,14:00,27-12,39,19.5,12,27,15,1,1,1,1,2,0,0
2194,2DL-5PM,2026-01-11,17:00,19-12,31,15.5,12,19,7,1,1,1,1,2,0,1
2195,2DL-9PM,2026-01-11,21:00,07-21,28,14,7,21,14,0,2,1,1,2,0,0
2196,2DL-2PM,2026-01-12,14:00,29-24,53,26.5,24,29,5,1,1,0,2,2,0,0
2197,2DL-5PM,2026-01-12,17:00,29-17,46,23,17,29,12,0,2,0,2,2,0,1
2198,2DL-9PM,2026-01-12,21:00,26-13,39,19.5,13,26,13,1,1,1,1,2,0,0
2199,2DL-2PM,2026-01-13,14:00,03-13,16,8,3,13,10,0,2,2,0,2,0,1
2200,2DL-5PM,2026-01-13,17:00,19-26,45,22.5,19,26,7,1,1,0,2,2,0,0
2201,2DL-9PM,2026-01-13,21:00,21-20,41,20.5,20,21,1,1,1,0,2,2,1,0
2202,2DL-2PM,2026-01-14,14:00,25-28,53,26.5,25,28,3,1,1,0,2,2,0,0
2203,2DL-5PM,2026-01-14,17:00,31-10,41,20.5,10,31,21,1,1,1,1,2,0,0
2204,2DL-9PM,2026-01-14,21:00,16-01,17,8.5,1,16,15,1,1,2,0,2,0,0
2205,2DL-2PM,2026-01-15,14:00,13-03,16,8,3,13,10,0,2,2,0,2,0,0
2206,2DL-5PM,2026-01-15,17:00,06-23,29,14.5,6,23,17,1,1,1,1,2,0,0
2207,2DL-9PM,2026-01-15,21:00,01-05,6,3,1,5,4,0,2,2,0,2,0,0
2208,2DL-2PM,2026-01-16,14:00,25-15,40,20,15,25,10,0,2,1,1,2,0,0
2209,2DL-5PM,2026-01-16,17:00,05-22,27,13.5,5,22,17,1,1,1,1,2,0,0
2210,2DL-9PM,2026-01-16,21:00,02-15,17,8.5,2,15,13,1,1,2,0,2,0,0
2211,2DL-2PM,2026-01-17,14:00,12-10,22,11,10,12,2,2,0,2,0,2,0,0
2212,2DL-5PM,2026-01-17,17:00,26-05,31,15.5,5,26,21,1,1,1,1,2,0,0
2213,2DL-9PM,2026-01-17,21:00,19-27,46,23,19,27,8,0,2,0,2,2,0,0
2214,2DL-2PM,2026-01-18,14:00,20-25,45,22.5,20,25,5,1,1,0,2,2,0,0
2215,2DL-5PM,2026-01-18,17:00,01-31,32,16,1,31,30,0,2,1,1,2,0,0
2216,2DL-9PM,2026-01-18,21:00,31-15,46,23,15,31,16,0,2,1,1,2,0,1
2217,2DL-2PM,2026-01-19,14:00,16-13,29,14.5,13,16,3,1,1,2,0,2,0,0
2218,2DL-5PM,2026-01-19,17:00,24-09,33,16.5,9,24,15,1,1,1,1,2,0,0
2219,2DL-9PM,2026-01-19,21:00,12-23,35,17.5,12,23,11,1,1,1,1,2,0,0
2220,2DL-2PM,2026-01-20,14:00,22-13,35,17.5,13,22,9,1,1,1,1,2,0,0
2221,2DL-5PM,2026-01-20,17:00,08-15,23,11.5,8,15,7,1,1,2,0,2,0,0
2222,2DL-9PM,2026-01-20,21:00,18-27,45,22.5,18,27,9,1,1,0,2,2,0,0
2223,2DL-2PM,2026-01-21,14:00,31-15,46,23,15,31,16,0,2,1,1,2,0,0
2224,2DL-5PM,2026-01-21,17:00,19-03,22,11,3,19,16,0,2,1,1,2,0,0
2225,2DL-9PM,2026-01-21,21:00,06-15,21,10.5,6,15,9,1,1,2,0,2,0,0
2226,2DL-2PM,2026-01-22,14:00,17-14,31,15.5,14,17,3,1,1,1,1,2,0,0
2227,2DL-5PM,2026-01-22,17:00,01-23,24,12,1,23,22,0,2,1,1,2,0,0
2228,2DL-9PM,2026-01-22,21:00,28-29,57,28.5,28,29,1,1,1,0,2,2,1,0
2229,2DL-2PM,2026-01-23,14:00,12-02,14,7,2,12,10,2,0,2,0,2,0,0
2230,2DL-5PM,2026-01-23,17:00,24-30,54,27,24,30,6,2,0,0,2,2,0,0
2231,2DL-9PM,2026-01-23,21:00,08-13,21,10.5,8,13,5,1,1,2,0,2,0,0
2232,2DL-2PM,2026-01-24,14:00,15-28,43,21.5,15,28,13,1,1,1,1,2,0,0
2233,2DL-5PM,2026-01-24,17:00,08-12,20,10,8,12,4,2,0,2,0,2,0,0
2234,2DL-9PM,2026-01-24,21:00,27-26,53,26.5,26,27,1,1,1,0,2,2,1,0
2235,2DL-9PM,2026-01-25,21:00,28-04,32,16,4,28,24,2,0,1,1,2,0,0
2236,2DL-9PM,2026-01-26,21:00,06-01,7,3.5,1,6,5,1,1,2,0,2,0,0
2237,2DL-9PM,2026-01-27,21:00,22-06,28,14,6,22,16,2,0,1,1,2,0,1
2238,2DL-9PM,2026-01-28,21:00,07-02,9,4.5,2,7,5,1,1,2,0,2,0,0
2239,2DL-9PM,2026-01-29,21:00,04-16,20,10,4,16,12,2,0,2,0,2,0,0
2240,2DL-2PM,2026-01-30,14:00,21-12,33,16.5,12,21,9,1,1,1,1,2,0,0
2241,2DL-9PM,2026-01-30,21:00,01-25,26,13,1,25,24,0,2,1,1,2,0,0
2242,2DL-5PM,2026-01-31,17:00,31-24,55,27.5,24,31,7,1,1,0,2,2,0,0
2243,2DL-9PM,2026-01-31,21:00,03-28,31,15.5,3,28,25,1,1,1,1,2,0,0
2244,2DL-9PM,2026-02-01,21:00,30-19,49,24.5,19,30,11,1,1,0,2,2,0,0
2245,2DL-9PM,2026-02-02,21:00,25-14,39,19.5,14,25,11,1,1,1,1,2,0,0
2246,2DL-9PM,2026-02-03,21:00,04-26,30,15,4,26,22,2,0,1,1,2,0,0
2247,2DL-9PM,2026-02-04,21:00,09-14,23,11.5,9,14,5,1,1,2,0,2,0,0
2248,2DL-9PM,2026-02-05,21:00,17-31,48,24,17,31,14,0,2,0,2,2,0,0
2249,2DL-9PM,2026-02-06,21:00,31-02,33,16.5,2,31,29,1,1,1,1,2,0,1
2250,2DL-9PM,2026-02-07,21:00,16-26,42,21,16,26,10,2,0,1,1,2,0,0
2251,2DL-9PM,2026-02-08,21:00,28-13,41,20.5,13,28,15,1,1,1,1,2,0,0
2252,2DL-9PM,2026-02-09,21:00,12-15,27,13.5,12,15,3,1,1,2,0,2,0,0
2253,2DL-9PM,2026-02-10,21:00,20-07,27,13.5,7,20,13,1,1,1,1,2,0,0
2254,2DL-9PM,2026-02-11,21:00,25-17,42,21,17,25,8,0,2,0,2,2,0,0
2255,2DL-9PM,2026-02-12,21:00,13-16,29,14.5,13,16,3,1,1,2,0,2,0,0
2256,2DL-9PM,2026-02-13,21:00,25-15,40,20,15,25,10,0,2,1,1,2,0,0
2257,2DL-2PM,2026-02-14,14:00,10-27,37,18.5,10,27,17,1,1,1,1,2,0,0
2258,2DL-9PM,2026-02-14,21:00,28-09,37,18.5,9,28,19,1,1,1,1,2,0,0
2259,2DL-9PM,2026-02-15,21:00,30-03,33,16.5,3,30,27,1,1,1,1,2,0,0
2260,2DL-9PM,2026-02-16,21:00,27-03,30,15,3,27,24,0,2,1,1,2,0,1
2261,2DL-9PM,2026-02-17,21:00,01-05,6,3,1,5,4,0,2,2,0,2,0,0
2262,2DL-5PM,2026-02-18,17:00,15-22,37,18.5,15,22,7,1,1,1,1,2,0,0
2263,2DL-9PM,2026-02-18,21:00,31-27,58,29,27,31,4,0,2,0,2,2,0,0
2264,2DL-9PM,2026-02-19,21:00,16-26,42,21,16,26,10,2,0,1,1,2,0,0
2265,2DL-9PM,2026-02-20,21:00,26-28,54,27,26,28,2,2,0,0,2,2,0,1
2266,2DL-9PM,2026-02-21,21:00,21-21,42,21,21,21,0,0,2,0,2,1,0,0
2267,2DL-9PM,2026-02-22,21:00,28-20,48,24,20,28,8,2,0,0,2,2,0,0
2268,2DL-9PM,2026-02-23,21:00,12-24,36,18,12,24,12,2,0,1,1,2,0,0
2269,2DL-9PM,2026-02-24,21:00,25-18,43,21.5,18,25,7,1,1,0,2,2,0,0
2270,2DL-9PM,2026-02-25,21:00,29-12,41,20.5,12,29,17,1,1,1,1,2,0,0
2271,2DL-9PM,2026-02-26,21:00,09-22,31,15.5,9,22,13,1,1,1,1,2,0,0
2272,2DL-9PM,2026-02-27,21:00,18-08,26,13,8,18,10,2,0,1,1,2,0,0
2273,2DL-9PM,2026-02-28,21:00,25-24,49,24.5,24,25,1,1,1,0,2,2,1,0
2274,2DL-9PM,2026-03-01,21:00,11-21,32,16,11,21,10,0,2,1,1,2,0,0
2275,2DL-9PM,2026-03-02,21:00,09-31,40,20,9,31,22,0,2,1,1,2,0,0
2276,2DL-9PM,2026-03-03,21:00,31-28,59,29.5,28,31,3,1,1,0,2,2,0,1
2277,2DL-9PM,2026-03-04,21:00,23-27,50,25,23,27,4,0,2,0,2,2,0,0
2278,2DL-2PM,2026-03-05,14:00,25-08,33,16.5,8,25,17,1,1,1,1,2,0,0
2279,2DL-9PM,2026-03-05,21:00,18-17,35,17.5,17,18,1,1,1,0,2,2,1,0
2280,2DL-9PM,2026-03-06,21:00,22-01,23,11.5,1,22,21,1,1,1,1,2,0,0
2281,2DL-9PM,2026-03-07,21:00,15-05,20,10,5,15,10,0,2,2,0,2,0,0
2282,2DL-9PM,2026-03-08,21:00,22-23,45,22.5,22,23,1,1,1,0,2,2,1,0
2283,2DL-9PM,2026-03-09,21:00,04-04,8,4,4,4,0,2,0,2,0,1,0,0
2284,2DL-9PM,2026-03-10,21:00,18-08,26,13,8,18,10,2,0,1,1,2,0,0
2285,2DL-9PM,2026-03-11,21:00,28-27,55,27.5,27,28,1,1,1,0,2,2,1,0
2286,2DL-9PM,2026-03-12,21:00,30-21,51,25.5,21,30,9,1,1,0,2,2,0,0
2287,2DL-2PM,2026-03-14,14:00,27-30,57,28.5,27,30,3,1,1,0,2,2,0,1
2288,2DL-5PM,2026-03-14,17:00,18-06,24,12,6,18,12,2,0,1,1,2,0,0
2289,2DL-9PM,2026-03-14,21:00,30-15,45,22.5,15,30,15,1,1,1,1,2,0,0
2290,2DL-2PM,2026-03-15,14:00,09-07,16,8,7,9,2,0,2,2,0,2,0,0
2291,2DL-5PM,2026-03-15,17:00,19-31,50,25,19,31,12,0,2,0,2,2,0,0
2292,2DL-9PM,2026-03-15,21:00,20-20,40,20,20,20,0,2,0,0,2,1,0,0
2293,2DL-2PM,2026-03-16,14:00,18-07,25,12.5,7,18,11,1,1,1,1,2,0,0
2294,2DL-9PM,2026-03-16,21:00,31-01,32,16,1,31,30,0,2,1,1,2,0,0
2295,2DL-9PM,2026-03-17,21:00,12-31,43,21.5,12,31,19,1,1,1,1,2,0,1
2296,2DL-2PM,2026-03-18,14:00,20-14,34,17,14,20,6,2,0,1,1,2,0,0
2297,2DL-9PM,2026-03-18,21:00,31-02,33,16.5,2,31,29,1,1,1,1,2,0,0
2298,2DL-9PM,2026-03-19,21:00,27-28,55,27.5,27,28,1,1,1,0,2,2,1,0
2299,2DL-2PM,2026-03-20,14:00,11-14,25,12.5,11,14,3,1,1,2,0,2,0,0
2300,2DL-5PM,2026-03-20,17:00,14-19,33,16.5,14,19,5,1,1,1,1,2,0,1
2301,2DL-9PM,2026-03-20,21:00,24-09,33,16.5,9,24,15,1,1,1,1,2,0,0
2302,2DL-5PM,2026-03-21,17:00,08-14,22,11,8,14,6,2,0,2,0,2,0,0
2303,2DL-9PM,2026-03-21,21:00,25-26,51,25.5,25,26,1,1,1,0,2,2,1,0
2304,2DL-2PM,2026-03-22,14:00,28-30,58,29,28,30,2,2,0,0,2,2,0,0
2305,2DL-9PM,2026-03-22,21:00,02-30,32,16,2,30,28,2,0,1,1,2,0,1
2306,2DL-5PM,2026-03-23,17:00,23-27,50,25,23,27,4,0,2,0,2,2,0,0
2307,2DL-9PM,2026-03-23,21:00,08-16,24,12,8,16,8,2,0,2,0,2,0,0
2308,2DL-9PM,2026-03-24,21:00,21-30,51,25.5,21,30,9,1,1,0,2,2,0,0
2309,2DL-2PM,2026-03-25,14:00,24-12,36,18,12,24,12,2,0,1,1,2,0,0
2310,2DL-5PM,2026-03-25,17:00,09-14,23,11.5,9,14,5,1,1,2,0,2,0,0
2311,2DL-9PM,2026-03-25,21:00,13-25,38,19,13,25,12,0,2,1,1,2,0,0
2312,2DL-2PM,2026-03-26,14:00,15-28,43,21.5,15,28,13,1,1,1,1,2,0,0
2313,2DL-9PM,2026-03-26,21:00,31-28,59,29.5,28,31,3,1,1,0,2,2,0,1
2314,2DL-2PM,2026-03-27,14:00,08-31,39,19.5,8,31,23,1,1,1,1,2,0,1
2315,2DL-5PM,2026-03-27,17:00,02-17,19,9.5,2,17,15,1,1,1,1,2,0,0
2316,2DL-9PM,2026-03-27,21:00,25-09,34,17,9,25,16,0,2,1,1,2,0,0
2317,2DL-2PM,2026-03-28,14:00,05-02,7,3.5,2,5,3,1,1,2,0,2,0,0
2318,2DL-5PM,2026-03-28,17:00,09-09,18,9,9,9,0,0,2,2,0,1,0,0
2319,2DL-9PM,2026-03-28,21:00,22-19,41,20.5,19,22,3,1,1,0,2,2,0,0
2320,2DL-2PM,2026-03-29,14:00,26-31,57,28.5,26,31,5,1,1,0,2,2,0,0
2321,2DL-5PM,2026-03-29,17:00,29-23,52,26,23,29,6,0,2,0,2,2,0,0
2322,2DL-9PM,2026-03-29,21:00,26-01,27,13.5,1,26,25,1,1,1,1,2,0,0
2323,2DL-2PM,2026-03-30,14:00,17-22,39,19.5,17,22,5,1,1,0,2,2,0,0
2324,2DL-9PM,2026-03-30,21:00,24-08,32,16,8,24,16,2,0,1,1,2,0,0
2325,2DL-2PM,2026-03-31,14:00,18-13,31,15.5,13,18,5,1,1,1,1,2,0,0
2326,2DL-9PM,2026-03-31,21:00,08-20,28,14,8,20,12,2,0,1,1,2,0,0
2327,2DL-5PM,2026-04-01,17:00,11-31,42,21,11,31,20,0,2,1,1,2,0,0
2328,2DL-9PM,2026-04-01,21:00,07-01,8,4,1,7,6,0,2,2,0,2,0,0
2329,2DL-9PM,2026-04-05,21:00,06-24,30,15,6,24,18,2,0,1,1,2,0,0
2330,2DL-2PM,2026-04-06,14:00,14-20,34,17,14,20,6,2,0,1,1,2,0,0
2331,2DL-9PM,2026-04-06,21:00,20-19,39,19.5,19,20,1,1,1,0,2,2,1,1
2332,2DL-2PM,2026-04-07,14:00,01-28,29,14.5,1,28,27,1,1,1,1,2,0,0
2333,2DL-5PM,2026-04-07,17:00,03-20,23,11.5,3,20,17,1,1,1,1,2,0,0
2334,2DL-9PM,2026-04-07,21:00,21-23,44,22,21,23,2,0,2,0,2,2,0,0
2335,2DL-2PM,2026-04-08,14:00,21-16,37,18.5,16,21,5,1,1,1,1,2,0,1
2336,2DL-5PM,2026-04-08,17:00,02-31,33,16.5,2,31,29,1,1,1,1,2,0,0
2337,2DL-9PM,2026-04-08,21:00,02-03,5,2.5,2,3,1,1,1,2,0,2,1,1
2338,2DL-2PM,2026-04-09,14:00,11-05,16,8,5,11,6,0,2,2,0,2,0,0
2339,2DL-9PM,2026-04-09,21:00,06-11,17,8.5,6,11,5,1,1,2,0,2,0,1
2340,2DL-2PM,2026-04-10,14:00,01-20,21,10.5,1,20,19,1,1,1,1,2,0,0
2341,2DL-5PM,2026-04-10,17:00,15-20,35,17.5,15,20,5,1,1,1,1,2,0,1
2342,2DL-9PM,2026-04-10,21:00,10-12,22,11,10,12,2,2,0,2,0,2,0,0
2343,2DL-2PM,2026-04-11,14:00,07-03,10,5,3,7,4,0,2,2,0,2,0,0
2344,2DL-9PM,2026-04-11,21:00,28-08,36,18,8,28,20,2,0,1,1,2,0,0
2345,2DL-2PM,2026-04-12,14:00,01-21,22,11,1,21,20,0,2,1,1,2,0,0
2346,2DL-9PM,2026-04-12,21:00,02-21,23,11.5,2,21,19,1,1,1,1,2,0,1
2347,2DL-5PM,2026-04-13,17:00,29-17,46,23,17,29,12,0,2,0,2,2,0,0
2348,2DL-9PM,2026-04-13,21:00,01-19,20,10,1,19,18,0,2,1,1,2,0,0
2349,2DL-5PM,2026-04-14,17:00,14-07,21,10.5,7,14,7,1,1,2,0,2,0,0
2350,2DL-9PM,2026-04-14,21:00,30-31,61,30.5,30,31,1,1,1,0,2,2,1,0
2351,2DL-2PM,2026-04-15,14:00,02-07,9,4.5,2,7,5,1,1,2,0,2,0,0
2352,2DL-5PM,2026-04-15,17:00,14-17,31,15.5,14,17,3,1,1,1,1,2,0,0
2353,2DL-9PM,2026-04-15,21:00,21-13,34,17,13,21,8,0,2,1,1,2,0,0
2354,2DL-2PM,2026-04-16,14:00,02-11,13,6.5,2,11,9,1,1,2,0,2,0,0
2355,2DL-5PM,2026-04-16,17:00,07-28,35,17.5,7,28,21,1,1,1,1,2,0,0
2356,2DL-9PM,2026-04-16,21:00,27-04,31,15.5,4,27,23,1,1,1,1,2,0,0
2357,2DL-5PM,2026-04-17,17:00,18-04,22,11,4,18,14,2,0,1,1,2,0,1
2358,2DL-9PM,2026-04-17,21:00,09-02,11,5.5,2,9,7,1,1,2,0,2,0,0
2359,2DL-2PM,2026-04-18,14:00,03-16,19,9.5,3,16,13,1,1,2,0,2,0,0
2360,2DL-9PM,2026-04-18,21:00,04-06,10,5,4,6,2,2,0,2,0,2,0,0
2361,2DL-5PM,2026-04-19,17:00,11-31,42,21,11,31,20,0,2,1,1,2,0,0
2362,2DL-9PM,2026-04-19,21:00,01-13,14,7,1,13,12,0,2,2,0,2,0,0
2363,2DL-9PM,2026-04-20,21:00,11-22,33,16.5,11,22,11,1,1,1,1,2,0,0
2364,2DL-9PM,2026-04-21,21:00,15-01,16,8,1,15,14,0,2,2,0,2,0,0
2365,2DL-9PM,2026-04-22,21:00,24-16,40,20,16,24,8,2,0,1,1,2,0,0
2366,2DL-5PM,2026-04-23,17:00,06-03,9,4.5,3,6,3,1,1,2,0,2,0,0
2367,2DL-9PM,2026-04-23,21:00,22-06,28,14,6,22,16,2,0,1,1,2,0,1
2368,2DL-2PM,2026-04-24,14:00,12-15,27,13.5,12,15,3,1,1,2,0,2,0,0
2369,2DL-5PM,2026-04-24,17:00,08-19,27,13.5,8,19,11,1,1,1,1,2,0,0
2370,2DL-9PM,2026-04-24,21:00,26-08,34,17,8,26,18,2,0,1,1,2,0,1
2371,2DL-2PM,2026-04-25,14:00,29-21,50,25,21,29,8,0,2,0,2,2,0,0
2372,2DL-5PM,2026-04-25,17:00,03-05,8,4,3,5,2,0,2,2,0,2,0,0
2373,2DL-9PM,2026-04-25,21:00,24-21,45,22.5,21,24,3,1,1,0,2,2,0,0
2374,2DL-9PM,2026-04-26,21:00,24-29,53,26.5,24,29,5,1,1,0,2,2,0,1
2375,2DL-2PM,2026-04-27,14:00,31-24,55,27.5,24,31,7,1,1,0,2,2,0,1
2376,2DL-5PM,2026-04-27,17:00,19-09,28,14,9,19,10,0,2,1,1,2,0,0
2377,2DL-9PM,2026-04-27,21:00,18-03,21,10.5,3,18,15,1,1,1,1,2,0,0
2378,2DL-5PM,2026-04-28,17:00,10-13,23,11.5,10,13,3,1,1,2,0,2,0,0
2379,2DL-9PM,2026-04-28,21:00,20-30,50,25,20,30,10,2,0,0,2,2,0,0
2380,2DL-5PM,2026-04-29,17:00,12-16,28,14,12,16,4,2,0,2,0,2,0,0
2381,2DL-9PM,2026-04-29,21:00,06-14,20,10,6,14,8,2,0,2,0,2,0,0
2382,2DL-5PM,2026-04-30,17:00,25-10,35,17.5,10,25,15,1,1,1,1,2,0,0
2383,2DL-9PM,2026-04-30,21:00,05-02,7,3.5,2,5,3,1,1,2,0,2,0,0
2384,2DL-2PM,2026-05-01,14:00,30-21,51,25.5,21,30,9,1,1,0,2,2,0,0
2385,2DL-5PM,2026-05-01,17:00,05-01,6,3,1,5,4,0,2,2,0,2,0,0
2386,2DL-9PM,2026-05-01,21:00,11-12,23,11.5,11,12,1,1,1,2,0,2,1,0
2387,2DL-9PM,2026-05-02,21:00,12-05,17,8.5,5,12,7,1,1,2,0,2,0,1
2388,2DL-2PM,2026-05-03,14:00,11-28,39,19.5,11,28,17,1,1,1,1,2,0,0
2389,2DL-5PM,2026-05-03,17:00,14-25,39,19.5,14,25,11,1,1,1,1,2,0,0
2390,2DL-9PM,2026-05-03,21:00,10-09,19,9.5,9,10,1,1,1,2,0,2,1,0
2391,2DL-9PM,2026-05-04,21:00,27-15,42,21,15,27,12,0,2,1,1,2,0,0
2392,2DL-2PM,2026-05-05,14:00,11-03,14,7,3,11,8,0,2,2,0,2,0,0
2393,2DL-5PM,2026-05-05,17:00,16-09,25,12.5,9,16,7,1,1,2,0,2,0,0
2394,2DL-9PM,2026-05-05,21:00,30-23,53,26.5,23,30,7,1,1,0,2,2,0,0
2395,2DL-2PM,2026-05-06,14:00,13-08,21,10.5,8,13,5,1,1,2,0,2,0,0
2396,2DL-5PM,2026-05-06,17:00,16-26,42,21,16,26,10,2,0,1,1,2,0,0
2397,2DL-9PM,2026-05-06,21:00,06-03,9,4.5,3,6,3,1,1,2,0,2,0,0
2398,2DL-2PM,2026-05-07,14:00,28-22,50,25,22,28,6,2,0,0,2,2,0,0
2399,2DL-5PM,2026-05-07,17:00,14-17,31,15.5,14,17,3,1,1,1,1,2,0,0
2400,2DL-9PM,2026-05-07,21:00,19-16,35,17.5,16,19,3,1,1,1,1,2,0,0
2401,2DL-5PM,2026-05-08,17:00,27-07,34,17,7,27,20,0,2,1,1,2,0,0
2402,2DL-9PM,2026-05-08,21:00,29-27,56,28,27,29,2,0,2,0,2,2,0,1
2403,2DL-9PM,2026-05-09,21:00,14-25,39,19.5,14,25,11,1,1,1,1,2,0,0
2404,2DL-2PM,2026-05-10,14:00,23-25,48,24,23,25,2,0,2,0,2,2,0,1
2405,2DL-5PM,2026-05-10,17:00,21-27,48,24,21,27,6,0,2,0,2,2,0,0
2406,2DL-9PM,2026-05-10,21:00,21-01,22,11,1,21,20,0,2,1,1,2,0,1
2407,2DL-9PM,2026-05-11,21:00,01-26,27,13.5,1,26,25,1,1,1,1,2,0,1
2408,2DL-9PM,2026-05-12,21:00,28-03,31,15.5,3,28,25,1,1,1,1,2,0,0
2409,2DL-2PM,2026-05-13,14:00,11-26,37,18.5,11,26,15,1,1,1,1,2,0,0
2410,2DL-5PM,2026-05-13,17:00,13-25,38,19,13,25,12,0,2,1,1,2,0,0
2411,2DL-9PM,2026-05-13,21:00,04-02,6,3,2,4,2,2,0,2,0,2,0,0
2412,2DL-9PM,2026-05-14,21:00,13-25,38,19,13,25,12,0,2,1,1,2,0,0
2413,2DL-2PM,2026-05-15,14:00,25-11,36,18,11,25,14,0,2,1,1,2,0,1
2414,2DL-5PM,2026-05-15,17:00,13-08,21,10.5,8,13,5,1,1,2,0,2,0,0
2415,2DL-9PM,2026-05-15,21:00,05-07,12,6,5,7,2,0,2,2,0,2,0,0
2416,2DL-5PM,2026-05-16,17:00,27-14,41,20.5,14,27,13,1,1,1,1,2,0,0
2417,2DL-9PM,2026-05-16,21:00,03-06,9,4.5,3,6,3,1,1,2,0,2,0,0
2418,2DL-2PM,2026-05-17,14:00,10-09,19,9.5,9,10,1,1,1,2,0,2,1,0
2419,2DL-5PM,2026-05-17,17:00,10-28,38,19,10,28,18,2,0,1,1,2,0,1
2420,2DL-9PM,2026-05-17,21:00,29-19,48,24,19,29,10,0,2,0,2,2,0,0
2421,2DL-2PM,2026-05-18,14:00,07-08,15,7.5,7,8,1,1,1,2,0,2,1,0
2422,2DL-5PM,2026-05-18,17:00,08-16,24,12,8,16,8,2,0,2,0,2,0,1
2423,2DL-9PM,2026-05-18,21:00,29-17,46,23,17,29,12,0,2,0,2,2,0,0
2424,2DL-2PM,2026-05-19,14:00,04-21,25,12.5,4,21,17,1,1,1,1,2,0,0
2425,2DL-9PM,2026-05-19,21:00,16-27,43,21.5,16,27,11,1,1,1,1,2,0,0
2426,2DL-2PM,2026-05-20,14:00,24-24,48,24,24,24,0,2,0,0,2,1,0,0
2427,2DL-5PM,2026-05-20,17:00,05-08,13,6.5,5,8,3,1,1,2,0,2,0,0
2428,2DL-9PM,2026-05-20,21:00,24-27,51,25.5,24,27,3,1,1,0,2,2,0,0
2429,2DL-2PM,2026-05-21,14:00,31-31,62,31,31,31,0,0,2,0,2,1,0,0
2430,2DL-5PM,2026-05-21,17:00,09-24,33,16.5,9,24,15,1,1,1,1,2,0,0
2431,2DL-9PM,2026-05-21,21:00,19-06,25,12.5,6,19,13,1,1,1,1,2,0,0
2432,2DL-2PM,2026-05-22,14:00,15-06,21,10.5,6,15,9,1,1,2,0,2,0,1
2433,2DL-5PM,2026-05-22,17:00,08-27,35,17.5,8,27,19,1,1,1,1,2,0,0
2434,2DL-9PM,2026-05-22,21:00,22-18,40,20,18,22,4,2,0,0,2,2,0,0
2435,2DL-9PM,2026-05-23,21:00,22-28,50,25,22,28,6,2,0,0,2,2,0,1
2436,2DL-2PM,2026-05-24,14:00,02-18,20,10,2,18,16,2,0,1,1,2,0,0
2437,2DL-5PM,2026-05-24,17:00,14-02,16,8,2,14,12,2,0,2,0,2,0,1
2438,2DL-9PM,2026-05-24,21:00,12-15,27,13.5,12,15,3,1,1,2,0,2,0,0
2439,2DL-2PM,2026-05-25,14:00,26-08,34,17,8,26,18,2,0,1,1,2,0,0
2440,2DL-9PM,2026-05-25,21:00,28-05,33,16.5,5,28,23,1,1,1,1,2,0,0
2441,2DL-2PM,2026-05-26,14:00,02-29,31,15.5,2,29,27,1,1,1,1,2,0,0
2442,2DL-5PM,2026-05-26,17:00,10-09,19,9.5,9,10,1,1,1,2,0,2,1,0
2443,2DL-9PM,2026-05-26,21:00,10-20,30,15,10,20,10,2,0,1,1,2,0,1
2444,2DL-2PM,2026-05-27,14:00,11-18,29,14.5,11,18,7,1,1,1,1,2,0,0
2445,2DL-5PM,2026-05-27,17:00,14-05,19,9.5,5,14,9,1,1,2,0,2,0,0
2446,2DL-9PM,2026-05-27,21:00,19-04,23,11.5,4,19,15,1,1,1,1,2,0,0
2447,2DL-2PM,2026-05-28,14:00,16-31,47,23.5,16,31,15,1,1,1,1,2,0,0
2448,2DL-5PM,2026-05-28,17:00,20-27,47,23.5,20,27,7,1,1,0,2,2,0,0
2449,2DL-9PM,2026-05-28,21:00,07-11,18,9,7,11,4,0,2,2,0,2,0,0
2450,2DL-2PM,2026-05-29,14:00,03-01,4,2,1,3,2,0,2,2,0,2,0,0
2451,2DL-5PM,2026-05-29,17:00,21-05,26,13,5,21,16,0,2,1,1,2,0,0
2452,2DL-9PM,2026-05-29,21:00,14-22,36,18,14,22,8,2,0,1,1,2,0,0
2453,2DL-2PM,2026-05-30,14:00,11-30,41,20.5,11,30,19,1,1,1,1,2,0,0
2454,2DL-5PM,2026-05-30,17:00,19-30,49,24.5,19,30,11,1,1,0,2,2,0,1
2455,2DL-9PM,2026-05-30,21:00,16-14,30,15,14,16,2,2,0,2,0,2,0,0
2456,2DL-2PM,2026-05-31,14:00,27-07,34,17,7,27,20,0,2,1,1,2,0,0
2457,2DL-5PM,2026-05-31,17:00,04-06,10,5,4,6,2,2,0,2,0,2,0,0
2458,2DL-9PM,2026-05-31,21:00,04-21,25,12.5,4,21,17,1,1,1,1,2,0,1
2459,2DL-2PM,2026-06-01,14:00,29-05,34,17,5,29,24,0,2,1,1,2,0,0
2460,2DL-5PM,2026-06-01,17:00,14-19,33,16.5,14,19,5,1,1,1,1,2,0,0
2461,2DL-9PM,2026-06-01,21:00,04-29,33,16.5,4,29,25,1,1,1,1,2,0,0
2462,2DL-2PM,2026-06-02,14:00,31-12,43,21.5,12,31,19,1,1,1,1,2,0,0
2463,2DL-5PM,2026-06-02,17:00,01-03,4,2,1,3,2,0,2,2,0,2,0,0
2464,2DL-9PM,2026-06-02,21:00,20-22,42,21,20,22,2,2,0,0,2,2,0,0
2465,2DL-2PM,2026-06-03,14:00,31-04,35,17.5,4,31,27,1,1,1,1,2,0,0
2466,2DL-5PM,2026-06-03,17:00,15-12,27,13.5,12,15,3,1,1,2,0,2,0,0
2467,2DL-9PM,2026-06-03,21:00,21-16,37,18.5,16,21,5,1,1,1,1,2,0,0
2468,2DL-2PM,2026-06-04,14:00,13-14,27,13.5,13,14,1,1,1,2,0,2,1,0
2469,2DL-5PM,2026-06-04,17:00,16-27,43,21.5,16,27,11,1,1,1,1,2,0,0
2470,2DL-9PM,2026-06-04,21:00,24-12,36,18,12,24,12,2,0,1,1,2,0,0
2471,2DL-2PM,2026-06-05,14:00,14-28,42,21,14,28,14,2,0,1,1,2,0,0
2472,2DL-5PM,2026-06-05,17:00,14-28,42,21,14,28,14,2,0,1,1,2,0,2
2473,2DL-9PM,2026-06-05,21:00,06-29,35,17.5,6,29,23,1,1,1,1,2,0,0
2474,2DL-5PM,2026-06-06,17:00,18-29,47,23.5,18,29,11,1,1,0,2,2,0,1
2475,2DL-9PM,2026-06-06,21:00,13-24,37,18.5,13,24,11,1,1,1,1,2,0,0
2476,2DL-9PM,2026-06-07,21:00,03-30,33,16.5,3,30,27,1,1,1,1,2,0,0
2477,2DL-2PM,2026-06-08,14:00,11-16,27,13.5,11,16,5,1,1,2,0,2,0,0
2478,2DL-5PM,2026-06-08,17:00,09-08,17,8.5,8,9,1,1,1,2,0,2,1,0
2479,2DL-9PM,2026-06-08,21:00,29-16,45,22.5,16,29,13,1,1,1,1,2,0,0
2480,2DL-2PM,2026-06-09,14:00,19-30,49,24.5,19,30,11,1,1,0,2,2,0,0
2481,2DL-5PM,2026-06-09,17:00,02-21,23,11.5,2,21,19,1,1,1,1,2,0,0
2482,2DL-9PM,2026-06-09,21:00,10-04,14,7,4,10,6,2,0,2,0,2,0,0
2483,2DL-2PM,2026-06-10,14:00,19-19,38,19,19,19,0,0,2,0,2,1,0,0
2484,2DL-5PM,2026-06-10,17:00,28-09,37,18.5,9,28,19,1,1,1,1,2,0,0
2485,2DL-9PM,2026-06-10,21:00,25-11,36,18,11,25,14,0,2,1,1,2,0,0
2486,2DL-2PM,2026-06-11,14:00,29-21,50,25,21,29,8,0,2,0,2,2,0,0
2487,2DL-5PM,2026-06-11,17:00,05-16,21,10.5,5,16,11,1,1,2,0,2,0,0
2488,2DL-9PM,2026-06-11,21:00,16-09,25,12.5,9,16,7,1,1,2,0,2,0,1
2489,2DL-2PM,2026-06-12,14:00,19-17,36,18,17,19,2,0,2,0,2,2,0,0
2490,2DL-5PM,2026-06-12,17:00,07-01,8,4,1,7,6,0,2,2,0,2,0,0
2491,2DL-9PM,2026-06-12,21:00,09-05,14,7,5,9,4,0,2,2,0,2,0,0
2492,2DL-2PM,2026-06-13,14:00,11-26,37,18.5,11,26,15,1,1,1,1,2,0,0
2493,2DL-5PM,2026-06-13,17:00,18-17,35,17.5,17,18,1,1,1,0,2,2,1,0
2494,2DL-9PM,2026-06-13,21:00,26-30,56,28,26,30,4,2,0,0,2,2,0,0
2495,2DL-2PM,2026-06-14,14:00,03-15,18,9,3,15,12,0,2,2,0,2,0,0
2496,2DL-5PM,2026-06-14,17:00,28-02,30,15,2,28,26,2,0,1,1,2,0,0
2497,2DL-9PM,2026-06-14,21:00,10-07,17,8.5,7,10,3,1,1,2,0,2,0,0
2498,2DL-2PM,2026-06-15,14:00,02-13,15,7.5,2,13,11,1,1,2,0,2,0,0
2499,2DL-5PM,2026-06-15,17:00,19-10,29,14.5,10,19,9,1,1,1,1,2,0,0
2500,2DL-9PM,2026-06-15,21:00,26-24,50,25,24,26,2,2,0,0,2,2,0,0
2501,2DL-2PM,2026-06-16,14:00,29-08,37,18.5,8,29,21,1,1,1,1,2,0,0
2502,2DL-5PM,2026-06-16,17:00,24-03,27,13.5,3,24,21,1,1,1,1,2,0,0
2503,2DL-9PM,2026-06-16,21:00,22-29,51,25.5,22,29,7,1,1,0,2,2,0,0
2504,2DL-2PM,2026-06-17,14:00,04-31,35,17.5,4,31,27,1,1,1,1,2,0,0
2505,2DL-5PM,2026-06-17,17:00,05-17,22,11,5,17,12,0,2,1,1,2,0,0
2506,2DL-9PM,2026-06-17,21:00,07-26,33,16.5,7,26,19,1,1,1,1,2,0,0
2507,2DL-2PM,2026-06-18,14:00,09-21,30,15,9,21,12,0,2,1,1,2,0,0
2508,2DL-5PM,2026-06-18,17:00,22-19,41,20.5,19,22,3,1,1,0,2,2,0,0
2509,2DL-9PM,2026-06-18,21:00,28-27,55,27.5,27,28,1,1,1,0,2,2,1,0
2510,2DL-2PM,2026-06-19,14:00,24-24,48,24,24,24,0,2,0,0,2,1,0,0
2511,2DL-5PM,2026-06-19,17:00,10-03,13,6.5,3,10,7,1,1,2,0,2,0,0
2512,2DL-9PM,2026-06-19,21:00,08-31,39,19.5,8,31,23,1,1,1,1,2,0,0
2513,2DL-2PM,2026-06-20,14:00,02-13,15,7.5,2,13,11,1,1,2,0,2,0,0
2514,2DL-5PM,2026-06-20,17:00,29-15,44,22,15,29,14,0,2,1,1,2,0,0
2515,2DL-9PM,2026-06-20,21:00,16-04,20,10,4,16,12,2,0,2,0,2,0,0
2516,2DL-2PM,2026-06-21,14:00,09-22,31,15.5,9,22,13,1,1,1,1,2,0,0
2517,2DL-5PM,2026-06-21,17:00,03-01,4,2,1,3,2,0,2,2,0,2,0,0
2518,2DL-9PM,2026-06-21,21:00,11-07,18,9,7,11,4,0,2,2,0,2,0,0
2519,2DL-2PM,2026-06-22,14:00,19-04,23,11.5,4,19,15,1,1,1,1,2,0,0
2520,2DL-5PM,2026-06-22,17:00,12-31,43,21.5,12,31,19,1,1,1,1,2,0,0
2521,2DL-9PM,2026-06-22,21:00,02-29,31,15.5,2,29,27,1,1,1,1,2,0,0
2522,2DL-5PM,2026-06-23,17:00,13-09,22,11,9,13,4,0,2,2,0,2,0,0
2523,2DL-9PM,2026-06-23,21:00,01-26,27,13.5,1,26,25,1,1,1,1,2,0,0
2524,2DL-2PM,2026-06-24,14:00,31-22,53,26.5,22,31,9,1,1,0,2,2,0,0
2525,2DL-5PM,2026-06-24,17:00,07-10,17,8.5,7,10,3,1,1,2,0,2,0,0
2526,2DL-9PM,2026-06-24,21:00,24-23,47,23.5,23,24,1,1,1,0,2,2,1,0
2527,2DL-5PM,2026-06-25,17:00,16-30,46,23,16,30,14,2,0,1,1,2,0,0
2528,2DL-9PM,2026-06-25,21:00,07-21,28,14,7,21,14,0,2,1,1,2,0,0
2529,2DL-2PM,2026-06-26,14:00,01-12,13,6.5,1,12,11,1,1,2,0,2,0,0
2530,2DL-5PM,2026-06-26,17:00,31-25,56,28,25,31,6,0,2,0,2,2,0,0
2531,2DL-9PM,2026-06-26,21:00,16-24,40,20,16,24,8,2,0,1,1,2,0,0
2532,2DL-2PM,2026-06-27,14:00,30-19,49,24.5,19,30,11,1,1,0,2,2,0,0
2533,2DL-5PM,2026-06-27,17:00,22-23,45,22.5,22,23,1,1,1,0,2,2,1,0
2534,2DL-9PM,2026-06-27,21:00,04-29,33,16.5,4,29,25,1,1,1,1,2,0,0
2535,2DL-5PM,2026-06-28,17:00,19-25,44,22,19,25,6,0,2,0,2,2,0,0
2536,2DL-9PM,2026-06-28,21:00,17-13,30,15,13,17,4,0,2,1,1,2,0,0
2537,2DL-2PM,2026-06-29,14:00,21-24,45,22.5,21,24,3,1,1,0,2,2,0,0
2538,2DL-5PM,2026-06-29,17:00,27-30,57,28.5,27,30,3,1,1,0,2,2,0,0
2539,2DL-9PM,2026-06-29,21:00,25-04,29,14.5,4,25,21,1,1,1,1,2,0,0
2540,2DL-2PM,2026-06-30,14:00,21-16,37,18.5,16,21,5,1,1,1,1,2,0,0
2541,2DL-5PM,2026-06-30,17:00,07-16,23,11.5,7,16,9,1,1,2,0,2,0,1
2542,2DL-9PM,2026-06-30,21:00,28-30,58,29,28,30,2,2,0,0,2,2,0,0
2543,2DL-2PM,2026-07-01,14:00,07-15,22,11,7,15,8,0,2,2,0,2,0,0
2544,2DL-5PM,2026-07-01,17:00,22-09,31,15.5,9,22,13,1,1,1,1,2,0,0
2545,2DL-9PM,2026-07-01,21:00,19-25,44,22,19,25,6,0,2,0,2,2,0,0
2546,2DL-2PM,2026-07-02,14:00,17-09,26,13,9,17,8,0,2,1,1,2,0,0
2547,2DL-5PM,2026-07-02,17:00,08-18,26,13,8,18,10,2,0,1,1,2,0,0
2548,2DL-9PM,2026-07-02,21:00,14-18,32,16,14,18,4,2,0,1,1,2,0,1
2549,2DL-2PM,2026-07-03,14:00,18-15,33,16.5,15,18,3,1,1,1,1,2,0,1
2550,2DL-5PM,2026-07-03,17:00,29-17,46,23,17,29,12,0,2,0,2,2,0,0
2551,2DL-9PM,2026-07-03,21:00,21-11,32,16,11,21,10,0,2,1,1,2,0,0
2552,2DL-2PM,2026-07-04,14:00,16-24,40,20,16,24,8,2,0,1,1,2,0,0
2553,2DL-5PM,2026-07-04,17:00,21-07,28,14,7,21,14,0,2,1,1,2,0,0
2554,2DL-9PM,2026-07-04,21:00,03-04,7,3.5,3,4,1,1,1,2,0,2,1,0
2555,2DL-2PM,2026-07-05,14:00,28-13,41,20.5,13,28,15,1,1,1,1,2,0,0
2556,2DL-5PM,2026-07-05,17:00,19-08,27,13.5,8,19,11,1,1,1,1,2,0,0
2557,2DL-9PM,2026-07-05,21:00,01-18,19,9.5,1,18,17,1,1,1,1,2,0,0
2558,2DL-2PM,2026-07-06,14:00,22-01,23,11.5,1,22,21,1,1,1,1,2,0,1
2559,2DL-5PM,2026-07-06,17:00,04-12,16,8,4,12,8,2,0,2,0,2,0,0
2560,2DL-9PM,2026-07-06,21:00,05-12,17,8.5,5,12,7,1,1,2,0,2,0,1
2561,2DL-2PM,2026-07-07,14:00,20-02,22,11,2,20,18,2,0,1,1,2,0,0
2562,2DL-9PM,2026-07-07,21:00,04-18,22,11,4,18,14,2,0,1,1,2,0,0
2563,2DL-2PM,2026-07-08,14:00,30-06,36,18,6,30,24,2,0,1,1,2,0,0
2564,2DL-5PM,2026-07-08,17:00,21-12,33,16.5,12,21,9,1,1,1,1,2,0,0
2565,2DL-9PM,2026-07-08,21:00,03-11,14,7,3,11,8,0,2,2,0,2,0,0
2566,2DL-2PM,2026-07-09,14:00,15-18,33,16.5,15,18,3,1,1,1,1,2,0,0
2567,2DL-5PM,2026-07-09,17:00,17-07,24,12,7,17,10,0,2,1,1,2,0,0
2568,2DL-9PM,2026-07-09,21:00,04-18,22,11,4,18,14,2,0,1,1,2,0,0
2569,2DL-2PM,2026-07-10,14:00,16-30,46,23,16,30,14,2,0,1,1,2,0,0
2570,2DL-5PM,2026-07-10,17:00,17-06,23,11.5,6,17,11,1,1,1,1,2,0,0
2571,2DL-9PM,2026-07-10,21:00,29-14,43,21.5,14,29,15,1,1,1,1,2,0,0
2572,2DL-2PM,2026-07-11,14:00,20-05,25,12.5,5,20,15,1,1,1,1,2,0,0
2573,2DL-5PM,2026-07-11,17:00,18-01,19,9.5,1,18,17,1,1,1,1,2,0,0
2574,2DL-9PM,2026-07-11,21:00,10-16,26,13,10,16,6,2,0,2,0,2,0,0
2575,2DL-2PM,2026-07-12,14:00,06-22,28,14,6,22,16,2,0,1,1,2,0,0
2576,2DL-5PM,2026-07-12,17:00,20-11,31,15.5,11,20,9,1,1,1,1,2,0,0
2577,2DL-9PM,2026-07-12,21:00,27-11,38,19,11,27,16,0,2,1,1,2,0,1
2578,2DL-2PM,2026-07-13,14:00,30-13,43,21.5,13,30,17,1,1,1,1,2,0,0
2579,2DL-5PM,2026-07-13,17:00,26-09,35,17.5,9,26,17,1,1,1,1,2,0,0
2580,2DL-9PM,2026-07-13,21:00,11-23,34,17,11,23,12,0,2,1,1,2,0,0
2581,2DL-2PM,2026-07-14,14:00,21-06,27,13.5,6,21,15,1,1,1,1,2,0,0
2582,2DL-5PM,2026-07-14,17:00,22-03,25,12.5,3,22,19,1,1,1,1,2,0,0
2583,2DL-9PM,2026-07-14,21:00,10-23,33,16.5,10,23,13,1,1,1,1,2,0,0
2584,2DL-2PM,2026-07-15,14:00,10-29,39,19.5,10,29,19,1,1,1,1,2,0,1
2585,2DL-5PM,2026-07-15,17:00,07-16,23,11.5,7,16,9,1,1,2,0,2,0,0
2586,2DL-9PM,2026-07-15,21:00,14-25,39,19.5,14,25,11,1,1,1,1,2,0,0
2587,2DL-2PM,2026-07-16,14:00,16-05,21,10.5,5,16,11,1,1,2,0,2,0,0
2588,2DL-5PM,2026-07-16,17:00,27-06,33,16.5,6,27,21,1,1,1,1,2,0,0
2589,2DL-9PM,2026-07-16,21:00,16-27,43,21.5,16,27,11,1,1,1,1,2,0,1
2590,2DL-2PM,2026-07-17,14:00,01-25,26,13,1,25,24,0,2,1,1,2,0,0
2591,2DL-5PM,2026-07-17,17:00,15-06,21,10.5,6,15,9,1,1,2,0,2,0,0
2592,2DL-9PM,2026-07-17,21:00,15-22,37,18.5,15,22,7,1,1,1,1,2,0,1
2593,2DL-2PM,2026-07-18,14:00,15-05,20,10,5,15,10,0,2,2,0,2,0,1
2594,2DL-5PM,2026-07-18,17:00,03-08,11,5.5,3,8,5,1,1,2,0,2,0,0
2595,2DL-9PM,2026-07-18,21:00,19-10,29,14.5,10,19,9,1,1,1,1,2,0,0
2596,2DL-2PM,2026-07-19,14:00,03-05,8,4,3,5,2,0,2,2,0,2,0,0
2597,2DL-5PM,2026-07-19,17:00,15-28,43,21.5,15,28,13,1,1,1,1,2,0,0
2598,2DL-9PM,2026-07-19,21:00,19-17,36,18,17,19,2,0,2,0,2,2,0,0
2599,2DL-2PM,2026-07-20,14:00,14-03,17,8.5,3,14,11,1,1,2,0,2,0,0
2600,2DL-5PM,2026-07-20,17:00,18-08,26,13,8,18,10,2,0,1,1,2,0,0
2601,2DL-9PM,2026-07-20,21:00,31-08,39,19.5,8,31,23,1,1,1,1,2,0,1
2602,2DL-2PM,2026-07-21,14:00,17-16,33,16.5,16,17,1,1,1,1,1,2,1,0
2603,2DL-5PM,2026-07-21,17:00,05-09,14,7,5,9,4,0,2,2,0,2,0,0
2604,2DL-9PM,2026-07-21,21:00,27-24,51,25.5,24,27,3,1,1,0,2,2,0,0
2605,2DL-2PM,2026-07-22,14:00,01-16,17,8.5,1,16,15,1,1,2,0,2,0,0
2606,2DL-5PM,2026-07-22,17:00,28-23,51,25.5,23,28,5,1,1,0,2,2,0,0
2607,2DL-9PM,2026-07-22,21:00,08-12,20,10,8,12,4,2,0,2,0,2,0,0
2608,2DL-2PM,2026-07-23,14:00,04-05,9,4.5,4,5,1,1,1,2,0,2,1,0
2609,2DL-5PM,2026-07-23,17:00,19-31,50,25,19,31,12,0,2,0,2,2,0,0
2610,2DL-9PM,2026-07-23,21:00,17-22,39,19.5,17,22,5,1,1,0,2,2,0,0
2611,2DL-2PM,2026-07-24,14:00,26-12,38,19,12,26,14,2,0,1,1,2,0,0
2612,2DL-5PM,2026-07-24,17:00,22-21,43,21.5,21,22,1,1,1,0,2,2,1,0
2613,2DL-9PM,2026-07-24,21:00,29-27,56,28,27,29,2,0,2,0,2,2,0,0
2614,2DL-2PM,2026-07-25,14:00,28-29,57,28.5,28,29,1,1,1,0,2,2,1,1
2615,2DL-5PM,2026-07-25,17:00,03-31,34,17,3,31,28,0,2,1,1,2,0,0
2616,2DL-9PM,2026-07-25,21:00,19-02,21,10.5,2,19,17,1,1,1,1,2,0,0
2617,2DL-2PM,2026-07-26,14:00,09-08,17,8.5,8,9,1,1,1,2,0,2,1,0
2618,2DL-5PM,2026-07-26,17:00,19-22,41,20.5,19,22,3,1,1,0,2,2,0,0
2619,2DL-9PM,2026-07-26,21:00,14-09,23,11.5,9,14,5,1,1,2,0,2,0,0
2620,2DL-2PM,2026-07-27,14:00,29-24,53,26.5,24,29,5,1,1,0,2,2,0,0
2621,2DL-5PM,2026-07-27,17:00,04-12,16,8,4,12,8,2,0,2,0,2,0,0
2622,2DL-9PM,2026-07-27,21:00,14-25,39,19.5,14,25,11,1,1,1,1,2,0,0
2623,2DL-2PM,2026-07-28,14:00,30-11,41,20.5,11,30,19,1,1,1,1,2,0,0
2624,2DL-5PM,2026-07-28,17:00,23-05,28,14,5,23,18,0,2,1,1,2,0,0
2625,2DL-9PM,2026-07-28,21:00,28-07,35,17.5,7,28,21,1,1,1,1,2,0,0
2626,2DL-2PM,2026-07-29,14:00,26-24,50,25,24,26,2,2,0,0,2,2,0,0
2627,2DL-5PM,2026-07-29,17:00,14-01,15,7.5,1,14,13,1,1,2,0,2,0,0
2628,2DL-9PM,2026-07-29,21:00,28-06,34,17,6,28,22,2,0,1,1,2,0,0
2629,2DL-2PM,2026-07-30,14:00,03-14,17,8.5,3,14,11,1,1,2,0,2,0,0
2630,2DL-5PM,2026-07-30,17:00,22-15,37,18.5,15,22,7,1,1,1,1,2,0,0
2631,2DL-9PM,2026-07-30,21:00,17-13,30,15,13,17,4,0,2,1,1,2,0,0
2632,2DL-2PM,2026-07-31,14:00,29-05,34,17,5,29,24,0,2,1,1,2,0,0
2633,2DL-5PM,2026-07-31,17:00,18-02,20,10,2,18,16,2,0,1,1,2,0,0
2634,2DL-9PM,2026-07-31,21:00,24-31,55,27.5,24,31,7,1,1,0,2,2,0,0
2635,2DL-2PM,2026-08-01,14:00,03-13,16,8,3,13,10,0,2,2,0,2,0,0
2636,2DL-5PM,2026-08-01,17:00,29-26,55,27.5,26,29,3,1,1,0,2,2,0,0
2637,2DL-9PM,2026-08-01,21:00,25-28,53,26.5,25,28,3,1,1,0,2,2,0,0
2638,2DL-2PM,2026-08-02,14:00,23-02,25,12.5,2,23,21,1,1,1,1,2,0,0
2639,2DL-5PM,2026-08-02,17:00,25-19,44,22,19,25,6,0,2,0,2,2,0,0
2640,2DL-9PM,2026-08-02,21:00,20-09,29,14.5,9,20,11,1,1,1,1,2,0,0
2641,2DL-2PM,2026-08-03,14:00,30-22,52,26,22,30,8,2,0,0,2,2,0,0
2642,2DL-5PM,2026-08-03,17:00,10-10,20,10,10,10,0,2,0,2,0,1,0,0
2643,2DL-9PM,2026-08-03,21:00,14-23,37,18.5,14,23,9,1,1,1,1,2,0,0
2644,2DL-2PM,2026-08-04,14:00,07-02,9,4.5,2,7,5,1,1,2,0,2,0,0
2645,2DL-5PM,2026-08-04,17:00,10-28,38,19,10,28,18,2,0,1,1,2,0,0
2646,2DL-9PM,2026-08-04,21:00,19-17,36,18,17,19,2,0,2,0,2,2,0,0
2647,2DL-2PM,2026-08-05,14:00,20-23,43,21.5,20,23,3,1,1,0,2,2,0,0
2648,2DL-5PM,2026-08-05,17:00,13-18,31,15.5,13,18,5,1,1,1,1,2,0,0
2649,2DL-9PM,2026-08-05,21:00,21-02,23,11.5,2,21,19,1,1,1,1,2,0,0
