draw_index,draw_date,draw_time,position,number
1,2023-12-23,17:00,1,15
1,2023-12-23,17:00,2,29
2,2023-12-23,21:00,1,12
2,2023-12-23,21:00,2,30
3,2023-12-24,14:00,1,8
3,2023-12-24,14:00,2,4
4,2023-12-24,17:00,1,11
4,2023-12-24,17:00,2,11
5,2023-12-24,21:00,1,6
5,2023-12-24,21:00,2,14
6,2023-12-26,14:00,1,11
6,2023-12-26,14:00,2,2
7,2023-12-26,17:00,1,4
7,2023-12-26,17:00,2,26
8,2023-12-26,21:00,1,27
8,2023-12-26,21:00,2,12
9,2023-12-27,14:00,1,18
9,2023-12-27,14:00,2,12
10,2023-12-27,17:00,1,10
10,2023-12-27,17:00,2,28
11,2023-12-27,21:00,1,31
11,2023-12-27,21:00,2,8
12,2023-12-28,14:00,1,2
12,2023-12-28,14:00,2,20
13,2023-12-28,17:00,1,12
13,2023-12-28,17:00,2,14
14,2023-12-28,21:00,1,12
14,2023-12-28,21:00,2,31
15,2023-12-29,14:00,1,4
15,2023-12-29,14:00,2,9
16,2023-12-29,17:00,1,19
16,2023-12-29,17:00,2,3
17,2023-12-29,21:00,1,24
17,2023-12-29,21:00,2,11
18,2023-12-30,14:00,1,17
18,2023-12-30,14:00,2,6
19,2023-12-30,17:00,1,28
19,2023-12-30,17:00,2,7
20,2023-12-30,21:00,1,24
20,2023-12-30,21:00,2,20
21,2023-12-31,14:00,1,11
21,2023-12-31,14:00,2,11
22,2023-12-31,17:00,1,17
22,2023-12-31,17:00,2,1
23,2023-12-31,21:00,1,16
23,2023-12-31,21:00,2,7
24,2024-01-02,14:00,1,12
24,2024-01-02,14:00,2,24
25,2024-01-02,17:00,1,8
25,2024-01-02,17:00,2,31
26,2024-01-02,21:00,1,5
26,2024-01-02,21:00,2,21
27,2024-01-03,14:00,1,23
27,2024-01-03,14:00,2,21
28,2024-01-03,17:00,1,20
28,2024-01-03,17:00,2,9
29,2024-01-03,21:00,1,7
29,2024-01-03,21:00,2,9
30,2024-01-04,14:00,1,14
30,2024-01-04,14:00,2,12
31,2024-01-04,17:00,1,30
31,2024-01-04,17:00,2,18
32,2024-01-04,21:00,1,7
32,2024-01-04,21:00,2,16
33,2024-01-05,14:00,1,5
33,2024-01-05,14:00,2,13
34,2024-01-05,17:00,1,7
34,2024-01-05,17:00,2,13
35,2024-01-05,21:00,1,4
35,2024-01-05,21:00,2,29
36,2024-01-06,14:00,1,21
36,2024-01-06,14:00,2,6
37,2024-01-06,17:00,1,23
37,2024-01-06,17:00,2,10
38,2024-01-06,21:00,1,21
38,2024-01-06,21:00,2,13
39,2024-01-07,14:00,1,10
39,2024-01-07,14:00,2,12
40,2024-01-07,17:00,1,30
40,2024-01-07,17:00,2,23
41,2024-01-07,21:00,1,25
41,2024-01-07,21:00,2,29
42,2024-01-08,14:00,1,19
42,2024-01-08,14:00,2,13
43,2024-01-08,17:00,1,30
43,2024-01-08,17:00,2,28
44,2024-01-08,21:00,1,10
44,2024-01-08,21:00,2,21
45,2024-01-09,14:00,1,1
45,2024-01-09,14:00,2,8
46,2024-01-09,17:00,1,9
46,2024-01-09,17:00,2,14
47,2024-01-09,21:00,1,16
47,2024-01-09,21:00,2,16
48,2024-01-10,14:00,1,14
48,2024-01-10,14:00,2,9
49,2024-01-10,17:00,1,17
49,2024-01-10,17:00,2,5
50,2024-01-10,21:00,1,8
50,2024-01-10,21:00,2,27
51,2024-01-11,14:00,1,12
51,2024-01-11,14:00,2,19
52,2024-01-11,17:00,1,4
52,2024-01-11,17:00,2,13
53,2024-01-11,21:00,1,1
53,2024-01-11,21:00,2,3
54,2024-01-12,14:00,1,23
54,2024-01-12,14:00,2,1
55,2024-01-12,17:00,1,15
55,2024-01-12,17:00,2,3
56,2024-01-12,21:00,1,15
56,2024-01-12,21:00,2,20
57,2024-01-13,14:00,1,29
57,2024-01-13,14:00,2,20
58,2024-01-13,17:00,1,13
58,2024-01-13,17:00,2,30
59,2024-01-13,21:00,1,10
59,2024-01-13,21:00,2,14
60,2024-01-14,14:00,1,21
60,2024-01-14,14:00,2,24
61,2024-01-14,17:00,1,22
61,2024-01-14,17:00,2,5
62,2024-01-14,21:00,1,26
62,2024-01-14,21:00,2,14
63,2024-01-15,14:00,1,10
63,2024-01-15,14:00,2,6
64,2024-01-15,17:00,1,6
64,2024-01-15,17:00,2,27
65,2024-01-15,21:00,1,16
65,2024-01-15,21:00,2,10
66,2024-01-16,14:00,1,31
66,2024-01-16,14:00,2,28
67,2024-01-16,17:00,1,12
67,2024-01-16,17:00,2,2
68,2024-01-16,21:00,1,6
68,2024-01-16,21:00,2,14
69,2024-01-17,14:00,1,18
69,2024-01-17,14:00,2,26
70,2024-01-17,17:00,1,30
70,2024-01-17,17:00,2,14
71,2024-01-17,21:00,1,12
71,2024-01-17,21:00,2,6
72,2024-01-18,14:00,1,8
72,2024-01-18,14:00,2,8
73,2024-01-18,17:00,1,18
73,2024-01-18,17:00,2,16
74,2024-01-18,21:00,1,20
74,2024-01-18,21:00,2,26
75,2024-01-19,14:00,1,25
75,2024-01-19,14:00,2,7
76,2024-01-19,17:00,1,16
76,2024-01-19,17:00,2,15
77,2024-01-19,21:00,1,24
77,2024-01-19,21:00,2,22
78,2024-01-20,14:00,1,2
78,2024-01-20,14:00,2,12
79,2024-01-20,17:00,1,31
79,2024-01-20,17:00,2,8
80,2024-01-20,21:00,1,16
80,2024-01-20,21:00,2,24
81,2024-01-21,14:00,1,29
81,2024-01-21,14:00,2,8
82,2024-01-21,17:00,1,10
82,2024-01-21,17:00,2,17
83,2024-01-21,21:00,1,12
83,2024-01-21,21:00,2,29
84,2024-01-22,14:00,1,3
84,2024-01-22,14:00,2,23
85,2024-01-22,17:00,1,14
85,2024-01-22,17:00,2,24
86,2024-01-22,21:00,1,15
86,2024-01-22,21:00,2,23
87,2024-01-23,14:00,1,10
87,2024-01-23,14:00,2,9
88,2024-01-23,17:00,1,1
88,2024-01-23,17:00,2,28
89,2024-01-23,21:00,1,3
89,2024-01-23,21:00,2,23
90,2024-01-24,14:00,1,27
90,2024-01-24,14:00,2,11
91,2024-01-24,17:00,1,23
91,2024-01-24,17:00,2,12
92,2024-01-24,21:00,1,17
92,2024-01-24,21:00,2,15
93,2024-01-25,14:00,1,4
93,2024-01-25,14:00,2,20
94,2024-01-25,17:00,1,21
94,2024-01-25,17:00,2,6
95,2024-01-25,21:00,1,9
95,2024-01-25,21:00,2,4
96,2024-01-26,14:00,1,22
96,2024-01-26,14:00,2,14
97,2024-01-26,17:00,1,4
97,2024-01-26,17:00,2,11
98,2024-01-26,21:00,1,11
98,2024-01-26,21:00,2,17
99,2024-01-27,14:00,1,31
99,2024-01-27,14:00,2,23
100,2024-01-27,17:00,1,8
100,2024-01-27,17:00,2,29
101,2024-01-27,21:00,1,25
101,2024-01-27,21:00,2,3
102,2024-01-28,14:00,1,18
102,2024-01-28,14:00,2,26
103,2024-01-28,17:00,1,9
103,2024-01-28,17:00,2,22
104,2024-01-28,21:00,1,5
104,2024-01-28,21:00,2,14
105,2024-01-29,14:00,1,10
105,2024-01-29,14:00,2,30
106,2024-01-29,17:00,1,10
106,2024-01-29,17:00,2,1
107,2024-01-29,21:00,1,20
107,2024-01-29,21:00,2,8
108,2024-01-30,14:00,1,21
108,2024-01-30,14:00,2,21
109,2024-01-30,17:00,1,3
109,2024-01-30,17:00,2,15
110,2024-01-30,21:00,1,30
110,2024-01-30,21:00,2,9
111,2024-01-31,14:00,1,5
111,2024-01-31,14:00,2,12
112,2024-01-31,17:00,1,18
112,2024-01-31,17:00,2,27
113,2024-01-31,21:00,1,20
113,2024-01-31,21:00,2,19
114,2024-02-01,14:00,1,18
114,2024-02-01,14:00,2,22
115,2024-02-01,17:00,1,17
115,2024-02-01,17:00,2,10
116,2024-02-01,21:00,1,29
116,2024-02-01,21:00,2,25
117,2024-02-02,14:00,1,28
117,2024-02-02,14:00,2,20
118,2024-02-02,17:00,1,21
118,2024-02-02,17:00,2,14
119,2024-02-02,21:00,1,19
119,2024-02-02,21:00,2,16
120,2024-02-03,14:00,1,13
120,2024-02-03,14:00,2,10
121,2024-02-03,17:00,1,11
121,2024-02-03,17:00,2,26
122,2024-02-03,21:00,1,23
122,2024-02-03,21:00,2,31
123,2024-02-04,14:00,1,4
123,2024-02-04,14:00,2,22
124,2024-02-04,17:00,1,12
124,2024-02-04,17:00,2,26
125,2024-02-04,21:00,1,3
125,2024-02-04,21:00,2,17
126,2024-02-05,14:00,1,17
126,2024-02-05,14:00,2,7
127,2024-02-05,17:00,1,7
127,2024-02-05,17:00,2,26
128,2024-02-05,21:00,1,23
128,2024-02-05,21:00,2,19
129,2024-02-06,14:00,1,28
129,2024-02-06,14:00,2,20
130,2024-02-06,17:00,1,13
130,2024-02-06,17:00,2,6
131,2024-02-06,21:00,1,18
131,2024-02-06,21:00,2,19
132,2024-02-07,14:00,1,8
132,2024-02-07,14:00,2,24
133,2024-02-07,17:00,1,26
133,2024-02-07,17:00,2,1
134,2024-02-07,21:00,1,18
134,2024-02-07,21:00,2,9
135,2024-02-08,14:00,1,3
135,2024-02-08,14:00,2,31
136,2024-02-08,17:00,1,5
136,2024-02-08,17:00,2,12
137,2024-02-08,21:00,1,17
137,2024-02-08,21:00,2,16
138,2024-02-09,14:00,1,12
138,2024-02-09,14:00,2,10
139,2024-02-09,17:00,1,24
139,2024-02-09,17:00,2,21
140,2024-02-09,21:00,1,14
140,2024-02-09,21:00,2,2
141,2024-02-10,14:00,1,14
141,2024-02-10,14:00,2,6
142,2024-02-10,17:00,1,26
142,2024-02-10,17:00,2,18
143,2024-02-10,21:00,1,13
143,2024-02-10,21:00,2,20
144,2024-02-11,14:00,1,4
144,2024-02-11,14:00,2,21
145,2024-02-11,17:00,1,21
145,2024-02-11,17:00,2,2
146,2024-02-11,21:00,1,12
146,2024-02-11,21:00,2,9
147,2024-02-12,14:00,1,4
147,2024-02-12,14:00,2,12
148,2024-02-12,17:00,1,26
148,2024-02-12,17:00,2,30
149,2024-02-12,21:00,1,17
149,2024-02-12,21:00,2,29
150,2024-02-13,14:00,1,31
150,2024-02-13,14:00,2,10
151,2024-02-13,17:00,1,2
151,2024-02-13,17:00,2,20
152,2024-02-13,21:00,1,2
152,2024-02-13,21:00,2,31
153,2024-02-14,14:00,1,15
153,2024-02-14,14:00,2,26
154,2024-02-14,17:00,1,22
154,2024-02-14,17:00,2,23
155,2024-02-14,21:00,1,26
155,2024-02-14,21:00,2,26
156,2024-02-15,14:00,1,3
156,2024-02-15,14:00,2,16
157,2024-02-15,17:00,1,23
157,2024-02-15,17:00,2,18
158,2024-02-15,21:00,1,16
158,2024-02-15,21:00,2,26
159,2024-02-16,14:00,1,19
159,2024-02-16,14:00,2,12
160,2024-02-16,17:00,1,6
160,2024-02-16,17:00,2,14
161,2024-02-16,21:00,1,20
161,2024-02-16,21:00,2,11
162,2024-02-17,14:00,1,3
162,2024-02-17,14:00,2,3
163,2024-02-17,17:00,1,7
163,2024-02-17,17:00,2,5
164,2024-02-17,21:00,1,22
164,2024-02-17,21:00,2,3
165,2024-02-18,14:00,1,26
165,2024-02-18,14:00,2,22
166,2024-02-18,17:00,1,31
166,2024-02-18,17:00,2,6
167,2024-02-18,21:00,1,25
167,2024-02-18,21:00,2,8
168,2024-02-19,14:00,1,28
168,2024-02-19,14:00,2,15
169,2024-02-19,17:00,1,5
169,2024-02-19,17:00,2,15
170,2024-02-19,21:00,1,3
170,2024-02-19,21:00,2,1
171,2024-02-20,14:00,1,20
171,2024-02-20,14:00,2,22
172,2024-02-20,17:00,1,11
172,2024-02-20,17:00,2,14
173,2024-02-20,21:00,1,30
173,2024-02-20,21:00,2,16
174,2024-02-21,14:00,1,2
174,2024-02-21,14:00,2,10
175,2024-02-21,17:00,1,5
175,2024-02-21,17:00,2,6
176,2024-02-21,21:00,1,11
176,2024-02-21,21:00,2,4
177,2024-02-22,14:00,1,7
177,2024-02-22,14:00,2,18
178,2024-02-22,17:00,1,15
178,2024-02-22,17:00,2,24
179,2024-02-22,21:00,1,4
179,2024-02-22,21:00,2,14
180,2024-02-23,14:00,1,21
180,2024-02-23,14:00,2,2
181,2024-02-23,17:00,1,8
181,2024-02-23,17:00,2,5
182,2024-02-23,21:00,1,1
182,2024-02-23,21:00,2,20
183,2024-02-24,14:00,1,31
183,2024-02-24,14:00,2,5
184,2024-02-24,17:00,1,4
184,2024-02-24,17:00,2,24
185,2024-02-24,21:00,1,12
185,2024-02-24,21:00,2,6
186,2024-02-25,14:00,1,9
186,2024-02-25,14:00,2,9
187,2024-02-25,17:00,1,8
187,2024-02-25,17:00,2,3
188,2024-02-25,21:00,1,12
188,2024-02-25,21:00,2,14
189,2024-02-26,14:00,1,25
189,2024-02-26,14:00,2,20
190,2024-02-26,17:00,1,3
190,2024-02-26,17:00,2,22
191,2024-02-26,21:00,1,13
191,2024-02-26,21:00,2,5
192,2024-02-27,14:00,1,12
192,2024-02-27,14:00,2,8
193,2024-02-27,17:00,1,4
193,2024-02-27,17:00,2,21
194,2024-02-27,21:00,1,26
194,2024-02-27,21:00,2,13
195,2024-02-28,14:00,1,26
195,2024-02-28,14:00,2,12
196,2024-02-28,17:00,1,18
196,2024-02-28,17:00,2,3
197,2024-02-28,21:00,1,30
197,2024-02-28,21:00,2,9
198,2024-02-29,14:00,1,12
198,2024-02-29,14:00,2,10
199,2024-02-29,17:00,1,8
199,2024-02-29,17:00,2,18
200,2024-02-29,21:00,1,24
200,2024-02-29,21:00,2,29
201,2024-03-01,14:00,1,31
201,2024-03-01,14:00,2,24
202,2024-03-01,17:00,1,25
202,2024-03-01,17:00,2,26
203,2024-03-01,21:00,1,21
203,2024-03-01,21:00,2,20
204,2024-03-02,14:00,1,10
204,2024-03-02,14:00,2,26
205,2024-03-02,17:00,1,18
205,2024-03-02,17:00,2,29
206,2024-03-02,21:00,1,9
206,2024-03-02,21:00,2,12
207,2024-03-03,14:00,1,29
207,2024-03-03,14:00,2,24
208,2024-03-03,17:00,1,7
208,2024-03-03,17:00,2,5
209,2024-03-03,21:00,1,1
209,2024-03-03,21:00,2,7
210,2024-03-04,14:00,1,23
210,2024-03-04,14:00,2,19
211,2024-03-04,17:00,1,1
211,2024-03-04,17:00,2,23
212,2024-03-04,21:00,1,14
212,2024-03-04,21:00,2,7
213,2024-03-05,14:00,1,1
213,2024-03-05,14:00,2,14
214,2024-03-05,17:00,1,14
214,2024-03-05,17:00,2,19
215,2024-03-05,21:00,1,15
215,2024-03-05,21:00,2,27
216,2024-03-06,14:00,1,27
216,2024-03-06,14:00,2,26
217,2024-03-06,17:00,1,14
217,2024-03-06,17:00,2,10
218,2024-03-06,21:00,1,30
218,2024-03-06,21:00,2,21
219,2024-03-07,14:00,1,26
219,2024-03-07,14:00,2,29
220,2024-03-07,17:00,1,25
220,2024-03-07,17:00,2,7
221,2024-03-07,21:00,1,23
221,2024-03-07,21:00,2,11
222,2024-03-08,14:00,1,26
222,2024-03-08,14:00,2,22
223,2024-03-08,17:00,1,27
223,2024-03-08,17:00,2,16
224,2024-03-08,21:00,1,25
224,2024-03-08,21:00,2,18
225,2024-03-09,14:00,1,18
225,2024-03-09,14:00,2,18
226,2024-03-09,17:00,1,6
226,2024-03-09,17:00,2,18
227,2024-03-09,21:00,1,7
227,2024-03-09,21:00,2,29
228,2024-03-10,14:00,1,25
228,2024-03-10,14:00,2,12
229,2024-03-10,17:00,1,22
229,2024-03-10,17:00,2,12
230,2024-03-10,21:00,1,31
230,2024-03-10,21:00,2,18
231,2024-03-11,14:00,1,21
231,2024-03-11,14:00,2,3
232,2024-03-11,17:00,1,29
232,2024-03-11,17:00,2,29
233,2024-03-11,21:00,1,2
233,2024-03-11,21:00,2,21
234,2024-03-12,14:00,1,15
234,2024-03-12,14:00,2,5
235,2024-03-12,17:00,1,30
235,2024-03-12,17:00,2,3
236,2024-03-12,21:00,1,28
236,2024-03-12,21:00,2,1
237,2024-03-13,14:00,1,14
237,2024-03-13,14:00,2,25
238,2024-03-13,17:00,1,31
238,2024-03-13,17:00,2,19
239,2024-03-13,21:00,1,21
239,2024-03-13,21:00,2,23
240,2024-03-14,14:00,1,30
240,2024-03-14,14:00,2,28
241,2024-03-14,17:00,1,11
241,2024-03-14,17:00,2,23
242,2024-03-14,21:00,1,19
242,2024-03-14,21:00,2,3
243,2024-03-15,14:00,1,10
243,2024-03-15,14:00,2,15
244,2024-03-15,17:00,1,1
244,2024-03-15,17:00,2,19
245,2024-03-15,21:00,1,21
245,2024-03-15,21:00,2,11
246,2024-03-16,14:00,1,17
246,2024-03-16,14:00,2,6
247,2024-03-16,17:00,1,2
247,2024-03-16,17:00,2,15
248,2024-03-16,21:00,1,14
248,2024-03-16,21:00,2,4
249,2024-03-17,14:00,1,1
249,2024-03-17,14:00,2,2
250,2024-03-17,17:00,1,17
250,2024-03-17,17:00,2,11
251,2024-03-17,21:00,1,23
251,2024-03-17,21:00,2,25
252,2024-03-18,14:00,1,15
252,2024-03-18,14:00,2,25
253,2024-03-18,17:00,1,28
253,2024-03-18,17:00,2,31
254,2024-03-18,21:00,1,11
254,2024-03-18,21:00,2,25
255,2024-03-19,14:00,1,22
255,2024-03-19,14:00,2,21
256,2024-03-19,17:00,1,3
256,2024-03-19,17:00,2,10
257,2024-03-19,21:00,1,18
257,2024-03-19,21:00,2,7
258,2024-03-20,14:00,1,17
258,2024-03-20,14:00,2,2
259,2024-03-20,17:00,1,9
259,2024-03-20,17:00,2,15
260,2024-03-20,21:00,1,26
260,2024-03-20,21:00,2,1
261,2024-03-21,14:00,1,11
261,2024-03-21,14:00,2,19
262,2024-03-21,17:00,1,25
262,2024-03-21,17:00,2,13
263,2024-03-21,21:00,1,1
263,2024-03-21,21:00,2,4
264,2024-03-22,14:00,1,29
264,2024-03-22,14:00,2,12
265,2024-03-22,17:00,1,3
265,2024-03-22,17:00,2,17
266,2024-03-22,21:00,1,29
266,2024-03-22,21:00,2,6
267,2024-03-23,14:00,1,20
267,2024-03-23,14:00,2,7
268,2024-03-23,17:00,1,11
268,2024-03-23,17:00,2,21
269,2024-03-23,21:00,1,30
269,2024-03-23,21:00,2,3
270,2024-03-24,14:00,1,9
270,2024-03-24,14:00,2,20
271,2024-03-24,17:00,1,2
271,2024-03-24,17:00,2,11
272,2024-03-24,21:00,1,23
272,2024-03-24,21:00,2,20
273,2024-03-25,14:00,1,5
273,2024-03-25,14:00,2,25
274,2024-03-25,17:00,1,24
274,2024-03-25,17:00,2,7
275,2024-03-25,21:00,1,3
275,2024-03-25,21:00,2,11
276,2024-03-26,14:00,1,28
276,2024-03-26,14:00,2,19
277,2024-03-26,17:00,1,25
277,2024-03-26,17:00,2,14
278,2024-03-26,21:00,1,30
278,2024-03-26,21:00,2,13
279,2024-03-27,14:00,1,1
279,2024-03-27,14:00,2,23
280,2024-03-27,17:00,1,10
280,2024-03-27,17:00,2,12
281,2024-03-27,21:00,1,13
281,2024-03-27,21:00,2,28
282,2024-04-01,14:00,1,29
282,2024-04-01,14:00,2,22
283,2024-04-01,17:00,1,7
283,2024-04-01,17:00,2,8
284,2024-04-01,21:00,1,18
284,2024-04-01,21:00,2,13
285,2024-04-02,14:00,1,3
285,2024-04-02,14:00,2,30
286,2024-04-02,17:00,1,19
286,2024-04-02,17:00,2,10
287,2024-04-02,21:00,1,31
287,2024-04-02,21:00,2,17
288,2024-04-03,14:00,1,25
288,2024-04-03,14:00,2,16
289,2024-04-03,17:00,1,11
289,2024-04-03,17:00,2,17
290,2024-04-03,21:00,1,2
290,2024-04-03,21:00,2,16
291,2024-04-04,14:00,1,4
291,2024-04-04,14:00,2,28
292,2024-04-04,17:00,1,16
292,2024-04-04,17:00,2,7
293,2024-04-04,21:00,1,22
293,2024-04-04,21:00,2,26
294,2024-04-05,14:00,1,7
294,2024-04-05,14:00,2,21
295,2024-04-05,17:00,1,25
295,2024-04-05,17:00,2,9
296,2024-04-05,21:00,1,6
296,2024-04-05,21:00,2,9
297,2024-04-06,14:00,1,24
297,2024-04-06,14:00,2,16
298,2024-04-06,17:00,1,3
298,2024-04-06,17:00,2,29
299,2024-04-06,21:00,1,24
299,2024-04-06,21:00,2,20
300,2024-04-07,14:00,1,27
300,2024-04-07,14:00,2,18
301,2024-04-07,17:00,1,21
301,2024-04-07,17:00,2,8
302,2024-04-07,21:00,1,11
302,2024-04-07,21:00,2,12
303,2024-04-08,14:00,1,4
303,2024-04-08,14:00,2,22
304,2024-04-08,17:00,1,18
304,2024-04-08,17:00,2,10
305,2024-04-08,21:00,1,30
305,2024-04-08,21:00,2,20
306,2024-04-09,14:00,1,19
306,2024-04-09,14:00,2,11
307,2024-04-09,17:00,1,22
307,2024-04-09,17:00,2,12
308,2024-04-09,21:00,1,6
308,2024-04-09,21:00,2,28
309,2024-04-10,14:00,1,16
309,2024-04-10,14:00,2,27
310,2024-04-10,17:00,1,14
310,2024-04-10,17:00,2,20
311,2024-04-10,21:00,1,7
311,2024-04-10,21:00,2,1
312,2024-04-11,14:00,1,12
312,2024-04-11,14:00,2,21
313,2024-04-11,17:00,1,15
313,2024-04-11,17:00,2,4
314,2024-04-11,21:00,1,7
314,2024-04-11,21:00,2,3
315,2024-04-12,14:00,1,31
315,2024-04-12,14:00,2,21
316,2024-04-12,17:00,1,15
316,2024-04-12,17:00,2,12
317,2024-04-12,21:00,1,12
317,2024-04-12,21:00,2,23
318,2024-04-13,14:00,1,8
318,2024-04-13,14:00,2,2
319,2024-04-13,17:00,1,21
319,2024-04-13,17:00,2,22
320,2024-04-13,21:00,1,8
320,2024-04-13,21:00,2,16
321,2024-04-14,14:00,1,24
321,2024-04-14,14:00,2,12
322,2024-04-14,17:00,1,1
322,2024-04-14,17:00,2,29
323,2024-04-14,21:00,1,21
323,2024-04-14,21:00,2,30
324,2024-04-15,14:00,1,4
324,2024-04-15,14:00,2,25
325,2024-04-15,17:00,1,7
325,2024-04-15,17:00,2,23
326,2024-04-15,21:00,1,2
326,2024-04-15,21:00,2,15
327,2024-04-16,14:00,1,5
327,2024-04-16,14:00,2,28
328,2024-04-16,17:00,1,24
328,2024-04-16,17:00,2,5
329,2024-04-16,21:00,1,19
329,2024-04-16,21:00,2,31
330,2024-04-17,14:00,1,11
330,2024-04-17,14:00,2,24
331,2024-04-17,17:00,1,29
331,2024-04-17,17:00,2,3
332,2024-04-17,21:00,1,16
332,2024-04-17,21:00,2,4
333,2024-04-18,14:00,1,15
333,2024-04-18,14:00,2,2
334,2024-04-18,17:00,1,16
334,2024-04-18,17:00,2,5
335,2024-04-18,21:00,1,25
335,2024-04-18,21:00,2,21
336,2024-04-19,14:00,1,11
336,2024-04-19,14:00,2,31
337,2024-04-19,17:00,1,29
337,2024-04-19,17:00,2,30
338,2024-04-19,21:00,1,4
338,2024-04-19,21:00,2,26
339,2024-04-20,14:00,1,2
339,2024-04-20,14:00,2,26
340,2024-04-20,17:00,1,18
340,2024-04-20,17:00,2,25
341,2024-04-20,21:00,1,5
341,2024-04-20,21:00,2,27
342,2024-04-21,14:00,1,8
342,2024-04-21,14:00,2,5
343,2024-04-21,17:00,1,16
343,2024-04-21,17:00,2,22
344,2024-04-21,21:00,1,18
344,2024-04-21,21:00,2,7
345,2024-04-22,14:00,1,9
345,2024-04-22,14:00,2,24
346,2024-04-22,17:00,1,22
346,2024-04-22,17:00,2,20
347,2024-04-22,21:00,1,31
347,2024-04-22,21:00,2,12
348,2024-04-23,14:00,1,11
348,2024-04-23,14:00,2,27
349,2024-04-23,17:00,1,9
349,2024-04-23,17:00,2,13
350,2024-04-23,21:00,1,20
350,2024-04-23,21:00,2,1
351,2024-04-24,14:00,1,25
351,2024-04-24,14:00,2,10
352,2024-04-24,17:00,1,2
352,2024-04-24,17:00,2,9
353,2024-04-24,21:00,1,9
353,2024-04-24,21:00,2,18
354,2024-04-25,14:00,1,1
354,2024-04-25,14:00,2,13
355,2024-04-25,17:00,1,27
355,2024-04-25,17:00,2,24
356,2024-04-25,21:00,1,31
356,2024-04-25,21:00,2,17
357,2024-04-26,14:00,1,28
357,2024-04-26,14:00,2,13
358,2024-04-26,17:00,1,5
358,2024-04-26,17:00,2,7
359,2024-04-26,21:00,1,25
359,2024-04-26,21:00,2,22
360,2024-04-27,14:00,1,30
360,2024-04-27,14:00,2,21
361,2024-04-27,17:00,1,2
361,2024-04-27,17:00,2,24
362,2024-04-27,21:00,1,27
362,2024-04-27,21:00,2,11
363,2024-04-28,14:00,1,2
363,2024-04-28,14:00,2,28
364,2024-04-28,17:00,1,1
364,2024-04-28,17:00,2,10
365,2024-04-28,21:00,1,30
365,2024-04-28,21:00,2,17
366,2024-04-29,14:00,1,18
366,2024-04-29,14:00,2,23
367,2024-04-29,17:00,1,18
367,2024-04-29,17:00,2,30
368,2024-04-29,21:00,1,21
368,2024-04-29,21:00,2,16
369,2024-04-30,14:00,1,7
369,2024-04-30,14:00,2,17
370,2024-04-30,17:00,1,8
370,2024-04-30,17:00,2,10
371,2024-04-30,21:00,1,6
371,2024-04-30,21:00,2,16
372,2024-05-01,14:00,1,21
372,2024-05-01,14:00,2,24
373,2024-05-01,17:00,1,26
373,2024-05-01,17:00,2,13
374,2024-05-01,21:00,1,24
374,2024-05-01,21:00,2,11
375,2024-05-02,14:00,1,17
375,2024-05-02,14:00,2,2
376,2024-05-02,17:00,1,25
376,2024-05-02,17:00,2,6
377,2024-05-02,21:00,1,25
377,2024-05-02,21:00,2,16
378,2024-05-03,14:00,1,30
378,2024-05-03,14:00,2,21
379,2024-05-03,17:00,1,24
379,2024-05-03,17:00,2,5
380,2024-05-03,21:00,1,22
380,2024-05-03,21:00,2,14
381,2024-05-04,14:00,1,14
381,2024-05-04,14:00,2,24
382,2024-05-04,17:00,1,28
382,2024-05-04,17:00,2,30
383,2024-05-04,21:00,1,12
383,2024-05-04,21:00,2,23
384,2024-05-05,14:00,1,20
384,2024-05-05,14:00,2,5
385,2024-05-05,17:00,1,13
385,2024-05-05,17:00,2,22
386,2024-05-05,21:00,1,19
386,2024-05-05,21:00,2,21
387,2024-05-06,14:00,1,15
387,2024-05-06,14:00,2,23
388,2024-05-06,17:00,1,18
388,2024-05-06,17:00,2,6
389,2024-05-06,21:00,1,5
389,2024-05-06,21:00,2,11
390,2024-05-07,14:00,1,7
390,2024-05-07,14:00,2,20
391,2024-05-07,17:00,1,13
391,2024-05-07,17:00,2,20
392,2024-05-07,21:00,1,27
392,2024-05-07,21:00,2,14
393,2024-05-08,14:00,1,15
393,2024-05-08,14:00,2,1
394,2024-05-08,17:00,1,29
394,2024-05-08,17:00,2,13
395,2024-05-08,21:00,1,17
395,2024-05-08,21:00,2,8
396,2024-05-09,14:00,1,18
396,2024-05-09,14:00,2,8
397,2024-05-09,17:00,1,3
397,2024-05-09,17:00,2,28
398,2024-05-09,21:00,1,1
398,2024-05-09,21:00,2,6
399,2024-05-10,14:00,1,31
399,2024-05-10,14:00,2,16
400,2024-05-10,17:00,1,31
400,2024-05-10,17:00,2,15
401,2024-05-10,21:00,1,2
401,2024-05-10,21:00,2,16
402,2024-05-11,14:00,1,20
402,2024-05-11,14:00,2,12
403,2024-05-11,17:00,1,4
403,2024-05-11,17:00,2,28
404,2024-05-11,21:00,1,20
404,2024-05-11,21:00,2,20
405,2024-05-12,14:00,1,22
405,2024-05-12,14:00,2,12
406,2024-05-12,17:00,1,3
406,2024-05-12,17:00,2,15
407,2024-05-12,21:00,1,9
407,2024-05-12,21:00,2,23
408,2024-05-13,14:00,1,20
408,2024-05-13,14:00,2,1
409,2024-05-13,17:00,1,23
409,2024-05-13,17:00,2,15
410,2024-05-13,21:00,1,6
410,2024-05-13,21:00,2,30
411,2024-05-14,14:00,1,4
411,2024-05-14,14:00,2,30
412,2024-05-14,17:00,1,26
412,2024-05-14,17:00,2,12
413,2024-05-14,21:00,1,3
413,2024-05-14,21:00,2,21
414,2024-05-15,14:00,1,8
414,2024-05-15,14:00,2,16
415,2024-05-15,17:00,1,19
415,2024-05-15,17:00,2,27
416,2024-05-15,21:00,1,24
416,2024-05-15,21:00,2,25
417,2024-05-16,14:00,1,22
417,2024-05-16,14:00,2,16
418,2024-05-16,17:00,1,23
418,2024-05-16,17:00,2,8
419,2024-05-16,21:00,1,8
419,2024-05-16,21:00,2,23
420,2024-05-17,14:00,1,17
420,2024-05-17,14:00,2,16
421,2024-05-17,17:00,1,19
421,2024-05-17,17:00,2,29
422,2024-05-17,21:00,1,15
422,2024-05-17,21:00,2,13
423,2024-05-18,14:00,1,5
423,2024-05-18,14:00,2,18
424,2024-05-18,17:00,1,12
424,2024-05-18,17:00,2,20
425,2024-05-18,21:00,1,31
425,2024-05-18,21:00,2,31
426,2024-05-19,14:00,1,24
426,2024-05-19,14:00,2,26
427,2024-05-19,17:00,1,17
427,2024-05-19,17:00,2,3
428,2024-05-19,21:00,1,16
428,2024-05-19,21:00,2,24
429,2024-05-20,14:00,1,21
429,2024-05-20,14:00,2,16
430,2024-05-20,17:00,1,10
430,2024-05-20,17:00,2,6
431,2024-05-20,21:00,1,31
431,2024-05-20,21:00,2,13
432,2024-05-21,14:00,1,16
432,2024-05-21,14:00,2,6
433,2024-05-21,17:00,1,29
433,2024-05-21,17:00,2,24
434,2024-05-21,21:00,1,25
434,2024-05-21,21:00,2,22
435,2024-05-22,14:00,1,26
435,2024-05-22,14:00,2,24
436,2024-05-22,17:00,1,3
436,2024-05-22,17:00,2,4
437,2024-05-22,21:00,1,12
437,2024-05-22,21:00,2,28
438,2024-05-23,14:00,1,26
438,2024-05-23,14:00,2,15
439,2024-05-23,17:00,1,17
439,2024-05-23,17:00,2,7
440,2024-05-23,21:00,1,27
440,2024-05-23,21:00,2,31
441,2024-05-24,14:00,1,24
441,2024-05-24,14:00,2,1
442,2024-05-24,17:00,1,24
442,2024-05-24,17:00,2,16
443,2024-05-24,21:00,1,10
443,2024-05-24,21:00,2,25
444,2024-05-25,14:00,1,2
444,2024-05-25,14:00,2,29
445,2024-05-25,17:00,1,1
445,2024-05-25,17:00,2,29
446,2024-05-25,21:00,1,26
446,2024-05-25,21:00,2,14
447,2024-05-26,14:00,1,27
447,2024-05-26,14:00,2,26
448,2024-05-26,17:00,1,31
448,2024-05-26,17:00,2,18
449,2024-05-26,21:00,1,20
449,2024-05-26,21:00,2,3
450,2024-05-27,14:00,1,5
450,2024-05-27,14:00,2,19
451,2024-05-27,17:00,1,28
451,2024-05-27,17:00,2,30
452,2024-05-27,21:00,1,27
452,2024-05-27,21:00,2,23
453,2024-05-28,14:00,1,10
453,2024-05-28,14:00,2,22
454,2024-05-28,17:00,1,19
454,2024-05-28,17:00,2,21
455,2024-05-28,21:00,1,29
455,2024-05-28,21:00,2,10
456,2024-05-29,14:00,1,29
456,2024-05-29,14:00,2,18
457,2024-05-29,17:00,1,25
457,2024-05-29,17:00,2,24
458,2024-05-29,21:00,1,30
458,2024-05-29,21:00,2,25
459,2024-05-30,14:00,1,21
459,2024-05-30,14:00,2,15
460,2024-05-30,17:00,1,10
460,2024-05-30,17:00,2,28
461,2024-05-30,21:00,1,18
461,2024-05-30,21:00,2,9
462,2024-05-31,14:00,1,23
462,2024-05-31,14:00,2,9
463,2024-05-31,17:00,1,22
463,2024-05-31,17:00,2,1
464,2024-05-31,21:00,1,10
464,2024-05-31,21:00,2,14
465,2024-06-01,14:00,1,10
465,2024-06-01,14:00,2,21
466,2024-06-01,17:00,1,23
466,2024-06-01,17:00,2,15
467,2024-06-01,21:00,1,30
467,2024-06-01,21:00,2,9
468,2024-06-02,14:00,1,13
468,2024-06-02,14:00,2,9
469,2024-06-02,17:00,1,19
469,2024-06-02,17:00,2,20
470,2024-06-02,21:00,1,2
470,2024-06-02,21:00,2,13
471,2024-06-03,14:00,1,24
471,2024-06-03,14:00,2,7
472,2024-06-03,17:00,1,23
472,2024-06-03,17:00,2,20
473,2024-06-03,21:00,1,15
473,2024-06-03,21:00,2,29
474,2024-06-04,14:00,1,22
474,2024-06-04,14:00,2,20
475,2024-06-04,17:00,1,29
475,2024-06-04,17:00,2,29
476,2024-06-04,21:00,1,8
476,2024-06-04,21:00,2,12
477,2024-06-05,14:00,1,29
477,2024-06-05,14:00,2,19
478,2024-06-05,17:00,1,1
478,2024-06-05,17:00,2,28
479,2024-06-05,21:00,1,11
479,2024-06-05,21:00,2,4
480,2024-06-06,14:00,1,23
480,2024-06-06,14:00,2,8
481,2024-06-06,17:00,1,18
481,2024-06-06,17:00,2,20
482,2024-06-06,21:00,1,30
482,2024-06-06,21:00,2,5
483,2024-06-07,14:00,1,30
483,2024-06-07,14:00,2,3
484,2024-06-07,17:00,1,19
484,2024-06-07,17:00,2,29
485,2024-06-07,21:00,1,16
485,2024-06-07,21:00,2,24
486,2024-06-08,14:00,1,23
486,2024-06-08,14:00,2,15
487,2024-06-08,17:00,1,1
487,2024-06-08,17:00,2,16
488,2024-06-08,21:00,1,28
488,2024-06-08,21:00,2,9
489,2024-06-09,14:00,1,12
489,2024-06-09,14:00,2,4
490,2024-06-09,17:00,1,13
490,2024-06-09,17:00,2,20
491,2024-06-09,21:00,1,21
491,2024-06-09,21:00,2,15
492,2024-06-10,14:00,1,3
492,2024-06-10,14:00,2,29
493,2024-06-10,17:00,1,27
493,2024-06-10,17:00,2,20
494,2024-06-10,21:00,1,12
494,2024-06-10,21:00,2,29
495,2024-06-11,14:00,1,13
495,2024-06-11,14:00,2,21
496,2024-06-11,17:00,1,11
496,2024-06-11,17:00,2,20
497,2024-06-11,21:00,1,14
497,2024-06-11,21:00,2,20
498,2024-06-12,14:00,1,17
498,2024-06-12,14:00,2,22
499,2024-06-12,17:00,1,26
499,2024-06-12,17:00,2,4
500,2024-06-12,21:00,1,8
500,2024-06-12,21:00,2,31
501,2024-06-13,14:00,1,6
501,2024-06-13,14:00,2,16
502,2024-06-13,17:00,1,27
502,2024-06-13,17:00,2,18
503,2024-06-13,21:00,1,3
503,2024-06-13,21:00,2,14
504,2024-06-14,14:00,1,29
504,2024-06-14,14:00,2,1
505,2024-06-14,17:00,1,11
505,2024-06-14,17:00,2,28
506,2024-06-14,21:00,1,10
506,2024-06-14,21:00,2,27
507,2024-06-15,14:00,1,12
507,2024-06-15,14:00,2,9
508,2024-06-15,17:00,1,23
508,2024-06-15,17:00,2,12
509,2024-06-15,21:00,1,15
509,2024-06-15,21:00,2,18
510,2024-06-16,14:00,1,26
510,2024-06-16,14:00,2,9
511,2024-06-16,17:00,1,15
511,2024-06-16,17:00,2,29
512,2024-06-16,21:00,1,14
512,2024-06-16,21:00,2,26
513,2024-06-17,14:00,1,29
513,2024-06-17,14:00,2,31
514,2024-06-17,17:00,1,24
514,2024-06-17,17:00,2,9
515,2024-06-17,21:00,1,10
515,2024-06-17,21:00,2,1
516,2024-06-18,14:00,1,3
516,2024-06-18,14:00,2,24
517,2024-06-18,17:00,1,14
517,2024-06-18,17:00,2,15
518,2024-06-18,21:00,1,5
518,2024-06-18,21:00,2,2
519,2024-06-19,14:00,1,27
519,2024-06-19,14:00,2,24
520,2024-06-19,17:00,1,20
520,2024-06-19,17:00,2,27
521,2024-06-19,21:00,1,17
521,2024-06-19,21:00,2,19
522,2024-06-20,14:00,1,30
522,2024-06-20,14:00,2,9
523,2024-06-20,17:00,1,20
523,2024-06-20,17:00,2,24
524,2024-06-20,21:00,1,18
524,2024-06-20,21:00,2,24
525,2024-06-21,14:00,1,8
525,2024-06-21,14:00,2,29
526,2024-06-21,17:00,1,29
526,2024-06-21,17:00,2,16
527,2024-06-21,21:00,1,13
527,2024-06-21,21:00,2,21
528,2024-06-22,14:00,1,9
528,2024-06-22,14:00,2,13
529,2024-06-22,17:00,1,7
529,2024-06-22,17:00,2,23
530,2024-06-22,21:00,1,20
530,2024-06-22,21:00,2,6
531,2024-06-23,14:00,1,11
531,2024-06-23,14:00,2,29
532,2024-06-23,17:00,1,27
532,2024-06-23,17:00,2,27
533,2024-06-23,21:00,1,7
533,2024-06-23,21:00,2,20
534,2024-06-24,14:00,1,17
534,2024-06-24,14:00,2,6
535,2024-06-24,17:00,1,25
535,2024-06-24,17:00,2,10
536,2024-06-24,21:00,1,26
536,2024-06-24,21:00,2,10
537,2024-06-25,14:00,1,24
537,2024-06-25,14:00,2,19
538,2024-06-25,17:00,1,19
538,2024-06-25,17:00,2,26
539,2024-06-25,21:00,1,12
539,2024-06-25,21:00,2,19
540,2024-06-26,14:00,1,15
540,2024-06-26,14:00,2,10
541,2024-06-26,17:00,1,27
541,2024-06-26,17:00,2,10
542,2024-06-26,21:00,1,23
542,2024-06-26,21:00,2,11
543,2024-06-27,14:00,1,19
543,2024-06-27,14:00,2,2
544,2024-06-27,17:00,1,14
544,2024-06-27,17:00,2,3
545,2024-06-27,21:00,1,6
545,2024-06-27,21:00,2,26
546,2024-06-28,14:00,1,27
546,2024-06-28,14:00,2,22
547,2024-06-28,17:00,1,23
547,2024-06-28,17:00,2,4
548,2024-06-28,21:00,1,12
548,2024-06-28,21:00,2,7
549,2024-06-29,14:00,1,23
549,2024-06-29,14:00,2,19
550,2024-06-29,17:00,1,21
550,2024-06-29,17:00,2,3
551,2024-06-29,21:00,1,21
551,2024-06-29,21:00,2,25
552,2024-06-30,14:00,1,21
552,2024-06-30,14:00,2,13
553,2024-06-30,17:00,1,2
553,2024-06-30,17:00,2,10
554,2024-06-30,21:00,1,18
554,2024-06-30,21:00,2,15
555,2024-07-01,14:00,1,4
555,2024-07-01,14:00,2,9
556,2024-07-01,17:00,1,5
556,2024-07-01,17:00,2,11
557,2024-07-01,21:00,1,17
557,2024-07-01,21:00,2,12
558,2024-07-02,14:00,1,6
558,2024-07-02,14:00,2,11
559,2024-07-02,17:00,1,19
559,2024-07-02,17:00,2,22
560,2024-07-02,21:00,1,4
560,2024-07-02,21:00,2,17
561,2024-07-03,14:00,1,29
561,2024-07-03,14:00,2,5
562,2024-07-03,17:00,1,19
562,2024-07-03,17:00,2,1
563,2024-07-03,21:00,1,9
563,2024-07-03,21:00,2,30
564,2024-07-04,14:00,1,3
564,2024-07-04,14:00,2,21
565,2024-07-04,17:00,1,8
565,2024-07-04,17:00,2,20
566,2024-07-04,21:00,1,1
566,2024-07-04,21:00,2,7
567,2024-07-05,14:00,1,6
567,2024-07-05,14:00,2,4
568,2024-07-05,17:00,1,27
568,2024-07-05,17:00,2,29
569,2024-07-05,21:00,1,11
569,2024-07-05,21:00,2,9
570,2024-07-06,14:00,1,30
570,2024-07-06,14:00,2,7
571,2024-07-06,17:00,1,8
571,2024-07-06,17:00,2,22
572,2024-07-06,21:00,1,4
572,2024-07-06,21:00,2,28
573,2024-07-07,14:00,1,29
573,2024-07-07,14:00,2,9
574,2024-07-07,17:00,1,26
574,2024-07-07,17:00,2,24
575,2024-07-07,21:00,1,22
575,2024-07-07,21:00,2,20
576,2024-07-08,14:00,1,11
576,2024-07-08,14:00,2,27
577,2024-07-08,17:00,1,16
577,2024-07-08,17:00,2,29
578,2024-07-08,21:00,1,31
578,2024-07-08,21:00,2,25
579,2024-07-09,14:00,1,5
579,2024-07-09,14:00,2,4
580,2024-07-09,17:00,1,28
580,2024-07-09,17:00,2,7
581,2024-07-09,21:00,1,11
581,2024-07-09,21:00,2,19
582,2024-07-10,14:00,1,27
582,2024-07-10,14:00,2,23
583,2024-07-10,17:00,1,14
583,2024-07-10,17:00,2,11
584,2024-07-10,21:00,1,13
584,2024-07-10,21:00,2,11
585,2024-07-11,14:00,1,14
585,2024-07-11,14:00,2,31
586,2024-07-11,17:00,1,7
586,2024-07-11,17:00,2,28
587,2024-07-11,21:00,1,2
587,2024-07-11,21:00,2,28
588,2024-07-12,14:00,1,7
588,2024-07-12,14:00,2,30
589,2024-07-12,17:00,1,8
589,2024-07-12,17:00,2,19
590,2024-07-12,21:00,1,16
590,2024-07-12,21:00,2,10
591,2024-07-13,14:00,1,26
591,2024-07-13,14:00,2,25
592,2024-07-13,17:00,1,12
592,2024-07-13,17:00,2,3
593,2024-07-13,21:00,1,16
593,2024-07-13,21:00,2,7
594,2024-07-14,14:00,1,30
594,2024-07-14,14:00,2,4
595,2024-07-14,17:00,1,10
595,2024-07-14,17:00,2,18
596,2024-07-14,21:00,1,3
596,2024-07-14,21:00,2,27
597,2024-07-15,14:00,1,16
597,2024-07-15,14:00,2,13
598,2024-07-15,17:00,1,4
598,2024-07-15,17:00,2,28
599,2024-07-15,21:00,1,10
599,2024-07-15,21:00,2,19
600,2024-07-16,14:00,1,21
600,2024-07-16,14:00,2,10
601,2024-07-16,17:00,1,1
601,2024-07-16,17:00,2,20
602,2024-07-16,21:00,1,26
602,2024-07-16,21:00,2,3
603,2024-07-17,14:00,1,7
603,2024-07-17,14:00,2,20
604,2024-07-17,17:00,1,1
604,2024-07-17,17:00,2,25
605,2024-07-17,21:00,1,27
605,2024-07-17,21:00,2,13
606,2024-07-18,14:00,1,12
606,2024-07-18,14:00,2,25
607,2024-07-18,17:00,1,21
607,2024-07-18,17:00,2,10
608,2024-07-18,21:00,1,20
608,2024-07-18,21:00,2,7
609,2024-07-19,14:00,1,23
609,2024-07-19,14:00,2,26
610,2024-07-19,17:00,1,26
610,2024-07-19,17:00,2,15
611,2024-07-19,21:00,1,22
611,2024-07-19,21:00,2,31
612,2024-07-20,14:00,1,9
612,2024-07-20,14:00,2,18
613,2024-07-20,17:00,1,5
613,2024-07-20,17:00,2,3
614,2024-07-20,21:00,1,23
614,2024-07-20,21:00,2,13
615,2024-07-21,14:00,1,14
615,2024-07-21,14:00,2,31
616,2024-07-21,17:00,1,25
616,2024-07-21,17:00,2,12
617,2024-07-21,21:00,1,27
617,2024-07-21,21:00,2,25
618,2024-07-22,14:00,1,1
618,2024-07-22,14:00,2,17
619,2024-07-22,17:00,1,31
619,2024-07-22,17:00,2,25
620,2024-07-22,21:00,1,30
620,2024-07-22,21:00,2,8
621,2024-07-23,14:00,1,9
621,2024-07-23,14:00,2,9
622,2024-07-23,17:00,1,12
622,2024-07-23,17:00,2,18
623,2024-07-23,21:00,1,12
623,2024-07-23,21:00,2,13
624,2024-07-24,14:00,1,31
624,2024-07-24,14:00,2,6
625,2024-07-24,17:00,1,16
625,2024-07-24,17:00,2,15
626,2024-07-24,21:00,1,1
626,2024-07-24,21:00,2,7
627,2024-07-25,14:00,1,15
627,2024-07-25,14:00,2,5
628,2024-07-25,17:00,1,1
628,2024-07-25,17:00,2,7
629,2024-07-25,21:00,1,12
629,2024-07-25,21:00,2,29
630,2024-07-26,14:00,1,5
630,2024-07-26,14:00,2,3
631,2024-07-26,17:00,1,19
631,2024-07-26,17:00,2,19
632,2024-07-26,21:00,1,1
632,2024-07-26,21:00,2,16
633,2024-07-27,14:00,1,4
633,2024-07-27,14:00,2,23
634,2024-07-27,17:00,1,18
634,2024-07-27,17:00,2,20
635,2024-07-27,21:00,1,20
635,2024-07-27,21:00,2,16
636,2024-07-28,14:00,1,30
636,2024-07-28,14:00,2,31
637,2024-07-28,17:00,1,9
637,2024-07-28,17:00,2,16
638,2024-07-28,21:00,1,30
638,2024-07-28,21:00,2,30
639,2024-07-29,14:00,1,22
639,2024-07-29,14:00,2,7
640,2024-07-29,17:00,1,15
640,2024-07-29,17:00,2,13
641,2024-07-29,21:00,1,3
641,2024-07-29,21:00,2,4
642,2024-07-30,14:00,1,27
642,2024-07-30,14:00,2,23
643,2024-07-30,17:00,1,19
643,2024-07-30,17:00,2,6
644,2024-07-30,21:00,1,17
644,2024-07-30,21:00,2,28
645,2024-07-31,14:00,1,27
645,2024-07-31,14:00,2,12
646,2024-07-31,17:00,1,28
646,2024-07-31,17:00,2,29
647,2024-07-31,21:00,1,16
647,2024-07-31,21:00,2,6
648,2024-08-01,14:00,1,20
648,2024-08-01,14:00,2,21
649,2024-08-01,17:00,1,5
649,2024-08-01,17:00,2,22
650,2024-08-01,21:00,1,19
650,2024-08-01,21:00,2,2
651,2024-08-02,14:00,1,2
651,2024-08-02,14:00,2,25
652,2024-08-02,17:00,1,25
652,2024-08-02,17:00,2,27
653,2024-08-02,21:00,1,8
653,2024-08-02,21:00,2,9
654,2024-08-03,14:00,1,12
654,2024-08-03,14:00,2,29
655,2024-08-03,17:00,1,26
655,2024-08-03,17:00,2,14
656,2024-08-03,21:00,1,23
656,2024-08-03,21:00,2,23
657,2024-08-04,14:00,1,21
657,2024-08-04,14:00,2,14
658,2024-08-04,17:00,1,26
658,2024-08-04,17:00,2,15
659,2024-08-04,21:00,1,18
659,2024-08-04,21:00,2,20
660,2024-08-05,14:00,1,5
660,2024-08-05,14:00,2,25
661,2024-08-05,17:00,1,19
661,2024-08-05,17:00,2,9
662,2024-08-05,21:00,1,25
662,2024-08-05,21:00,2,28
663,2024-08-06,14:00,1,1
663,2024-08-06,14:00,2,11
664,2024-08-06,17:00,1,20
664,2024-08-06,17:00,2,1
665,2024-08-06,21:00,1,15
665,2024-08-06,21:00,2,4
666,2024-08-07,14:00,1,13
666,2024-08-07,14:00,2,28
667,2024-08-07,17:00,1,1
667,2024-08-07,17:00,2,30
668,2024-08-07,21:00,1,30
668,2024-08-07,21:00,2,20
669,2024-08-08,14:00,1,13
669,2024-08-08,14:00,2,2
670,2024-08-08,17:00,1,16
670,2024-08-08,17:00,2,5
671,2024-08-08,21:00,1,29
671,2024-08-08,21:00,2,18
672,2024-08-09,14:00,1,1
672,2024-08-09,14:00,2,9
673,2024-08-09,17:00,1,26
673,2024-08-09,17:00,2,8
674,2024-08-09,21:00,1,27
674,2024-08-09,21:00,2,3
675,2024-08-10,14:00,1,10
675,2024-08-10,14:00,2,13
676,2024-08-10,17:00,1,15
676,2024-08-10,17:00,2,11
677,2024-08-10,21:00,1,12
677,2024-08-10,21:00,2,17
678,2024-08-11,14:00,1,21
678,2024-08-11,14:00,2,13
679,2024-08-11,17:00,1,22
679,2024-08-11,17:00,2,9
680,2024-08-11,21:00,1,28
680,2024-08-11,21:00,2,28
681,2024-08-12,14:00,1,7
681,2024-08-12,14:00,2,20
682,2024-08-12,17:00,1,16
682,2024-08-12,17:00,2,17
683,2024-08-12,21:00,1,27
683,2024-08-12,21:00,2,22
684,2024-08-13,14:00,1,24
684,2024-08-13,14:00,2,30
685,2024-08-13,17:00,1,25
685,2024-08-13,17:00,2,15
686,2024-08-13,21:00,1,24
686,2024-08-13,21:00,2,15
687,2024-08-14,14:00,1,24
687,2024-08-14,14:00,2,12
688,2024-08-14,17:00,1,11
688,2024-08-14,17:00,2,22
689,2024-08-14,21:00,1,1
689,2024-08-14,21:00,2,25
690,2024-08-15,14:00,1,10
690,2024-08-15,14:00,2,29
691,2024-08-15,17:00,1,28
691,2024-08-15,17:00,2,20
692,2024-08-15,21:00,1,4
692,2024-08-15,21:00,2,22
693,2024-08-16,14:00,1,4
693,2024-08-16,14:00,2,27
694,2024-08-16,17:00,1,15
694,2024-08-16,17:00,2,11
695,2024-08-16,21:00,1,22
695,2024-08-16,21:00,2,15
696,2024-08-17,14:00,1,15
696,2024-08-17,14:00,2,27
697,2024-08-17,17:00,1,19
697,2024-08-17,17:00,2,27
698,2024-08-17,21:00,1,29
698,2024-08-17,21:00,2,31
699,2024-08-18,14:00,1,26
699,2024-08-18,14:00,2,24
700,2024-08-18,17:00,1,6
700,2024-08-18,17:00,2,3
701,2024-08-18,21:00,1,25
701,2024-08-18,21:00,2,18
702,2024-08-19,14:00,1,5
702,2024-08-19,14:00,2,7
703,2024-08-19,17:00,1,7
703,2024-08-19,17:00,2,25
704,2024-08-19,21:00,1,3
704,2024-08-19,21:00,2,17
705,2024-08-20,14:00,1,1
705,2024-08-20,14:00,2,24
706,2024-08-20,17:00,1,30
706,2024-08-20,17:00,2,26
707,2024-08-20,21:00,1,6
707,2024-08-20,21:00,2,23
708,2024-08-21,14:00,1,6
708,2024-08-21,14:00,2,2
709,2024-08-21,17:00,1,13
709,2024-08-21,17:00,2,31
710,2024-08-21,21:00,1,3
710,2024-08-21,21:00,2,4
711,2024-08-22,14:00,1,9
711,2024-08-22,14:00,2,22
712,2024-08-22,17:00,1,8
712,2024-08-22,17:00,2,16
713,2024-08-22,21:00,1,21
713,2024-08-22,21:00,2,31
714,2024-08-23,14:00,1,19
714,2024-08-23,14:00,2,3
715,2024-08-23,17:00,1,30
715,2024-08-23,17:00,2,6
716,2024-08-23,21:00,1,28
716,2024-08-23,21:00,2,10
717,2024-08-24,14:00,1,12
717,2024-08-24,14:00,2,28
718,2024-08-24,17:00,1,16
718,2024-08-24,17:00,2,31
719,2024-08-24,21:00,1,19
719,2024-08-24,21:00,2,12
720,2024-08-25,14:00,1,25
720,2024-08-25,14:00,2,16
721,2024-08-25,17:00,1,8
721,2024-08-25,17:00,2,1
722,2024-08-25,21:00,1,9
722,2024-08-25,21:00,2,9
723,2024-08-26,14:00,1,26
723,2024-08-26,14:00,2,6
724,2024-08-26,17:00,1,29
724,2024-08-26,17:00,2,26
725,2024-08-26,21:00,1,8
725,2024-08-26,21:00,2,31
726,2024-08-27,14:00,1,11
726,2024-08-27,14:00,2,2
727,2024-08-27,17:00,1,1
727,2024-08-27,17:00,2,12
728,2024-08-27,21:00,1,1
728,2024-08-27,21:00,2,18
729,2024-08-28,14:00,1,28
729,2024-08-28,14:00,2,10
730,2024-08-28,17:00,1,11
730,2024-08-28,17:00,2,16
731,2024-08-28,21:00,1,2
731,2024-08-28,21:00,2,16
732,2024-08-29,14:00,1,3
732,2024-08-29,14:00,2,18
733,2024-08-29,17:00,1,5
733,2024-08-29,17:00,2,15
734,2024-08-29,21:00,1,10
734,2024-08-29,21:00,2,25
735,2024-08-30,14:00,1,14
735,2024-08-30,14:00,2,1
736,2024-08-30,17:00,1,28
736,2024-08-30,17:00,2,9
737,2024-08-30,21:00,1,4
737,2024-08-30,21:00,2,16
738,2024-08-31,14:00,1,15
738,2024-08-31,14:00,2,29
739,2024-08-31,17:00,1,25
739,2024-08-31,17:00,2,29
740,2024-08-31,21:00,1,15
740,2024-08-31,21:00,2,29
741,2024-09-01,14:00,1,2
741,2024-09-01,14:00,2,8
742,2024-09-01,17:00,1,4
742,2024-09-01,17:00,2,11
743,2024-09-01,21:00,1,28
743,2024-09-01,21:00,2,20
744,2024-09-02,14:00,1,17
744,2024-09-02,14:00,2,15
745,2024-09-02,17:00,1,27
745,2024-09-02,17:00,2,2
746,2024-09-02,21:00,1,21
746,2024-09-02,21:00,2,16
747,2024-09-03,14:00,1,26
747,2024-09-03,14:00,2,4
748,2024-09-03,17:00,1,28
748,2024-09-03,17:00,2,14
749,2024-09-03,21:00,1,22
749,2024-09-03,21:00,2,23
750,2024-09-04,14:00,1,18
750,2024-09-04,14:00,2,4
751,2024-09-04,17:00,1,21
751,2024-09-04,17:00,2,13
752,2024-09-04,21:00,1,2
752,2024-09-04,21:00,2,22
753,2024-09-05,14:00,1,28
753,2024-09-05,14:00,2,18
754,2024-09-05,17:00,1,19
754,2024-09-05,17:00,2,7
755,2024-09-05,21:00,1,22
755,2024-09-05,21:00,2,29
756,2024-09-06,14:00,1,22
756,2024-09-06,14:00,2,26
757,2024-09-06,17:00,1,8
757,2024-09-06,17:00,2,3
758,2024-09-06,21:00,1,12
758,2024-09-06,21:00,2,31
759,2024-09-07,14:00,1,20
759,2024-09-07,14:00,2,3
760,2024-09-07,17:00,1,29
760,2024-09-07,17:00,2,1
761,2024-09-07,21:00,1,1
761,2024-09-07,21:00,2,19
762,2024-09-08,14:00,1,18
762,2024-09-08,14:00,2,25
763,2024-09-08,17:00,1,5
763,2024-09-08,17:00,2,1
764,2024-09-08,21:00,1,3
764,2024-09-08,21:00,2,24
765,2024-09-09,14:00,1,3
765,2024-09-09,14:00,2,30
766,2024-09-09,17:00,1,29
766,2024-09-09,17:00,2,24
767,2024-09-09,21:00,1,1
767,2024-09-09,21:00,2,19
768,2024-09-10,14:00,1,18
768,2024-09-10,14:00,2,24
769,2024-09-10,17:00,1,20
769,2024-09-10,17:00,2,11
770,2024-09-10,21:00,1,15
770,2024-09-10,21:00,2,8
771,2024-09-11,14:00,1,15
771,2024-09-11,14:00,2,29
772,2024-09-11,17:00,1,19
772,2024-09-11,17:00,2,19
773,2024-09-11,21:00,1,14
773,2024-09-11,21:00,2,16
774,2024-09-12,14:00,1,31
774,2024-09-12,14:00,2,28
775,2024-09-12,17:00,1,30
775,2024-09-12,17:00,2,7
776,2024-09-12,21:00,1,4
776,2024-09-12,21:00,2,5
777,2024-09-13,14:00,1,16
777,2024-09-13,14:00,2,29
778,2024-09-13,17:00,1,28
778,2024-09-13,17:00,2,19
779,2024-09-13,21:00,1,21
779,2024-09-13,21:00,2,10
780,2024-09-14,14:00,1,15
780,2024-09-14,14:00,2,26
781,2024-09-14,17:00,1,26
781,2024-09-14,17:00,2,7
782,2024-09-14,21:00,1,13
782,2024-09-14,21:00,2,28
783,2024-09-15,14:00,1,20
783,2024-09-15,14:00,2,12
784,2024-09-15,17:00,1,31
784,2024-09-15,17:00,2,23
785,2024-09-15,21:00,1,19
785,2024-09-15,21:00,2,29
786,2024-09-16,14:00,1,9
786,2024-09-16,14:00,2,6
787,2024-09-16,17:00,1,28
787,2024-09-16,17:00,2,27
788,2024-09-16,21:00,1,9
788,2024-09-16,21:00,2,4
789,2024-09-17,14:00,1,7
789,2024-09-17,14:00,2,15
790,2024-09-17,17:00,1,10
790,2024-09-17,17:00,2,16
791,2024-09-17,21:00,1,22
791,2024-09-17,21:00,2,8
792,2024-09-18,14:00,1,4
792,2024-09-18,14:00,2,31
793,2024-09-18,17:00,1,14
793,2024-09-18,17:00,2,7
794,2024-09-18,21:00,1,27
794,2024-09-18,21:00,2,7
795,2024-09-19,14:00,1,4
795,2024-09-19,14:00,2,9
796,2024-09-19,17:00,1,28
796,2024-09-19,17:00,2,10
797,2024-09-19,21:00,1,12
797,2024-09-19,21:00,2,21
798,2024-09-20,14:00,1,12
798,2024-09-20,14:00,2,11
799,2024-09-20,17:00,1,16
799,2024-09-20,17:00,2,1
800,2024-09-20,21:00,1,26
800,2024-09-20,21:00,2,12
801,2024-09-21,14:00,1,19
801,2024-09-21,14:00,2,18
802,2024-09-21,17:00,1,30
802,2024-09-21,17:00,2,20
803,2024-09-21,21:00,1,20
803,2024-09-21,21:00,2,17
804,2024-09-22,14:00,1,12
804,2024-09-22,14:00,2,1
805,2024-09-22,17:00,1,21
805,2024-09-22,17:00,2,9
806,2024-09-22,21:00,1,31
806,2024-09-22,21:00,2,7
807,2024-09-23,14:00,1,1
807,2024-09-23,14:00,2,21
808,2024-09-23,17:00,1,13
808,2024-09-23,17:00,2,26
809,2024-09-23,21:00,1,4
809,2024-09-23,21:00,2,29
810,2024-09-24,14:00,1,26
810,2024-09-24,14:00,2,31
811,2024-09-24,17:00,1,5
811,2024-09-24,17:00,2,3
812,2024-09-24,21:00,1,24
812,2024-09-24,21:00,2,21
813,2024-09-25,14:00,1,15
813,2024-09-25,14:00,2,4
814,2024-09-25,17:00,1,24
814,2024-09-25,17:00,2,11
815,2024-09-25,21:00,1,5
815,2024-09-25,21:00,2,2
816,2024-09-26,14:00,1,1
816,2024-09-26,14:00,2,18
817,2024-09-26,17:00,1,9
817,2024-09-26,17:00,2,25
818,2024-09-26,21:00,1,30
818,2024-09-26,21:00,2,3
819,2024-09-27,14:00,1,17
819,2024-09-27,14:00,2,20
820,2024-09-27,17:00,1,15
820,2024-09-27,17:00,2,19
821,2024-09-27,21:00,1,9
821,2024-09-27,21:00,2,17
822,2024-09-28,14:00,1,2
822,2024-09-28,14:00,2,8
823,2024-09-28,17:00,1,29
823,2024-09-28,17:00,2,29
824,2024-09-28,21:00,1,7
824,2024-09-28,21:00,2,12
825,2024-09-29,14:00,1,5
825,2024-09-29,14:00,2,26
826,2024-09-29,17:00,1,11
826,2024-09-29,17:00,2,30
827,2024-09-29,21:00,1,14
827,2024-09-29,21:00,2,20
828,2024-09-30,14:00,1,5
828,2024-09-30,14:00,2,15
829,2024-09-30,17:00,1,9
829,2024-09-30,17:00,2,25
830,2024-09-30,21:00,1,10
830,2024-09-30,21:00,2,10
831,2024-10-01,14:00,1,14
831,2024-10-01,14:00,2,6
832,2024-10-01,17:00,1,18
832,2024-10-01,17:00,2,12
833,2024-10-01,21:00,1,5
833,2024-10-01,21:00,2,26
834,2024-10-02,14:00,1,28
834,2024-10-02,14:00,2,12
835,2024-10-02,17:00,1,17
835,2024-10-02,17:00,2,24
836,2024-10-02,21:00,1,6
836,2024-10-02,21:00,2,9
837,2024-10-03,14:00,1,11
837,2024-10-03,14:00,2,26
838,2024-10-03,17:00,1,13
838,2024-10-03,17:00,2,27
839,2024-10-03,21:00,1,11
839,2024-10-03,21:00,2,28
840,2024-10-04,14:00,1,11
840,2024-10-04,14:00,2,18
841,2024-10-04,17:00,1,14
841,2024-10-04,17:00,2,5
842,2024-10-04,21:00,1,14
842,2024-10-04,21:00,2,16
843,2024-10-05,14:00,1,19
843,2024-10-05,14:00,2,2
844,2024-10-05,17:00,1,26
844,2024-10-05,17:00,2,19
845,2024-10-05,21:00,1,10
845,2024-10-05,21:00,2,10
846,2024-10-06,14:00,1,27
846,2024-10-06,14:00,2,28
847,2024-10-06,17:00,1,25
847,2024-10-06,17:00,2,25
848,2024-10-06,21:00,1,12
848,2024-10-06,21:00,2,1
849,2024-10-07,14:00,1,2
849,2024-10-07,14:00,2,4
850,2024-10-07,17:00,1,7
850,2024-10-07,17:00,2,25
851,2024-10-07,21:00,1,17
851,2024-10-07,21:00,2,8
852,2024-10-08,14:00,1,17
852,2024-10-08,14:00,2,20
853,2024-10-08,17:00,1,22
853,2024-10-08,17:00,2,18
854,2024-10-08,21:00,1,4
854,2024-10-08,21:00,2,13
855,2024-10-09,14:00,1,14
855,2024-10-09,14:00,2,17
856,2024-10-09,17:00,1,19
856,2024-10-09,17:00,2,24
857,2024-10-09,21:00,1,5
857,2024-10-09,21:00,2,9
858,2024-10-10,14:00,1,23
858,2024-10-10,14:00,2,25
859,2024-10-10,17:00,1,19
859,2024-10-10,17:00,2,14
860,2024-10-10,21:00,1,19
860,2024-10-10,21:00,2,18
861,2024-10-11,14:00,1,8
861,2024-10-11,14:00,2,26
862,2024-10-11,17:00,1,27
862,2024-10-11,17:00,2,25
863,2024-10-11,21:00,1,5
863,2024-10-11,21:00,2,11
864,2024-10-12,14:00,1,8
864,2024-10-12,14:00,2,1
865,2024-10-12,17:00,1,19
865,2024-10-12,17:00,2,3
866,2024-10-12,21:00,1,24
866,2024-10-12,21:00,2,13
867,2024-10-13,14:00,1,9
867,2024-10-13,14:00,2,2
868,2024-10-13,17:00,1,27
868,2024-10-13,17:00,2,28
869,2024-10-13,21:00,1,5
869,2024-10-13,21:00,2,24
870,2024-10-14,14:00,1,16
870,2024-10-14,14:00,2,6
871,2024-10-14,17:00,1,19
871,2024-10-14,17:00,2,24
872,2024-10-14,21:00,1,30
872,2024-10-14,21:00,2,24
873,2024-10-15,14:00,1,9
873,2024-10-15,14:00,2,14
874,2024-10-15,17:00,1,29
874,2024-10-15,17:00,2,9
875,2024-10-15,21:00,1,23
875,2024-10-15,21:00,2,9
876,2024-10-16,14:00,1,30
876,2024-10-16,14:00,2,1
877,2024-10-16,17:00,1,10
877,2024-10-16,17:00,2,11
878,2024-10-16,21:00,1,3
878,2024-10-16,21:00,2,25
879,2024-10-17,14:00,1,17
879,2024-10-17,14:00,2,23
880,2024-10-17,17:00,1,15
880,2024-10-17,17:00,2,27
881,2024-10-17,21:00,1,31
881,2024-10-17,21:00,2,30
882,2024-10-18,14:00,1,10
882,2024-10-18,14:00,2,19
883,2024-10-18,17:00,1,5
883,2024-10-18,17:00,2,22
884,2024-10-18,21:00,1,9
884,2024-10-18,21:00,2,19
885,2024-10-19,14:00,1,22
885,2024-10-19,14:00,2,20
886,2024-10-19,17:00,1,9
886,2024-10-19,17:00,2,29
887,2024-10-19,21:00,1,15
887,2024-10-19,21:00,2,22
888,2024-10-20,14:00,1,1
888,2024-10-20,14:00,2,27
889,2024-10-20,17:00,1,7
889,2024-10-20,17:00,2,5
890,2024-10-20,21:00,1,12
890,2024-10-20,21:00,2,30
891,2024-10-21,14:00,1,3
891,2024-10-21,14:00,2,1
892,2024-10-21,17:00,1,18
892,2024-10-21,17:00,2,2
893,2024-10-21,21:00,1,22
893,2024-10-21,21:00,2,26
894,2024-10-22,14:00,1,6
894,2024-10-22,14:00,2,10
895,2024-10-22,17:00,1,14
895,2024-10-22,17:00,2,20
896,2024-10-22,21:00,1,8
896,2024-10-22,21:00,2,13
897,2024-10-23,14:00,1,6
897,2024-10-23,14:00,2,13
898,2024-10-23,17:00,1,24
898,2024-10-23,17:00,2,18
899,2024-10-23,21:00,1,21
899,2024-10-23,21:00,2,1
900,2024-10-24,14:00,1,31
900,2024-10-24,14:00,2,4
901,2024-10-24,17:00,1,2
901,2024-10-24,17:00,2,14
902,2024-10-24,21:00,1,12
902,2024-10-24,21:00,2,17
903,2024-10-25,14:00,1,26
903,2024-10-25,14:00,2,3
904,2024-10-25,17:00,1,5
904,2024-10-25,17:00,2,3
905,2024-10-25,21:00,1,21
905,2024-10-25,21:00,2,9
906,2024-10-26,14:00,1,21
906,2024-10-26,14:00,2,21
907,2024-10-26,17:00,1,11
907,2024-10-26,17:00,2,24
908,2024-10-26,21:00,1,9
908,2024-10-26,21:00,2,15
909,2024-10-27,14:00,1,28
909,2024-10-27,14:00,2,19
910,2024-10-27,17:00,1,12
910,2024-10-27,17:00,2,7
911,2024-10-27,21:00,1,27
911,2024-10-27,21:00,2,15
912,2024-10-28,14:00,1,16
912,2024-10-28,14:00,2,25
913,2024-10-28,17:00,1,18
913,2024-10-28,17:00,2,10
914,2024-10-28,21:00,1,20
914,2024-10-28,21:00,2,16
915,2024-10-29,14:00,1,4
915,2024-10-29,14:00,2,16
916,2024-10-29,17:00,1,1
916,2024-10-29,17:00,2,23
917,2024-10-29,21:00,1,24
917,2024-10-29,21:00,2,21
918,2024-10-30,14:00,1,6
918,2024-10-30,14:00,2,10
919,2024-10-30,17:00,1,13
919,2024-10-30,17:00,2,11
920,2024-10-30,21:00,1,18
920,2024-10-30,21:00,2,18
921,2024-10-31,14:00,1,20
921,2024-10-31,14:00,2,13
922,2024-10-31,17:00,1,2
922,2024-10-31,17:00,2,24
923,2024-10-31,21:00,1,16
923,2024-10-31,21:00,2,17
924,2024-11-01,14:00,1,30
924,2024-11-01,14:00,2,29
925,2024-11-01,17:00,1,11
925,2024-11-01,17:00,2,24
926,2024-11-01,21:00,1,11
926,2024-11-01,21:00,2,22
927,2024-11-02,14:00,1,7
927,2024-11-02,14:00,2,16
928,2024-11-02,17:00,1,24
928,2024-11-02,17:00,2,28
929,2024-11-02,21:00,1,28
929,2024-11-02,21:00,2,6
930,2024-11-03,14:00,1,9
930,2024-11-03,14:00,2,11
931,2024-11-03,17:00,1,13
931,2024-11-03,17:00,2,5
932,2024-11-03,21:00,1,25
932,2024-11-03,21:00,2,14
933,2024-11-04,14:00,1,10
933,2024-11-04,14:00,2,20
934,2024-11-04,17:00,1,31
934,2024-11-04,17:00,2,5
935,2024-11-04,21:00,1,28
935,2024-11-04,21:00,2,30
936,2024-11-05,14:00,1,14
936,2024-11-05,14:00,2,20
937,2024-11-05,17:00,1,24
937,2024-11-05,17:00,2,2
938,2024-11-05,21:00,1,25
938,2024-11-05,21:00,2,11
939,2024-11-06,14:00,1,15
939,2024-11-06,14:00,2,16
940,2024-11-06,17:00,1,28
940,2024-11-06,17:00,2,15
941,2024-11-06,21:00,1,23
941,2024-11-06,21:00,2,15
942,2024-11-07,14:00,1,15
942,2024-11-07,14:00,2,23
943,2024-11-07,17:00,1,11
943,2024-11-07,17:00,2,29
944,2024-11-07,21:00,1,9
944,2024-11-07,21:00,2,25
945,2024-11-08,14:00,1,6
945,2024-11-08,14:00,2,31
946,2024-11-08,17:00,1,23
946,2024-11-08,17:00,2,21
947,2024-11-08,21:00,1,24
947,2024-11-08,21:00,2,22
948,2024-11-09,14:00,1,14
948,2024-11-09,14:00,2,15
949,2024-11-09,17:00,1,25
949,2024-11-09,17:00,2,5
950,2024-11-09,21:00,1,8
950,2024-11-09,21:00,2,16
951,2024-11-10,14:00,1,1
951,2024-11-10,14:00,2,22
952,2024-11-10,17:00,1,9
952,2024-11-10,17:00,2,7
953,2024-11-11,14:00,1,9
953,2024-11-11,14:00,2,16
954,2024-11-11,17:00,1,15
954,2024-11-11,17:00,2,19
955,2024-11-12,14:00,1,26
955,2024-11-12,14:00,2,29
956,2024-11-12,17:00,1,17
956,2024-11-12,17:00,2,9
957,2024-11-13,14:00,1,9
957,2024-11-13,14:00,2,6
958,2024-11-13,17:00,1,7
958,2024-11-13,17:00,2,22
959,2024-11-14,14:00,1,6
959,2024-11-14,14:00,2,15
960,2024-11-14,17:00,1,7
960,2024-11-14,17:00,2,29
961,2024-11-15,14:00,1,21
961,2024-11-15,14:00,2,20
962,2024-11-15,17:00,1,10
962,2024-11-15,17:00,2,15
963,2024-11-16,14:00,1,27
963,2024-11-16,14:00,2,30
964,2024-11-16,17:00,1,23
964,2024-11-16,17:00,2,20
965,2024-11-17,14:00,1,18
965,2024-11-17,14:00,2,31
966,2024-11-17,17:00,1,12
966,2024-11-17,17:00,2,28
967,2024-11-18,14:00,1,11
967,2024-11-18,14:00,2,20
968,2024-11-18,17:00,1,12
968,2024-11-18,17:00,2,15
969,2024-11-19,14:00,1,6
969,2024-11-19,14:00,2,31
970,2024-11-19,17:00,1,22
970,2024-11-19,17:00,2,12
971,2024-11-20,14:00,1,30
971,2024-11-20,14:00,2,8
972,2024-11-20,17:00,1,31
972,2024-11-20,17:00,2,1
973,2024-11-21,14:00,1,31
973,2024-11-21,14:00,2,24
974,2024-11-21,17:00,1,21
974,2024-11-21,17:00,2,4
975,2024-11-22,14:00,1,21
975,2024-11-22,14:00,2,15
976,2024-11-22,17:00,1,12
976,2024-11-22,17:00,2,6
977,2024-11-23,14:00,1,3
977,2024-11-23,14:00,2,30
978,2024-11-23,17:00,1,29
978,2024-11-23,17:00,2,6
979,2024-11-24,14:00,1,8
979,2024-11-24,14:00,2,25
980,2024-11-24,17:00,1,10
980,2024-11-24,17:00,2,9
981,2024-11-25,14:00,1,2
981,2024-11-25,14:00,2,7
982,2024-11-25,17:00,1,15
982,2024-11-25,17:00,2,5
983,2024-11-26,14:00,1,6
983,2024-11-26,14:00,2,28
984,2024-11-26,17:00,1,21
984,2024-11-26,17:00,2,12
985,2024-11-26,21:00,1,16
985,2024-11-26,21:00,2,7
986,2024-11-27,14:00,1,13
986,2024-11-27,14:00,2,21
987,2024-11-27,17:00,1,21
987,2024-11-27,17:00,2,16
988,2024-11-27,21:00,1,16
988,2024-11-27,21:00,2,31
989,2024-11-28,14:00,1,2
989,2024-11-28,14:00,2,7
990,2024-11-28,17:00,1,22
990,2024-11-28,17:00,2,23
991,2024-11-28,21:00,1,28
991,2024-11-28,21:00,2,8
992,2024-11-29,14:00,1,15
992,2024-11-29,14:00,2,18
993,2024-11-29,17:00,1,30
993,2024-11-29,17:00,2,1
994,2024-11-29,21:00,1,1
994,2024-11-29,21:00,2,9
995,2024-11-30,14:00,1,12
995,2024-11-30,14:00,2,25
996,2024-11-30,17:00,1,3
996,2024-11-30,17:00,2,13
997,2024-11-30,21:00,1,6
997,2024-11-30,21:00,2,16
998,2024-12-01,14:00,1,3
998,2024-12-01,14:00,2,30
999,2024-12-01,17:00,1,23
999,2024-12-01,17:00,2,5
1000,2024-12-01,21:00,1,19
1000,2024-12-01,21:00,2,16
1001,2024-12-02,14:00,1,10
1001,2024-12-02,14:00,2,5
1002,2024-12-02,17:00,1,30
1002,2024-12-02,17:00,2,31
1003,2024-12-02,21:00,1,29
1003,2024-12-02,21:00,2,11
1004,2024-12-03,14:00,1,28
1004,2024-12-03,14:00,2,2
1005,2024-12-03,17:00,1,15
1005,2024-12-03,17:00,2,2
1006,2024-12-03,21:00,1,9
1006,2024-12-03,21:00,2,27
1007,2024-12-04,14:00,1,11
1007,2024-12-04,14:00,2,1
1008,2024-12-04,17:00,1,28
1008,2024-12-04,17:00,2,7
1009,2024-12-04,21:00,1,12
1009,2024-12-04,21:00,2,9
1010,2024-12-05,14:00,1,19
1010,2024-12-05,14:00,2,25
1011,2024-12-05,17:00,1,27
1011,2024-12-05,17:00,2,24
1012,2024-12-05,21:00,1,21
1012,2024-12-05,21:00,2,26
1013,2024-12-06,14:00,1,9
1013,2024-12-06,14:00,2,20
1014,2024-12-06,17:00,1,8
1014,2024-12-06,17:00,2,24
1015,2024-12-06,21:00,1,26
1015,2024-12-06,21:00,2,24
1016,2024-12-07,14:00,1,25
1016,2024-12-07,14:00,2,24
1017,2024-12-07,17:00,1,22
1017,2024-12-07,17:00,2,8
1018,2024-12-07,21:00,1,7
1018,2024-12-07,21:00,2,17
1019,2024-12-08,14:00,1,20
1019,2024-12-08,14:00,2,16
1020,2024-12-08,17:00,1,29
1020,2024-12-08,17:00,2,8
1021,2024-12-08,21:00,1,15
1021,2024-12-08,21:00,2,13
1022,2024-12-09,14:00,1,24
1022,2024-12-09,14:00,2,25
1023,2024-12-09,17:00,1,19
1023,2024-12-09,17:00,2,19
1024,2024-12-09,21:00,1,30
1024,2024-12-09,21:00,2,21
1025,2024-12-10,14:00,1,6
1025,2024-12-10,14:00,2,24
1026,2024-12-10,17:00,1,22
1026,2024-12-10,17:00,2,4
1027,2024-12-10,21:00,1,9
1027,2024-12-10,21:00,2,9
1028,2024-12-11,14:00,1,4
1028,2024-12-11,14:00,2,14
1029,2024-12-11,17:00,1,1
1029,2024-12-11,17:00,2,30
1030,2024-12-11,21:00,1,1
1030,2024-12-11,21:00,2,18
1031,2024-12-12,14:00,1,26
1031,2024-12-12,14:00,2,19
1032,2024-12-12,17:00,1,23
1032,2024-12-12,17:00,2,21
1033,2024-12-12,21:00,1,23
1033,2024-12-12,21:00,2,6
1034,2024-12-13,14:00,1,14
1034,2024-12-13,14:00,2,17
1035,2024-12-13,17:00,1,22
1035,2024-12-13,17:00,2,17
1036,2024-12-13,21:00,1,13
1036,2024-12-13,21:00,2,24
1037,2024-12-14,14:00,1,30
1037,2024-12-14,14:00,2,9
1038,2024-12-14,17:00,1,29
1038,2024-12-14,17:00,2,26
1039,2024-12-14,21:00,1,20
1039,2024-12-14,21:00,2,17
1040,2024-12-15,14:00,1,10
1040,2024-12-15,14:00,2,6
1041,2024-12-15,17:00,1,12
1041,2024-12-15,17:00,2,13
1042,2024-12-15,21:00,1,25
1042,2024-12-15,21:00,2,28
1043,2024-12-16,14:00,1,23
1043,2024-12-16,14:00,2,21
1044,2024-12-16,17:00,1,23
1044,2024-12-16,17:00,2,8
1045,2024-12-16,21:00,1,30
1045,2024-12-16,21:00,2,12
1046,2024-12-17,14:00,1,20
1046,2024-12-17,14:00,2,28
1047,2024-12-17,17:00,1,28
1047,2024-12-17,17:00,2,8
1048,2024-12-17,21:00,1,7
1048,2024-12-17,21:00,2,19
1049,2024-12-18,14:00,1,19
1049,2024-12-18,14:00,2,22
1050,2024-12-18,17:00,1,18
1050,2024-12-18,17:00,2,19
1051,2024-12-18,21:00,1,29
1051,2024-12-18,21:00,2,16
1052,2024-12-19,14:00,1,7
1052,2024-12-19,14:00,2,7
1053,2024-12-19,17:00,1,31
1053,2024-12-19,17:00,2,17
1054,2024-12-19,21:00,1,16
1054,2024-12-19,21:00,2,20
1055,2024-12-20,14:00,1,18
1055,2024-12-20,14:00,2,12
1056,2024-12-20,17:00,1,18
1056,2024-12-20,17:00,2,18
1057,2024-12-20,21:00,1,28
1057,2024-12-20,21:00,2,19
1058,2024-12-21,14:00,1,8
1058,2024-12-21,14:00,2,13
1059,2024-12-21,17:00,1,29
1059,2024-12-21,17:00,2,18
1060,2024-12-21,21:00,1,31
1060,2024-12-21,21:00,2,14
1061,2024-12-22,14:00,1,1
1061,2024-12-22,14:00,2,2
1062,2024-12-22,17:00,1,27
1062,2024-12-22,17:00,2,25
1063,2024-12-22,21:00,1,9
1063,2024-12-22,21:00,2,12
1064,2024-12-23,14:00,1,25
1064,2024-12-23,14:00,2,25
1065,2024-12-23,17:00,1,12
1065,2024-12-23,17:00,2,17
1066,2024-12-23,21:00,1,13
1066,2024-12-23,21:00,2,18
1067,2024-12-24,14:00,1,30
1067,2024-12-24,14:00,2,25
1068,2024-12-24,17:00,1,6
1068,2024-12-24,17:00,2,23
1069,2024-12-24,21:00,1,22
1069,2024-12-24,21:00,2,15
1070,2024-12-25,14:00,1,31
1070,2024-12-25,14:00,2,8
1071,2024-12-25,17:00,1,26
1071,2024-12-25,17:00,2,29
1072,2024-12-25,21:00,1,6
1072,2024-12-25,21:00,2,12
1073,2024-12-26,14:00,1,8
1073,2024-12-26,14:00,2,2
1074,2024-12-26,17:00,1,1
1074,2024-12-26,17:00,2,21
1075,2024-12-26,21:00,1,13
1075,2024-12-26,21:00,2,20
1076,2024-12-27,14:00,1,26
1076,2024-12-27,14:00,2,16
1077,2024-12-27,17:00,1,11
1077,2024-12-27,17:00,2,20
1078,2024-12-27,21:00,1,28
1078,2024-12-27,21:00,2,16
1079,2024-12-28,14:00,1,23
1079,2024-12-28,14:00,2,10
1080,2024-12-28,17:00,1,24
1080,2024-12-28,17:00,2,11
1081,2024-12-28,21:00,1,30
1081,2024-12-28,21:00,2,25
1082,2024-12-29,14:00,1,12
1082,2024-12-29,14:00,2,21
1083,2024-12-29,17:00,1,5
1083,2024-12-29,17:00,2,27
1084,2024-12-29,21:00,1,17
1084,2024-12-29,21:00,2,6
1085,2024-12-30,14:00,1,3
1085,2024-12-30,14:00,2,9
1086,2024-12-30,17:00,1,3
1086,2024-12-30,17:00,2,15
1087,2024-12-30,21:00,1,10
1087,2024-12-30,21:00,2,26
1088,2024-12-31,14:00,1,15
1088,2024-12-31,14:00,2,16
1089,2024-12-31,17:00,1,18
1089,2024-12-31,17:00,2,9
1090,2024-12-31,21:00,1,30
1090,2024-12-31,21:00,2,13
1091,2025-01-01,14:00,1,30
1091,2025-01-01,14:00,2,26
1092,2025-01-01,17:00,1,23
1092,2025-01-01,17:00,2,29
1093,2025-01-01,21:00,1,31
1093,2025-01-01,21:00,2,19
1094,2025-01-02,14:00,1,1
1094,2025-01-02,14:00,2,2
1095,2025-01-02,17:00,1,29
1095,2025-01-02,17:00,2,8
1096,2025-01-02,21:00,1,8
1096,2025-01-02,21:00,2,1
1097,2025-01-03,14:00,1,5
1097,2025-01-03,14:00,2,31
1098,2025-01-03,17:00,1,10
1098,2025-01-03,17:00,2,28
1099,2025-01-03,21:00,1,7
1099,2025-01-03,21:00,2,23
1100,2025-01-04,14:00,1,3
1100,2025-01-04,14:00,2,15
1101,2025-01-04,17:00,1,5
1101,2025-01-04,17:00,2,5
1102,2025-01-04,21:00,1,30
1102,2025-01-04,21:00,2,29
1103,2025-01-05,14:00,1,17
1103,2025-01-05,14:00,2,30
1104,2025-01-05,17:00,1,27
1104,2025-01-05,17:00,2,23
1105,2025-01-05,21:00,1,26
1105,2025-01-05,21:00,2,14
1106,2025-01-06,14:00,1,28
1106,2025-01-06,14:00,2,22
1107,2025-01-06,17:00,1,13
1107,2025-01-06,17:00,2,3
1108,2025-01-06,21:00,1,16
1108,2025-01-06,21:00,2,2
1109,2025-01-07,14:00,1,30
1109,2025-01-07,14:00,2,23
1110,2025-01-07,17:00,1,27
1110,2025-01-07,17:00,2,15
1111,2025-01-07,21:00,1,3
1111,2025-01-07,21:00,2,30
1112,2025-01-08,14:00,1,5
1112,2025-01-08,14:00,2,27
1113,2025-01-08,17:00,1,14
1113,2025-01-08,17:00,2,31
1114,2025-01-08,21:00,1,17
1114,2025-01-08,21:00,2,12
1115,2025-01-09,14:00,1,10
1115,2025-01-09,14:00,2,23
1116,2025-01-09,17:00,1,28
1116,2025-01-09,17:00,2,7
1117,2025-01-09,21:00,1,20
1117,2025-01-09,21:00,2,7
1118,2025-01-10,14:00,1,1
1118,2025-01-10,14:00,2,17
1119,2025-01-10,17:00,1,9
1119,2025-01-10,17:00,2,13
1120,2025-01-10,21:00,1,11
1120,2025-01-10,21:00,2,23
1121,2025-01-11,14:00,1,2
1121,2025-01-11,14:00,2,15
1122,2025-01-11,17:00,1,23
1122,2025-01-11,17:00,2,1
1123,2025-01-11,21:00,1,28
1123,2025-01-11,21:00,2,23
1124,2025-01-12,14:00,1,3
1124,2025-01-12,14:00,2,13
1125,2025-01-12,17:00,1,6
1125,2025-01-12,17:00,2,7
1126,2025-01-12,21:00,1,29
1126,2025-01-12,21:00,2,29
1127,2025-01-13,14:00,1,13
1127,2025-01-13,14:00,2,19
1128,2025-01-13,17:00,1,6
1128,2025-01-13,17:00,2,28
1129,2025-01-13,21:00,1,19
1129,2025-01-13,21:00,2,23
1130,2025-01-14,14:00,1,25
1130,2025-01-14,14:00,2,9
1131,2025-01-14,17:00,1,8
1131,2025-01-14,17:00,2,2
1132,2025-01-14,21:00,1,13
1132,2025-01-14,21:00,2,3
1133,2025-01-15,14:00,1,18
1133,2025-01-15,14:00,2,1
1134,2025-01-15,17:00,1,6
1134,2025-01-15,17:00,2,4
1135,2025-01-15,21:00,1,25
1135,2025-01-15,21:00,2,26
1136,2025-01-16,14:00,1,31
1136,2025-01-16,14:00,2,14
1137,2025-01-16,17:00,1,27
1137,2025-01-16,17:00,2,25
1138,2025-01-16,21:00,1,5
1138,2025-01-16,21:00,2,29
1139,2025-01-17,14:00,1,31
1139,2025-01-17,14:00,2,20
1140,2025-01-17,17:00,1,25
1140,2025-01-17,17:00,2,6
1141,2025-01-17,21:00,1,10
1141,2025-01-17,21:00,2,1
1142,2025-01-18,14:00,1,8
1142,2025-01-18,14:00,2,28
1143,2025-01-18,17:00,1,15
1143,2025-01-18,17:00,2,21
1144,2025-01-18,21:00,1,2
1144,2025-01-18,21:00,2,24
1145,2025-01-19,14:00,1,22
1145,2025-01-19,14:00,2,21
1146,2025-01-19,17:00,1,16
1146,2025-01-19,17:00,2,6
1147,2025-01-19,21:00,1,30
1147,2025-01-19,21:00,2,27
1148,2025-01-20,14:00,1,25
1148,2025-01-20,14:00,2,15
1149,2025-01-20,17:00,1,20
1149,2025-01-20,17:00,2,6
1150,2025-01-20,21:00,1,29
1150,2025-01-20,21:00,2,19
1151,2025-01-21,14:00,1,18
1151,2025-01-21,14:00,2,25
1152,2025-01-21,17:00,1,10
1152,2025-01-21,17:00,2,27
1153,2025-01-21,21:00,1,27
1153,2025-01-21,21:00,2,7
1154,2025-01-22,14:00,1,5
1154,2025-01-22,14:00,2,15
1155,2025-01-22,17:00,1,23
1155,2025-01-22,17:00,2,7
1156,2025-01-22,21:00,1,24
1156,2025-01-22,21:00,2,24
1157,2025-01-23,14:00,1,30
1157,2025-01-23,14:00,2,25
1158,2025-01-23,17:00,1,20
1158,2025-01-23,17:00,2,4
1159,2025-01-23,21:00,1,3
1159,2025-01-23,21:00,2,16
1160,2025-01-24,14:00,1,20
1160,2025-01-24,14:00,2,5
1161,2025-01-24,17:00,1,9
1161,2025-01-24,17:00,2,7
1162,2025-01-24,21:00,1,18
1162,2025-01-24,21:00,2,5
1163,2025-01-25,14:00,1,11
1163,2025-01-25,14:00,2,12
1164,2025-01-25,17:00,1,19
1164,2025-01-25,17:00,2,7
1165,2025-01-25,21:00,1,15
1165,2025-01-25,21:00,2,29
1166,2025-01-26,14:00,1,11
1166,2025-01-26,14:00,2,11
1167,2025-01-26,17:00,1,20
1167,2025-01-26,17:00,2,3
1168,2025-01-26,21:00,1,6
1168,2025-01-26,21:00,2,9
1169,2025-01-27,14:00,1,1
1169,2025-01-27,14:00,2,13
1170,2025-01-27,17:00,1,27
1170,2025-01-27,17:00,2,3
1171,2025-01-27,21:00,1,2
1171,2025-01-27,21:00,2,3
1172,2025-01-28,14:00,1,24
1172,2025-01-28,14:00,2,7
1173,2025-01-28,17:00,1,1
1173,2025-01-28,17:00,2,31
1174,2025-01-28,21:00,1,18
1174,2025-01-28,21:00,2,25
1175,2025-01-29,14:00,1,1
1175,2025-01-29,14:00,2,23
1176,2025-01-29,17:00,1,12
1176,2025-01-29,17:00,2,7
1177,2025-01-29,21:00,1,9
1177,2025-01-29,21:00,2,14
1178,2025-01-30,14:00,1,22
1178,2025-01-30,14:00,2,18
1179,2025-01-30,17:00,1,14
1179,2025-01-30,17:00,2,3
1180,2025-01-30,21:00,1,3
1180,2025-01-30,21:00,2,22
1181,2025-01-31,14:00,1,9
1181,2025-01-31,14:00,2,16
1182,2025-01-31,17:00,1,10
1182,2025-01-31,17:00,2,31
1183,2025-01-31,21:00,1,5
1183,2025-01-31,21:00,2,22
1184,2025-02-01,14:00,1,19
1184,2025-02-01,14:00,2,25
1185,2025-02-01,17:00,1,6
1185,2025-02-01,17:00,2,9
1186,2025-02-01,21:00,1,17
1186,2025-02-01,21:00,2,8
1187,2025-02-02,14:00,1,23
1187,2025-02-02,14:00,2,11
1188,2025-02-02,17:00,1,14
1188,2025-02-02,17:00,2,21
1189,2025-02-02,21:00,1,9
1189,2025-02-02,21:00,2,4
1190,2025-02-03,14:00,1,6
1190,2025-02-03,14:00,2,10
1191,2025-02-03,17:00,1,2
1191,2025-02-03,17:00,2,17
1192,2025-02-03,21:00,1,6
1192,2025-02-03,21:00,2,7
1193,2025-02-04,14:00,1,17
1193,2025-02-04,14:00,2,7
1194,2025-02-04,17:00,1,14
1194,2025-02-04,17:00,2,1
1195,2025-02-04,21:00,1,10
1195,2025-02-04,21:00,2,18
1196,2025-02-05,14:00,1,28
1196,2025-02-05,14:00,2,18
1197,2025-02-05,17:00,1,17
1197,2025-02-05,17:00,2,8
1198,2025-02-05,21:00,1,3
1198,2025-02-05,21:00,2,16
1199,2025-02-06,14:00,1,21
1199,2025-02-06,14:00,2,29
1200,2025-02-06,17:00,1,7
1200,2025-02-06,17:00,2,1
1201,2025-02-06,21:00,1,31
1201,2025-02-06,21:00,2,1
1202,2025-02-07,14:00,1,20
1202,2025-02-07,14:00,2,31
1203,2025-02-07,17:00,1,7
1203,2025-02-07,17:00,2,6
1204,2025-02-07,21:00,1,25
1204,2025-02-07,21:00,2,23
1205,2025-02-08,14:00,1,8
1205,2025-02-08,14:00,2,11
1206,2025-02-08,17:00,1,9
1206,2025-02-08,17:00,2,16
1207,2025-02-08,21:00,1,31
1207,2025-02-08,21:00,2,28
1208,2025-02-09,14:00,1,19
1208,2025-02-09,14:00,2,5
1209,2025-02-09,17:00,1,23
1209,2025-02-09,17:00,2,21
1210,2025-02-09,21:00,1,12
1210,2025-02-09,21:00,2,29
1211,2025-02-10,14:00,1,2
1211,2025-02-10,14:00,2,27
1212,2025-02-10,17:00,1,19
1212,2025-02-10,17:00,2,12
1213,2025-02-10,21:00,1,19
1213,2025-02-10,21:00,2,4
1214,2025-02-11,14:00,1,7
1214,2025-02-11,14:00,2,29
1215,2025-02-11,17:00,1,20
1215,2025-02-11,17:00,2,1
1216,2025-02-11,21:00,1,31
1216,2025-02-11,21:00,2,21
1217,2025-02-12,14:00,1,24
1217,2025-02-12,14:00,2,22
1218,2025-02-12,17:00,1,11
1218,2025-02-12,17:00,2,30
1219,2025-02-12,21:00,1,21
1219,2025-02-12,21:00,2,8
1220,2025-02-13,14:00,1,10
1220,2025-02-13,14:00,2,5
1221,2025-02-13,17:00,1,26
1221,2025-02-13,17:00,2,27
1222,2025-02-13,21:00,1,31
1222,2025-02-13,21:00,2,4
1223,2025-02-14,14:00,1,29
1223,2025-02-14,14:00,2,4
1224,2025-02-14,17:00,1,12
1224,2025-02-14,17:00,2,22
1225,2025-02-14,21:00,1,1
1225,2025-02-14,21:00,2,4
1226,2025-02-15,14:00,1,3
1226,2025-02-15,14:00,2,7
1227,2025-02-15,17:00,1,21
1227,2025-02-15,17:00,2,29
1228,2025-02-15,21:00,1,6
1228,2025-02-15,21:00,2,26
1229,2025-02-16,14:00,1,26
1229,2025-02-16,14:00,2,29
1230,2025-02-16,17:00,1,5
1230,2025-02-16,17:00,2,25
1231,2025-02-16,21:00,1,25
1231,2025-02-16,21:00,2,10
1232,2025-02-17,14:00,1,1
1232,2025-02-17,14:00,2,1
1233,2025-02-17,17:00,1,24
1233,2025-02-17,17:00,2,12
1234,2025-02-17,21:00,1,25
1234,2025-02-17,21:00,2,20
1235,2025-02-18,14:00,1,24
1235,2025-02-18,14:00,2,25
1236,2025-02-18,17:00,1,8
1236,2025-02-18,17:00,2,22
1237,2025-02-18,21:00,1,18
1237,2025-02-18,21:00,2,3
1238,2025-02-19,14:00,1,22
1238,2025-02-19,14:00,2,4
1239,2025-02-19,17:00,1,5
1239,2025-02-19,17:00,2,19
1240,2025-02-19,21:00,1,3
1240,2025-02-19,21:00,2,11
1241,2025-02-20,14:00,1,20
1241,2025-02-20,14:00,2,24
1242,2025-02-20,17:00,1,10
1242,2025-02-20,17:00,2,24
1243,2025-02-20,21:00,1,7
1243,2025-02-20,21:00,2,7
1244,2025-02-21,14:00,1,28
1244,2025-02-21,14:00,2,4
1245,2025-02-21,17:00,1,20
1245,2025-02-21,17:00,2,12
1246,2025-02-21,21:00,1,7
1246,2025-02-21,21:00,2,2
1247,2025-02-22,14:00,1,20
1247,2025-02-22,14:00,2,25
1248,2025-02-22,17:00,1,11
1248,2025-02-22,17:00,2,6
1249,2025-02-22,21:00,1,25
1249,2025-02-22,21:00,2,14
1250,2025-02-23,14:00,1,25
1250,2025-02-23,14:00,2,21
1251,2025-02-23,17:00,1,17
1251,2025-02-23,17:00,2,21
1252,2025-02-23,21:00,1,26
1252,2025-02-23,21:00,2,1
1253,2025-02-24,14:00,1,9
1253,2025-02-24,14:00,2,26
1254,2025-02-24,17:00,1,31
1254,2025-02-24,17:00,2,29
1255,2025-02-24,21:00,1,29
1255,2025-02-24,21:00,2,17
1256,2025-02-25,14:00,1,2
1256,2025-02-25,14:00,2,2
1257,2025-02-25,17:00,1,29
1257,2025-02-25,17:00,2,11
1258,2025-02-25,21:00,1,12
1258,2025-02-25,21:00,2,7
1259,2025-02-26,14:00,1,25
1259,2025-02-26,14:00,2,18
1260,2025-02-26,17:00,1,27
1260,2025-02-26,17:00,2,17
1261,2025-02-26,21:00,1,14
1261,2025-02-26,21:00,2,24
1262,2025-02-27,14:00,1,22
1262,2025-02-27,14:00,2,9
1263,2025-02-27,17:00,1,26
1263,2025-02-27,17:00,2,15
1264,2025-02-27,21:00,1,28
1264,2025-02-27,21:00,2,19
1265,2025-02-28,14:00,1,19
1265,2025-02-28,14:00,2,9
1266,2025-02-28,17:00,1,29
1266,2025-02-28,17:00,2,9
1267,2025-02-28,21:00,1,29
1267,2025-02-28,21:00,2,8
1268,2025-03-01,14:00,1,9
1268,2025-03-01,14:00,2,5
1269,2025-03-01,17:00,1,7
1269,2025-03-01,17:00,2,6
1270,2025-03-01,21:00,1,26
1270,2025-03-01,21:00,2,28
1271,2025-03-02,14:00,1,3
1271,2025-03-02,14:00,2,7
1272,2025-03-02,17:00,1,25
1272,2025-03-02,17:00,2,13
1273,2025-03-02,21:00,1,3
1273,2025-03-02,21:00,2,5
1274,2025-03-03,14:00,1,23
1274,2025-03-03,14:00,2,6
1275,2025-03-03,17:00,1,7
1275,2025-03-03,17:00,2,27
1276,2025-03-03,21:00,1,16
1276,2025-03-03,21:00,2,6
1277,2025-03-04,14:00,1,9
1277,2025-03-04,14:00,2,3
1278,2025-03-04,17:00,1,1
1278,2025-03-04,17:00,2,4
1279,2025-03-04,21:00,1,8
1279,2025-03-04,21:00,2,24
1280,2025-03-05,14:00,1,17
1280,2025-03-05,14:00,2,21
1281,2025-03-05,17:00,1,24
1281,2025-03-05,17:00,2,13
1282,2025-03-05,21:00,1,19
1282,2025-03-05,21:00,2,3
1283,2025-03-06,14:00,1,7
1283,2025-03-06,14:00,2,11
1284,2025-03-06,17:00,1,26
1284,2025-03-06,17:00,2,15
1285,2025-03-06,21:00,1,30
1285,2025-03-06,21:00,2,1
1286,2025-03-07,14:00,1,19
1286,2025-03-07,14:00,2,2
1287,2025-03-07,17:00,1,16
1287,2025-03-07,17:00,2,30
1288,2025-03-07,21:00,1,18
1288,2025-03-07,21:00,2,11
1289,2025-03-08,14:00,1,18
1289,2025-03-08,14:00,2,5
1290,2025-03-08,17:00,1,4
1290,2025-03-08,17:00,2,4
1291,2025-03-08,21:00,1,30
1291,2025-03-08,21:00,2,31
1292,2025-03-09,14:00,1,22
1292,2025-03-09,14:00,2,29
1293,2025-03-09,17:00,1,3
1293,2025-03-09,17:00,2,31
1294,2025-03-09,21:00,1,26
1294,2025-03-09,21:00,2,31
1295,2025-03-10,14:00,1,29
1295,2025-03-10,14:00,2,31
1296,2025-03-10,17:00,1,21
1296,2025-03-10,17:00,2,30
1297,2025-03-10,21:00,1,28
1297,2025-03-10,21:00,2,3
1298,2025-03-11,14:00,1,26
1298,2025-03-11,14:00,2,23
1299,2025-03-11,17:00,1,25
1299,2025-03-11,17:00,2,17
1300,2025-03-11,21:00,1,22
1300,2025-03-11,21:00,2,15
1301,2025-03-12,14:00,1,7
1301,2025-03-12,14:00,2,7
1302,2025-03-12,17:00,1,26
1302,2025-03-12,17:00,2,18
1303,2025-03-12,21:00,1,12
1303,2025-03-12,21:00,2,21
1304,2025-03-13,14:00,1,21
1304,2025-03-13,14:00,2,29
1305,2025-03-13,17:00,1,20
1305,2025-03-13,17:00,2,1
1306,2025-03-13,21:00,1,2
1306,2025-03-13,21:00,2,16
1307,2025-03-14,14:00,1,22
1307,2025-03-14,14:00,2,4
1308,2025-03-14,17:00,1,30
1308,2025-03-14,17:00,2,4
1309,2025-03-14,21:00,1,1
1309,2025-03-14,21:00,2,28
1310,2025-03-15,14:00,1,27
1310,2025-03-15,14:00,2,6
1311,2025-03-15,17:00,1,20
1311,2025-03-15,17:00,2,31
1312,2025-03-15,21:00,1,1
1312,2025-03-15,21:00,2,3
1313,2025-03-16,14:00,1,2
1313,2025-03-16,14:00,2,3
1314,2025-03-16,17:00,1,9
1314,2025-03-16,17:00,2,8
1315,2025-03-16,21:00,1,15
1315,2025-03-16,21:00,2,8
1316,2025-03-17,14:00,1,29
1316,2025-03-17,14:00,2,25
1317,2025-03-17,17:00,1,4
1317,2025-03-17,17:00,2,8
1318,2025-03-17,21:00,1,21
1318,2025-03-17,21:00,2,5
1319,2025-03-18,14:00,1,14
1319,2025-03-18,14:00,2,1
1320,2025-03-18,17:00,1,21
1320,2025-03-18,17:00,2,8
1321,2025-03-18,21:00,1,26
1321,2025-03-18,21:00,2,6
1322,2025-03-19,14:00,1,9
1322,2025-03-19,14:00,2,31
1323,2025-03-19,17:00,1,7
1323,2025-03-19,17:00,2,12
1324,2025-03-19,21:00,1,11
1324,2025-03-19,21:00,2,30
1325,2025-03-20,14:00,1,9
1325,2025-03-20,14:00,2,26
1326,2025-03-20,17:00,1,29
1326,2025-03-20,17:00,2,17
1327,2025-03-20,21:00,1,6
1327,2025-03-20,21:00,2,4
1328,2025-03-21,14:00,1,29
1328,2025-03-21,14:00,2,13
1329,2025-03-21,17:00,1,9
1329,2025-03-21,17:00,2,23
1330,2025-03-21,21:00,1,4
1330,2025-03-21,21:00,2,27
1331,2025-03-22,14:00,1,28
1331,2025-03-22,14:00,2,28
1332,2025-03-22,17:00,1,27
1332,2025-03-22,17:00,2,30
1333,2025-03-22,21:00,1,5
1333,2025-03-22,21:00,2,14
1334,2025-03-23,14:00,1,31
1334,2025-03-23,14:00,2,10
1335,2025-03-23,17:00,1,20
1335,2025-03-23,17:00,2,11
1336,2025-03-23,21:00,1,17
1336,2025-03-23,21:00,2,13
1337,2025-03-24,14:00,1,8
1337,2025-03-24,14:00,2,30
1338,2025-03-24,17:00,1,5
1338,2025-03-24,17:00,2,15
1339,2025-03-24,21:00,1,18
1339,2025-03-24,21:00,2,31
1340,2025-03-25,14:00,1,10
1340,2025-03-25,14:00,2,16
1341,2025-03-25,17:00,1,15
1341,2025-03-25,17:00,2,27
1342,2025-03-25,21:00,1,22
1342,2025-03-25,21:00,2,1
1343,2025-03-26,14:00,1,10
1343,2025-03-26,14:00,2,30
1344,2025-03-26,17:00,1,25
1344,2025-03-26,17:00,2,12
1345,2025-03-26,21:00,1,19
1345,2025-03-26,21:00,2,8
1346,2025-03-27,14:00,1,21
1346,2025-03-27,14:00,2,8
1347,2025-03-27,17:00,1,31
1347,2025-03-27,17:00,2,8
1348,2025-03-27,21:00,1,4
1348,2025-03-27,21:00,2,3
1349,2025-03-28,14:00,1,15
1349,2025-03-28,14:00,2,8
1350,2025-03-28,17:00,1,1
1350,2025-03-28,17:00,2,19
1351,2025-03-28,21:00,1,23
1351,2025-03-28,21:00,2,12
1352,2025-03-29,14:00,1,4
1352,2025-03-29,14:00,2,14
1353,2025-03-29,17:00,1,19
1353,2025-03-29,17:00,2,16
1354,2025-03-29,21:00,1,30
1354,2025-03-29,21:00,2,7
1355,2025-03-30,14:00,1,4
1355,2025-03-30,14:00,2,27
1356,2025-03-30,17:00,1,29
1356,2025-03-30,17:00,2,30
1357,2025-03-30,21:00,1,22
1357,2025-03-30,21:00,2,26
1358,2025-03-31,14:00,1,30
1358,2025-03-31,14:00,2,19
1359,2025-03-31,17:00,1,6
1359,2025-03-31,17:00,2,6
1360,2025-03-31,21:00,1,1
1360,2025-03-31,21:00,2,28
1361,2025-04-01,14:00,1,16
1361,2025-04-01,14:00,2,24
1362,2025-04-01,17:00,1,1
1362,2025-04-01,17:00,2,10
1363,2025-04-01,21:00,1,8
1363,2025-04-01,21:00,2,7
1364,2025-04-02,14:00,1,14
1364,2025-04-02,14:00,2,28
1365,2025-04-02,17:00,1,21
1365,2025-04-02,17:00,2,8
1366,2025-04-02,21:00,1,21
1366,2025-04-02,21:00,2,1
1367,2025-04-03,14:00,1,9
1367,2025-04-03,14:00,2,10
1368,2025-04-03,17:00,1,12
1368,2025-04-03,17:00,2,14
1369,2025-04-03,21:00,1,17
1369,2025-04-03,21:00,2,21
1370,2025-04-04,14:00,1,16
1370,2025-04-04,14:00,2,30
1371,2025-04-04,17:00,1,25
1371,2025-04-04,17:00,2,19
1372,2025-04-04,21:00,1,24
1372,2025-04-04,21:00,2,9
1373,2025-04-05,14:00,1,6
1373,2025-04-05,14:00,2,28
1374,2025-04-05,17:00,1,11
1374,2025-04-05,17:00,2,31
1375,2025-04-05,21:00,1,23
1375,2025-04-05,21:00,2,2
1376,2025-04-06,14:00,1,14
1376,2025-04-06,14:00,2,3
1377,2025-04-06,17:00,1,21
1377,2025-04-06,17:00,2,5
1378,2025-04-06,21:00,1,6
1378,2025-04-06,21:00,2,8
1379,2025-04-07,14:00,1,14
1379,2025-04-07,14:00,2,29
1380,2025-04-07,17:00,1,16
1380,2025-04-07,17:00,2,3
1381,2025-04-07,21:00,1,24
1381,2025-04-07,21:00,2,15
1382,2025-04-08,14:00,1,26
1382,2025-04-08,14:00,2,6
1383,2025-04-08,17:00,1,9
1383,2025-04-08,17:00,2,26
1384,2025-04-08,21:00,1,1
1384,2025-04-08,21:00,2,10
1385,2025-04-09,14:00,1,23
1385,2025-04-09,14:00,2,7
1386,2025-04-09,17:00,1,24
1386,2025-04-09,17:00,2,19
1387,2025-04-09,21:00,1,20
1387,2025-04-09,21:00,2,9
1388,2025-04-10,14:00,1,8
1388,2025-04-10,14:00,2,17
1389,2025-04-10,17:00,1,7
1389,2025-04-10,17:00,2,9
1390,2025-04-10,21:00,1,13
1390,2025-04-10,21:00,2,17
1391,2025-04-11,14:00,1,31
1391,2025-04-11,14:00,2,23
1392,2025-04-11,17:00,1,4
1392,2025-04-11,17:00,2,23
1393,2025-04-11,21:00,1,27
1393,2025-04-11,21:00,2,19
1394,2025-04-12,14:00,1,16
1394,2025-04-12,14:00,2,13
1395,2025-04-12,17:00,1,14
1395,2025-04-12,17:00,2,25
1396,2025-04-12,21:00,1,24
1396,2025-04-12,21:00,2,3
1397,2025-04-13,14:00,1,10
1397,2025-04-13,14:00,2,22
1398,2025-04-13,17:00,1,10
1398,2025-04-13,17:00,2,7
1399,2025-04-13,21:00,1,14
1399,2025-04-13,21:00,2,20
1400,2025-04-14,14:00,1,13
1400,2025-04-14,14:00,2,21
1401,2025-04-14,17:00,1,26
1401,2025-04-14,17:00,2,29
1402,2025-04-14,21:00,1,3
1402,2025-04-14,21:00,2,6
1403,2025-04-15,14:00,1,10
1403,2025-04-15,14:00,2,7
1404,2025-04-15,17:00,1,2
1404,2025-04-15,17:00,2,14
1405,2025-04-15,21:00,1,24
1405,2025-04-15,21:00,2,19
1406,2025-04-16,14:00,1,11
1406,2025-04-16,14:00,2,25
1407,2025-04-16,17:00,1,21
1407,2025-04-16,17:00,2,20
1408,2025-04-16,21:00,1,12
1408,2025-04-16,21:00,2,22
1409,2025-04-20,14:00,1,27
1409,2025-04-20,14:00,2,14
1410,2025-04-20,17:00,1,27
1410,2025-04-20,17:00,2,28
1411,2025-04-20,21:00,1,13
1411,2025-04-20,21:00,2,23
1412,2025-04-21,14:00,1,21
1412,2025-04-21,14:00,2,6
1413,2025-04-21,17:00,1,29
1413,2025-04-21,17:00,2,1
1414,2025-04-21,21:00,1,26
1414,2025-04-21,21:00,2,16
1415,2025-04-22,14:00,1,28
1415,2025-04-22,14:00,2,29
1416,2025-04-22,17:00,1,6
1416,2025-04-22,17:00,2,19
1417,2025-04-22,21:00,1,7
1417,2025-04-22,21:00,2,21
1418,2025-04-23,14:00,1,3
1418,2025-04-23,14:00,2,23
1419,2025-04-23,17:00,1,25
1419,2025-04-23,17:00,2,13
1420,2025-04-23,21:00,1,28
1420,2025-04-23,21:00,2,1
1421,2025-04-24,14:00,1,24
1421,2025-04-24,14:00,2,6
1422,2025-04-24,17:00,1,2
1422,2025-04-24,17:00,2,5
1423,2025-04-24,21:00,1,8
1423,2025-04-24,21:00,2,5
1424,2025-04-25,14:00,1,31
1424,2025-04-25,14:00,2,26
1425,2025-04-25,17:00,1,27
1425,2025-04-25,17:00,2,27
1426,2025-04-25,21:00,1,28
1426,2025-04-25,21:00,2,8
1427,2025-04-26,14:00,1,14
1427,2025-04-26,14:00,2,23
1428,2025-04-26,17:00,1,2
1428,2025-04-26,17:00,2,18
1429,2025-04-26,21:00,1,28
1429,2025-04-26,21:00,2,2
1430,2025-04-27,14:00,1,30
1430,2025-04-27,14:00,2,21
1431,2025-04-27,17:00,1,12
1431,2025-04-27,17:00,2,9
1432,2025-04-27,21:00,1,1
1432,2025-04-27,21:00,2,26
1433,2025-04-28,14:00,1,2
1433,2025-04-28,14:00,2,18
1434,2025-04-28,17:00,1,8
1434,2025-04-28,17:00,2,9
1435,2025-04-28,21:00,1,5
1435,2025-04-28,21:00,2,7
1436,2025-04-29,14:00,1,28
1436,2025-04-29,14:00,2,3
1437,2025-04-29,17:00,1,8
1437,2025-04-29,17:00,2,21
1438,2025-04-29,21:00,1,3
1438,2025-04-29,21:00,2,27
1439,2025-04-30,14:00,1,23
1439,2025-04-30,14:00,2,14
1440,2025-04-30,17:00,1,27
1440,2025-04-30,17:00,2,10
1441,2025-04-30,21:00,1,15
1441,2025-04-30,21:00,2,20
1442,2025-05-01,14:00,1,15
1442,2025-05-01,14:00,2,13
1443,2025-05-01,17:00,1,27
1443,2025-05-01,17:00,2,21
1444,2025-05-01,21:00,1,21
1444,2025-05-01,21:00,2,4
1445,2025-05-02,14:00,1,11
1445,2025-05-02,14:00,2,7
1446,2025-05-02,17:00,1,2
1446,2025-05-02,17:00,2,29
1447,2025-05-02,21:00,1,4
1447,2025-05-02,21:00,2,16
1448,2025-05-03,14:00,1,17
1448,2025-05-03,14:00,2,24
1449,2025-05-03,17:00,1,27
1449,2025-05-03,17:00,2,25
1450,2025-05-03,21:00,1,20
1450,2025-05-03,21:00,2,13
1451,2025-05-04,14:00,1,23
1451,2025-05-04,14:00,2,16
1452,2025-05-04,17:00,1,10
1452,2025-05-04,17:00,2,20
1453,2025-05-04,21:00,1,2
1453,2025-05-04,21:00,2,13
1454,2025-05-05,14:00,1,31
1454,2025-05-05,14:00,2,30
1455,2025-05-05,17:00,1,21
1455,2025-05-05,17:00,2,13
1456,2025-05-05,21:00,1,22
1456,2025-05-05,21:00,2,8
1457,2025-05-06,14:00,1,5
1457,2025-05-06,14:00,2,24
1458,2025-05-06,17:00,1,11
1458,2025-05-06,17:00,2,3
1459,2025-05-06,21:00,1,24
1459,2025-05-06,21:00,2,18
1460,2025-05-07,14:00,1,20
1460,2025-05-07,14:00,2,22
1461,2025-05-07,17:00,1,22
1461,2025-05-07,17:00,2,22
1462,2025-05-07,21:00,1,16
1462,2025-05-07,21:00,2,18
1463,2025-05-08,14:00,1,12
1463,2025-05-08,14:00,2,20
1464,2025-05-08,17:00,1,13
1464,2025-05-08,17:00,2,28
1465,2025-05-08,21:00,1,20
1465,2025-05-08,21:00,2,26
1466,2025-05-09,14:00,1,2
1466,2025-05-09,14:00,2,11
1467,2025-05-09,17:00,1,2
1467,2025-05-09,17:00,2,4
1468,2025-05-09,21:00,1,30
1468,2025-05-09,21:00,2,4
1469,2025-05-10,14:00,1,15
1469,2025-05-10,14:00,2,25
1470,2025-05-10,17:00,1,23
1470,2025-05-10,17:00,2,26
1471,2025-05-10,21:00,1,13
1471,2025-05-10,21:00,2,2
1472,2025-05-11,14:00,1,5
1472,2025-05-11,14:00,2,7
1473,2025-05-11,17:00,1,16
1473,2025-05-11,17:00,2,17
1474,2025-05-11,21:00,1,13
1474,2025-05-11,21:00,2,21
1475,2025-05-12,14:00,1,11
1475,2025-05-12,14:00,2,28
1476,2025-05-12,17:00,1,1
1476,2025-05-12,17:00,2,27
1477,2025-05-12,21:00,1,7
1477,2025-05-12,21:00,2,31
1478,2025-05-13,14:00,1,27
1478,2025-05-13,14:00,2,30
1479,2025-05-13,17:00,1,11
1479,2025-05-13,17:00,2,29
1480,2025-05-13,21:00,1,14
1480,2025-05-13,21:00,2,3
1481,2025-05-14,14:00,1,16
1481,2025-05-14,14:00,2,21
1482,2025-05-14,17:00,1,28
1482,2025-05-14,17:00,2,27
1483,2025-05-14,21:00,1,9
1483,2025-05-14,21:00,2,19
1484,2025-05-15,14:00,1,24
1484,2025-05-15,14:00,2,17
1485,2025-05-15,17:00,1,10
1485,2025-05-15,17:00,2,23
1486,2025-05-15,21:00,1,24
1486,2025-05-15,21:00,2,3
1487,2025-05-16,14:00,1,30
1487,2025-05-16,14:00,2,21
1488,2025-05-16,17:00,1,5
1488,2025-05-16,17:00,2,30
1489,2025-05-16,21:00,1,13
1489,2025-05-16,21:00,2,31
1490,2025-05-17,14:00,1,18
1490,2025-05-17,14:00,2,24
1491,2025-05-17,17:00,1,2
1491,2025-05-17,17:00,2,21
1492,2025-05-17,21:00,1,30
1492,2025-05-17,21:00,2,3
1493,2025-05-18,14:00,1,4
1493,2025-05-18,14:00,2,22
1494,2025-05-18,17:00,1,14
1494,2025-05-18,17:00,2,22
1495,2025-05-18,21:00,1,5
1495,2025-05-18,21:00,2,6
1496,2025-05-19,14:00,1,25
1496,2025-05-19,14:00,2,1
1497,2025-05-19,17:00,1,24
1497,2025-05-19,17:00,2,4
1498,2025-05-19,21:00,1,31
1498,2025-05-19,21:00,2,19
1499,2025-05-20,14:00,1,22
1499,2025-05-20,14:00,2,14
1500,2025-05-20,17:00,1,3
1500,2025-05-20,17:00,2,7
1501,2025-05-20,21:00,1,7
1501,2025-05-20,21:00,2,1
1502,2025-05-21,14:00,1,9
1502,2025-05-21,14:00,2,7
1503,2025-05-21,17:00,1,29
1503,2025-05-21,17:00,2,18
1504,2025-05-21,21:00,1,17
1504,2025-05-21,21:00,2,18
1505,2025-05-22,14:00,1,13
1505,2025-05-22,14:00,2,16
1506,2025-05-22,17:00,1,22
1506,2025-05-22,17:00,2,8
1507,2025-05-22,21:00,1,10
1507,2025-05-22,21:00,2,6
1508,2025-05-23,14:00,1,27
1508,2025-05-23,14:00,2,25
1509,2025-05-23,17:00,1,12
1509,2025-05-23,17:00,2,23
1510,2025-05-23,21:00,1,13
1510,2025-05-23,21:00,2,17
1511,2025-05-24,14:00,1,1
1511,2025-05-24,14:00,2,14
1512,2025-05-24,17:00,1,23
1512,2025-05-24,17:00,2,13
1513,2025-05-24,21:00,1,7
1513,2025-05-24,21:00,2,1
1514,2025-05-25,14:00,1,8
1514,2025-05-25,14:00,2,28
1515,2025-05-25,17:00,1,23
1515,2025-05-25,17:00,2,18
1516,2025-05-25,21:00,1,1
1516,2025-05-25,21:00,2,31
1517,2025-05-26,14:00,1,25
1517,2025-05-26,14:00,2,18
1518,2025-05-26,17:00,1,31
1518,2025-05-26,17:00,2,25
1519,2025-05-26,21:00,1,13
1519,2025-05-26,21:00,2,14
1520,2025-05-27,14:00,1,2
1520,2025-05-27,14:00,2,30
1521,2025-05-27,17:00,1,26
1521,2025-05-27,17:00,2,26
1522,2025-05-27,21:00,1,16
1522,2025-05-27,21:00,2,7
1523,2025-05-28,14:00,1,19
1523,2025-05-28,14:00,2,15
1524,2025-05-28,17:00,1,12
1524,2025-05-28,17:00,2,30
1525,2025-05-28,21:00,1,30
1525,2025-05-28,21:00,2,2
1526,2025-05-29,14:00,1,27
1526,2025-05-29,14:00,2,16
1527,2025-05-29,17:00,1,7
1527,2025-05-29,17:00,2,12
1528,2025-05-29,21:00,1,18
1528,2025-05-29,21:00,2,11
1529,2025-05-30,14:00,1,13
1529,2025-05-30,14:00,2,11
1530,2025-05-30,17:00,1,13
1530,2025-05-30,17:00,2,18
1531,2025-05-30,21:00,1,11
1531,2025-05-30,21:00,2,5
1532,2025-05-31,14:00,1,27
1532,2025-05-31,14:00,2,5
1533,2025-05-31,17:00,1,29
1533,2025-05-31,17:00,2,7
1534,2025-05-31,21:00,1,30
1534,2025-05-31,21:00,2,4
1535,2025-06-01,14:00,1,17
1535,2025-06-01,14:00,2,6
1536,2025-06-01,17:00,1,25
1536,2025-06-01,17:00,2,9
1537,2025-06-01,21:00,1,17
1537,2025-06-01,21:00,2,18
1538,2025-06-02,14:00,1,2
1538,2025-06-02,14:00,2,7
1539,2025-06-02,17:00,1,20
1539,2025-06-02,17:00,2,25
1540,2025-06-02,21:00,1,1
1540,2025-06-02,21:00,2,3
1541,2025-06-03,14:00,1,9
1541,2025-06-03,14:00,2,15
1542,2025-06-03,17:00,1,11
1542,2025-06-03,17:00,2,8
1543,2025-06-03,21:00,1,24
1543,2025-06-03,21:00,2,20
1544,2025-06-04,14:00,1,9
1544,2025-06-04,14:00,2,5
1545,2025-06-04,17:00,1,14
1545,2025-06-04,17:00,2,23
1546,2025-06-04,21:00,1,4
1546,2025-06-04,21:00,2,18
1547,2025-06-05,14:00,1,24
1547,2025-06-05,14:00,2,17
1548,2025-06-05,17:00,1,2
1548,2025-06-05,17:00,2,18
1549,2025-06-05,21:00,1,13
1549,2025-06-05,21:00,2,10
1550,2025-06-06,14:00,1,12
1550,2025-06-06,14:00,2,26
1551,2025-06-06,17:00,1,17
1551,2025-06-06,17:00,2,12
1552,2025-06-06,21:00,1,11
1552,2025-06-06,21:00,2,6
1553,2025-06-07,14:00,1,18
1553,2025-06-07,14:00,2,8
1554,2025-06-07,17:00,1,20
1554,2025-06-07,17:00,2,31
1555,2025-06-07,21:00,1,10
1555,2025-06-07,21:00,2,12
1556,2025-06-08,14:00,1,22
1556,2025-06-08,14:00,2,29
1557,2025-06-08,17:00,1,15
1557,2025-06-08,17:00,2,21
1558,2025-06-08,21:00,1,29
1558,2025-06-08,21:00,2,3
1559,2025-06-09,14:00,1,11
1559,2025-06-09,14:00,2,1
1560,2025-06-09,17:00,1,27
1560,2025-06-09,17:00,2,20
1561,2025-06-09,21:00,1,4
1561,2025-06-09,21:00,2,12
1562,2025-06-10,14:00,1,22
1562,2025-06-10,14:00,2,4
1563,2025-06-10,17:00,1,14
1563,2025-06-10,17:00,2,13
1564,2025-06-10,21:00,1,23
1564,2025-06-10,21:00,2,22
1565,2025-06-11,14:00,1,5
1565,2025-06-11,14:00,2,28
1566,2025-06-11,17:00,1,4
1566,2025-06-11,17:00,2,28
1567,2025-06-11,21:00,1,1
1567,2025-06-11,21:00,2,7
1568,2025-06-12,14:00,1,13
1568,2025-06-12,14:00,2,31
1569,2025-06-12,17:00,1,22
1569,2025-06-12,17:00,2,4
1570,2025-06-12,21:00,1,29
1570,2025-06-12,21:00,2,11
1571,2025-06-13,14:00,1,6
1571,2025-06-13,14:00,2,12
1572,2025-06-13,17:00,1,14
1572,2025-06-13,17:00,2,26
1573,2025-06-13,21:00,1,10
1573,2025-06-13,21:00,2,1
1574,2025-06-14,14:00,1,4
1574,2025-06-14,14:00,2,31
1575,2025-06-14,17:00,1,6
1575,2025-06-14,17:00,2,13
1576,2025-06-14,21:00,1,30
1576,2025-06-14,21:00,2,23
1577,2025-06-15,14:00,1,20
1577,2025-06-15,14:00,2,18
1578,2025-06-15,17:00,1,11
1578,2025-06-15,17:00,2,31
1579,2025-06-15,21:00,1,22
1579,2025-06-15,21:00,2,24
1580,2025-06-16,14:00,1,20
1580,2025-06-16,14:00,2,24
1581,2025-06-16,17:00,1,14
1581,2025-06-16,17:00,2,25
1582,2025-06-16,21:00,1,5
1582,2025-06-16,21:00,2,29
1583,2025-06-17,14:00,1,5
1583,2025-06-17,14:00,2,16
1584,2025-06-17,17:00,1,7
1584,2025-06-17,17:00,2,10
1585,2025-06-17,21:00,1,29
1585,2025-06-17,21:00,2,13
1586,2025-06-18,14:00,1,21
1586,2025-06-18,14:00,2,1
1587,2025-06-18,17:00,1,15
1587,2025-06-18,17:00,2,31
1588,2025-06-18,21:00,1,16
1588,2025-06-18,21:00,2,14
1589,2025-06-19,14:00,1,4
1589,2025-06-19,14:00,2,23
1590,2025-06-19,17:00,1,20
1590,2025-06-19,17:00,2,9
1591,2025-06-19,21:00,1,20
1591,2025-06-19,21:00,2,25
1592,2025-06-20,14:00,1,22
1592,2025-06-20,14:00,2,7
1593,2025-06-20,17:00,1,10
1593,2025-06-20,17:00,2,11
1594,2025-06-20,21:00,1,26
1594,2025-06-20,21:00,2,4
1595,2025-06-21,14:00,1,7
1595,2025-06-21,14:00,2,30
1596,2025-06-21,17:00,1,8
1596,2025-06-21,17:00,2,11
1597,2025-06-21,21:00,1,12
1597,2025-06-21,21:00,2,6
1598,2025-06-22,14:00,1,17
1598,2025-06-22,14:00,2,20
1599,2025-06-22,17:00,1,20
1599,2025-06-22,17:00,2,13
1600,2025-06-22,21:00,1,22
1600,2025-06-22,21:00,2,19
1601,2025-06-23,14:00,1,27
1601,2025-06-23,14:00,2,22
1602,2025-06-23,17:00,1,1
1602,2025-06-23,17:00,2,9
1603,2025-06-23,21:00,1,2
1603,2025-06-23,21:00,2,30
1604,2025-06-24,14:00,1,11
1604,2025-06-24,14:00,2,7
1605,2025-06-24,17:00,1,2
1605,2025-06-24,17:00,2,11
1606,2025-06-24,21:00,1,17
1606,2025-06-24,21:00,2,2
1607,2025-06-25,14:00,1,15
1607,2025-06-25,14:00,2,19
1608,2025-06-25,17:00,1,19
1608,2025-06-25,17:00,2,12
1609,2025-06-25,21:00,1,21
1609,2025-06-25,21:00,2,31
1610,2025-06-26,14:00,1,5
1610,2025-06-26,14:00,2,19
1611,2025-06-26,17:00,1,10
1611,2025-06-26,17:00,2,18
1612,2025-06-26,21:00,1,3
1612,2025-06-26,21:00,2,15
1613,2025-06-27,14:00,1,19
1613,2025-06-27,14:00,2,15
1614,2025-06-27,17:00,1,16
1614,2025-06-27,17:00,2,16
1615,2025-06-27,21:00,1,9
1615,2025-06-27,21:00,2,20
1616,2025-06-28,14:00,1,4
1616,2025-06-28,14:00,2,4
1617,2025-06-28,17:00,1,26
1617,2025-06-28,17:00,2,15
1618,2025-06-28,21:00,1,29
1618,2025-06-28,21:00,2,31
1619,2025-06-29,14:00,1,3
1619,2025-06-29,14:00,2,26
1620,2025-06-29,17:00,1,13
1620,2025-06-29,17:00,2,27
1621,2025-06-29,21:00,1,30
1621,2025-06-29,21:00,2,25
1622,2025-06-30,14:00,1,17
1622,2025-06-30,14:00,2,22
1623,2025-06-30,17:00,1,19
1623,2025-06-30,17:00,2,5
1624,2025-06-30,21:00,1,5
1624,2025-06-30,21:00,2,31
1625,2025-07-01,14:00,1,5
1625,2025-07-01,14:00,2,14
1626,2025-07-01,17:00,1,29
1626,2025-07-01,17:00,2,11
1627,2025-07-01,21:00,1,11
1627,2025-07-01,21:00,2,1
1628,2025-07-02,14:00,1,6
1628,2025-07-02,14:00,2,26
1629,2025-07-02,17:00,1,26
1629,2025-07-02,17:00,2,11
1630,2025-07-02,21:00,1,1
1630,2025-07-02,21:00,2,22
1631,2025-07-03,14:00,1,28
1631,2025-07-03,14:00,2,3
1632,2025-07-03,17:00,1,10
1632,2025-07-03,17:00,2,21
1633,2025-07-03,21:00,1,14
1633,2025-07-03,21:00,2,29
1634,2025-07-04,14:00,1,16
1634,2025-07-04,14:00,2,6
1635,2025-07-04,17:00,1,29
1635,2025-07-04,17:00,2,26
1636,2025-07-04,21:00,1,4
1636,2025-07-04,21:00,2,28
1637,2025-07-05,14:00,1,21
1637,2025-07-05,14:00,2,19
1638,2025-07-05,17:00,1,10
1638,2025-07-05,17:00,2,5
1639,2025-07-05,21:00,1,23
1639,2025-07-05,21:00,2,22
1640,2025-07-06,14:00,1,25
1640,2025-07-06,14:00,2,28
1641,2025-07-06,17:00,1,11
1641,2025-07-06,17:00,2,30
1642,2025-07-06,21:00,1,17
1642,2025-07-06,21:00,2,8
1643,2025-07-07,14:00,1,27
1643,2025-07-07,14:00,2,11
1644,2025-07-07,17:00,1,23
1644,2025-07-07,17:00,2,16
1645,2025-07-07,21:00,1,21
1645,2025-07-07,21:00,2,3
1646,2025-07-08,14:00,1,11
1646,2025-07-08,14:00,2,14
1647,2025-07-08,17:00,1,30
1647,2025-07-08,17:00,2,19
1648,2025-07-08,21:00,1,2
1648,2025-07-08,21:00,2,21
1649,2025-07-09,14:00,1,22
1649,2025-07-09,14:00,2,16
1650,2025-07-09,17:00,1,3
1650,2025-07-09,17:00,2,1
1651,2025-07-09,21:00,1,13
1651,2025-07-09,21:00,2,31
1652,2025-07-10,14:00,1,4
1652,2025-07-10,14:00,2,21
1653,2025-07-10,17:00,1,18
1653,2025-07-10,17:00,2,19
1654,2025-07-10,21:00,1,29
1654,2025-07-10,21:00,2,14
1655,2025-07-11,14:00,1,21
1655,2025-07-11,14:00,2,8
1656,2025-07-11,17:00,1,19
1656,2025-07-11,17:00,2,31
1657,2025-07-11,21:00,1,30
1657,2025-07-11,21:00,2,24
1658,2025-07-12,14:00,1,15
1658,2025-07-12,14:00,2,26
1659,2025-07-12,17:00,1,22
1659,2025-07-12,17:00,2,31
1660,2025-07-12,21:00,1,27
1660,2025-07-12,21:00,2,9
1661,2025-07-13,14:00,1,21
1661,2025-07-13,14:00,2,23
1662,2025-07-13,17:00,1,21
1662,2025-07-13,17:00,2,2
1663,2025-07-13,21:00,1,23
1663,2025-07-13,21:00,2,11
1664,2025-07-14,14:00,1,28
1664,2025-07-14,14:00,2,27
1665,2025-07-14,17:00,1,13
1665,2025-07-14,17:00,2,16
1666,2025-07-14,21:00,1,22
1666,2025-07-14,21:00,2,17
1667,2025-07-15,14:00,1,5
1667,2025-07-15,14:00,2,27
1668,2025-07-15,17:00,1,20
1668,2025-07-15,17:00,2,23
1669,2025-07-15,21:00,1,25
1669,2025-07-15,21:00,2,6
1670,2025-07-16,14:00,1,7
1670,2025-07-16,14:00,2,15
1671,2025-07-16,17:00,1,27
1671,2025-07-16,17:00,2,30
1672,2025-07-16,21:00,1,27
1672,2025-07-16,21:00,2,10
1673,2025-07-17,14:00,1,8
1673,2025-07-17,14:00,2,17
1674,2025-07-17,17:00,1,27
1674,2025-07-17,17:00,2,5
1675,2025-07-17,21:00,1,6
1675,2025-07-17,21:00,2,3
1676,2025-07-18,14:00,1,21
1676,2025-07-18,14:00,2,14
1677,2025-07-18,17:00,1,10
1677,2025-07-18,17:00,2,10
1678,2025-07-18,21:00,1,8
1678,2025-07-18,21:00,2,2
1679,2025-07-19,14:00,1,30
1679,2025-07-19,14:00,2,2
1680,2025-07-19,17:00,1,11
1680,2025-07-19,17:00,2,1
1681,2025-07-19,21:00,1,31
1681,2025-07-19,21:00,2,31
1682,2025-07-20,14:00,1,21
1682,2025-07-20,14:00,2,27
1683,2025-07-20,17:00,1,23
1683,2025-07-20,17:00,2,19
1684,2025-07-20,21:00,1,7
1684,2025-07-20,21:00,2,12
1685,2025-07-21,14:00,1,20
1685,2025-07-21,14:00,2,28
1686,2025-07-21,17:00,1,21
1686,2025-07-21,17:00,2,28
1687,2025-07-21,21:00,1,8
1687,2025-07-21,21:00,2,14
1688,2025-07-22,14:00,1,6
1688,2025-07-22,14:00,2,19
1689,2025-07-22,17:00,1,28
1689,2025-07-22,17:00,2,7
1690,2025-07-22,21:00,1,2
1690,2025-07-22,21:00,2,7
1691,2025-07-23,14:00,1,10
1691,2025-07-23,14:00,2,11
1692,2025-07-23,17:00,1,29
1692,2025-07-23,17:00,2,5
1693,2025-07-23,21:00,1,22
1693,2025-07-23,21:00,2,9
1694,2025-07-24,14:00,1,14
1694,2025-07-24,14:00,2,3
1695,2025-07-24,17:00,1,23
1695,2025-07-24,17:00,2,18
1696,2025-07-24,21:00,1,8
1696,2025-07-24,21:00,2,9
1697,2025-07-25,14:00,1,23
1697,2025-07-25,14:00,2,24
1698,2025-07-25,17:00,1,20
1698,2025-07-25,17:00,2,6
1699,2025-07-25,21:00,1,28
1699,2025-07-25,21:00,2,9
1700,2025-07-26,14:00,1,26
1700,2025-07-26,14:00,2,22
1701,2025-07-26,17:00,1,6
1701,2025-07-26,17:00,2,11
1702,2025-07-26,21:00,1,30
1702,2025-07-26,21:00,2,15
1703,2025-07-27,14:00,1,5
1703,2025-07-27,14:00,2,10
1704,2025-07-27,17:00,1,17
1704,2025-07-27,17:00,2,4
1705,2025-07-27,21:00,1,7
1705,2025-07-27,21:00,2,14
1706,2025-07-28,14:00,1,11
1706,2025-07-28,14:00,2,9
1707,2025-07-28,17:00,1,7
1707,2025-07-28,17:00,2,18
1708,2025-07-28,21:00,1,18
1708,2025-07-28,21:00,2,16
1709,2025-07-29,14:00,1,21
1709,2025-07-29,14:00,2,21
1710,2025-07-29,17:00,1,13
1710,2025-07-29,17:00,2,8
1711,2025-07-29,21:00,1,23
1711,2025-07-29,21:00,2,12
1712,2025-07-30,14:00,1,21
1712,2025-07-30,14:00,2,8
1713,2025-07-30,17:00,1,9
1713,2025-07-30,17:00,2,1
1714,2025-07-30,21:00,1,12
1714,2025-07-30,21:00,2,6
1715,2025-07-31,14:00,1,19
1715,2025-07-31,14:00,2,17
1716,2025-07-31,17:00,1,28
1716,2025-07-31,17:00,2,26
1717,2025-07-31,21:00,1,19
1717,2025-07-31,21:00,2,8
1718,2025-08-01,14:00,1,8
1718,2025-08-01,14:00,2,21
1719,2025-08-01,17:00,1,16
1719,2025-08-01,17:00,2,9
1720,2025-08-01,21:00,1,9
1720,2025-08-01,21:00,2,1
1721,2025-08-02,14:00,1,20
1721,2025-08-02,14:00,2,6
1722,2025-08-02,17:00,1,14
1722,2025-08-02,17:00,2,20
1723,2025-08-02,21:00,1,30
1723,2025-08-02,21:00,2,27
1724,2025-08-03,14:00,1,1
1724,2025-08-03,14:00,2,21
1725,2025-08-03,17:00,1,16
1725,2025-08-03,17:00,2,25
1726,2025-08-03,21:00,1,8
1726,2025-08-03,21:00,2,20
1727,2025-08-04,14:00,1,2
1727,2025-08-04,14:00,2,28
1728,2025-08-04,17:00,1,5
1728,2025-08-04,17:00,2,2
1729,2025-08-04,21:00,1,22
1729,2025-08-04,21:00,2,6
1730,2025-08-05,14:00,1,12
1730,2025-08-05,14:00,2,18
1731,2025-08-05,17:00,1,18
1731,2025-08-05,17:00,2,9
1732,2025-08-05,21:00,1,3
1732,2025-08-05,21:00,2,10
1733,2025-08-06,14:00,1,16
1733,2025-08-06,14:00,2,26
1734,2025-08-06,17:00,1,30
1734,2025-08-06,17:00,2,10
1735,2025-08-06,21:00,1,5
1735,2025-08-06,21:00,2,18
1736,2025-08-07,14:00,1,2
1736,2025-08-07,14:00,2,22
1737,2025-08-07,17:00,1,15
1737,2025-08-07,17:00,2,21
1738,2025-08-07,21:00,1,20
1738,2025-08-07,21:00,2,2
1739,2025-08-08,14:00,1,25
1739,2025-08-08,14:00,2,10
1740,2025-08-08,17:00,1,31
1740,2025-08-08,17:00,2,3
1741,2025-08-08,21:00,1,4
1741,2025-08-08,21:00,2,18
1742,2025-08-09,14:00,1,10
1742,2025-08-09,14:00,2,3
1743,2025-08-09,17:00,1,19
1743,2025-08-09,17:00,2,9
1744,2025-08-09,21:00,1,4
1744,2025-08-09,21:00,2,29
1745,2025-08-10,14:00,1,30
1745,2025-08-10,14:00,2,9
1746,2025-08-10,17:00,1,18
1746,2025-08-10,17:00,2,19
1747,2025-08-10,21:00,1,1
1747,2025-08-10,21:00,2,21
1748,2025-08-11,14:00,1,6
1748,2025-08-11,14:00,2,2
1749,2025-08-11,17:00,1,15
1749,2025-08-11,17:00,2,3
1750,2025-08-11,21:00,1,25
1750,2025-08-11,21:00,2,13
1751,2025-08-12,14:00,1,19
1751,2025-08-12,14:00,2,12
1752,2025-08-12,17:00,1,28
1752,2025-08-12,17:00,2,30
1753,2025-08-12,21:00,1,10
1753,2025-08-12,21:00,2,27
1754,2025-08-13,14:00,1,31
1754,2025-08-13,14:00,2,14
1755,2025-08-13,17:00,1,31
1755,2025-08-13,17:00,2,20
1756,2025-08-13,21:00,1,2
1756,2025-08-13,21:00,2,2
1757,2025-08-14,14:00,1,25
1757,2025-08-14,14:00,2,15
1758,2025-08-14,17:00,1,26
1758,2025-08-14,17:00,2,30
1759,2025-08-14,21:00,1,29
1759,2025-08-14,21:00,2,18
1760,2025-08-15,14:00,1,8
1760,2025-08-15,14:00,2,30
1761,2025-08-15,17:00,1,6
1761,2025-08-15,17:00,2,19
1762,2025-08-15,21:00,1,3
1762,2025-08-15,21:00,2,20
1763,2025-08-16,14:00,1,1
1763,2025-08-16,14:00,2,7
1764,2025-08-16,17:00,1,4
1764,2025-08-16,17:00,2,10
1765,2025-08-16,21:00,1,12
1765,2025-08-16,21:00,2,27
1766,2025-08-17,14:00,1,4
1766,2025-08-17,14:00,2,13
1767,2025-08-17,17:00,1,4
1767,2025-08-17,17:00,2,15
1768,2025-08-17,21:00,1,9
1768,2025-08-17,21:00,2,11
1769,2025-08-18,14:00,1,10
1769,2025-08-18,14:00,2,2
1770,2025-08-18,17:00,1,19
1770,2025-08-18,17:00,2,22
1771,2025-08-18,21:00,1,21
1771,2025-08-18,21:00,2,22
1772,2025-08-19,14:00,1,29
1772,2025-08-19,14:00,2,2
1773,2025-08-19,17:00,1,31
1773,2025-08-19,17:00,2,22
1774,2025-08-19,21:00,1,8
1774,2025-08-19,21:00,2,30
1775,2025-08-20,14:00,1,2
1775,2025-08-20,14:00,2,2
1776,2025-08-20,17:00,1,2
1776,2025-08-20,17:00,2,10
1777,2025-08-20,21:00,1,30
1777,2025-08-20,21:00,2,6
1778,2025-08-21,14:00,1,27
1778,2025-08-21,14:00,2,15
1779,2025-08-21,17:00,1,20
1779,2025-08-21,17:00,2,25
1780,2025-08-21,21:00,1,28
1780,2025-08-21,21:00,2,5
1781,2025-08-22,14:00,1,4
1781,2025-08-22,14:00,2,12
1782,2025-08-22,17:00,1,30
1782,2025-08-22,17:00,2,24
1783,2025-08-22,21:00,1,14
1783,2025-08-22,21:00,2,27
1784,2025-08-23,14:00,1,29
1784,2025-08-23,14:00,2,16
1785,2025-08-23,17:00,1,7
1785,2025-08-23,17:00,2,11
1786,2025-08-23,21:00,1,14
1786,2025-08-23,21:00,2,18
1787,2025-08-24,14:00,1,29
1787,2025-08-24,14:00,2,18
1788,2025-08-24,17:00,1,23
1788,2025-08-24,17:00,2,31
1789,2025-08-24,21:00,1,5
1789,2025-08-24,21:00,2,24
1790,2025-08-25,14:00,1,21
1790,2025-08-25,14:00,2,18
1791,2025-08-25,17:00,1,18
1791,2025-08-25,17:00,2,11
1792,2025-08-25,21:00,1,16
1792,2025-08-25,21:00,2,23
1793,2025-08-26,14:00,1,30
1793,2025-08-26,14:00,2,5
1794,2025-08-26,17:00,1,8
1794,2025-08-26,17:00,2,20
1795,2025-08-26,21:00,1,16
1795,2025-08-26,21:00,2,16
1796,2025-08-27,14:00,1,16
1796,2025-08-27,14:00,2,2
1797,2025-08-27,17:00,1,21
1797,2025-08-27,17:00,2,7
1798,2025-08-27,21:00,1,11
1798,2025-08-27,21:00,2,12
1799,2025-08-28,14:00,1,28
1799,2025-08-28,14:00,2,13
1800,2025-08-28,17:00,1,25
1800,2025-08-28,17:00,2,19
1801,2025-08-28,21:00,1,12
1801,2025-08-28,21:00,2,4
1802,2025-08-29,14:00,1,29
1802,2025-08-29,14:00,2,31
1803,2025-08-29,17:00,1,16
1803,2025-08-29,17:00,2,14
1804,2025-08-29,21:00,1,16
1804,2025-08-29,21:00,2,29
1805,2025-08-30,14:00,1,6
1805,2025-08-30,14:00,2,29
1806,2025-08-30,17:00,1,2
1806,2025-08-30,17:00,2,14
1807,2025-08-30,21:00,1,20
1807,2025-08-30,21:00,2,12
1808,2025-08-31,14:00,1,1
1808,2025-08-31,14:00,2,28
1809,2025-08-31,17:00,1,23
1809,2025-08-31,17:00,2,19
1810,2025-08-31,21:00,1,16
1810,2025-08-31,21:00,2,9
1811,2025-09-01,14:00,1,1
1811,2025-09-01,14:00,2,11
1812,2025-09-01,17:00,1,5
1812,2025-09-01,17:00,2,5
1813,2025-09-01,21:00,1,7
1813,2025-09-01,21:00,2,23
1814,2025-09-02,14:00,1,14
1814,2025-09-02,14:00,2,15
1815,2025-09-02,17:00,1,23
1815,2025-09-02,17:00,2,30
1816,2025-09-02,21:00,1,7
1816,2025-09-02,21:00,2,19
1817,2025-09-03,14:00,1,18
1817,2025-09-03,14:00,2,20
1818,2025-09-03,17:00,1,23
1818,2025-09-03,17:00,2,25
1819,2025-09-03,21:00,1,11
1819,2025-09-03,21:00,2,5
1820,2025-09-04,14:00,1,31
1820,2025-09-04,14:00,2,17
1821,2025-09-04,17:00,1,24
1821,2025-09-04,17:00,2,11
1822,2025-09-04,21:00,1,14
1822,2025-09-04,21:00,2,19
1823,2025-09-05,14:00,1,8
1823,2025-09-05,14:00,2,16
1824,2025-09-05,17:00,1,13
1824,2025-09-05,17:00,2,10
1825,2025-09-05,21:00,1,5
1825,2025-09-05,21:00,2,10
1826,2025-09-06,14:00,1,23
1826,2025-09-06,14:00,2,6
1827,2025-09-06,17:00,1,11
1827,2025-09-06,17:00,2,29
1828,2025-09-06,21:00,1,12
1828,2025-09-06,21:00,2,19
1829,2025-09-07,14:00,1,1
1829,2025-09-07,14:00,2,3
1830,2025-09-07,17:00,1,16
1830,2025-09-07,17:00,2,3
1831,2025-09-07,21:00,1,4
1831,2025-09-07,21:00,2,11
1832,2025-09-08,14:00,1,27
1832,2025-09-08,14:00,2,16
1833,2025-09-08,17:00,1,6
1833,2025-09-08,17:00,2,19
1834,2025-09-08,21:00,1,27
1834,2025-09-08,21:00,2,9
1835,2025-09-09,14:00,1,4
1835,2025-09-09,14:00,2,26
1836,2025-09-09,17:00,1,17
1836,2025-09-09,17:00,2,7
1837,2025-09-09,21:00,1,20
1837,2025-09-09,21:00,2,4
1838,2025-09-10,14:00,1,20
1838,2025-09-10,14:00,2,25
1839,2025-09-10,17:00,1,25
1839,2025-09-10,17:00,2,10
1840,2025-09-10,21:00,1,17
1840,2025-09-10,21:00,2,28
1841,2025-09-11,14:00,1,29
1841,2025-09-11,14:00,2,28
1842,2025-09-11,17:00,1,16
1842,2025-09-11,17:00,2,13
1843,2025-09-11,21:00,1,9
1843,2025-09-11,21:00,2,4
1844,2025-09-12,14:00,1,3
1844,2025-09-12,14:00,2,1
1845,2025-09-12,17:00,1,22
1845,2025-09-12,17:00,2,29
1846,2025-09-12,21:00,1,5
1846,2025-09-12,21:00,2,23
1847,2025-09-13,14:00,1,8
1847,2025-09-13,14:00,2,20
1848,2025-09-13,17:00,1,16
1848,2025-09-13,17:00,2,16
1849,2025-09-13,21:00,1,14
1849,2025-09-13,21:00,2,2
1850,2025-09-14,14:00,1,22
1850,2025-09-14,14:00,2,31
1851,2025-09-14,17:00,1,9
1851,2025-09-14,17:00,2,15
1852,2025-09-14,21:00,1,21
1852,2025-09-14,21:00,2,12
1853,2025-09-15,14:00,1,11
1853,2025-09-15,14:00,2,17
1854,2025-09-15,17:00,1,23
1854,2025-09-15,17:00,2,19
1855,2025-09-15,21:00,1,31
1855,2025-09-15,21:00,2,23
1856,2025-09-16,14:00,1,28
1856,2025-09-16,14:00,2,7
1857,2025-09-16,17:00,1,26
1857,2025-09-16,17:00,2,8
1858,2025-09-16,21:00,1,8
1858,2025-09-16,21:00,2,17
1859,2025-09-17,14:00,1,15
1859,2025-09-17,14:00,2,26
1860,2025-09-17,17:00,1,25
1860,2025-09-17,17:00,2,2
1861,2025-09-17,21:00,1,1
1861,2025-09-17,21:00,2,2
1862,2025-09-18,14:00,1,24
1862,2025-09-18,14:00,2,19
1863,2025-09-18,17:00,1,29
1863,2025-09-18,17:00,2,25
1864,2025-09-18,21:00,1,27
1864,2025-09-18,21:00,2,31
1865,2025-09-19,14:00,1,28
1865,2025-09-19,14:00,2,1
1866,2025-09-19,17:00,1,2
1866,2025-09-19,17:00,2,2
1867,2025-09-19,21:00,1,17
1867,2025-09-19,21:00,2,4
1868,2025-09-20,14:00,1,25
1868,2025-09-20,14:00,2,22
1869,2025-09-20,17:00,1,24
1869,2025-09-20,17:00,2,13
1870,2025-09-20,21:00,1,11
1870,2025-09-20,21:00,2,30
1871,2025-09-21,14:00,1,13
1871,2025-09-21,14:00,2,1
1872,2025-09-21,17:00,1,24
1872,2025-09-21,17:00,2,9
1873,2025-09-21,21:00,1,3
1873,2025-09-21,21:00,2,14
1874,2025-09-22,14:00,1,6
1874,2025-09-22,14:00,2,24
1875,2025-09-22,17:00,1,13
1875,2025-09-22,17:00,2,7
1876,2025-09-22,21:00,1,6
1876,2025-09-22,21:00,2,13
1877,2025-09-23,14:00,1,8
1877,2025-09-23,14:00,2,9
1878,2025-09-23,17:00,1,6
1878,2025-09-23,17:00,2,7
1879,2025-09-23,21:00,1,12
1879,2025-09-23,21:00,2,25
1880,2025-09-24,14:00,1,10
1880,2025-09-24,14:00,2,20
1881,2025-09-24,17:00,1,18
1881,2025-09-24,17:00,2,16
1882,2025-09-24,21:00,1,24
1882,2025-09-24,21:00,2,10
1883,2025-09-25,14:00,1,16
1883,2025-09-25,14:00,2,3
1884,2025-09-25,17:00,1,9
1884,2025-09-25,17:00,2,16
1885,2025-09-25,21:00,1,20
1885,2025-09-25,21:00,2,16
1886,2025-09-26,14:00,1,4
1886,2025-09-26,14:00,2,29
1887,2025-09-26,17:00,1,25
1887,2025-09-26,17:00,2,15
1888,2025-09-26,21:00,1,3
1888,2025-09-26,21:00,2,9
1889,2025-09-27,14:00,1,28
1889,2025-09-27,14:00,2,15
1890,2025-09-27,17:00,1,6
1890,2025-09-27,17:00,2,24
1891,2025-09-27,21:00,1,22
1891,2025-09-27,21:00,2,21
1892,2025-09-28,14:00,1,6
1892,2025-09-28,14:00,2,8
1893,2025-09-28,17:00,1,6
1893,2025-09-28,17:00,2,4
1894,2025-09-28,21:00,1,5
1894,2025-09-28,21:00,2,9
1895,2025-09-29,14:00,1,12
1895,2025-09-29,14:00,2,28
1896,2025-09-29,17:00,1,23
1896,2025-09-29,17:00,2,26
1897,2025-09-29,21:00,1,23
1897,2025-09-29,21:00,2,22
1898,2025-09-30,14:00,1,1
1898,2025-09-30,14:00,2,13
1899,2025-09-30,17:00,1,12
1899,2025-09-30,17:00,2,10
1900,2025-09-30,21:00,1,31
1900,2025-09-30,21:00,2,8
1901,2025-10-01,14:00,1,4
1901,2025-10-01,14:00,2,1
1902,2025-10-01,17:00,1,9
1902,2025-10-01,17:00,2,2
1903,2025-10-01,21:00,1,3
1903,2025-10-01,21:00,2,16
1904,2025-10-02,14:00,1,30
1904,2025-10-02,14:00,2,29
1905,2025-10-02,17:00,1,21
1905,2025-10-02,17:00,2,17
1906,2025-10-02,21:00,1,29
1906,2025-10-02,21:00,2,5
1907,2025-10-03,14:00,1,30
1907,2025-10-03,14:00,2,26
1908,2025-10-03,17:00,1,13
1908,2025-10-03,17:00,2,23
1909,2025-10-03,21:00,1,13
1909,2025-10-03,21:00,2,31
1910,2025-10-04,14:00,1,10
1910,2025-10-04,14:00,2,29
1911,2025-10-04,17:00,1,15
1911,2025-10-04,17:00,2,5
1912,2025-10-04,21:00,1,1
1912,2025-10-04,21:00,2,31
1913,2025-10-05,14:00,1,10
1913,2025-10-05,14:00,2,27
1914,2025-10-05,17:00,1,12
1914,2025-10-05,17:00,2,17
1915,2025-10-05,21:00,1,11
1915,2025-10-05,21:00,2,16
1916,2025-10-06,14:00,1,29
1916,2025-10-06,14:00,2,25
1917,2025-10-06,17:00,1,29
1917,2025-10-06,17:00,2,29
1918,2025-10-06,21:00,1,5
1918,2025-10-06,21:00,2,24
1919,2025-10-07,14:00,1,3
1919,2025-10-07,14:00,2,10
1920,2025-10-07,17:00,1,17
1920,2025-10-07,17:00,2,20
1921,2025-10-07,21:00,1,19
1921,2025-10-07,21:00,2,13
1922,2025-10-08,14:00,1,30
1922,2025-10-08,14:00,2,13
1923,2025-10-08,17:00,1,14
1923,2025-10-08,17:00,2,21
1924,2025-10-08,21:00,1,6
1924,2025-10-08,21:00,2,10
1925,2025-10-09,14:00,1,17
1925,2025-10-09,14:00,2,22
1926,2025-10-09,17:00,1,12
1926,2025-10-09,17:00,2,24
1927,2025-10-09,21:00,1,11
1927,2025-10-09,21:00,2,8
1928,2025-10-10,14:00,1,13
1928,2025-10-10,14:00,2,3
1929,2025-10-10,17:00,1,26
1929,2025-10-10,17:00,2,28
1930,2025-10-10,21:00,1,15
1930,2025-10-10,21:00,2,18
1931,2025-10-11,14:00,1,9
1931,2025-10-11,14:00,2,30
1932,2025-10-11,17:00,1,23
1932,2025-10-11,17:00,2,8
1933,2025-10-11,21:00,1,23
1933,2025-10-11,21:00,2,27
1934,2025-10-12,14:00,1,1
1934,2025-10-12,14:00,2,18
1935,2025-10-12,17:00,1,17
1935,2025-10-12,17:00,2,3
1936,2025-10-12,21:00,1,12
1936,2025-10-12,21:00,2,3
1937,2025-10-13,14:00,1,11
1937,2025-10-13,14:00,2,18
1938,2025-10-13,17:00,1,28
1938,2025-10-13,17:00,2,5
1939,2025-10-13,21:00,1,22
1939,2025-10-13,21:00,2,4
1940,2025-10-14,14:00,1,10
1940,2025-10-14,14:00,2,21
1941,2025-10-14,17:00,1,11
1941,2025-10-14,17:00,2,14
1942,2025-10-14,21:00,1,2
1942,2025-10-14,21:00,2,28
1943,2025-10-15,14:00,1,14
1943,2025-10-15,14:00,2,2
1944,2025-10-15,17:00,1,28
1944,2025-10-15,17:00,2,26
1945,2025-10-15,21:00,1,10
1945,2025-10-15,21:00,2,27
1946,2025-10-16,14:00,1,29
1946,2025-10-16,14:00,2,11
1947,2025-10-16,17:00,1,19
1947,2025-10-16,17:00,2,7
1948,2025-10-16,21:00,1,1
1948,2025-10-16,21:00,2,14
1949,2025-10-17,14:00,1,1
1949,2025-10-17,14:00,2,5
1950,2025-10-17,17:00,1,15
1950,2025-10-17,17:00,2,13
1951,2025-10-17,21:00,1,11
1951,2025-10-17,21:00,2,24
1952,2025-10-18,14:00,1,7
1952,2025-10-18,14:00,2,2
1953,2025-10-18,17:00,1,22
1953,2025-10-18,17:00,2,11
1954,2025-10-18,21:00,1,3
1954,2025-10-18,21:00,2,20
1955,2025-10-19,14:00,1,2
1955,2025-10-19,14:00,2,28
1956,2025-10-19,17:00,1,18
1956,2025-10-19,17:00,2,31
1957,2025-10-19,21:00,1,18
1957,2025-10-19,21:00,2,5
1958,2025-10-20,14:00,1,10
1958,2025-10-20,14:00,2,16
1959,2025-10-20,17:00,1,20
1959,2025-10-20,17:00,2,22
1960,2025-10-20,21:00,1,1
1960,2025-10-20,21:00,2,4
1961,2025-10-21,14:00,1,25
1961,2025-10-21,14:00,2,18
1962,2025-10-21,17:00,1,28
1962,2025-10-21,17:00,2,27
1963,2025-10-21,21:00,1,8
1963,2025-10-21,21:00,2,31
1964,2025-10-22,14:00,1,11
1964,2025-10-22,14:00,2,24
1965,2025-10-22,17:00,1,15
1965,2025-10-22,17:00,2,26
1966,2025-10-22,21:00,1,29
1966,2025-10-22,21:00,2,22
1967,2025-10-23,14:00,1,19
1967,2025-10-23,14:00,2,21
1968,2025-10-23,17:00,1,22
1968,2025-10-23,17:00,2,20
1969,2025-10-23,21:00,1,9
1969,2025-10-23,21:00,2,26
1970,2025-10-24,14:00,1,9
1970,2025-10-24,14:00,2,3
1971,2025-10-24,17:00,1,19
1971,2025-10-24,17:00,2,19
1972,2025-10-24,21:00,1,28
1972,2025-10-24,21:00,2,30
1973,2025-10-25,14:00,1,5
1973,2025-10-25,14:00,2,20
1974,2025-10-25,17:00,1,20
1974,2025-10-25,17:00,2,14
1975,2025-10-25,21:00,1,8
1975,2025-10-25,21:00,2,9
1976,2025-10-26,14:00,1,6
1976,2025-10-26,14:00,2,8
1977,2025-10-26,17:00,1,14
1977,2025-10-26,17:00,2,22
1978,2025-10-26,21:00,1,12
1978,2025-10-26,21:00,2,12
1979,2025-10-27,14:00,1,13
1979,2025-10-27,14:00,2,12
1980,2025-10-27,17:00,1,14
1980,2025-10-27,17:00,2,20
1981,2025-10-27,21:00,1,9
1981,2025-10-27,21:00,2,5
1982,2025-10-28,14:00,1,13
1982,2025-10-28,14:00,2,14
1983,2025-10-28,17:00,1,25
1983,2025-10-28,17:00,2,6
1984,2025-10-28,21:00,1,31
1984,2025-10-28,21:00,2,14
1985,2025-10-29,17:00,1,4
1985,2025-10-29,17:00,2,17
1986,2025-10-29,21:00,1,28
1986,2025-10-29,21:00,2,13
1987,2025-10-30,14:00,1,24
1987,2025-10-30,14:00,2,8
1988,2025-10-30,17:00,1,17
1988,2025-10-30,17:00,2,20
1989,2025-10-30,21:00,1,6
1989,2025-10-30,21:00,2,1
1990,2025-10-31,14:00,1,29
1990,2025-10-31,14:00,2,17
1991,2025-10-31,17:00,1,26
1991,2025-10-31,17:00,2,8
1992,2025-10-31,21:00,1,30
1992,2025-10-31,21:00,2,24
1993,2025-11-01,14:00,1,14
1993,2025-11-01,14:00,2,12
1994,2025-11-01,17:00,1,28
1994,2025-11-01,17:00,2,15
1995,2025-11-01,21:00,1,7
1995,2025-11-01,21:00,2,12
1996,2025-11-02,14:00,1,13
1996,2025-11-02,14:00,2,27
1997,2025-11-02,17:00,1,28
1997,2025-11-02,17:00,2,5
1998,2025-11-02,21:00,1,3
1998,2025-11-02,21:00,2,21
1999,2025-11-03,14:00,1,23
1999,2025-11-03,14:00,2,24
2000,2025-11-03,17:00,1,14
2000,2025-11-03,17:00,2,6
2001,2025-11-03,21:00,1,5
2001,2025-11-03,21:00,2,23
2002,2025-11-04,14:00,1,25
2002,2025-11-04,14:00,2,7
2003,2025-11-04,17:00,1,17
2003,2025-11-04,17:00,2,13
2004,2025-11-04,21:00,1,27
2004,2025-11-04,21:00,2,6
2005,2025-11-05,14:00,1,6
2005,2025-11-05,14:00,2,6
2006,2025-11-05,17:00,1,1
2006,2025-11-05,17:00,2,16
2007,2025-11-05,21:00,1,4
2007,2025-11-05,21:00,2,13
2008,2025-11-06,14:00,1,26
2008,2025-11-06,14:00,2,22
2009,2025-11-06,17:00,1,9
2009,2025-11-06,17:00,2,2
2010,2025-11-06,21:00,1,28
2010,2025-11-06,21:00,2,26
2011,2025-11-07,14:00,1,5
2011,2025-11-07,14:00,2,31
2012,2025-11-07,17:00,1,14
2012,2025-11-07,17:00,2,20
2013,2025-11-07,21:00,1,29
2013,2025-11-07,21:00,2,29
2014,2025-11-08,14:00,1,17
2014,2025-11-08,14:00,2,15
2015,2025-11-08,17:00,1,6
2015,2025-11-08,17:00,2,8
2016,2025-11-08,21:00,1,2
2016,2025-11-08,21:00,2,5
2017,2025-11-09,14:00,1,29
2017,2025-11-09,14:00,2,13
2018,2025-11-09,17:00,1,9
2018,2025-11-09,17:00,2,25
2019,2025-11-09,21:00,1,6
2019,2025-11-09,21:00,2,27
2020,2025-11-10,14:00,1,7
2020,2025-11-10,14:00,2,26
2021,2025-11-10,17:00,1,3
2021,2025-11-10,17:00,2,15
2022,2025-11-10,21:00,1,9
2022,2025-11-10,21:00,2,22
2023,2025-11-11,14:00,1,20
2023,2025-11-11,14:00,2,14
2024,2025-11-11,17:00,1,4
2024,2025-11-11,17:00,2,31
2025,2025-11-11,21:00,1,7
2025,2025-11-11,21:00,2,19
2026,2025-11-12,14:00,1,21
2026,2025-11-12,14:00,2,4
2027,2025-11-12,17:00,1,24
2027,2025-11-12,17:00,2,5
2028,2025-11-12,21:00,1,3
2028,2025-11-12,21:00,2,30
2029,2025-11-13,14:00,1,5
2029,2025-11-13,14:00,2,7
2030,2025-11-13,17:00,1,14
2030,2025-11-13,17:00,2,6
2031,2025-11-13,21:00,1,28
2031,2025-11-13,21:00,2,25
2032,2025-11-14,14:00,1,7
2032,2025-11-14,14:00,2,12
2033,2025-11-14,17:00,1,15
2033,2025-11-14,17:00,2,21
2034,2025-11-14,21:00,1,23
2034,2025-11-14,21:00,2,16
2035,2025-11-15,14:00,1,6
2035,2025-11-15,14:00,2,19
2036,2025-11-15,17:00,1,1
2036,2025-11-15,17:00,2,27
2037,2025-11-15,21:00,1,23
2037,2025-11-15,21:00,2,24
2038,2025-11-16,14:00,1,6
2038,2025-11-16,14:00,2,17
2039,2025-11-16,17:00,1,27
2039,2025-11-16,17:00,2,3
2040,2025-11-16,21:00,1,10
2040,2025-11-16,21:00,2,26
2041,2025-11-17,14:00,1,6
2041,2025-11-17,14:00,2,28
2042,2025-11-17,17:00,1,2
2042,2025-11-17,17:00,2,21
2043,2025-11-17,21:00,1,3
2043,2025-11-17,21:00,2,2
2044,2025-11-18,14:00,1,13
2044,2025-11-18,14:00,2,27
2045,2025-11-18,17:00,1,19
2045,2025-11-18,17:00,2,5
2046,2025-11-18,21:00,1,8
2046,2025-11-18,21:00,2,19
2047,2025-11-19,14:00,1,15
2047,2025-11-19,14:00,2,14
2048,2025-11-19,17:00,1,6
2048,2025-11-19,17:00,2,28
2049,2025-11-19,21:00,1,14
2049,2025-11-19,21:00,2,12
2050,2025-11-20,14:00,1,29
2050,2025-11-20,14:00,2,5
2051,2025-11-20,17:00,1,21
2051,2025-11-20,17:00,2,20
2052,2025-11-20,21:00,1,10
2052,2025-11-20,21:00,2,12
2053,2025-11-21,14:00,1,6
2053,2025-11-21,14:00,2,15
2054,2025-11-21,17:00,1,8
2054,2025-11-21,17:00,2,28
2055,2025-11-21,21:00,1,15
2055,2025-11-21,21:00,2,23
2056,2025-11-22,14:00,1,22
2056,2025-11-22,14:00,2,9
2057,2025-11-22,17:00,1,16
2057,2025-11-22,17:00,2,8
2058,2025-11-22,21:00,1,15
2058,2025-11-22,21:00,2,27
2059,2025-11-23,14:00,1,12
2059,2025-11-23,14:00,2,9
2060,2025-11-23,17:00,1,11
2060,2025-11-23,17:00,2,18
2061,2025-11-23,21:00,1,10
2061,2025-11-23,21:00,2,4
2062,2025-11-24,14:00,1,3
2062,2025-11-24,14:00,2,16
2063,2025-11-24,17:00,1,12
2063,2025-11-24,17:00,2,18
2064,2025-11-24,21:00,1,13
2064,2025-11-24,21:00,2,21
2065,2025-11-25,14:00,1,16
2065,2025-11-25,14:00,2,28
2066,2025-11-25,17:00,1,17
2066,2025-11-25,17:00,2,7
2067,2025-11-25,21:00,1,10
2067,2025-11-25,21:00,2,8
2068,2025-11-26,14:00,1,9
2068,2025-11-26,14:00,2,24
2069,2025-11-26,17:00,1,15
2069,2025-11-26,17:00,2,27
2070,2025-11-26,21:00,1,18
2070,2025-11-26,21:00,2,4
2071,2025-11-27,14:00,1,27
2071,2025-11-27,14:00,2,27
2072,2025-11-27,17:00,1,9
2072,2025-11-27,17:00,2,16
2073,2025-11-27,21:00,1,15
2073,2025-11-27,21:00,2,13
2074,2025-11-28,14:00,1,7
2074,2025-11-28,14:00,2,2
2075,2025-11-28,17:00,1,10
2075,2025-11-28,17:00,2,8
2076,2025-11-28,21:00,1,18
2076,2025-11-28,21:00,2,22
2077,2025-11-29,14:00,1,3
2077,2025-11-29,14:00,2,11
2078,2025-11-29,17:00,1,9
2078,2025-11-29,17:00,2,8
2079,2025-11-29,21:00,1,20
2079,2025-11-29,21:00,2,4
2080,2025-11-30,14:00,1,16
2080,2025-11-30,14:00,2,24
2081,2025-11-30,17:00,1,3
2081,2025-11-30,17:00,2,19
2082,2025-11-30,21:00,1,8
2082,2025-11-30,21:00,2,7
2083,2025-12-01,14:00,1,12
2083,2025-12-01,14:00,2,23
2084,2025-12-01,17:00,1,9
2084,2025-12-01,17:00,2,21
2085,2025-12-01,21:00,1,9
2085,2025-12-01,21:00,2,14
2086,2025-12-02,14:00,1,17
2086,2025-12-02,14:00,2,3
2087,2025-12-02,17:00,1,12
2087,2025-12-02,17:00,2,26
2088,2025-12-02,21:00,1,29
2088,2025-12-02,21:00,2,21
2089,2025-12-03,14:00,1,28
2089,2025-12-03,14:00,2,22
2090,2025-12-03,17:00,1,5
2090,2025-12-03,17:00,2,10
2091,2025-12-03,21:00,1,20
2091,2025-12-03,21:00,2,19
2092,2025-12-04,14:00,1,11
2092,2025-12-04,14:00,2,18
2093,2025-12-04,17:00,1,2
2093,2025-12-04,17:00,2,22
2094,2025-12-04,21:00,1,31
2094,2025-12-04,21:00,2,11
2095,2025-12-05,14:00,1,17
2095,2025-12-05,14:00,2,16
2096,2025-12-05,17:00,1,11
2096,2025-12-05,17:00,2,28
2097,2025-12-05,21:00,1,19
2097,2025-12-05,21:00,2,10
2098,2025-12-06,14:00,1,12
2098,2025-12-06,14:00,2,3
2099,2025-12-06,17:00,1,8
2099,2025-12-06,17:00,2,22
2100,2025-12-06,21:00,1,9
2100,2025-12-06,21:00,2,28
2101,2025-12-07,14:00,1,19
2101,2025-12-07,14:00,2,28
2102,2025-12-07,17:00,1,20
2102,2025-12-07,17:00,2,22
2103,2025-12-07,21:00,1,25
2103,2025-12-07,21:00,2,16
2104,2025-12-08,14:00,1,4
2104,2025-12-08,14:00,2,9
2105,2025-12-08,17:00,1,29
2105,2025-12-08,17:00,2,15
2106,2025-12-08,21:00,1,19
2106,2025-12-08,21:00,2,16
2107,2025-12-09,14:00,1,12
2107,2025-12-09,14:00,2,26
2108,2025-12-09,17:00,1,15
2108,2025-12-09,17:00,2,1
2109,2025-12-09,21:00,1,25
2109,2025-12-09,21:00,2,16
2110,2025-12-10,14:00,1,18
2110,2025-12-10,14:00,2,7
2111,2025-12-10,17:00,1,18
2111,2025-12-10,17:00,2,25
2112,2025-12-10,21:00,1,25
2112,2025-12-10,21:00,2,23
2113,2025-12-11,14:00,1,10
2113,2025-12-11,14:00,2,10
2114,2025-12-11,17:00,1,7
2114,2025-12-11,17:00,2,6
2115,2025-12-11,21:00,1,15
2115,2025-12-11,21:00,2,4
2116,2025-12-12,14:00,1,8
2116,2025-12-12,14:00,2,23
2117,2025-12-12,17:00,1,14
2117,2025-12-12,17:00,2,16
2118,2025-12-12,21:00,1,21
2118,2025-12-12,21:00,2,8
2119,2025-12-13,14:00,1,21
2119,2025-12-13,14:00,2,8
2120,2025-12-13,17:00,1,27
2120,2025-12-13,17:00,2,5
2121,2025-12-13,21:00,1,19
2121,2025-12-13,21:00,2,3
2122,2025-12-14,14:00,1,28
2122,2025-12-14,14:00,2,7
2123,2025-12-14,17:00,1,26
2123,2025-12-14,17:00,2,22
2124,2025-12-14,21:00,1,5
2124,2025-12-14,21:00,2,29
2125,2025-12-15,14:00,1,9
2125,2025-12-15,14:00,2,18
2126,2025-12-15,17:00,1,2
2126,2025-12-15,17:00,2,16
2127,2025-12-15,21:00,1,17
2127,2025-12-15,21:00,2,18
2128,2025-12-16,14:00,1,29
2128,2025-12-16,14:00,2,4
2129,2025-12-16,17:00,1,3
2129,2025-12-16,17:00,2,5
2130,2025-12-16,21:00,1,30
2130,2025-12-16,21:00,2,29
2131,2025-12-17,14:00,1,19
2131,2025-12-17,14:00,2,17
2132,2025-12-17,17:00,1,28
2132,2025-12-17,17:00,2,30
2133,2025-12-18,14:00,1,19
2133,2025-12-18,14:00,2,1
2134,2025-12-18,17:00,1,30
2134,2025-12-18,17:00,2,18
2135,2025-12-18,21:00,1,31
2135,2025-12-18,21:00,2,15
2136,2025-12-19,17:00,1,8
2136,2025-12-19,17:00,2,6
2137,2025-12-19,21:00,1,29
2137,2025-12-19,21:00,2,21
2138,2025-12-20,14:00,1,28
2138,2025-12-20,14:00,2,23
2139,2025-12-20,17:00,1,25
2139,2025-12-20,17:00,2,3
2140,2025-12-20,21:00,1,21
2140,2025-12-20,21:00,2,31
2141,2025-12-21,17:00,1,23
2141,2025-12-21,17:00,2,14
2142,2025-12-21,21:00,1,11
2142,2025-12-21,21:00,2,24
2143,2025-12-22,14:00,1,17
2143,2025-12-22,14:00,2,6
2144,2025-12-22,17:00,1,24
2144,2025-12-22,17:00,2,27
2145,2025-12-22,21:00,1,22
2145,2025-12-22,21:00,2,30
2146,2025-12-23,14:00,1,2
2146,2025-12-23,14:00,2,15
2147,2025-12-23,17:00,1,27
2147,2025-12-23,17:00,2,27
2148,2025-12-23,21:00,1,31
2148,2025-12-23,21:00,2,28
2149,2025-12-24,14:00,1,7
2149,2025-12-24,14:00,2,5
2150,2025-12-24,17:00,1,17
2150,2025-12-24,17:00,2,10
2151,2025-12-24,21:00,1,10
2151,2025-12-24,21:00,2,5
2152,2025-12-25,17:00,1,25
2152,2025-12-25,17:00,2,26
2153,2025-12-25,21:00,1,20
2153,2025-12-25,21:00,2,13
2154,2025-12-26,14:00,1,2
2154,2025-12-26,14:00,2,7
2155,2025-12-26,17:00,1,28
2155,2025-12-26,17:00,2,2
2156,2025-12-26,21:00,1,11
2156,2025-12-26,21:00,2,7
2157,2025-12-27,14:00,1,30
2157,2025-12-27,14:00,2,20
2158,2025-12-27,17:00,1,31
2158,2025-12-27,17:00,2,6
2159,2025-12-27,21:00,1,15
2159,2025-12-27,21:00,2,7
2160,2025-12-28,17:00,1,27
2160,2025-12-28,17:00,2,9
2161,2025-12-28,21:00,1,29
2161,2025-12-28,21:00,2,17
2162,2025-12-29,14:00,1,25
2162,2025-12-29,14:00,2,28
2163,2025-12-29,17:00,1,25
2163,2025-12-29,17:00,2,26
2164,2025-12-29,21:00,1,1
2164,2025-12-29,21:00,2,9
2165,2025-12-30,14:00,1,11
2165,2025-12-30,14:00,2,19
2166,2025-12-30,17:00,1,29
2166,2025-12-30,17:00,2,18
2167,2025-12-30,21:00,1,13
2167,2025-12-30,21:00,2,18
2168,2025-12-31,17:00,1,20
2168,2025-12-31,17:00,2,1
2169,2025-12-31,21:00,1,14
2169,2025-12-31,21:00,2,27
2170,2026-01-01,21:00,1,7
2170,2026-01-01,21:00,2,21
2171,2026-01-02,21:00,1,9
2171,2026-01-02,21:00,2,22
2172,2026-01-03,17:00,1,18
2172,2026-01-03,17:00,2,9
2173,2026-01-03,21:00,1,17
2173,2026-01-03,21:00,2,31
2174,2026-01-04,21:00,1,7
2174,2026-01-04,21:00,2,23
2175,2026-01-05,14:00,1,15
2175,2026-01-05,14:00,2,4
2176,2026-01-05,17:00,1,20
2176,2026-01-05,17:00,2,24
2177,2026-01-05,21:00,1,31
2177,2026-01-05,21:00,2,20
2178,2026-01-06,14:00,1,13
2178,2026-01-06,14:00,2,17
2179,2026-01-06,17:00,1,21
2179,2026-01-06,17:00,2,7
2180,2026-01-06,21:00,1,18
2180,2026-01-06,21:00,2,27
2181,2026-01-07,14:00,1,11
2181,2026-01-07,14:00,2,15
2182,2026-01-07,17:00,1,19
2182,2026-01-07,17:00,2,29
2183,2026-01-07,21:00,1,6
2183,2026-01-07,21:00,2,19
2184,2026-01-08,14:00,1,8
2184,2026-01-08,14:00,2,24
2185,2026-01-08,17:00,1,6
2185,2026-01-08,17:00,2,29
2186,2026-01-08,21:00,1,6
2186,2026-01-08,21:00,2,6
2187,2026-01-09,14:00,1,31
2187,2026-01-09,14:00,2,29
2188,2026-01-09,17:00,1,8
2188,2026-01-09,17:00,2,5
2189,2026-01-09,21:00,1,1
2189,2026-01-09,21:00,2,22
2190,2026-01-10,14:00,1,4
2190,2026-01-10,14:00,2,30
2191,2026-01-10,17:00,1,25
2191,2026-01-10,17:00,2,17
2192,2026-01-10,21:00,1,11
2192,2026-01-10,21:00,2,1
2193,2026-01-11,14:00,1,27
2193,2026-01-11,14:00,2,12
2194,2026-01-11,17:00,1,19
2194,2026-01-11,17:00,2,12
2195,2026-01-11,21:00,1,7
2195,2026-01-11,21:00,2,21
2196,2026-01-12,14:00,1,29
2196,2026-01-12,14:00,2,24
2197,2026-01-12,17:00,1,29
2197,2026-01-12,17:00,2,17
2198,2026-01-12,21:00,1,26
2198,2026-01-12,21:00,2,13
2199,2026-01-13,14:00,1,3
2199,2026-01-13,14:00,2,13
2200,2026-01-13,17:00,1,19
2200,2026-01-13,17:00,2,26
2201,2026-01-13,21:00,1,21
2201,2026-01-13,21:00,2,20
2202,2026-01-14,14:00,1,25
2202,2026-01-14,14:00,2,28
2203,2026-01-14,17:00,1,31
2203,2026-01-14,17:00,2,10
2204,2026-01-14,21:00,1,16
2204,2026-01-14,21:00,2,1
2205,2026-01-15,14:00,1,13
2205,2026-01-15,14:00,2,3
2206,2026-01-15,17:00,1,6
2206,2026-01-15,17:00,2,23
2207,2026-01-15,21:00,1,1
2207,2026-01-15,21:00,2,5
2208,2026-01-16,14:00,1,25
2208,2026-01-16,14:00,2,15
2209,2026-01-16,17:00,1,5
2209,2026-01-16,17:00,2,22
2210,2026-01-16,21:00,1,2
2210,2026-01-16,21:00,2,15
2211,2026-01-17,14:00,1,12
2211,2026-01-17,14:00,2,10
2212,2026-01-17,17:00,1,26
2212,2026-01-17,17:00,2,5
2213,2026-01-17,21:00,1,19
2213,2026-01-17,21:00,2,27
2214,2026-01-18,14:00,1,20
2214,2026-01-18,14:00,2,25
2215,2026-01-18,17:00,1,1
2215,2026-01-18,17:00,2,31
2216,2026-01-18,21:00,1,31
2216,2026-01-18,21:00,2,15
2217,2026-01-19,14:00,1,16
2217,2026-01-19,14:00,2,13
2218,2026-01-19,17:00,1,24
2218,2026-01-19,17:00,2,9
2219,2026-01-19,21:00,1,12
2219,2026-01-19,21:00,2,23
2220,2026-01-20,14:00,1,22
2220,2026-01-20,14:00,2,13
2221,2026-01-20,17:00,1,8
2221,2026-01-20,17:00,2,15
2222,2026-01-20,21:00,1,18
2222,2026-01-20,21:00,2,27
2223,2026-01-21,14:00,1,31
2223,2026-01-21,14:00,2,15
2224,2026-01-21,17:00,1,19
2224,2026-01-21,17:00,2,3
2225,2026-01-21,21:00,1,6
2225,2026-01-21,21:00,2,15
2226,2026-01-22,14:00,1,17
2226,2026-01-22,14:00,2,14
2227,2026-01-22,17:00,1,1
2227,2026-01-22,17:00,2,23
2228,2026-01-22,21:00,1,28
2228,2026-01-22,21:00,2,29
2229,2026-01-23,14:00,1,12
2229,2026-01-23,14:00,2,2
2230,2026-01-23,17:00,1,24
2230,2026-01-23,17:00,2,30
2231,2026-01-23,21:00,1,8
2231,2026-01-23,21:00,2,13
2232,2026-01-24,14:00,1,15
2232,2026-01-24,14:00,2,28
2233,2026-01-24,17:00,1,8
2233,2026-01-24,17:00,2,12
2234,2026-01-24,21:00,1,27
2234,2026-01-24,21:00,2,26
2235,2026-01-25,21:00,1,28
2235,2026-01-25,21:00,2,4
2236,2026-01-26,21:00,1,6
2236,2026-01-26,21:00,2,1
2237,2026-01-27,21:00,1,22
2237,2026-01-27,21:00,2,6
2238,2026-01-28,21:00,1,7
2238,2026-01-28,21:00,2,2
2239,2026-01-29,21:00,1,4
2239,2026-01-29,21:00,2,16
2240,2026-01-30,14:00,1,21
2240,2026-01-30,14:00,2,12
2241,2026-01-30,21:00,1,1
2241,2026-01-30,21:00,2,25
2242,2026-01-31,17:00,1,31
2242,2026-01-31,17:00,2,24
2243,2026-01-31,21:00,1,3
2243,2026-01-31,21:00,2,28
2244,2026-02-01,21:00,1,30
2244,2026-02-01,21:00,2,19
2245,2026-02-02,21:00,1,25
2245,2026-02-02,21:00,2,14
2246,2026-02-03,21:00,1,4
2246,2026-02-03,21:00,2,26
2247,2026-02-04,21:00,1,9
2247,2026-02-04,21:00,2,14
2248,2026-02-05,21:00,1,17
2248,2026-02-05,21:00,2,31
2249,2026-02-06,21:00,1,31
2249,2026-02-06,21:00,2,2
2250,2026-02-07,21:00,1,16
2250,2026-02-07,21:00,2,26
2251,2026-02-08,21:00,1,28
2251,2026-02-08,21:00,2,13
2252,2026-02-09,21:00,1,12
2252,2026-02-09,21:00,2,15
2253,2026-02-10,21:00,1,20
2253,2026-02-10,21:00,2,7
2254,2026-02-11,21:00,1,25
2254,2026-02-11,21:00,2,17
2255,2026-02-12,21:00,1,13
2255,2026-02-12,21:00,2,16
2256,2026-02-13,21:00,1,25
2256,2026-02-13,21:00,2,15
2257,2026-02-14,14:00,1,10
2257,2026-02-14,14:00,2,27
2258,2026-02-14,21:00,1,28
2258,2026-02-14,21:00,2,9
2259,2026-02-15,21:00,1,30
2259,2026-02-15,21:00,2,3
2260,2026-02-16,21:00,1,27
2260,2026-02-16,21:00,2,3
2261,2026-02-17,21:00,1,1
2261,2026-02-17,21:00,2,5
2262,2026-02-18,17:00,1,15
2262,2026-02-18,17:00,2,22
2263,2026-02-18,21:00,1,31
2263,2026-02-18,21:00,2,27
2264,2026-02-19,21:00,1,16
2264,2026-02-19,21:00,2,26
2265,2026-02-20,21:00,1,26
2265,2026-02-20,21:00,2,28
2266,2026-02-21,21:00,1,21
2266,2026-02-21,21:00,2,21
2267,2026-02-22,21:00,1,28
2267,2026-02-22,21:00,2,20
2268,2026-02-23,21:00,1,12
2268,2026-02-23,21:00,2,24
2269,2026-02-24,21:00,1,25
2269,2026-02-24,21:00,2,18
2270,2026-02-25,21:00,1,29
2270,2026-02-25,21:00,2,12
2271,2026-02-26,21:00,1,9
2271,2026-02-26,21:00,2,22
2272,2026-02-27,21:00,1,18
2272,2026-02-27,21:00,2,8
2273,2026-02-28,21:00,1,25
2273,2026-02-28,21:00,2,24
2274,2026-03-01,21:00,1,11
2274,2026-03-01,21:00,2,21
2275,2026-03-02,21:00,1,9
2275,2026-03-02,21:00,2,31
2276,2026-03-03,21:00,1,31
2276,2026-03-03,21:00,2,28
2277,2026-03-04,21:00,1,23
2277,2026-03-04,21:00,2,27
2278,2026-03-05,14:00,1,25
2278,2026-03-05,14:00,2,8
2279,2026-03-05,21:00,1,18
2279,2026-03-05,21:00,2,17
2280,2026-03-06,21:00,1,22
2280,2026-03-06,21:00,2,1
2281,2026-03-07,21:00,1,15
2281,2026-03-07,21:00,2,5
2282,2026-03-08,21:00,1,22
2282,2026-03-08,21:00,2,23
2283,2026-03-09,21:00,1,4
2283,2026-03-09,21:00,2,4
2284,2026-03-10,21:00,1,18
2284,2026-03-10,21:00,2,8
2285,2026-03-11,21:00,1,28
2285,2026-03-11,21:00,2,27
2286,2026-03-12,21:00,1,30
2286,2026-03-12,21:00,2,21
2287,2026-03-14,14:00,1,27
2287,2026-03-14,14:00,2,30
2288,2026-03-14,17:00,1,18
2288,2026-03-14,17:00,2,6
2289,2026-03-14,21:00,1,30
2289,2026-03-14,21:00,2,15
2290,2026-03-15,14:00,1,9
2290,2026-03-15,14:00,2,7
2291,2026-03-15,17:00,1,19
2291,2026-03-15,17:00,2,31
2292,2026-03-15,21:00,1,20
2292,2026-03-15,21:00,2,20
2293,2026-03-16,14:00,1,18
2293,2026-03-16,14:00,2,7
2294,2026-03-16,21:00,1,31
2294,2026-03-16,21:00,2,1
2295,2026-03-17,21:00,1,12
2295,2026-03-17,21:00,2,31
2296,2026-03-18,14:00,1,20
2296,2026-03-18,14:00,2,14
2297,2026-03-18,21:00,1,31
2297,2026-03-18,21:00,2,2
2298,2026-03-19,21:00,1,27
2298,2026-03-19,21:00,2,28
2299,2026-03-20,14:00,1,11
2299,2026-03-20,14:00,2,14
2300,2026-03-20,17:00,1,14
2300,2026-03-20,17:00,2,19
2301,2026-03-20,21:00,1,24
2301,2026-03-20,21:00,2,9
2302,2026-03-21,17:00,1,8
2302,2026-03-21,17:00,2,14
2303,2026-03-21,21:00,1,25
2303,2026-03-21,21:00,2,26
2304,2026-03-22,14:00,1,28
2304,2026-03-22,14:00,2,30
2305,2026-03-22,21:00,1,2
2305,2026-03-22,21:00,2,30
2306,2026-03-23,17:00,1,23
2306,2026-03-23,17:00,2,27
2307,2026-03-23,21:00,1,8
2307,2026-03-23,21:00,2,16
2308,2026-03-24,21:00,1,21
2308,2026-03-24,21:00,2,30
2309,2026-03-25,14:00,1,24
2309,2026-03-25,14:00,2,12
2310,2026-03-25,17:00,1,9
2310,2026-03-25,17:00,2,14
2311,2026-03-25,21:00,1,13
2311,2026-03-25,21:00,2,25
2312,2026-03-26,14:00,1,15
2312,2026-03-26,14:00,2,28
2313,2026-03-26,21:00,1,31
2313,2026-03-26,21:00,2,28
2314,2026-03-27,14:00,1,8
2314,2026-03-27,14:00,2,31
2315,2026-03-27,17:00,1,2
2315,2026-03-27,17:00,2,17
2316,2026-03-27,21:00,1,25
2316,2026-03-27,21:00,2,9
2317,2026-03-28,14:00,1,5
2317,2026-03-28,14:00,2,2
2318,2026-03-28,17:00,1,9
2318,2026-03-28,17:00,2,9
2319,2026-03-28,21:00,1,22
2319,2026-03-28,21:00,2,19
2320,2026-03-29,14:00,1,26
2320,2026-03-29,14:00,2,31
2321,2026-03-29,17:00,1,29
2321,2026-03-29,17:00,2,23
2322,2026-03-29,21:00,1,26
2322,2026-03-29,21:00,2,1
2323,2026-03-30,14:00,1,17
2323,2026-03-30,14:00,2,22
2324,2026-03-30,21:00,1,24
2324,2026-03-30,21:00,2,8
2325,2026-03-31,14:00,1,18
2325,2026-03-31,14:00,2,13
2326,2026-03-31,21:00,1,8
2326,2026-03-31,21:00,2,20
2327,2026-04-01,17:00,1,11
2327,2026-04-01,17:00,2,31
2328,2026-04-01,21:00,1,7
2328,2026-04-01,21:00,2,1
2329,2026-04-05,21:00,1,6
2329,2026-04-05,21:00,2,24
2330,2026-04-06,14:00,1,14
2330,2026-04-06,14:00,2,20
2331,2026-04-06,21:00,1,20
2331,2026-04-06,21:00,2,19
2332,2026-04-07,14:00,1,1
2332,2026-04-07,14:00,2,28
2333,2026-04-07,17:00,1,3
2333,2026-04-07,17:00,2,20
2334,2026-04-07,21:00,1,21
2334,2026-04-07,21:00,2,23
2335,2026-04-08,14:00,1,21
2335,2026-04-08,14:00,2,16
2336,2026-04-08,17:00,1,2
2336,2026-04-08,17:00,2,31
2337,2026-04-08,21:00,1,2
2337,2026-04-08,21:00,2,3
2338,2026-04-09,14:00,1,11
2338,2026-04-09,14:00,2,5
2339,2026-04-09,21:00,1,6
2339,2026-04-09,21:00,2,11
2340,2026-04-10,14:00,1,1
2340,2026-04-10,14:00,2,20
2341,2026-04-10,17:00,1,15
2341,2026-04-10,17:00,2,20
2342,2026-04-10,21:00,1,10
2342,2026-04-10,21:00,2,12
2343,2026-04-11,14:00,1,7
2343,2026-04-11,14:00,2,3
2344,2026-04-11,21:00,1,28
2344,2026-04-11,21:00,2,8
2345,2026-04-12,14:00,1,1
2345,2026-04-12,14:00,2,21
2346,2026-04-12,21:00,1,2
2346,2026-04-12,21:00,2,21
2347,2026-04-13,17:00,1,29
2347,2026-04-13,17:00,2,17
2348,2026-04-13,21:00,1,1
2348,2026-04-13,21:00,2,19
2349,2026-04-14,17:00,1,14
2349,2026-04-14,17:00,2,7
2350,2026-04-14,21:00,1,30
2350,2026-04-14,21:00,2,31
2351,2026-04-15,14:00,1,2
2351,2026-04-15,14:00,2,7
2352,2026-04-15,17:00,1,14
2352,2026-04-15,17:00,2,17
2353,2026-04-15,21:00,1,21
2353,2026-04-15,21:00,2,13
2354,2026-04-16,14:00,1,2
2354,2026-04-16,14:00,2,11
2355,2026-04-16,17:00,1,7
2355,2026-04-16,17:00,2,28
2356,2026-04-16,21:00,1,27
2356,2026-04-16,21:00,2,4
2357,2026-04-17,17:00,1,18
2357,2026-04-17,17:00,2,4
2358,2026-04-17,21:00,1,9
2358,2026-04-17,21:00,2,2
2359,2026-04-18,14:00,1,3
2359,2026-04-18,14:00,2,16
2360,2026-04-18,21:00,1,4
2360,2026-04-18,21:00,2,6
2361,2026-04-19,17:00,1,11
2361,2026-04-19,17:00,2,31
2362,2026-04-19,21:00,1,1
2362,2026-04-19,21:00,2,13
2363,2026-04-20,21:00,1,11
2363,2026-04-20,21:00,2,22
2364,2026-04-21,21:00,1,15
2364,2026-04-21,21:00,2,1
2365,2026-04-22,21:00,1,24
2365,2026-04-22,21:00,2,16
2366,2026-04-23,17:00,1,6
2366,2026-04-23,17:00,2,3
2367,2026-04-23,21:00,1,22
2367,2026-04-23,21:00,2,6
2368,2026-04-24,14:00,1,12
2368,2026-04-24,14:00,2,15
2369,2026-04-24,17:00,1,8
2369,2026-04-24,17:00,2,19
2370,2026-04-24,21:00,1,26
2370,2026-04-24,21:00,2,8
2371,2026-04-25,14:00,1,29
2371,2026-04-25,14:00,2,21
2372,2026-04-25,17:00,1,3
2372,2026-04-25,17:00,2,5
2373,2026-04-25,21:00,1,24
2373,2026-04-25,21:00,2,21
2374,2026-04-26,21:00,1,24
2374,2026-04-26,21:00,2,29
2375,2026-04-27,14:00,1,31
2375,2026-04-27,14:00,2,24
2376,2026-04-27,17:00,1,19
2376,2026-04-27,17:00,2,9
2377,2026-04-27,21:00,1,18
2377,2026-04-27,21:00,2,3
2378,2026-04-28,17:00,1,10
2378,2026-04-28,17:00,2,13
2379,2026-04-28,21:00,1,20
2379,2026-04-28,21:00,2,30
2380,2026-04-29,17:00,1,12
2380,2026-04-29,17:00,2,16
2381,2026-04-29,21:00,1,6
2381,2026-04-29,21:00,2,14
2382,2026-04-30,17:00,1,25
2382,2026-04-30,17:00,2,10
2383,2026-04-30,21:00,1,5
2383,2026-04-30,21:00,2,2
2384,2026-05-01,14:00,1,30
2384,2026-05-01,14:00,2,21
2385,2026-05-01,17:00,1,5
2385,2026-05-01,17:00,2,1
2386,2026-05-01,21:00,1,11
2386,2026-05-01,21:00,2,12
2387,2026-05-02,21:00,1,12
2387,2026-05-02,21:00,2,5
2388,2026-05-03,14:00,1,11
2388,2026-05-03,14:00,2,28
2389,2026-05-03,17:00,1,14
2389,2026-05-03,17:00,2,25
2390,2026-05-03,21:00,1,10
2390,2026-05-03,21:00,2,9
2391,2026-05-04,21:00,1,27
2391,2026-05-04,21:00,2,15
2392,2026-05-05,14:00,1,11
2392,2026-05-05,14:00,2,3
2393,2026-05-05,17:00,1,16
2393,2026-05-05,17:00,2,9
2394,2026-05-05,21:00,1,30
2394,2026-05-05,21:00,2,23
2395,2026-05-06,14:00,1,13
2395,2026-05-06,14:00,2,8
2396,2026-05-06,17:00,1,16
2396,2026-05-06,17:00,2,26
2397,2026-05-06,21:00,1,6
2397,2026-05-06,21:00,2,3
2398,2026-05-07,14:00,1,28
2398,2026-05-07,14:00,2,22
2399,2026-05-07,17:00,1,14
2399,2026-05-07,17:00,2,17
2400,2026-05-07,21:00,1,19
2400,2026-05-07,21:00,2,16
2401,2026-05-08,17:00,1,27
2401,2026-05-08,17:00,2,7
2402,2026-05-08,21:00,1,29
2402,2026-05-08,21:00,2,27
2403,2026-05-09,21:00,1,14
2403,2026-05-09,21:00,2,25
2404,2026-05-10,14:00,1,23
2404,2026-05-10,14:00,2,25
2405,2026-05-10,17:00,1,21
2405,2026-05-10,17:00,2,27
2406,2026-05-10,21:00,1,21
2406,2026-05-10,21:00,2,1
2407,2026-05-11,21:00,1,1
2407,2026-05-11,21:00,2,26
2408,2026-05-12,21:00,1,28
2408,2026-05-12,21:00,2,3
2409,2026-05-13,14:00,1,11
2409,2026-05-13,14:00,2,26
2410,2026-05-13,17:00,1,13
2410,2026-05-13,17:00,2,25
2411,2026-05-13,21:00,1,4
2411,2026-05-13,21:00,2,2
2412,2026-05-14,21:00,1,13
2412,2026-05-14,21:00,2,25
2413,2026-05-15,14:00,1,25
2413,2026-05-15,14:00,2,11
2414,2026-05-15,17:00,1,13
2414,2026-05-15,17:00,2,8
2415,2026-05-15,21:00,1,5
2415,2026-05-15,21:00,2,7
2416,2026-05-16,17:00,1,27
2416,2026-05-16,17:00,2,14
2417,2026-05-16,21:00,1,3
2417,2026-05-16,21:00,2,6
2418,2026-05-17,14:00,1,10
2418,2026-05-17,14:00,2,9
2419,2026-05-17,17:00,1,10
2419,2026-05-17,17:00,2,28
2420,2026-05-17,21:00,1,29
2420,2026-05-17,21:00,2,19
2421,2026-05-18,14:00,1,7
2421,2026-05-18,14:00,2,8
2422,2026-05-18,17:00,1,8
2422,2026-05-18,17:00,2,16
2423,2026-05-18,21:00,1,29
2423,2026-05-18,21:00,2,17
2424,2026-05-19,14:00,1,4
2424,2026-05-19,14:00,2,21
2425,2026-05-19,21:00,1,16
2425,2026-05-19,21:00,2,27
2426,2026-05-20,14:00,1,24
2426,2026-05-20,14:00,2,24
2427,2026-05-20,17:00,1,5
2427,2026-05-20,17:00,2,8
2428,2026-05-20,21:00,1,24
2428,2026-05-20,21:00,2,27
2429,2026-05-21,14:00,1,31
2429,2026-05-21,14:00,2,31
2430,2026-05-21,17:00,1,9
2430,2026-05-21,17:00,2,24
2431,2026-05-21,21:00,1,19
2431,2026-05-21,21:00,2,6
2432,2026-05-22,14:00,1,15
2432,2026-05-22,14:00,2,6
2433,2026-05-22,17:00,1,8
2433,2026-05-22,17:00,2,27
2434,2026-05-22,21:00,1,22
2434,2026-05-22,21:00,2,18
2435,2026-05-23,21:00,1,22
2435,2026-05-23,21:00,2,28
2436,2026-05-24,14:00,1,2
2436,2026-05-24,14:00,2,18
2437,2026-05-24,17:00,1,14
2437,2026-05-24,17:00,2,2
2438,2026-05-24,21:00,1,12
2438,2026-05-24,21:00,2,15
2439,2026-05-25,14:00,1,26
2439,2026-05-25,14:00,2,8
2440,2026-05-25,21:00,1,28
2440,2026-05-25,21:00,2,5
2441,2026-05-26,14:00,1,2
2441,2026-05-26,14:00,2,29
2442,2026-05-26,17:00,1,10
2442,2026-05-26,17:00,2,9
2443,2026-05-26,21:00,1,10
2443,2026-05-26,21:00,2,20
2444,2026-05-27,14:00,1,11
2444,2026-05-27,14:00,2,18
2445,2026-05-27,17:00,1,14
2445,2026-05-27,17:00,2,5
2446,2026-05-27,21:00,1,19
2446,2026-05-27,21:00,2,4
2447,2026-05-28,14:00,1,16
2447,2026-05-28,14:00,2,31
2448,2026-05-28,17:00,1,20
2448,2026-05-28,17:00,2,27
2449,2026-05-28,21:00,1,7
2449,2026-05-28,21:00,2,11
2450,2026-05-29,14:00,1,3
2450,2026-05-29,14:00,2,1
2451,2026-05-29,17:00,1,21
2451,2026-05-29,17:00,2,5
2452,2026-05-29,21:00,1,14
2452,2026-05-29,21:00,2,22
2453,2026-05-30,14:00,1,11
2453,2026-05-30,14:00,2,30
2454,2026-05-30,17:00,1,19
2454,2026-05-30,17:00,2,30
2455,2026-05-30,21:00,1,16
2455,2026-05-30,21:00,2,14
2456,2026-05-31,14:00,1,27
2456,2026-05-31,14:00,2,7
2457,2026-05-31,17:00,1,4
2457,2026-05-31,17:00,2,6
2458,2026-05-31,21:00,1,4
2458,2026-05-31,21:00,2,21
2459,2026-06-01,14:00,1,29
2459,2026-06-01,14:00,2,5
2460,2026-06-01,17:00,1,14
2460,2026-06-01,17:00,2,19
2461,2026-06-01,21:00,1,4
2461,2026-06-01,21:00,2,29
2462,2026-06-02,14:00,1,31
2462,2026-06-02,14:00,2,12
2463,2026-06-02,17:00,1,1
2463,2026-06-02,17:00,2,3
2464,2026-06-02,21:00,1,20
2464,2026-06-02,21:00,2,22
2465,2026-06-03,14:00,1,31
2465,2026-06-03,14:00,2,4
2466,2026-06-03,17:00,1,15
2466,2026-06-03,17:00,2,12
2467,2026-06-03,21:00,1,21
2467,2026-06-03,21:00,2,16
2468,2026-06-04,14:00,1,13
2468,2026-06-04,14:00,2,14
2469,2026-06-04,17:00,1,16
2469,2026-06-04,17:00,2,27
2470,2026-06-04,21:00,1,24
2470,2026-06-04,21:00,2,12
2471,2026-06-05,14:00,1,14
2471,2026-06-05,14:00,2,28
2472,2026-06-05,17:00,1,14
2472,2026-06-05,17:00,2,28
2473,2026-06-05,21:00,1,6
2473,2026-06-05,21:00,2,29
2474,2026-06-06,17:00,1,18
2474,2026-06-06,17:00,2,29
2475,2026-06-06,21:00,1,13
2475,2026-06-06,21:00,2,24
2476,2026-06-07,21:00,1,3
2476,2026-06-07,21:00,2,30
2477,2026-06-08,14:00,1,11
2477,2026-06-08,14:00,2,16
2478,2026-06-08,17:00,1,9
2478,2026-06-08,17:00,2,8
2479,2026-06-08,21:00,1,29
2479,2026-06-08,21:00,2,16
2480,2026-06-09,14:00,1,19
2480,2026-06-09,14:00,2,30
2481,2026-06-09,17:00,1,2
2481,2026-06-09,17:00,2,21
2482,2026-06-09,21:00,1,10
2482,2026-06-09,21:00,2,4
2483,2026-06-10,14:00,1,19
2483,2026-06-10,14:00,2,19
2484,2026-06-10,17:00,1,28
2484,2026-06-10,17:00,2,9
2485,2026-06-10,21:00,1,25
2485,2026-06-10,21:00,2,11
2486,2026-06-11,14:00,1,29
2486,2026-06-11,14:00,2,21
2487,2026-06-11,17:00,1,5
2487,2026-06-11,17:00,2,16
2488,2026-06-11,21:00,1,16
2488,2026-06-11,21:00,2,9
2489,2026-06-12,14:00,1,19
2489,2026-06-12,14:00,2,17
2490,2026-06-12,17:00,1,7
2490,2026-06-12,17:00,2,1
2491,2026-06-12,21:00,1,9
2491,2026-06-12,21:00,2,5
2492,2026-06-13,14:00,1,11
2492,2026-06-13,14:00,2,26
2493,2026-06-13,17:00,1,18
2493,2026-06-13,17:00,2,17
2494,2026-06-13,21:00,1,26
2494,2026-06-13,21:00,2,30
2495,2026-06-14,14:00,1,3
2495,2026-06-14,14:00,2,15
2496,2026-06-14,17:00,1,28
2496,2026-06-14,17:00,2,2
2497,2026-06-14,21:00,1,10
2497,2026-06-14,21:00,2,7
2498,2026-06-15,14:00,1,2
2498,2026-06-15,14:00,2,13
2499,2026-06-15,17:00,1,19
2499,2026-06-15,17:00,2,10
2500,2026-06-15,21:00,1,26
2500,2026-06-15,21:00,2,24
2501,2026-06-16,14:00,1,29
2501,2026-06-16,14:00,2,8
2502,2026-06-16,17:00,1,24
2502,2026-06-16,17:00,2,3
2503,2026-06-16,21:00,1,22
2503,2026-06-16,21:00,2,29
2504,2026-06-17,14:00,1,4
2504,2026-06-17,14:00,2,31
2505,2026-06-17,17:00,1,5
2505,2026-06-17,17:00,2,17
2506,2026-06-17,21:00,1,7
2506,2026-06-17,21:00,2,26
2507,2026-06-18,14:00,1,9
2507,2026-06-18,14:00,2,21
2508,2026-06-18,17:00,1,22
2508,2026-06-18,17:00,2,19
2509,2026-06-18,21:00,1,28
2509,2026-06-18,21:00,2,27
2510,2026-06-19,14:00,1,24
2510,2026-06-19,14:00,2,24
2511,2026-06-19,17:00,1,10
2511,2026-06-19,17:00,2,3
2512,2026-06-19,21:00,1,8
2512,2026-06-19,21:00,2,31
2513,2026-06-20,14:00,1,2
2513,2026-06-20,14:00,2,13
2514,2026-06-20,17:00,1,29
2514,2026-06-20,17:00,2,15
2515,2026-06-20,21:00,1,16
2515,2026-06-20,21:00,2,4
2516,2026-06-21,14:00,1,9
2516,2026-06-21,14:00,2,22
2517,2026-06-21,17:00,1,3
2517,2026-06-21,17:00,2,1
2518,2026-06-21,21:00,1,11
2518,2026-06-21,21:00,2,7
2519,2026-06-22,14:00,1,19
2519,2026-06-22,14:00,2,4
2520,2026-06-22,17:00,1,12
2520,2026-06-22,17:00,2,31
2521,2026-06-22,21:00,1,2
2521,2026-06-22,21:00,2,29
2522,2026-06-23,17:00,1,13
2522,2026-06-23,17:00,2,9
2523,2026-06-23,21:00,1,1
2523,2026-06-23,21:00,2,26
2524,2026-06-24,14:00,1,31
2524,2026-06-24,14:00,2,22
2525,2026-06-24,17:00,1,7
2525,2026-06-24,17:00,2,10
2526,2026-06-24,21:00,1,24
2526,2026-06-24,21:00,2,23
2527,2026-06-25,17:00,1,16
2527,2026-06-25,17:00,2,30
2528,2026-06-25,21:00,1,7
2528,2026-06-25,21:00,2,21
2529,2026-06-26,14:00,1,1
2529,2026-06-26,14:00,2,12
2530,2026-06-26,17:00,1,31
2530,2026-06-26,17:00,2,25
2531,2026-06-26,21:00,1,16
2531,2026-06-26,21:00,2,24
2532,2026-06-27,14:00,1,30
2532,2026-06-27,14:00,2,19
2533,2026-06-27,17:00,1,22
2533,2026-06-27,17:00,2,23
2534,2026-06-27,21:00,1,4
2534,2026-06-27,21:00,2,29
2535,2026-06-28,17:00,1,19
2535,2026-06-28,17:00,2,25
2536,2026-06-28,21:00,1,17
2536,2026-06-28,21:00,2,13
2537,2026-06-29,14:00,1,21
2537,2026-06-29,14:00,2,24
2538,2026-06-29,17:00,1,27
2538,2026-06-29,17:00,2,30
2539,2026-06-29,21:00,1,25
2539,2026-06-29,21:00,2,4
2540,2026-06-30,14:00,1,21
2540,2026-06-30,14:00,2,16
2541,2026-06-30,17:00,1,7
2541,2026-06-30,17:00,2,16
2542,2026-06-30,21:00,1,28
2542,2026-06-30,21:00,2,30
2543,2026-07-01,14:00,1,7
2543,2026-07-01,14:00,2,15
2544,2026-07-01,17:00,1,22
2544,2026-07-01,17:00,2,9
2545,2026-07-01,21:00,1,19
2545,2026-07-01,21:00,2,25
2546,2026-07-02,14:00,1,17
2546,2026-07-02,14:00,2,9
2547,2026-07-02,17:00,1,8
2547,2026-07-02,17:00,2,18
2548,2026-07-02,21:00,1,14
2548,2026-07-02,21:00,2,18
2549,2026-07-03,14:00,1,18
2549,2026-07-03,14:00,2,15
2550,2026-07-03,17:00,1,29
2550,2026-07-03,17:00,2,17
2551,2026-07-03,21:00,1,21
2551,2026-07-03,21:00,2,11
2552,2026-07-04,14:00,1,16
2552,2026-07-04,14:00,2,24
2553,2026-07-04,17:00,1,21
2553,2026-07-04,17:00,2,7
2554,2026-07-04,21:00,1,3
2554,2026-07-04,21:00,2,4
2555,2026-07-05,14:00,1,28
2555,2026-07-05,14:00,2,13
2556,2026-07-05,17:00,1,19
2556,2026-07-05,17:00,2,8
2557,2026-07-05,21:00,1,1
2557,2026-07-05,21:00,2,18
2558,2026-07-06,14:00,1,22
2558,2026-07-06,14:00,2,1
2559,2026-07-06,17:00,1,4
2559,2026-07-06,17:00,2,12
2560,2026-07-06,21:00,1,5
2560,2026-07-06,21:00,2,12
2561,2026-07-07,14:00,1,20
2561,2026-07-07,14:00,2,2
2562,2026-07-07,21:00,1,4
2562,2026-07-07,21:00,2,18
2563,2026-07-08,14:00,1,30
2563,2026-07-08,14:00,2,6
2564,2026-07-08,17:00,1,21
2564,2026-07-08,17:00,2,12
2565,2026-07-08,21:00,1,3
2565,2026-07-08,21:00,2,11
2566,2026-07-09,14:00,1,15
2566,2026-07-09,14:00,2,18
2567,2026-07-09,17:00,1,17
2567,2026-07-09,17:00,2,7
2568,2026-07-09,21:00,1,4
2568,2026-07-09,21:00,2,18
2569,2026-07-10,14:00,1,16
2569,2026-07-10,14:00,2,30
2570,2026-07-10,17:00,1,17
2570,2026-07-10,17:00,2,6
2571,2026-07-10,21:00,1,29
2571,2026-07-10,21:00,2,14
2572,2026-07-11,14:00,1,20
2572,2026-07-11,14:00,2,5
2573,2026-07-11,17:00,1,18
2573,2026-07-11,17:00,2,1
2574,2026-07-11,21:00,1,10
2574,2026-07-11,21:00,2,16
2575,2026-07-12,14:00,1,6
2575,2026-07-12,14:00,2,22
2576,2026-07-12,17:00,1,20
2576,2026-07-12,17:00,2,11
2577,2026-07-12,21:00,1,27
2577,2026-07-12,21:00,2,11
2578,2026-07-13,14:00,1,30
2578,2026-07-13,14:00,2,13
2579,2026-07-13,17:00,1,26
2579,2026-07-13,17:00,2,9
2580,2026-07-13,21:00,1,11
2580,2026-07-13,21:00,2,23
2581,2026-07-14,14:00,1,21
2581,2026-07-14,14:00,2,6
2582,2026-07-14,17:00,1,22
2582,2026-07-14,17:00,2,3
2583,2026-07-14,21:00,1,10
2583,2026-07-14,21:00,2,23
2584,2026-07-15,14:00,1,10
2584,2026-07-15,14:00,2,29
2585,2026-07-15,17:00,1,7
2585,2026-07-15,17:00,2,16
2586,2026-07-15,21:00,1,14
2586,2026-07-15,21:00,2,25
2587,2026-07-16,14:00,1,16
2587,2026-07-16,14:00,2,5
2588,2026-07-16,17:00,1,27
2588,2026-07-16,17:00,2,6
2589,2026-07-16,21:00,1,16
2589,2026-07-16,21:00,2,27
2590,2026-07-17,14:00,1,1
2590,2026-07-17,14:00,2,25
2591,2026-07-17,17:00,1,15
2591,2026-07-17,17:00,2,6
2592,2026-07-17,21:00,1,15
2592,2026-07-17,21:00,2,22
2593,2026-07-18,14:00,1,15
2593,2026-07-18,14:00,2,5
2594,2026-07-18,17:00,1,3
2594,2026-07-18,17:00,2,8
2595,2026-07-18,21:00,1,19
2595,2026-07-18,21:00,2,10
2596,2026-07-19,14:00,1,3
2596,2026-07-19,14:00,2,5
2597,2026-07-19,17:00,1,15
2597,2026-07-19,17:00,2,28
2598,2026-07-19,21:00,1,19
2598,2026-07-19,21:00,2,17
2599,2026-07-20,14:00,1,14
2599,2026-07-20,14:00,2,3
2600,2026-07-20,17:00,1,18
2600,2026-07-20,17:00,2,8
2601,2026-07-20,21:00,1,31
2601,2026-07-20,21:00,2,8
2602,2026-07-21,14:00,1,17
2602,2026-07-21,14:00,2,16
2603,2026-07-21,17:00,1,5
2603,2026-07-21,17:00,2,9
2604,2026-07-21,21:00,1,27
2604,2026-07-21,21:00,2,24
2605,2026-07-22,14:00,1,1
2605,2026-07-22,14:00,2,16
2606,2026-07-22,17:00,1,28
2606,2026-07-22,17:00,2,23
2607,2026-07-22,21:00,1,8
2607,2026-07-22,21:00,2,12
2608,2026-07-23,14:00,1,4
2608,2026-07-23,14:00,2,5
2609,2026-07-23,17:00,1,19
2609,2026-07-23,17:00,2,31
2610,2026-07-23,21:00,1,17
2610,2026-07-23,21:00,2,22
2611,2026-07-24,14:00,1,26
2611,2026-07-24,14:00,2,12
2612,2026-07-24,17:00,1,22
2612,2026-07-24,17:00,2,21
2613,2026-07-24,21:00,1,29
2613,2026-07-24,21:00,2,27
2614,2026-07-25,14:00,1,28
2614,2026-07-25,14:00,2,29
2615,2026-07-25,17:00,1,3
2615,2026-07-25,17:00,2,31
2616,2026-07-25,21:00,1,19
2616,2026-07-25,21:00,2,2
2617,2026-07-26,14:00,1,9
2617,2026-07-26,14:00,2,8
2618,2026-07-26,17:00,1,19
2618,2026-07-26,17:00,2,22
2619,2026-07-26,21:00,1,14
2619,2026-07-26,21:00,2,9
2620,2026-07-27,14:00,1,29
2620,2026-07-27,14:00,2,24
2621,2026-07-27,17:00,1,4
2621,2026-07-27,17:00,2,12
2622,2026-07-27,21:00,1,14
2622,2026-07-27,21:00,2,25
2623,2026-07-28,14:00,1,30
2623,2026-07-28,14:00,2,11
2624,2026-07-28,17:00,1,23
2624,2026-07-28,17:00,2,5
2625,2026-07-28,21:00,1,28
2625,2026-07-28,21:00,2,7
2626,2026-07-29,14:00,1,26
2626,2026-07-29,14:00,2,24
2627,2026-07-29,17:00,1,14
2627,2026-07-29,17:00,2,1
2628,2026-07-29,21:00,1,28
2628,2026-07-29,21:00,2,6
2629,2026-07-30,14:00,1,3
2629,2026-07-30,14:00,2,14
2630,2026-07-30,17:00,1,22
2630,2026-07-30,17:00,2,15
2631,2026-07-30,21:00,1,17
2631,2026-07-30,21:00,2,13
2632,2026-07-31,14:00,1,29
2632,2026-07-31,14:00,2,5
2633,2026-07-31,17:00,1,18
2633,2026-07-31,17:00,2,2
2634,2026-07-31,21:00,1,24
2634,2026-07-31,21:00,2,31
2635,2026-08-01,14:00,1,3
2635,2026-08-01,14:00,2,13
2636,2026-08-01,17:00,1,29
2636,2026-08-01,17:00,2,26
2637,2026-08-01,21:00,1,25
2637,2026-08-01,21:00,2,28
2638,2026-08-02,14:00,1,23
2638,2026-08-02,14:00,2,2
2639,2026-08-02,17:00,1,25
2639,2026-08-02,17:00,2,19
2640,2026-08-02,21:00,1,20
2640,2026-08-02,21:00,2,9
2641,2026-08-03,14:00,1,30
2641,2026-08-03,14:00,2,22
2642,2026-08-03,17:00,1,10
2642,2026-08-03,17:00,2,10
2643,2026-08-03,21:00,1,14
2643,2026-08-03,21:00,2,23
2644,2026-08-04,14:00,1,7
2644,2026-08-04,14:00,2,2
2645,2026-08-04,17:00,1,10
2645,2026-08-04,17:00,2,28
2646,2026-08-04,21:00,1,19
2646,2026-08-04,21:00,2,17
2647,2026-08-05,14:00,1,20
2647,2026-08-05,14:00,2,23
2648,2026-08-05,17:00,1,13
2648,2026-08-05,17:00,2,18
2649,2026-08-05,21:00,1,21
2649,2026-08-05,21:00,2,2
